ISO-10303-21;
HEADER;
/* Generated by software containing ST-Developer
 * from STEP Tools, Inc. (www.steptools.com) 
 */
/* OPTION: strings as raw bytes, not using required /X/ escapes */

FILE_DESCRIPTION(
/* description */ ('Unknown'),
/* implementation_level */ '2;1');

FILE_NAME(
/* name */ '150060xx83000',
/* time_stamp */ '2024-06-27T14:55:19+02:00',
/* author */ ('Unknown'),
/* organization */ ('Unknown'),
/* preprocessor_version */ 'ST-DEVELOPER v19.4',
/* originating_system */ 'Solid Edge',
/* authorisation */ 'Unknown');

FILE_SCHEMA (('AUTOMOTIVE_DESIGN {1 0 10303 214 3 1 1}'));
ENDSEC;

DATA;
#10=PROPERTY_DEFINITION_REPRESENTATION(#14,#12);
#11=PROPERTY_DEFINITION_REPRESENTATION(#15,#13);
#12=REPRESENTATION('',(#16),#2974);
#13=REPRESENTATION('',(#17),#2974);
#14=PROPERTY_DEFINITION('pmi validation property','',#2985);
#15=PROPERTY_DEFINITION('pmi validation property','',#2985);
#16=VALUE_REPRESENTATION_ITEM('number of annotations',COUNT_MEASURE(0.));
#17=VALUE_REPRESENTATION_ITEM('number of views',COUNT_MEASURE(0.));
#18=SPHERICAL_SURFACE('',#2105,0.35);
#19=CYLINDRICAL_SURFACE('',#2103,0.35);
#20=CIRCLE('',#2101,0.35);
#21=CIRCLE('',#2104,0.35);
#22=SURFACE_STYLE_RENDERING_WITH_PROPERTIES(.CONSTANT_SHADING.,#24,(#23));
#23=SURFACE_STYLE_TRANSPARENT(0.5);
#24=DRAUGHTING_PRE_DEFINED_COLOUR('white');
#25=CONTEXT_DEPENDENT_SHAPE_REPRESENTATION(#31,#2987);
#26=CONTEXT_DEPENDENT_SHAPE_REPRESENTATION(#32,#2989);
#27=CONTEXT_DEPENDENT_SHAPE_REPRESENTATION(#33,#2991);
#28=NEXT_ASSEMBLY_USAGE_OCCURRENCE('PCB','PCB','PCB',#2992,#2993,'');
#29=NEXT_ASSEMBLY_USAGE_OCCURRENCE('Pins','Pins','Pins',#2992,#2994,'');
#30=NEXT_ASSEMBLY_USAGE_OCCURRENCE('Resin','Resin','Resin',#2992,#2995,
'');
#31=(
REPRESENTATION_RELATIONSHIP(' ',' ',#2011,#2012)
REPRESENTATION_RELATIONSHIP_WITH_TRANSFORMATION(#34)
SHAPE_REPRESENTATION_RELATIONSHIP()
);
#32=(
REPRESENTATION_RELATIONSHIP(' ',' ',#2013,#2012)
REPRESENTATION_RELATIONSHIP_WITH_TRANSFORMATION(#35)
SHAPE_REPRESENTATION_RELATIONSHIP()
);
#33=(
REPRESENTATION_RELATIONSHIP(' ',' ',#2014,#2012)
REPRESENTATION_RELATIONSHIP_WITH_TRANSFORMATION(#36)
SHAPE_REPRESENTATION_RELATIONSHIP()
);
#34=ITEM_DEFINED_TRANSFORMATION(' ',' ',#2015,#2061);
#35=ITEM_DEFINED_TRANSFORMATION(' ',' ',#2015,#2095);
#36=ITEM_DEFINED_TRANSFORMATION(' ',' ',#2015,#2106);
#37=SHAPE_REPRESENTATION_RELATIONSHIP('','',#2011,#40);
#38=SHAPE_REPRESENTATION_RELATIONSHIP('','',#2013,#41);
#39=SHAPE_REPRESENTATION_RELATIONSHIP('','',#2014,#42);
#40=ADVANCED_BREP_SHAPE_REPRESENTATION('',(#2002),#2975);
#41=ADVANCED_BREP_SHAPE_REPRESENTATION('',(#2003,#2004,#2005),#2976);
#42=ADVANCED_BREP_SHAPE_REPRESENTATION('',(#2006),#2977);
#43=ORIENTED_EDGE('',*,*,#489,.F.);
#44=ORIENTED_EDGE('',*,*,#490,.F.);
#45=ORIENTED_EDGE('',*,*,#491,.F.);
#46=ORIENTED_EDGE('',*,*,#492,.F.);
#47=ORIENTED_EDGE('',*,*,#493,.T.);
#48=ORIENTED_EDGE('',*,*,#494,.T.);
#49=ORIENTED_EDGE('',*,*,#492,.T.);
#50=ORIENTED_EDGE('',*,*,#495,.T.);
#51=ORIENTED_EDGE('',*,*,#496,.T.);
#52=ORIENTED_EDGE('',*,*,#497,.F.);
#53=ORIENTED_EDGE('',*,*,#498,.T.);
#54=ORIENTED_EDGE('',*,*,#499,.T.);
#55=ORIENTED_EDGE('',*,*,#500,.F.);
#56=ORIENTED_EDGE('',*,*,#499,.F.);
#57=ORIENTED_EDGE('',*,*,#501,.T.);
#58=ORIENTED_EDGE('',*,*,#502,.T.);
#59=ORIENTED_EDGE('',*,*,#503,.F.);
#60=ORIENTED_EDGE('',*,*,#501,.F.);
#61=ORIENTED_EDGE('',*,*,#498,.F.);
#62=ORIENTED_EDGE('',*,*,#504,.F.);
#63=ORIENTED_EDGE('',*,*,#505,.F.);
#64=ORIENTED_EDGE('',*,*,#506,.F.);
#65=ORIENTED_EDGE('',*,*,#507,.F.);
#66=ORIENTED_EDGE('',*,*,#493,.F.);
#67=ORIENTED_EDGE('',*,*,#508,.T.);
#68=ORIENTED_EDGE('',*,*,#509,.F.);
#69=ORIENTED_EDGE('',*,*,#504,.T.);
#70=ORIENTED_EDGE('',*,*,#497,.T.);
#71=ORIENTED_EDGE('',*,*,#510,.T.);
#72=ORIENTED_EDGE('',*,*,#511,.F.);
#73=ORIENTED_EDGE('',*,*,#505,.T.);
#74=ORIENTED_EDGE('',*,*,#509,.T.);
#75=ORIENTED_EDGE('',*,*,#512,.F.);
#76=ORIENTED_EDGE('',*,*,#513,.F.);
#77=ORIENTED_EDGE('',*,*,#506,.T.);
#78=ORIENTED_EDGE('',*,*,#511,.T.);
#79=ORIENTED_EDGE('',*,*,#514,.T.);
#80=ORIENTED_EDGE('',*,*,#515,.T.);
#81=ORIENTED_EDGE('',*,*,#516,.T.);
#82=ORIENTED_EDGE('',*,*,#517,.T.);
#83=ORIENTED_EDGE('',*,*,#518,.T.);
#84=ORIENTED_EDGE('',*,*,#519,.F.);
#85=ORIENTED_EDGE('',*,*,#520,.T.);
#86=ORIENTED_EDGE('',*,*,#514,.F.);
#87=ORIENTED_EDGE('',*,*,#521,.F.);
#88=ORIENTED_EDGE('',*,*,#522,.F.);
#89=ORIENTED_EDGE('',*,*,#523,.F.);
#90=ORIENTED_EDGE('',*,*,#524,.T.);
#91=ORIENTED_EDGE('',*,*,#525,.F.);
#92=ORIENTED_EDGE('',*,*,#524,.F.);
#93=ORIENTED_EDGE('',*,*,#526,.F.);
#94=ORIENTED_EDGE('',*,*,#527,.T.);
#95=ORIENTED_EDGE('',*,*,#519,.T.);
#96=ORIENTED_EDGE('',*,*,#528,.T.);
#97=ORIENTED_EDGE('',*,*,#529,.T.);
#98=ORIENTED_EDGE('',*,*,#530,.T.);
#99=ORIENTED_EDGE('',*,*,#526,.T.);
#100=ORIENTED_EDGE('',*,*,#523,.T.);
#101=ORIENTED_EDGE('',*,*,#531,.T.);
#102=ORIENTED_EDGE('',*,*,#532,.T.);
#103=ORIENTED_EDGE('',*,*,#533,.T.);
#104=ORIENTED_EDGE('',*,*,#534,.F.);
#105=ORIENTED_EDGE('',*,*,#531,.F.);
#106=ORIENTED_EDGE('',*,*,#522,.T.);
#107=ORIENTED_EDGE('',*,*,#535,.F.);
#108=ORIENTED_EDGE('',*,*,#527,.F.);
#109=ORIENTED_EDGE('',*,*,#530,.F.);
#110=ORIENTED_EDGE('',*,*,#536,.T.);
#111=ORIENTED_EDGE('',*,*,#537,.T.);
#112=ORIENTED_EDGE('',*,*,#536,.F.);
#113=ORIENTED_EDGE('',*,*,#529,.F.);
#114=ORIENTED_EDGE('',*,*,#538,.T.);
#115=ORIENTED_EDGE('',*,*,#539,.F.);
#116=ORIENTED_EDGE('',*,*,#540,.F.);
#117=ORIENTED_EDGE('',*,*,#541,.F.);
#118=ORIENTED_EDGE('',*,*,#542,.T.);
#119=ORIENTED_EDGE('',*,*,#543,.F.);
#120=ORIENTED_EDGE('',*,*,#542,.F.);
#121=ORIENTED_EDGE('',*,*,#544,.F.);
#122=ORIENTED_EDGE('',*,*,#545,.T.);
#123=ORIENTED_EDGE('',*,*,#546,.T.);
#124=ORIENTED_EDGE('',*,*,#544,.T.);
#125=ORIENTED_EDGE('',*,*,#541,.T.);
#126=ORIENTED_EDGE('',*,*,#547,.F.);
#127=ORIENTED_EDGE('',*,*,#545,.F.);
#128=ORIENTED_EDGE('',*,*,#546,.F.);
#129=ORIENTED_EDGE('',*,*,#540,.T.);
#130=ORIENTED_EDGE('',*,*,#548,.T.);
#131=ORIENTED_EDGE('',*,*,#549,.T.);
#132=ORIENTED_EDGE('',*,*,#550,.F.);
#133=ORIENTED_EDGE('',*,*,#551,.F.);
#134=ORIENTED_EDGE('',*,*,#552,.F.);
#135=ORIENTED_EDGE('',*,*,#553,.T.);
#136=ORIENTED_EDGE('',*,*,#554,.F.);
#137=ORIENTED_EDGE('',*,*,#555,.F.);
#138=ORIENTED_EDGE('',*,*,#556,.T.);
#139=ORIENTED_EDGE('',*,*,#557,.F.);
#140=ORIENTED_EDGE('',*,*,#558,.F.);
#141=ORIENTED_EDGE('',*,*,#559,.F.);
#142=ORIENTED_EDGE('',*,*,#560,.F.);
#143=ORIENTED_EDGE('',*,*,#561,.F.);
#144=ORIENTED_EDGE('',*,*,#562,.F.);
#145=ORIENTED_EDGE('',*,*,#563,.F.);
#146=ORIENTED_EDGE('',*,*,#507,.T.);
#147=ORIENTED_EDGE('',*,*,#513,.T.);
#148=ORIENTED_EDGE('',*,*,#564,.T.);
#149=ORIENTED_EDGE('',*,*,#538,.F.);
#150=ORIENTED_EDGE('',*,*,#528,.F.);
#151=ORIENTED_EDGE('',*,*,#518,.F.);
#152=ORIENTED_EDGE('',*,*,#517,.F.);
#153=ORIENTED_EDGE('',*,*,#565,.T.);
#154=ORIENTED_EDGE('',*,*,#556,.F.);
#155=ORIENTED_EDGE('',*,*,#566,.F.);
#156=ORIENTED_EDGE('',*,*,#567,.F.);
#157=ORIENTED_EDGE('',*,*,#568,.F.);
#158=ORIENTED_EDGE('',*,*,#489,.T.);
#159=ORIENTED_EDGE('',*,*,#494,.F.);
#160=ORIENTED_EDGE('',*,*,#491,.T.);
#161=ORIENTED_EDGE('',*,*,#569,.T.);
#162=ORIENTED_EDGE('',*,*,#548,.F.);
#163=ORIENTED_EDGE('',*,*,#570,.F.);
#164=ORIENTED_EDGE('',*,*,#515,.F.);
#165=ORIENTED_EDGE('',*,*,#520,.F.);
#166=ORIENTED_EDGE('',*,*,#532,.F.);
#167=ORIENTED_EDGE('',*,*,#534,.T.);
#168=ORIENTED_EDGE('',*,*,#571,.T.);
#169=ORIENTED_EDGE('',*,*,#502,.F.);
#170=ORIENTED_EDGE('',*,*,#503,.T.);
#171=ORIENTED_EDGE('',*,*,#495,.F.);
#172=ORIENTED_EDGE('',*,*,#543,.T.);
#173=ORIENTED_EDGE('',*,*,#547,.T.);
#174=ORIENTED_EDGE('',*,*,#539,.T.);
#175=ORIENTED_EDGE('',*,*,#496,.F.);
#176=ORIENTED_EDGE('',*,*,#500,.T.);
#177=ORIENTED_EDGE('',*,*,#571,.F.);
#178=ORIENTED_EDGE('',*,*,#533,.F.);
#179=ORIENTED_EDGE('',*,*,#521,.T.);
#180=ORIENTED_EDGE('',*,*,#525,.T.);
#181=ORIENTED_EDGE('',*,*,#535,.T.);
#182=ORIENTED_EDGE('',*,*,#537,.F.);
#183=ORIENTED_EDGE('',*,*,#564,.F.);
#184=ORIENTED_EDGE('',*,*,#512,.T.);
#185=ORIENTED_EDGE('',*,*,#510,.F.);
#186=ORIENTED_EDGE('',*,*,#508,.F.);
#187=ORIENTED_EDGE('',*,*,#555,.T.);
#188=ORIENTED_EDGE('',*,*,#572,.F.);
#189=ORIENTED_EDGE('',*,*,#573,.F.);
#190=ORIENTED_EDGE('',*,*,#566,.T.);
#191=ORIENTED_EDGE('',*,*,#554,.T.);
#192=ORIENTED_EDGE('',*,*,#574,.F.);
#193=ORIENTED_EDGE('',*,*,#575,.F.);
#194=ORIENTED_EDGE('',*,*,#572,.T.);
#195=ORIENTED_EDGE('',*,*,#576,.T.);
#196=ORIENTED_EDGE('',*,*,#567,.T.);
#197=ORIENTED_EDGE('',*,*,#573,.T.);
#198=ORIENTED_EDGE('',*,*,#575,.T.);
#199=ORIENTED_EDGE('',*,*,#577,.T.);
#200=ORIENTED_EDGE('',*,*,#549,.F.);
#201=ORIENTED_EDGE('',*,*,#569,.F.);
#202=ORIENTED_EDGE('',*,*,#490,.T.);
#203=ORIENTED_EDGE('',*,*,#568,.T.);
#204=ORIENTED_EDGE('',*,*,#576,.F.);
#205=ORIENTED_EDGE('',*,*,#574,.T.);
#206=ORIENTED_EDGE('',*,*,#553,.F.);
#207=ORIENTED_EDGE('',*,*,#578,.F.);
#208=ORIENTED_EDGE('',*,*,#579,.F.);
#209=ORIENTED_EDGE('',*,*,#552,.T.);
#210=ORIENTED_EDGE('',*,*,#580,.F.);
#211=ORIENTED_EDGE('',*,*,#581,.F.);
#212=ORIENTED_EDGE('',*,*,#582,.F.);
#213=ORIENTED_EDGE('',*,*,#578,.T.);
#214=ORIENTED_EDGE('',*,*,#551,.T.);
#215=ORIENTED_EDGE('',*,*,#583,.F.);
#216=ORIENTED_EDGE('',*,*,#584,.F.);
#217=ORIENTED_EDGE('',*,*,#580,.T.);
#218=ORIENTED_EDGE('',*,*,#550,.T.);
#219=ORIENTED_EDGE('',*,*,#577,.F.);
#220=ORIENTED_EDGE('',*,*,#585,.F.);
#221=ORIENTED_EDGE('',*,*,#586,.F.);
#222=ORIENTED_EDGE('',*,*,#583,.T.);
#223=ORIENTED_EDGE('',*,*,#587,.F.);
#224=ORIENTED_EDGE('',*,*,#585,.T.);
#225=ORIENTED_EDGE('',*,*,#579,.T.);
#226=ORIENTED_EDGE('',*,*,#582,.T.);
#227=ORIENTED_EDGE('',*,*,#588,.T.);
#228=ORIENTED_EDGE('',*,*,#557,.T.);
#229=ORIENTED_EDGE('',*,*,#565,.F.);
#230=ORIENTED_EDGE('',*,*,#516,.F.);
#231=ORIENTED_EDGE('',*,*,#570,.T.);
#232=ORIENTED_EDGE('',*,*,#563,.T.);
#233=ORIENTED_EDGE('',*,*,#589,.F.);
#234=ORIENTED_EDGE('',*,*,#590,.F.);
#235=ORIENTED_EDGE('',*,*,#562,.T.);
#236=ORIENTED_EDGE('',*,*,#591,.F.);
#237=ORIENTED_EDGE('',*,*,#592,.F.);
#238=ORIENTED_EDGE('',*,*,#589,.T.);
#239=ORIENTED_EDGE('',*,*,#561,.T.);
#240=ORIENTED_EDGE('',*,*,#593,.F.);
#241=ORIENTED_EDGE('',*,*,#594,.F.);
#242=ORIENTED_EDGE('',*,*,#591,.T.);
#243=ORIENTED_EDGE('',*,*,#560,.T.);
#244=ORIENTED_EDGE('',*,*,#595,.F.);
#245=ORIENTED_EDGE('',*,*,#596,.F.);
#246=ORIENTED_EDGE('',*,*,#593,.T.);
#247=ORIENTED_EDGE('',*,*,#559,.T.);
#248=ORIENTED_EDGE('',*,*,#597,.F.);
#249=ORIENTED_EDGE('',*,*,#598,.F.);
#250=ORIENTED_EDGE('',*,*,#599,.F.);
#251=ORIENTED_EDGE('',*,*,#595,.T.);
#252=ORIENTED_EDGE('',*,*,#558,.T.);
#253=ORIENTED_EDGE('',*,*,#588,.F.);
#254=ORIENTED_EDGE('',*,*,#600,.F.);
#255=ORIENTED_EDGE('',*,*,#601,.F.);
#256=ORIENTED_EDGE('',*,*,#597,.T.);
#257=ORIENTED_EDGE('',*,*,#602,.F.);
#258=ORIENTED_EDGE('',*,*,#600,.T.);
#259=ORIENTED_EDGE('',*,*,#590,.T.);
#260=ORIENTED_EDGE('',*,*,#592,.T.);
#261=ORIENTED_EDGE('',*,*,#594,.T.);
#262=ORIENTED_EDGE('',*,*,#596,.T.);
#263=ORIENTED_EDGE('',*,*,#599,.T.);
#264=ORIENTED_EDGE('',*,*,#603,.F.);
#265=ORIENTED_EDGE('',*,*,#604,.F.);
#266=ORIENTED_EDGE('',*,*,#581,.T.);
#267=ORIENTED_EDGE('',*,*,#584,.T.);
#268=ORIENTED_EDGE('',*,*,#586,.T.);
#269=ORIENTED_EDGE('',*,*,#605,.F.);
#270=ORIENTED_EDGE('',*,*,#606,.F.);
#271=ORIENTED_EDGE('',*,*,#598,.T.);
#272=ORIENTED_EDGE('',*,*,#601,.T.);
#273=ORIENTED_EDGE('',*,*,#607,.F.);
#274=ORIENTED_EDGE('',*,*,#608,.F.);
#275=ORIENTED_EDGE('',*,*,#607,.T.);
#276=ORIENTED_EDGE('',*,*,#602,.T.);
#277=ORIENTED_EDGE('',*,*,#609,.F.);
#278=ORIENTED_EDGE('',*,*,#610,.F.);
#279=ORIENTED_EDGE('',*,*,#611,.T.);
#280=ORIENTED_EDGE('',*,*,#603,.T.);
#281=ORIENTED_EDGE('',*,*,#606,.T.);
#282=ORIENTED_EDGE('',*,*,#612,.F.);
#283=ORIENTED_EDGE('',*,*,#613,.F.);
#284=ORIENTED_EDGE('',*,*,#609,.T.);
#285=ORIENTED_EDGE('',*,*,#605,.T.);
#286=ORIENTED_EDGE('',*,*,#587,.T.);
#287=ORIENTED_EDGE('',*,*,#604,.T.);
#288=ORIENTED_EDGE('',*,*,#614,.F.);
#289=ORIENTED_EDGE('',*,*,#615,.F.);
#290=ORIENTED_EDGE('',*,*,#612,.T.);
#291=ORIENTED_EDGE('',*,*,#608,.T.);
#292=ORIENTED_EDGE('',*,*,#611,.F.);
#293=ORIENTED_EDGE('',*,*,#616,.F.);
#294=ORIENTED_EDGE('',*,*,#614,.T.);
#295=ORIENTED_EDGE('',*,*,#610,.T.);
#296=ORIENTED_EDGE('',*,*,#613,.T.);
#297=ORIENTED_EDGE('',*,*,#615,.T.);
#298=ORIENTED_EDGE('',*,*,#616,.T.);
#299=ORIENTED_EDGE('',*,*,#617,.F.);
#300=ORIENTED_EDGE('',*,*,#618,.F.);
#301=ORIENTED_EDGE('',*,*,#619,.T.);
#302=ORIENTED_EDGE('',*,*,#620,.T.);
#303=ORIENTED_EDGE('',*,*,#621,.F.);
#304=ORIENTED_EDGE('',*,*,#620,.F.);
#305=ORIENTED_EDGE('',*,*,#622,.T.);
#306=ORIENTED_EDGE('',*,*,#623,.T.);
#307=ORIENTED_EDGE('',*,*,#624,.F.);
#308=ORIENTED_EDGE('',*,*,#623,.F.);
#309=ORIENTED_EDGE('',*,*,#625,.T.);
#310=ORIENTED_EDGE('',*,*,#618,.T.);
#311=ORIENTED_EDGE('',*,*,#619,.F.);
#312=ORIENTED_EDGE('',*,*,#625,.F.);
#313=ORIENTED_EDGE('',*,*,#622,.F.);
#314=ORIENTED_EDGE('',*,*,#617,.T.);
#315=ORIENTED_EDGE('',*,*,#621,.T.);
#316=ORIENTED_EDGE('',*,*,#624,.T.);
#317=ORIENTED_EDGE('',*,*,#626,.F.);
#318=ORIENTED_EDGE('',*,*,#627,.F.);
#319=ORIENTED_EDGE('',*,*,#628,.F.);
#320=ORIENTED_EDGE('',*,*,#629,.F.);
#321=ORIENTED_EDGE('',*,*,#630,.F.);
#322=ORIENTED_EDGE('',*,*,#631,.F.);
#323=ORIENTED_EDGE('',*,*,#632,.F.);
#324=ORIENTED_EDGE('',*,*,#633,.F.);
#325=ORIENTED_EDGE('',*,*,#634,.F.);
#326=ORIENTED_EDGE('',*,*,#635,.F.);
#327=ORIENTED_EDGE('',*,*,#628,.T.);
#328=ORIENTED_EDGE('',*,*,#636,.T.);
#329=ORIENTED_EDGE('',*,*,#627,.T.);
#330=ORIENTED_EDGE('',*,*,#637,.T.);
#331=ORIENTED_EDGE('',*,*,#638,.T.);
#332=ORIENTED_EDGE('',*,*,#639,.T.);
#333=ORIENTED_EDGE('',*,*,#640,.F.);
#334=ORIENTED_EDGE('',*,*,#641,.T.);
#335=ORIENTED_EDGE('',*,*,#642,.F.);
#336=ORIENTED_EDGE('',*,*,#636,.F.);
#337=ORIENTED_EDGE('',*,*,#643,.F.);
#338=ORIENTED_EDGE('',*,*,#641,.F.);
#339=ORIENTED_EDGE('',*,*,#644,.F.);
#340=ORIENTED_EDGE('',*,*,#645,.T.);
#341=ORIENTED_EDGE('',*,*,#646,.T.);
#342=ORIENTED_EDGE('',*,*,#647,.F.);
#343=ORIENTED_EDGE('',*,*,#645,.F.);
#344=ORIENTED_EDGE('',*,*,#648,.F.);
#345=ORIENTED_EDGE('',*,*,#649,.F.);
#346=ORIENTED_EDGE('',*,*,#650,.T.);
#347=ORIENTED_EDGE('',*,*,#651,.T.);
#348=ORIENTED_EDGE('',*,*,#633,.T.);
#349=ORIENTED_EDGE('',*,*,#652,.F.);
#350=ORIENTED_EDGE('',*,*,#646,.F.);
#351=ORIENTED_EDGE('',*,*,#632,.T.);
#352=ORIENTED_EDGE('',*,*,#653,.T.);
#353=ORIENTED_EDGE('',*,*,#654,.F.);
#354=ORIENTED_EDGE('',*,*,#653,.F.);
#355=ORIENTED_EDGE('',*,*,#631,.T.);
#356=ORIENTED_EDGE('',*,*,#655,.T.);
#357=ORIENTED_EDGE('',*,*,#656,.F.);
#358=ORIENTED_EDGE('',*,*,#655,.F.);
#359=ORIENTED_EDGE('',*,*,#630,.T.);
#360=ORIENTED_EDGE('',*,*,#657,.T.);
#361=ORIENTED_EDGE('',*,*,#658,.F.);
#362=ORIENTED_EDGE('',*,*,#657,.F.);
#363=ORIENTED_EDGE('',*,*,#629,.T.);
#364=ORIENTED_EDGE('',*,*,#635,.T.);
#365=ORIENTED_EDGE('',*,*,#642,.T.);
#366=ORIENTED_EDGE('',*,*,#643,.T.);
#367=ORIENTED_EDGE('',*,*,#647,.T.);
#368=ORIENTED_EDGE('',*,*,#652,.T.);
#369=ORIENTED_EDGE('',*,*,#654,.T.);
#370=ORIENTED_EDGE('',*,*,#656,.T.);
#371=ORIENTED_EDGE('',*,*,#658,.T.);
#372=ORIENTED_EDGE('',*,*,#634,.T.);
#373=ORIENTED_EDGE('',*,*,#651,.F.);
#374=ORIENTED_EDGE('',*,*,#659,.T.);
#375=ORIENTED_EDGE('',*,*,#637,.F.);
#376=ORIENTED_EDGE('',*,*,#626,.T.);
#377=ORIENTED_EDGE('',*,*,#659,.F.);
#378=ORIENTED_EDGE('',*,*,#650,.F.);
#379=ORIENTED_EDGE('',*,*,#660,.F.);
#380=ORIENTED_EDGE('',*,*,#638,.F.);
#381=ORIENTED_EDGE('',*,*,#661,.F.);
#382=ORIENTED_EDGE('',*,*,#639,.F.);
#383=ORIENTED_EDGE('',*,*,#660,.T.);
#384=ORIENTED_EDGE('',*,*,#649,.T.);
#385=ORIENTED_EDGE('',*,*,#648,.T.);
#386=ORIENTED_EDGE('',*,*,#644,.T.);
#387=ORIENTED_EDGE('',*,*,#640,.T.);
#388=ORIENTED_EDGE('',*,*,#661,.T.);
#389=ORIENTED_EDGE('',*,*,#662,.T.);
#390=ORIENTED_EDGE('',*,*,#663,.T.);
#391=ORIENTED_EDGE('',*,*,#664,.T.);
#392=ORIENTED_EDGE('',*,*,#665,.T.);
#393=ORIENTED_EDGE('',*,*,#666,.T.);
#394=ORIENTED_EDGE('',*,*,#667,.T.);
#395=ORIENTED_EDGE('',*,*,#668,.T.);
#396=ORIENTED_EDGE('',*,*,#669,.T.);
#397=ORIENTED_EDGE('',*,*,#670,.T.);
#398=ORIENTED_EDGE('',*,*,#671,.F.);
#399=ORIENTED_EDGE('',*,*,#669,.F.);
#400=ORIENTED_EDGE('',*,*,#672,.T.);
#401=ORIENTED_EDGE('',*,*,#673,.F.);
#402=ORIENTED_EDGE('',*,*,#674,.T.);
#403=ORIENTED_EDGE('',*,*,#675,.F.);
#404=ORIENTED_EDGE('',*,*,#676,.F.);
#405=ORIENTED_EDGE('',*,*,#677,.T.);
#406=ORIENTED_EDGE('',*,*,#662,.F.);
#407=ORIENTED_EDGE('',*,*,#671,.T.);
#408=ORIENTED_EDGE('',*,*,#678,.T.);
#409=ORIENTED_EDGE('',*,*,#679,.T.);
#410=ORIENTED_EDGE('',*,*,#680,.F.);
#411=ORIENTED_EDGE('',*,*,#681,.T.);
#412=ORIENTED_EDGE('',*,*,#673,.T.);
#413=ORIENTED_EDGE('',*,*,#682,.T.);
#414=ORIENTED_EDGE('',*,*,#683,.F.);
#415=ORIENTED_EDGE('',*,*,#664,.F.);
#416=ORIENTED_EDGE('',*,*,#684,.T.);
#417=ORIENTED_EDGE('',*,*,#685,.F.);
#418=ORIENTED_EDGE('',*,*,#686,.T.);
#419=ORIENTED_EDGE('',*,*,#687,.T.);
#420=ORIENTED_EDGE('',*,*,#680,.T.);
#421=ORIENTED_EDGE('',*,*,#688,.T.);
#422=ORIENTED_EDGE('',*,*,#689,.F.);
#423=ORIENTED_EDGE('',*,*,#665,.F.);
#424=ORIENTED_EDGE('',*,*,#683,.T.);
#425=ORIENTED_EDGE('',*,*,#690,.T.);
#426=ORIENTED_EDGE('',*,*,#691,.F.);
#427=ORIENTED_EDGE('',*,*,#666,.F.);
#428=ORIENTED_EDGE('',*,*,#689,.T.);
#429=ORIENTED_EDGE('',*,*,#692,.T.);
#430=ORIENTED_EDGE('',*,*,#693,.F.);
#431=ORIENTED_EDGE('',*,*,#667,.F.);
#432=ORIENTED_EDGE('',*,*,#691,.T.);
#433=ORIENTED_EDGE('',*,*,#694,.T.);
#434=ORIENTED_EDGE('',*,*,#672,.F.);
#435=ORIENTED_EDGE('',*,*,#668,.F.);
#436=ORIENTED_EDGE('',*,*,#693,.T.);
#437=ORIENTED_EDGE('',*,*,#679,.F.);
#438=ORIENTED_EDGE('',*,*,#678,.F.);
#439=ORIENTED_EDGE('',*,*,#670,.F.);
#440=ORIENTED_EDGE('',*,*,#694,.F.);
#441=ORIENTED_EDGE('',*,*,#692,.F.);
#442=ORIENTED_EDGE('',*,*,#690,.F.);
#443=ORIENTED_EDGE('',*,*,#688,.F.);
#444=ORIENTED_EDGE('',*,*,#682,.F.);
#445=ORIENTED_EDGE('',*,*,#663,.F.);
#446=ORIENTED_EDGE('',*,*,#677,.F.);
#447=ORIENTED_EDGE('',*,*,#695,.F.);
#448=ORIENTED_EDGE('',*,*,#684,.F.);
#449=ORIENTED_EDGE('',*,*,#685,.T.);
#450=ORIENTED_EDGE('',*,*,#695,.T.);
#451=ORIENTED_EDGE('',*,*,#676,.T.);
#452=ORIENTED_EDGE('',*,*,#696,.T.);
#453=ORIENTED_EDGE('',*,*,#697,.T.);
#454=ORIENTED_EDGE('',*,*,#686,.F.);
#455=ORIENTED_EDGE('',*,*,#696,.F.);
#456=ORIENTED_EDGE('',*,*,#675,.T.);
#457=ORIENTED_EDGE('',*,*,#681,.F.);
#458=ORIENTED_EDGE('',*,*,#687,.F.);
#459=ORIENTED_EDGE('',*,*,#697,.F.);
#460=ORIENTED_EDGE('',*,*,#674,.F.);
#461=ORIENTED_EDGE('',*,*,#698,.T.);
#462=ORIENTED_EDGE('',*,*,#699,.F.);
#463=ORIENTED_EDGE('',*,*,#700,.F.);
#464=ORIENTED_EDGE('',*,*,#701,.T.);
#465=ORIENTED_EDGE('',*,*,#702,.T.);
#466=ORIENTED_EDGE('',*,*,#703,.F.);
#467=ORIENTED_EDGE('',*,*,#704,.F.);
#468=ORIENTED_EDGE('',*,*,#699,.T.);
#469=ORIENTED_EDGE('',*,*,#705,.T.);
#470=ORIENTED_EDGE('',*,*,#706,.F.);
#471=ORIENTED_EDGE('',*,*,#707,.F.);
#472=ORIENTED_EDGE('',*,*,#703,.T.);
#473=ORIENTED_EDGE('',*,*,#708,.T.);
#474=ORIENTED_EDGE('',*,*,#701,.F.);
#475=ORIENTED_EDGE('',*,*,#709,.F.);
#476=ORIENTED_EDGE('',*,*,#706,.T.);
#477=ORIENTED_EDGE('',*,*,#710,.F.);
#478=ORIENTED_EDGE('',*,*,#700,.T.);
#479=ORIENTED_EDGE('',*,*,#704,.T.);
#480=ORIENTED_EDGE('',*,*,#707,.T.);
#481=ORIENTED_EDGE('',*,*,#709,.T.);
#482=ORIENTED_EDGE('',*,*,#698,.F.);
#483=ORIENTED_EDGE('',*,*,#708,.F.);
#484=ORIENTED_EDGE('',*,*,#705,.F.);
#485=ORIENTED_EDGE('',*,*,#702,.F.);
#486=ORIENTED_EDGE('',*,*,#710,.T.);
#487=ORIENTED_EDGE('',*,*,#711,.F.);
#488=ORIENTED_EDGE('',*,*,#711,.T.);
#489=EDGE_CURVE('',#712,#713,#860,.T.);
#490=EDGE_CURVE('',#714,#712,#861,.T.);
#491=EDGE_CURVE('',#715,#714,#862,.T.);
#492=EDGE_CURVE('',#713,#715,#863,.T.);
#493=EDGE_CURVE('',#716,#717,#864,.T.);
#494=EDGE_CURVE('',#717,#713,#865,.T.);
#495=EDGE_CURVE('',#715,#716,#866,.T.);
#496=EDGE_CURVE('',#718,#719,#867,.T.);
#497=EDGE_CURVE('',#720,#719,#868,.T.);
#498=EDGE_CURVE('',#720,#721,#869,.T.);
#499=EDGE_CURVE('',#721,#718,#870,.T.);
#500=EDGE_CURVE('',#718,#722,#871,.T.);
#501=EDGE_CURVE('',#721,#723,#872,.T.);
#502=EDGE_CURVE('',#723,#722,#873,.T.);
#503=EDGE_CURVE('',#723,#716,#874,.T.);
#504=EDGE_CURVE('',#724,#720,#875,.T.);
#505=EDGE_CURVE('',#725,#724,#876,.T.);
#506=EDGE_CURVE('',#726,#725,#877,.T.);
#507=EDGE_CURVE('',#717,#726,#878,.T.);
#508=EDGE_CURVE('',#719,#727,#879,.T.);
#509=EDGE_CURVE('',#724,#727,#880,.T.);
#510=EDGE_CURVE('',#727,#728,#881,.T.);
#511=EDGE_CURVE('',#725,#728,#882,.T.);
#512=EDGE_CURVE('',#729,#728,#883,.T.);
#513=EDGE_CURVE('',#726,#729,#884,.T.);
#514=EDGE_CURVE('',#730,#731,#885,.T.);
#515=EDGE_CURVE('',#731,#732,#886,.T.);
#516=EDGE_CURVE('',#732,#733,#887,.T.);
#517=EDGE_CURVE('',#733,#730,#888,.T.);
#518=EDGE_CURVE('',#730,#734,#889,.T.);
#519=EDGE_CURVE('',#735,#734,#890,.T.);
#520=EDGE_CURVE('',#735,#731,#891,.T.);
#521=EDGE_CURVE('',#736,#737,#892,.T.);
#522=EDGE_CURVE('',#738,#736,#893,.T.);
#523=EDGE_CURVE('',#739,#738,#894,.T.);
#524=EDGE_CURVE('',#739,#737,#895,.T.);
#525=EDGE_CURVE('',#737,#740,#896,.T.);
#526=EDGE_CURVE('',#741,#739,#897,.T.);
#527=EDGE_CURVE('',#741,#740,#898,.T.);
#528=EDGE_CURVE('',#734,#742,#899,.T.);
#529=EDGE_CURVE('',#742,#743,#900,.T.);
#530=EDGE_CURVE('',#743,#741,#901,.T.);
#531=EDGE_CURVE('',#738,#744,#902,.T.);
#532=EDGE_CURVE('',#744,#735,#903,.T.);
#533=EDGE_CURVE('',#736,#745,#904,.T.);
#534=EDGE_CURVE('',#744,#745,#905,.T.);
#535=EDGE_CURVE('',#740,#746,#906,.T.);
#536=EDGE_CURVE('',#743,#746,#907,.T.);
#537=EDGE_CURVE('',#747,#746,#908,.T.);
#538=EDGE_CURVE('',#742,#747,#909,.T.);
#539=EDGE_CURVE('',#748,#749,#910,.T.);
#540=EDGE_CURVE('',#750,#748,#911,.T.);
#541=EDGE_CURVE('',#751,#750,#912,.T.);
#542=EDGE_CURVE('',#751,#749,#913,.T.);
#543=EDGE_CURVE('',#749,#752,#914,.T.);
#544=EDGE_CURVE('',#753,#751,#915,.T.);
#545=EDGE_CURVE('',#753,#752,#916,.T.);
#546=EDGE_CURVE('',#750,#753,#917,.T.);
#547=EDGE_CURVE('',#752,#748,#918,.T.);
#548=EDGE_CURVE('',#754,#755,#919,.T.);
#549=EDGE_CURVE('',#755,#756,#920,.T.);
#550=EDGE_CURVE('',#757,#756,#921,.T.);
#551=EDGE_CURVE('',#758,#757,#922,.T.);
#552=EDGE_CURVE('',#759,#758,#923,.T.);
#553=EDGE_CURVE('',#759,#760,#924,.T.);
#554=EDGE_CURVE('',#761,#760,#925,.T.);
#555=EDGE_CURVE('',#762,#761,#926,.T.);
#556=EDGE_CURVE('',#762,#763,#927,.T.);
#557=EDGE_CURVE('',#764,#763,#928,.T.);
#558=EDGE_CURVE('',#765,#764,#929,.T.);
#559=EDGE_CURVE('',#766,#765,#930,.T.);
#560=EDGE_CURVE('',#767,#766,#931,.T.);
#561=EDGE_CURVE('',#768,#767,#932,.T.);
#562=EDGE_CURVE('',#769,#768,#933,.T.);
#563=EDGE_CURVE('',#754,#769,#934,.T.);
#564=EDGE_CURVE('',#729,#747,#935,.T.);
#565=EDGE_CURVE('',#733,#763,#936,.T.);
#566=EDGE_CURVE('',#770,#762,#937,.T.);
#567=EDGE_CURVE('',#771,#770,#938,.T.);
#568=EDGE_CURVE('',#712,#771,#939,.T.);
#569=EDGE_CURVE('',#714,#755,#940,.T.);
#570=EDGE_CURVE('',#732,#754,#941,.T.);
#571=EDGE_CURVE('',#745,#722,#942,.T.);
#572=EDGE_CURVE('',#772,#761,#943,.T.);
#573=EDGE_CURVE('',#770,#772,#944,.T.);
#574=EDGE_CURVE('',#773,#760,#945,.T.);
#575=EDGE_CURVE('',#772,#773,#946,.T.);
#576=EDGE_CURVE('',#773,#771,#947,.T.);
#577=EDGE_CURVE('',#774,#756,#948,.T.);
#578=EDGE_CURVE('',#775,#759,#949,.T.);
#579=EDGE_CURVE('',#774,#775,#950,.T.);
#580=EDGE_CURVE('',#776,#758,#951,.T.);
#581=EDGE_CURVE('',#777,#776,#952,.T.);
#582=EDGE_CURVE('',#775,#777,#953,.T.);
#583=EDGE_CURVE('',#778,#757,#954,.T.);
#584=EDGE_CURVE('',#776,#778,#955,.T.);
#585=EDGE_CURVE('',#779,#774,#956,.T.);
#586=EDGE_CURVE('',#778,#779,#957,.T.);
#587=EDGE_CURVE('',#779,#777,#958,.T.);
#588=EDGE_CURVE('',#780,#764,#959,.T.);
#589=EDGE_CURVE('',#781,#769,#960,.T.);
#590=EDGE_CURVE('',#780,#781,#961,.T.);
#591=EDGE_CURVE('',#782,#768,#962,.T.);
#592=EDGE_CURVE('',#781,#782,#963,.T.);
#593=EDGE_CURVE('',#783,#767,#964,.T.);
#594=EDGE_CURVE('',#782,#783,#965,.T.);
#595=EDGE_CURVE('',#784,#766,#966,.T.);
#596=EDGE_CURVE('',#783,#784,#967,.T.);
#597=EDGE_CURVE('',#785,#765,#968,.T.);
#598=EDGE_CURVE('',#786,#785,#969,.T.);
#599=EDGE_CURVE('',#784,#786,#970,.T.);
#600=EDGE_CURVE('',#787,#780,#971,.T.);
#601=EDGE_CURVE('',#785,#787,#972,.T.);
#602=EDGE_CURVE('',#787,#788,#973,.T.);
#603=EDGE_CURVE('',#788,#786,#974,.T.);
#604=EDGE_CURVE('',#777,#789,#975,.T.);
#605=EDGE_CURVE('',#790,#779,#976,.T.);
#606=EDGE_CURVE('',#786,#790,#977,.T.);
#607=EDGE_CURVE('',#791,#787,#978,.T.);
#608=EDGE_CURVE('',#789,#791,#979,.T.);
#609=EDGE_CURVE('',#792,#788,#980,.T.);
#610=EDGE_CURVE('',#793,#792,#981,.T.);
#611=EDGE_CURVE('',#793,#791,#982,.T.);
#612=EDGE_CURVE('',#794,#790,#983,.T.);
#613=EDGE_CURVE('',#792,#794,#984,.T.);
#614=EDGE_CURVE('',#795,#789,#985,.T.);
#615=EDGE_CURVE('',#794,#795,#986,.T.);
#616=EDGE_CURVE('',#795,#793,#987,.T.);
#617=EDGE_CURVE('',#796,#797,#988,.T.);
#618=EDGE_CURVE('',#798,#796,#989,.T.);
#619=EDGE_CURVE('',#798,#799,#990,.T.);
#620=EDGE_CURVE('',#799,#797,#991,.T.);
#621=EDGE_CURVE('',#797,#800,#992,.T.);
#622=EDGE_CURVE('',#799,#801,#993,.T.);
#623=EDGE_CURVE('',#801,#800,#994,.T.);
#624=EDGE_CURVE('',#800,#796,#995,.T.);
#625=EDGE_CURVE('',#801,#798,#996,.T.);
#626=EDGE_CURVE('',#802,#803,#997,.T.);
#627=EDGE_CURVE('',#804,#802,#998,.T.);
#628=EDGE_CURVE('',#805,#804,#999,.T.);
#629=EDGE_CURVE('',#806,#805,#1000,.T.);
#630=EDGE_CURVE('',#807,#806,#1001,.T.);
#631=EDGE_CURVE('',#808,#807,#1002,.T.);
#632=EDGE_CURVE('',#809,#808,#1003,.T.);
#633=EDGE_CURVE('',#803,#809,#1004,.T.);
#634=EDGE_CURVE('',#810,#811,#1005,.T.);
#635=EDGE_CURVE('',#805,#810,#1006,.T.);
#636=EDGE_CURVE('',#804,#811,#1007,.T.);
#637=EDGE_CURVE('',#802,#812,#1008,.T.);
#638=EDGE_CURVE('',#812,#813,#1009,.T.);
#639=EDGE_CURVE('',#813,#814,#1010,.T.);
#640=EDGE_CURVE('',#815,#814,#1011,.T.);
#641=EDGE_CURVE('',#815,#816,#1012,.T.);
#642=EDGE_CURVE('',#811,#816,#1013,.T.);
#643=EDGE_CURVE('',#816,#817,#1014,.T.);
#644=EDGE_CURVE('',#818,#815,#1015,.T.);
#645=EDGE_CURVE('',#818,#817,#1016,.T.);
#646=EDGE_CURVE('',#809,#819,#1017,.T.);
#647=EDGE_CURVE('',#817,#819,#1018,.T.);
#648=EDGE_CURVE('',#820,#818,#1019,.T.);
#649=EDGE_CURVE('',#821,#820,#1020,.T.);
#650=EDGE_CURVE('',#821,#822,#1021,.T.);
#651=EDGE_CURVE('',#822,#803,#1022,.T.);
#652=EDGE_CURVE('',#819,#823,#1023,.T.);
#653=EDGE_CURVE('',#808,#823,#1024,.T.);
#654=EDGE_CURVE('',#823,#824,#1025,.T.);
#655=EDGE_CURVE('',#807,#824,#1026,.T.);
#656=EDGE_CURVE('',#824,#825,#1027,.T.);
#657=EDGE_CURVE('',#806,#825,#1028,.T.);
#658=EDGE_CURVE('',#825,#810,#1029,.T.);
#659=EDGE_CURVE('',#822,#812,#1030,.T.);
#660=EDGE_CURVE('',#813,#821,#1031,.T.);
#661=EDGE_CURVE('',#814,#820,#1032,.T.);
#662=EDGE_CURVE('',#826,#827,#1033,.T.);
#663=EDGE_CURVE('',#827,#828,#1034,.T.);
#664=EDGE_CURVE('',#828,#829,#1035,.T.);
#665=EDGE_CURVE('',#829,#830,#1036,.T.);
#666=EDGE_CURVE('',#830,#831,#1037,.T.);
#667=EDGE_CURVE('',#831,#832,#1038,.T.);
#668=EDGE_CURVE('',#832,#833,#1039,.T.);
#669=EDGE_CURVE('',#833,#826,#1040,.T.);
#670=EDGE_CURVE('',#834,#835,#1041,.T.);
#671=EDGE_CURVE('',#826,#835,#1042,.T.);
#672=EDGE_CURVE('',#833,#834,#1043,.T.);
#673=EDGE_CURVE('',#836,#837,#1044,.T.);
#674=EDGE_CURVE('',#836,#838,#1045,.T.);
#675=EDGE_CURVE('',#839,#838,#1046,.T.);
#676=EDGE_CURVE('',#840,#839,#1047,.T.);
#677=EDGE_CURVE('',#840,#827,#1048,.T.);
#678=EDGE_CURVE('',#835,#837,#1049,.T.);
#679=EDGE_CURVE('',#837,#841,#1050,.T.);
#680=EDGE_CURVE('',#842,#841,#1051,.T.);
#681=EDGE_CURVE('',#842,#836,#1052,.T.);
#682=EDGE_CURVE('',#841,#843,#1053,.T.);
#683=EDGE_CURVE('',#829,#843,#1054,.T.);
#684=EDGE_CURVE('',#828,#844,#1055,.T.);
#685=EDGE_CURVE('',#845,#844,#1056,.T.);
#686=EDGE_CURVE('',#845,#846,#1057,.T.);
#687=EDGE_CURVE('',#846,#842,#1058,.T.);
#688=EDGE_CURVE('',#843,#847,#1059,.T.);
#689=EDGE_CURVE('',#830,#847,#1060,.T.);
#690=EDGE_CURVE('',#847,#848,#1061,.T.);
#691=EDGE_CURVE('',#831,#848,#1062,.T.);
#692=EDGE_CURVE('',#848,#849,#1063,.T.);
#693=EDGE_CURVE('',#832,#849,#1064,.T.);
#694=EDGE_CURVE('',#849,#834,#1065,.T.);
#695=EDGE_CURVE('',#844,#840,#1066,.T.);
#696=EDGE_CURVE('',#839,#845,#1067,.T.);
#697=EDGE_CURVE('',#838,#846,#1068,.T.);
#698=EDGE_CURVE('',#850,#851,#1069,.F.);
#699=EDGE_CURVE('',#852,#851,#1070,.T.);
#700=EDGE_CURVE('',#853,#852,#1071,.F.);
#701=EDGE_CURVE('',#853,#850,#1072,.T.);
#702=EDGE_CURVE('',#851,#854,#1073,.F.);
#703=EDGE_CURVE('',#855,#854,#1074,.T.);
#704=EDGE_CURVE('',#852,#855,#1075,.F.);
#705=EDGE_CURVE('',#854,#856,#1076,.F.);
#706=EDGE_CURVE('',#857,#856,#1077,.T.);
#707=EDGE_CURVE('',#855,#857,#1078,.F.);
#708=EDGE_CURVE('',#856,#850,#1079,.F.);
#709=EDGE_CURVE('',#857,#853,#1080,.F.);
#710=EDGE_CURVE('',#858,#858,#20,.T.);
#711=EDGE_CURVE('',#859,#859,#21,.T.);
#712=VERTEX_POINT('',#2515);
#713=VERTEX_POINT('',#2516);
#714=VERTEX_POINT('',#2518);
#715=VERTEX_POINT('',#2520);
#716=VERTEX_POINT('',#2524);
#717=VERTEX_POINT('',#2525);
#718=VERTEX_POINT('',#2530);
#719=VERTEX_POINT('',#2531);
#720=VERTEX_POINT('',#2533);
#721=VERTEX_POINT('',#2535);
#722=VERTEX_POINT('',#2539);
#723=VERTEX_POINT('',#2541);
#724=VERTEX_POINT('',#2546);
#725=VERTEX_POINT('',#2548);
#726=VERTEX_POINT('',#2550);
#727=VERTEX_POINT('',#2554);
#728=VERTEX_POINT('',#2558);
#729=VERTEX_POINT('',#2562);
#730=VERTEX_POINT('',#2566);
#731=VERTEX_POINT('',#2567);
#732=VERTEX_POINT('',#2569);
#733=VERTEX_POINT('',#2571);
#734=VERTEX_POINT('',#2575);
#735=VERTEX_POINT('',#2577);
#736=VERTEX_POINT('',#2581);
#737=VERTEX_POINT('',#2582);
#738=VERTEX_POINT('',#2584);
#739=VERTEX_POINT('',#2586);
#740=VERTEX_POINT('',#2590);
#741=VERTEX_POINT('',#2592);
#742=VERTEX_POINT('',#2596);
#743=VERTEX_POINT('',#2598);
#744=VERTEX_POINT('',#2601);
#745=VERTEX_POINT('',#2605);
#746=VERTEX_POINT('',#2609);
#747=VERTEX_POINT('',#2613);
#748=VERTEX_POINT('',#2617);
#749=VERTEX_POINT('',#2618);
#750=VERTEX_POINT('',#2620);
#751=VERTEX_POINT('',#2622);
#752=VERTEX_POINT('',#2626);
#753=VERTEX_POINT('',#2628);
#754=VERTEX_POINT('',#2636);
#755=VERTEX_POINT('',#2637);
#756=VERTEX_POINT('',#2639);
#757=VERTEX_POINT('',#2641);
#758=VERTEX_POINT('',#2643);
#759=VERTEX_POINT('',#2645);
#760=VERTEX_POINT('',#2647);
#761=VERTEX_POINT('',#2649);
#762=VERTEX_POINT('',#2651);
#763=VERTEX_POINT('',#2653);
#764=VERTEX_POINT('',#2655);
#765=VERTEX_POINT('',#2657);
#766=VERTEX_POINT('',#2659);
#767=VERTEX_POINT('',#2661);
#768=VERTEX_POINT('',#2663);
#769=VERTEX_POINT('',#2665);
#770=VERTEX_POINT('',#2671);
#771=VERTEX_POINT('',#2673);
#772=VERTEX_POINT('',#2682);
#773=VERTEX_POINT('',#2686);
#774=VERTEX_POINT('',#2692);
#775=VERTEX_POINT('',#2694);
#776=VERTEX_POINT('',#2698);
#777=VERTEX_POINT('',#2700);
#778=VERTEX_POINT('',#2704);
#779=VERTEX_POINT('',#2708);
#780=VERTEX_POINT('',#2714);
#781=VERTEX_POINT('',#2716);
#782=VERTEX_POINT('',#2720);
#783=VERTEX_POINT('',#2724);
#784=VERTEX_POINT('',#2728);
#785=VERTEX_POINT('',#2732);
#786=VERTEX_POINT('',#2734);
#787=VERTEX_POINT('',#2738);
#788=VERTEX_POINT('',#2742);
#789=VERTEX_POINT('',#2746);
#790=VERTEX_POINT('',#2748);
#791=VERTEX_POINT('',#2751);
#792=VERTEX_POINT('',#2755);
#793=VERTEX_POINT('',#2757);
#794=VERTEX_POINT('',#2761);
#795=VERTEX_POINT('',#2765);
#796=VERTEX_POINT('',#2773);
#797=VERTEX_POINT('',#2774);
#798=VERTEX_POINT('',#2776);
#799=VERTEX_POINT('',#2778);
#800=VERTEX_POINT('',#2782);
#801=VERTEX_POINT('',#2784);
#802=VERTEX_POINT('',#2793);
#803=VERTEX_POINT('',#2794);
#804=VERTEX_POINT('',#2796);
#805=VERTEX_POINT('',#2798);
#806=VERTEX_POINT('',#2800);
#807=VERTEX_POINT('',#2802);
#808=VERTEX_POINT('',#2804);
#809=VERTEX_POINT('',#2806);
#810=VERTEX_POINT('',#2810);
#811=VERTEX_POINT('',#2811);
#812=VERTEX_POINT('',#2816);
#813=VERTEX_POINT('',#2818);
#814=VERTEX_POINT('',#2820);
#815=VERTEX_POINT('',#2822);
#816=VERTEX_POINT('',#2824);
#817=VERTEX_POINT('',#2828);
#818=VERTEX_POINT('',#2830);
#819=VERTEX_POINT('',#2834);
#820=VERTEX_POINT('',#2837);
#821=VERTEX_POINT('',#2839);
#822=VERTEX_POINT('',#2841);
#823=VERTEX_POINT('',#2845);
#824=VERTEX_POINT('',#2849);
#825=VERTEX_POINT('',#2853);
#826=VERTEX_POINT('',#2867);
#827=VERTEX_POINT('',#2868);
#828=VERTEX_POINT('',#2870);
#829=VERTEX_POINT('',#2872);
#830=VERTEX_POINT('',#2874);
#831=VERTEX_POINT('',#2876);
#832=VERTEX_POINT('',#2878);
#833=VERTEX_POINT('',#2880);
#834=VERTEX_POINT('',#2884);
#835=VERTEX_POINT('',#2885);
#836=VERTEX_POINT('',#2890);
#837=VERTEX_POINT('',#2891);
#838=VERTEX_POINT('',#2893);
#839=VERTEX_POINT('',#2895);
#840=VERTEX_POINT('',#2897);
#841=VERTEX_POINT('',#2902);
#842=VERTEX_POINT('',#2904);
#843=VERTEX_POINT('',#2908);
#844=VERTEX_POINT('',#2911);
#845=VERTEX_POINT('',#2913);
#846=VERTEX_POINT('',#2915);
#847=VERTEX_POINT('',#2919);
#848=VERTEX_POINT('',#2923);
#849=VERTEX_POINT('',#2927);
#850=VERTEX_POINT('',#2942);
#851=VERTEX_POINT('',#2943);
#852=VERTEX_POINT('',#2945);
#853=VERTEX_POINT('',#2947);
#854=VERTEX_POINT('',#2951);
#855=VERTEX_POINT('',#2953);
#856=VERTEX_POINT('',#2957);
#857=VERTEX_POINT('',#2959);
#858=VERTEX_POINT('',#2966);
#859=VERTEX_POINT('',#2970);
#860=LINE('',#2514,#1081);
#861=LINE('',#2517,#1082);
#862=LINE('',#2519,#1083);
#863=LINE('',#2521,#1084);
#864=LINE('',#2523,#1085);
#865=LINE('',#2526,#1086);
#866=LINE('',#2527,#1087);
#867=LINE('',#2529,#1088);
#868=LINE('',#2532,#1089);
#869=LINE('',#2534,#1090);
#870=LINE('',#2536,#1091);
#871=LINE('',#2538,#1092);
#872=LINE('',#2540,#1093);
#873=LINE('',#2542,#1094);
#874=LINE('',#2544,#1095);
#875=LINE('',#2545,#1096);
#876=LINE('',#2547,#1097);
#877=LINE('',#2549,#1098);
#878=LINE('',#2551,#1099);
#879=LINE('',#2553,#1100);
#880=LINE('',#2555,#1101);
#881=LINE('',#2557,#1102);
#882=LINE('',#2559,#1103);
#883=LINE('',#2561,#1104);
#884=LINE('',#2563,#1105);
#885=LINE('',#2565,#1106);
#886=LINE('',#2568,#1107);
#887=LINE('',#2570,#1108);
#888=LINE('',#2572,#1109);
#889=LINE('',#2574,#1110);
#890=LINE('',#2576,#1111);
#891=LINE('',#2578,#1112);
#892=LINE('',#2580,#1113);
#893=LINE('',#2583,#1114);
#894=LINE('',#2585,#1115);
#895=LINE('',#2587,#1116);
#896=LINE('',#2589,#1117);
#897=LINE('',#2591,#1118);
#898=LINE('',#2593,#1119);
#899=LINE('',#2595,#1120);
#900=LINE('',#2597,#1121);
#901=LINE('',#2599,#1122);
#902=LINE('',#2600,#1123);
#903=LINE('',#2602,#1124);
#904=LINE('',#2604,#1125);
#905=LINE('',#2606,#1126);
#906=LINE('',#2608,#1127);
#907=LINE('',#2610,#1128);
#908=LINE('',#2612,#1129);
#909=LINE('',#2614,#1130);
#910=LINE('',#2616,#1131);
#911=LINE('',#2619,#1132);
#912=LINE('',#2621,#1133);
#913=LINE('',#2623,#1134);
#914=LINE('',#2625,#1135);
#915=LINE('',#2627,#1136);
#916=LINE('',#2629,#1137);
#917=LINE('',#2631,#1138);
#918=LINE('',#2633,#1139);
#919=LINE('',#2635,#1140);
#920=LINE('',#2638,#1141);
#921=LINE('',#2640,#1142);
#922=LINE('',#2642,#1143);
#923=LINE('',#2644,#1144);
#924=LINE('',#2646,#1145);
#925=LINE('',#2648,#1146);
#926=LINE('',#2650,#1147);
#927=LINE('',#2652,#1148);
#928=LINE('',#2654,#1149);
#929=LINE('',#2656,#1150);
#930=LINE('',#2658,#1151);
#931=LINE('',#2660,#1152);
#932=LINE('',#2662,#1153);
#933=LINE('',#2664,#1154);
#934=LINE('',#2666,#1155);
#935=LINE('',#2668,#1156);
#936=LINE('',#2669,#1157);
#937=LINE('',#2670,#1158);
#938=LINE('',#2672,#1159);
#939=LINE('',#2674,#1160);
#940=LINE('',#2676,#1161);
#941=LINE('',#2677,#1162);
#942=LINE('',#2678,#1163);
#943=LINE('',#2681,#1164);
#944=LINE('',#2683,#1165);
#945=LINE('',#2685,#1166);
#946=LINE('',#2687,#1167);
#947=LINE('',#2689,#1168);
#948=LINE('',#2691,#1169);
#949=LINE('',#2693,#1170);
#950=LINE('',#2695,#1171);
#951=LINE('',#2697,#1172);
#952=LINE('',#2699,#1173);
#953=LINE('',#2701,#1174);
#954=LINE('',#2703,#1175);
#955=LINE('',#2705,#1176);
#956=LINE('',#2707,#1177);
#957=LINE('',#2709,#1178);
#958=LINE('',#2711,#1179);
#959=LINE('',#2713,#1180);
#960=LINE('',#2715,#1181);
#961=LINE('',#2717,#1182);
#962=LINE('',#2719,#1183);
#963=LINE('',#2721,#1184);
#964=LINE('',#2723,#1185);
#965=LINE('',#2725,#1186);
#966=LINE('',#2727,#1187);
#967=LINE('',#2729,#1188);
#968=LINE('',#2731,#1189);
#969=LINE('',#2733,#1190);
#970=LINE('',#2735,#1191);
#971=LINE('',#2737,#1192);
#972=LINE('',#2739,#1193);
#973=LINE('',#2741,#1194);
#974=LINE('',#2743,#1195);
#975=LINE('',#2745,#1196);
#976=LINE('',#2747,#1197);
#977=LINE('',#2749,#1198);
#978=LINE('',#2750,#1199);
#979=LINE('',#2752,#1200);
#980=LINE('',#2754,#1201);
#981=LINE('',#2756,#1202);
#982=LINE('',#2758,#1203);
#983=LINE('',#2760,#1204);
#984=LINE('',#2762,#1205);
#985=LINE('',#2764,#1206);
#986=LINE('',#2766,#1207);
#987=LINE('',#2768,#1208);
#988=LINE('',#2772,#1209);
#989=LINE('',#2775,#1210);
#990=LINE('',#2777,#1211);
#991=LINE('',#2779,#1212);
#992=LINE('',#2781,#1213);
#993=LINE('',#2783,#1214);
#994=LINE('',#2785,#1215);
#995=LINE('',#2787,#1216);
#996=LINE('',#2788,#1217);
#997=LINE('',#2792,#1218);
#998=LINE('',#2795,#1219);
#999=LINE('',#2797,#1220);
#1000=LINE('',#2799,#1221);
#1001=LINE('',#2801,#1222);
#1002=LINE('',#2803,#1223);
#1003=LINE('',#2805,#1224);
#1004=LINE('',#2807,#1225);
#1005=LINE('',#2809,#1226);
#1006=LINE('',#2812,#1227);
#1007=LINE('',#2813,#1228);
#1008=LINE('',#2815,#1229);
#1009=LINE('',#2817,#1230);
#1010=LINE('',#2819,#1231);
#1011=LINE('',#2821,#1232);
#1012=LINE('',#2823,#1233);
#1013=LINE('',#2825,#1234);
#1014=LINE('',#2827,#1235);
#1015=LINE('',#2829,#1236);
#1016=LINE('',#2831,#1237);
#1017=LINE('',#2833,#1238);
#1018=LINE('',#2835,#1239);
#1019=LINE('',#2836,#1240);
#1020=LINE('',#2838,#1241);
#1021=LINE('',#2840,#1242);
#1022=LINE('',#2842,#1243);
#1023=LINE('',#2844,#1244);
#1024=LINE('',#2846,#1245);
#1025=LINE('',#2848,#1246);
#1026=LINE('',#2850,#1247);
#1027=LINE('',#2852,#1248);
#1028=LINE('',#2854,#1249);
#1029=LINE('',#2856,#1250);
#1030=LINE('',#2859,#1251);
#1031=LINE('',#2861,#1252);
#1032=LINE('',#2863,#1253);
#1033=LINE('',#2866,#1254);
#1034=LINE('',#2869,#1255);
#1035=LINE('',#2871,#1256);
#1036=LINE('',#2873,#1257);
#1037=LINE('',#2875,#1258);
#1038=LINE('',#2877,#1259);
#1039=LINE('',#2879,#1260);
#1040=LINE('',#2881,#1261);
#1041=LINE('',#2883,#1262);
#1042=LINE('',#2886,#1263);
#1043=LINE('',#2887,#1264);
#1044=LINE('',#2889,#1265);
#1045=LINE('',#2892,#1266);
#1046=LINE('',#2894,#1267);
#1047=LINE('',#2896,#1268);
#1048=LINE('',#2898,#1269);
#1049=LINE('',#2899,#1270);
#1050=LINE('',#2901,#1271);
#1051=LINE('',#2903,#1272);
#1052=LINE('',#2905,#1273);
#1053=LINE('',#2907,#1274);
#1054=LINE('',#2909,#1275);
#1055=LINE('',#2910,#1276);
#1056=LINE('',#2912,#1277);
#1057=LINE('',#2914,#1278);
#1058=LINE('',#2916,#1279);
#1059=LINE('',#2918,#1280);
#1060=LINE('',#2920,#1281);
#1061=LINE('',#2922,#1282);
#1062=LINE('',#2924,#1283);
#1063=LINE('',#2926,#1284);
#1064=LINE('',#2928,#1285);
#1065=LINE('',#2930,#1286);
#1066=LINE('',#2933,#1287);
#1067=LINE('',#2935,#1288);
#1068=LINE('',#2937,#1289);
#1069=LINE('',#2941,#1290);
#1070=LINE('',#2944,#1291);
#1071=LINE('',#2946,#1292);
#1072=LINE('',#2948,#1293);
#1073=LINE('',#2950,#1294);
#1074=LINE('',#2952,#1295);
#1075=LINE('',#2954,#1296);
#1076=LINE('',#2956,#1297);
#1077=LINE('',#2958,#1298);
#1078=LINE('',#2960,#1299);
#1079=LINE('',#2962,#1300);
#1080=LINE('',#2963,#1301);
#1081=VECTOR('',#2111,1000.);
#1082=VECTOR('',#2112,1000.);
#1083=VECTOR('',#2113,1000.);
#1084=VECTOR('',#2114,1000.);
#1085=VECTOR('',#2117,1000.);
#1086=VECTOR('',#2118,1000.);
#1087=VECTOR('',#2119,1000.);
#1088=VECTOR('',#2122,1000.);
#1089=VECTOR('',#2123,1000.);
#1090=VECTOR('',#2124,1000.);
#1091=VECTOR('',#2125,1000.);
#1092=VECTOR('',#2128,1000.);
#1093=VECTOR('',#2129,1000.);
#1094=VECTOR('',#2130,1000.);
#1095=VECTOR('',#2133,1000.);
#1096=VECTOR('',#2134,1000.);
#1097=VECTOR('',#2135,1000.);
#1098=VECTOR('',#2136,1000.);
#1099=VECTOR('',#2137,1000.);
#1100=VECTOR('',#2140,1000.);
#1101=VECTOR('',#2141,1000.);
#1102=VECTOR('',#2144,1000.);
#1103=VECTOR('',#2145,1000.);
#1104=VECTOR('',#2148,1000.);
#1105=VECTOR('',#2149,1000.);
#1106=VECTOR('',#2152,1000.);
#1107=VECTOR('',#2153,1000.);
#1108=VECTOR('',#2154,1000.);
#1109=VECTOR('',#2155,1000.);
#1110=VECTOR('',#2158,1000.);
#1111=VECTOR('',#2159,1000.);
#1112=VECTOR('',#2160,1000.);
#1113=VECTOR('',#2163,1000.);
#1114=VECTOR('',#2164,1000.);
#1115=VECTOR('',#2165,1000.);
#1116=VECTOR('',#2166,1000.);
#1117=VECTOR('',#2169,1000.);
#1118=VECTOR('',#2170,1000.);
#1119=VECTOR('',#2171,1000.);
#1120=VECTOR('',#2174,1000.);
#1121=VECTOR('',#2175,1000.);
#1122=VECTOR('',#2176,1000.);
#1123=VECTOR('',#2177,1000.);
#1124=VECTOR('',#2178,1000.);
#1125=VECTOR('',#2181,1000.);
#1126=VECTOR('',#2182,1000.);
#1127=VECTOR('',#2185,1000.);
#1128=VECTOR('',#2186,1000.);
#1129=VECTOR('',#2189,1000.);
#1130=VECTOR('',#2190,1000.);
#1131=VECTOR('',#2193,1000.);
#1132=VECTOR('',#2194,1000.);
#1133=VECTOR('',#2195,1000.);
#1134=VECTOR('',#2196,1000.);
#1135=VECTOR('',#2199,1000.);
#1136=VECTOR('',#2200,1000.);
#1137=VECTOR('',#2201,1000.);
#1138=VECTOR('',#2204,1000.);
#1139=VECTOR('',#2207,1000.);
#1140=VECTOR('',#2210,1000.);
#1141=VECTOR('',#2211,1000.);
#1142=VECTOR('',#2212,1000.);
#1143=VECTOR('',#2213,1000.);
#1144=VECTOR('',#2214,1000.);
#1145=VECTOR('',#2215,1000.);
#1146=VECTOR('',#2216,1000.);
#1147=VECTOR('',#2217,1000.);
#1148=VECTOR('',#2218,1000.);
#1149=VECTOR('',#2219,1000.);
#1150=VECTOR('',#2220,1000.);
#1151=VECTOR('',#2221,1000.);
#1152=VECTOR('',#2222,1000.);
#1153=VECTOR('',#2223,1000.);
#1154=VECTOR('',#2224,1000.);
#1155=VECTOR('',#2225,1000.);
#1156=VECTOR('',#2228,1000.);
#1157=VECTOR('',#2229,1000.);
#1158=VECTOR('',#2230,1000.);
#1159=VECTOR('',#2231,1000.);
#1160=VECTOR('',#2232,1000.);
#1161=VECTOR('',#2235,1000.);
#1162=VECTOR('',#2236,1000.);
#1163=VECTOR('',#2237,1000.);
#1164=VECTOR('',#2242,1000.);
#1165=VECTOR('',#2243,1000.);
#1166=VECTOR('',#2246,1000.);
#1167=VECTOR('',#2247,1000.);
#1168=VECTOR('',#2250,1000.);
#1169=VECTOR('',#2253,1000.);
#1170=VECTOR('',#2254,1000.);
#1171=VECTOR('',#2255,1000.);
#1172=VECTOR('',#2258,1000.);
#1173=VECTOR('',#2259,1000.);
#1174=VECTOR('',#2260,1000.);
#1175=VECTOR('',#2263,1000.);
#1176=VECTOR('',#2264,1000.);
#1177=VECTOR('',#2267,1000.);
#1178=VECTOR('',#2268,1000.);
#1179=VECTOR('',#2271,1000.);
#1180=VECTOR('',#2274,1000.);
#1181=VECTOR('',#2275,1000.);
#1182=VECTOR('',#2276,1000.);
#1183=VECTOR('',#2279,1000.);
#1184=VECTOR('',#2280,1000.);
#1185=VECTOR('',#2283,1000.);
#1186=VECTOR('',#2284,1000.);
#1187=VECTOR('',#2287,1000.);
#1188=VECTOR('',#2288,1000.);
#1189=VECTOR('',#2291,1000.);
#1190=VECTOR('',#2292,1000.);
#1191=VECTOR('',#2293,1000.);
#1192=VECTOR('',#2296,1000.);
#1193=VECTOR('',#2297,1000.);
#1194=VECTOR('',#2300,1000.);
#1195=VECTOR('',#2301,1000.);
#1196=VECTOR('',#2304,1000.);
#1197=VECTOR('',#2305,1000.);
#1198=VECTOR('',#2306,1000.);
#1199=VECTOR('',#2307,1000.);
#1200=VECTOR('',#2308,1000.);
#1201=VECTOR('',#2311,1000.);
#1202=VECTOR('',#2312,1000.);
#1203=VECTOR('',#2313,1000.);
#1204=VECTOR('',#2316,1000.);
#1205=VECTOR('',#2317,1000.);
#1206=VECTOR('',#2320,1000.);
#1207=VECTOR('',#2321,1000.);
#1208=VECTOR('',#2324,1000.);
#1209=VECTOR('',#2331,1000.);
#1210=VECTOR('',#2332,1000.);
#1211=VECTOR('',#2333,1000.);
#1212=VECTOR('',#2334,1000.);
#1213=VECTOR('',#2337,1000.);
#1214=VECTOR('',#2338,1000.);
#1215=VECTOR('',#2339,1000.);
#1216=VECTOR('',#2342,1000.);
#1217=VECTOR('',#2343,1000.);
#1218=VECTOR('',#2350,1000.);
#1219=VECTOR('',#2351,1000.);
#1220=VECTOR('',#2352,1000.);
#1221=VECTOR('',#2353,1000.);
#1222=VECTOR('',#2354,1000.);
#1223=VECTOR('',#2355,1000.);
#1224=VECTOR('',#2356,1000.);
#1225=VECTOR('',#2357,1000.);
#1226=VECTOR('',#2360,1000.);
#1227=VECTOR('',#2361,1000.);
#1228=VECTOR('',#2362,1000.);
#1229=VECTOR('',#2365,1000.);
#1230=VECTOR('',#2366,1000.);
#1231=VECTOR('',#2367,1000.);
#1232=VECTOR('',#2368,1000.);
#1233=VECTOR('',#2369,1000.);
#1234=VECTOR('',#2370,1000.);
#1235=VECTOR('',#2373,1000.);
#1236=VECTOR('',#2374,1000.);
#1237=VECTOR('',#2375,1000.);
#1238=VECTOR('',#2378,1000.);
#1239=VECTOR('',#2379,1000.);
#1240=VECTOR('',#2380,1000.);
#1241=VECTOR('',#2381,1000.);
#1242=VECTOR('',#2382,1000.);
#1243=VECTOR('',#2383,1000.);
#1244=VECTOR('',#2386,1000.);
#1245=VECTOR('',#2387,1000.);
#1246=VECTOR('',#2390,1000.);
#1247=VECTOR('',#2391,1000.);
#1248=VECTOR('',#2394,1000.);
#1249=VECTOR('',#2395,1000.);
#1250=VECTOR('',#2398,1000.);
#1251=VECTOR('',#2403,1000.);
#1252=VECTOR('',#2406,1000.);
#1253=VECTOR('',#2409,1000.);
#1254=VECTOR('',#2414,1000.);
#1255=VECTOR('',#2415,1000.);
#1256=VECTOR('',#2416,1000.);
#1257=VECTOR('',#2417,1000.);
#1258=VECTOR('',#2418,1000.);
#1259=VECTOR('',#2419,1000.);
#1260=VECTOR('',#2420,1000.);
#1261=VECTOR('',#2421,1000.);
#1262=VECTOR('',#2424,1000.);
#1263=VECTOR('',#2425,1000.);
#1264=VECTOR('',#2426,1000.);
#1265=VECTOR('',#2429,1000.);
#1266=VECTOR('',#2430,1000.);
#1267=VECTOR('',#2431,1000.);
#1268=VECTOR('',#2432,1000.);
#1269=VECTOR('',#2433,1000.);
#1270=VECTOR('',#2434,1000.);
#1271=VECTOR('',#2437,1000.);
#1272=VECTOR('',#2438,1000.);
#1273=VECTOR('',#2439,1000.);
#1274=VECTOR('',#2442,1000.);
#1275=VECTOR('',#2443,1000.);
#1276=VECTOR('',#2444,1000.);
#1277=VECTOR('',#2445,1000.);
#1278=VECTOR('',#2446,1000.);
#1279=VECTOR('',#2447,1000.);
#1280=VECTOR('',#2450,1000.);
#1281=VECTOR('',#2451,1000.);
#1282=VECTOR('',#2454,1000.);
#1283=VECTOR('',#2455,1000.);
#1284=VECTOR('',#2458,1000.);
#1285=VECTOR('',#2459,1000.);
#1286=VECTOR('',#2462,1000.);
#1287=VECTOR('',#2467,1000.);
#1288=VECTOR('',#2470,1000.);
#1289=VECTOR('',#2473,1000.);
#1290=VECTOR('',#2480,1000.);
#1291=VECTOR('',#2481,1000.);
#1292=VECTOR('',#2482,1000.);
#1293=VECTOR('',#2483,1000.);
#1294=VECTOR('',#2486,1000.);
#1295=VECTOR('',#2487,1000.);
#1296=VECTOR('',#2488,1000.);
#1297=VECTOR('',#2491,1000.);
#1298=VECTOR('',#2492,1000.);
#1299=VECTOR('',#2493,1000.);
#1300=VECTOR('',#2496,1000.);
#1301=VECTOR('',#2497,1000.);
#1302=EDGE_LOOP('',(#43,#44,#45,#46));
#1303=EDGE_LOOP('',(#47,#48,#49,#50));
#1304=EDGE_LOOP('',(#51,#52,#53,#54));
#1305=EDGE_LOOP('',(#55,#56,#57,#58));
#1306=EDGE_LOOP('',(#59,#60,#61,#62,#63,#64,#65,#66));
#1307=EDGE_LOOP('',(#67,#68,#69,#70));
#1308=EDGE_LOOP('',(#71,#72,#73,#74));
#1309=EDGE_LOOP('',(#75,#76,#77,#78));
#1310=EDGE_LOOP('',(#79,#80,#81,#82));
#1311=EDGE_LOOP('',(#83,#84,#85,#86));
#1312=EDGE_LOOP('',(#87,#88,#89,#90));
#1313=EDGE_LOOP('',(#91,#92,#93,#94));
#1314=EDGE_LOOP('',(#95,#96,#97,#98,#99,#100,#101,#102));
#1315=EDGE_LOOP('',(#103,#104,#105,#106));
#1316=EDGE_LOOP('',(#107,#108,#109,#110));
#1317=EDGE_LOOP('',(#111,#112,#113,#114));
#1318=EDGE_LOOP('',(#115,#116,#117,#118));
#1319=EDGE_LOOP('',(#119,#120,#121,#122));
#1320=EDGE_LOOP('',(#123,#124,#125));
#1321=EDGE_LOOP('',(#126,#127,#128,#129));
#1322=EDGE_LOOP('',(#130,#131,#132,#133,#134,#135,#136,#137,#138,#139,#140,
#141,#142,#143,#144,#145));
#1323=EDGE_LOOP('',(#146,#147,#148,#149,#150,#151,#152,#153,#154,#155,#156,
#157,#158,#159));
#1324=EDGE_LOOP('',(#160,#161,#162,#163,#164,#165,#166,#167,#168,#169,#170,
#171));
#1325=EDGE_LOOP('',(#172,#173,#174));
#1326=EDGE_LOOP('',(#175,#176,#177,#178,#179,#180,#181,#182,#183,#184,#185,
#186));
#1327=EDGE_LOOP('',(#187,#188,#189,#190));
#1328=EDGE_LOOP('',(#191,#192,#193,#194));
#1329=EDGE_LOOP('',(#195,#196,#197,#198));
#1330=EDGE_LOOP('',(#199,#200,#201,#202,#203,#204,#205,#206,#207,#208));
#1331=EDGE_LOOP('',(#209,#210,#211,#212,#213));
#1332=EDGE_LOOP('',(#214,#215,#216,#217));
#1333=EDGE_LOOP('',(#218,#219,#220,#221,#222));
#1334=EDGE_LOOP('',(#223,#224,#225,#226));
#1335=EDGE_LOOP('',(#227,#228,#229,#230,#231,#232,#233,#234));
#1336=EDGE_LOOP('',(#235,#236,#237,#238));
#1337=EDGE_LOOP('',(#239,#240,#241,#242));
#1338=EDGE_LOOP('',(#243,#244,#245,#246));
#1339=EDGE_LOOP('',(#247,#248,#249,#250,#251));
#1340=EDGE_LOOP('',(#252,#253,#254,#255,#256));
#1341=EDGE_LOOP('',(#257,#258,#259,#260,#261,#262,#263,#264));
#1342=EDGE_LOOP('',(#265,#266,#267,#268,#269,#270,#271,#272,#273,#274));
#1343=EDGE_LOOP('',(#275,#276,#277,#278,#279));
#1344=EDGE_LOOP('',(#280,#281,#282,#283,#284));
#1345=EDGE_LOOP('',(#285,#286,#287,#288,#289,#290));
#1346=EDGE_LOOP('',(#291,#292,#293,#294));
#1347=EDGE_LOOP('',(#295,#296,#297,#298));
#1348=EDGE_LOOP('',(#299,#300,#301,#302));
#1349=EDGE_LOOP('',(#303,#304,#305,#306));
#1350=EDGE_LOOP('',(#307,#308,#309,#310));
#1351=EDGE_LOOP('',(#311,#312,#313));
#1352=EDGE_LOOP('',(#314,#315,#316));
#1353=EDGE_LOOP('',(#317,#318,#319,#320,#321,#322,#323,#324));
#1354=EDGE_LOOP('',(#325,#326,#327,#328));
#1355=EDGE_LOOP('',(#329,#330,#331,#332,#333,#334,#335,#336));
#1356=EDGE_LOOP('',(#337,#338,#339,#340));
#1357=EDGE_LOOP('',(#341,#342,#343,#344,#345,#346,#347,#348));
#1358=EDGE_LOOP('',(#349,#350,#351,#352));
#1359=EDGE_LOOP('',(#353,#354,#355,#356));
#1360=EDGE_LOOP('',(#357,#358,#359,#360));
#1361=EDGE_LOOP('',(#361,#362,#363,#364));
#1362=EDGE_LOOP('',(#365,#366,#367,#368,#369,#370,#371,#372));
#1363=EDGE_LOOP('',(#373,#374,#375,#376));
#1364=EDGE_LOOP('',(#377,#378,#379,#380));
#1365=EDGE_LOOP('',(#381,#382,#383,#384));
#1366=EDGE_LOOP('',(#385,#386,#387,#388));
#1367=EDGE_LOOP('',(#389,#390,#391,#392,#393,#394,#395,#396));
#1368=EDGE_LOOP('',(#397,#398,#399,#400));
#1369=EDGE_LOOP('',(#401,#402,#403,#404,#405,#406,#407,#408));
#1370=EDGE_LOOP('',(#409,#410,#411,#412));
#1371=EDGE_LOOP('',(#413,#414,#415,#416,#417,#418,#419,#420));
#1372=EDGE_LOOP('',(#421,#422,#423,#424));
#1373=EDGE_LOOP('',(#425,#426,#427,#428));
#1374=EDGE_LOOP('',(#429,#430,#431,#432));
#1375=EDGE_LOOP('',(#433,#434,#435,#436));
#1376=EDGE_LOOP('',(#437,#438,#439,#440,#441,#442,#443,#444));
#1377=EDGE_LOOP('',(#445,#446,#447,#448));
#1378=EDGE_LOOP('',(#449,#450,#451,#452));
#1379=EDGE_LOOP('',(#453,#454,#455,#456));
#1380=EDGE_LOOP('',(#457,#458,#459,#460));
#1381=EDGE_LOOP('',(#461,#462,#463,#464));
#1382=EDGE_LOOP('',(#465,#466,#467,#468));
#1383=EDGE_LOOP('',(#469,#470,#471,#472));
#1384=EDGE_LOOP('',(#473,#474,#475,#476));
#1385=EDGE_LOOP('',(#477));
#1386=EDGE_LOOP('',(#478,#479,#480,#481));
#1387=EDGE_LOOP('',(#482,#483,#484,#485));
#1388=EDGE_LOOP('',(#486));
#1389=EDGE_LOOP('',(#487));
#1390=EDGE_LOOP('',(#488));
#1391=FACE_BOUND('',#1302,.T.);
#1392=FACE_BOUND('',#1303,.T.);
#1393=FACE_BOUND('',#1304,.T.);
#1394=FACE_BOUND('',#1305,.T.);
#1395=FACE_BOUND('',#1306,.T.);
#1396=FACE_BOUND('',#1307,.T.);
#1397=FACE_BOUND('',#1308,.T.);
#1398=FACE_BOUND('',#1309,.T.);
#1399=FACE_BOUND('',#1310,.T.);
#1400=FACE_BOUND('',#1311,.T.);
#1401=FACE_BOUND('',#1312,.T.);
#1402=FACE_BOUND('',#1313,.T.);
#1403=FACE_BOUND('',#1314,.T.);
#1404=FACE_BOUND('',#1315,.T.);
#1405=FACE_BOUND('',#1316,.T.);
#1406=FACE_BOUND('',#1317,.T.);
#1407=FACE_BOUND('',#1318,.T.);
#1408=FACE_BOUND('',#1319,.T.);
#1409=FACE_BOUND('',#1320,.T.);
#1410=FACE_BOUND('',#1321,.T.);
#1411=FACE_BOUND('',#1322,.T.);
#1412=FACE_BOUND('',#1323,.T.);
#1413=FACE_BOUND('',#1324,.T.);
#1414=FACE_BOUND('',#1325,.T.);
#1415=FACE_BOUND('',#1326,.T.);
#1416=FACE_BOUND('',#1327,.T.);
#1417=FACE_BOUND('',#1328,.T.);
#1418=FACE_BOUND('',#1329,.T.);
#1419=FACE_BOUND('',#1330,.T.);
#1420=FACE_BOUND('',#1331,.T.);
#1421=FACE_BOUND('',#1332,.T.);
#1422=FACE_BOUND('',#1333,.T.);
#1423=FACE_BOUND('',#1334,.T.);
#1424=FACE_BOUND('',#1335,.T.);
#1425=FACE_BOUND('',#1336,.T.);
#1426=FACE_BOUND('',#1337,.T.);
#1427=FACE_BOUND('',#1338,.T.);
#1428=FACE_BOUND('',#1339,.T.);
#1429=FACE_BOUND('',#1340,.T.);
#1430=FACE_BOUND('',#1341,.T.);
#1431=FACE_BOUND('',#1342,.T.);
#1432=FACE_BOUND('',#1343,.T.);
#1433=FACE_BOUND('',#1344,.T.);
#1434=FACE_BOUND('',#1345,.T.);
#1435=FACE_BOUND('',#1346,.T.);
#1436=FACE_BOUND('',#1347,.T.);
#1437=FACE_BOUND('',#1348,.T.);
#1438=FACE_BOUND('',#1349,.T.);
#1439=FACE_BOUND('',#1350,.T.);
#1440=FACE_BOUND('',#1351,.T.);
#1441=FACE_BOUND('',#1352,.T.);
#1442=FACE_BOUND('',#1353,.T.);
#1443=FACE_BOUND('',#1354,.T.);
#1444=FACE_BOUND('',#1355,.T.);
#1445=FACE_BOUND('',#1356,.T.);
#1446=FACE_BOUND('',#1357,.T.);
#1447=FACE_BOUND('',#1358,.T.);
#1448=FACE_BOUND('',#1359,.T.);
#1449=FACE_BOUND('',#1360,.T.);
#1450=FACE_BOUND('',#1361,.T.);
#1451=FACE_BOUND('',#1362,.T.);
#1452=FACE_BOUND('',#1363,.T.);
#1453=FACE_BOUND('',#1364,.T.);
#1454=FACE_BOUND('',#1365,.T.);
#1455=FACE_BOUND('',#1366,.T.);
#1456=FACE_BOUND('',#1367,.T.);
#1457=FACE_BOUND('',#1368,.T.);
#1458=FACE_BOUND('',#1369,.T.);
#1459=FACE_BOUND('',#1370,.T.);
#1460=FACE_BOUND('',#1371,.T.);
#1461=FACE_BOUND('',#1372,.T.);
#1462=FACE_BOUND('',#1373,.T.);
#1463=FACE_BOUND('',#1374,.T.);
#1464=FACE_BOUND('',#1375,.T.);
#1465=FACE_BOUND('',#1376,.T.);
#1466=FACE_BOUND('',#1377,.T.);
#1467=FACE_BOUND('',#1378,.T.);
#1468=FACE_BOUND('',#1379,.T.);
#1469=FACE_BOUND('',#1380,.T.);
#1470=FACE_BOUND('',#1381,.T.);
#1471=FACE_BOUND('',#1382,.T.);
#1472=FACE_BOUND('',#1383,.T.);
#1473=FACE_BOUND('',#1384,.T.);
#1474=FACE_BOUND('',#1385,.T.);
#1475=FACE_BOUND('',#1386,.T.);
#1476=FACE_BOUND('',#1387,.T.);
#1477=FACE_BOUND('',#1388,.T.);
#1478=FACE_BOUND('',#1389,.T.);
#1479=FACE_BOUND('',#1390,.T.);
#1480=PLANE('',#2016);
#1481=PLANE('',#2017);
#1482=PLANE('',#2018);
#1483=PLANE('',#2019);
#1484=PLANE('',#2020);
#1485=PLANE('',#2021);
#1486=PLANE('',#2022);
#1487=PLANE('',#2023);
#1488=PLANE('',#2024);
#1489=PLANE('',#2025);
#1490=PLANE('',#2026);
#1491=PLANE('',#2027);
#1492=PLANE('',#2028);
#1493=PLANE('',#2029);
#1494=PLANE('',#2030);
#1495=PLANE('',#2031);
#1496=PLANE('',#2032);
#1497=PLANE('',#2033);
#1498=PLANE('',#2034);
#1499=PLANE('',#2035);
#1500=PLANE('',#2036);
#1501=PLANE('',#2037);
#1502=PLANE('',#2038);
#1503=PLANE('',#2039);
#1504=PLANE('',#2040);
#1505=PLANE('',#2041);
#1506=PLANE('',#2042);
#1507=PLANE('',#2043);
#1508=PLANE('',#2044);
#1509=PLANE('',#2045);
#1510=PLANE('',#2046);
#1511=PLANE('',#2047);
#1512=PLANE('',#2048);
#1513=PLANE('',#2049);
#1514=PLANE('',#2050);
#1515=PLANE('',#2051);
#1516=PLANE('',#2052);
#1517=PLANE('',#2053);
#1518=PLANE('',#2054);
#1519=PLANE('',#2055);
#1520=PLANE('',#2056);
#1521=PLANE('',#2057);
#1522=PLANE('',#2058);
#1523=PLANE('',#2059);
#1524=PLANE('',#2060);
#1525=PLANE('',#2062);
#1526=PLANE('',#2063);
#1527=PLANE('',#2064);
#1528=PLANE('',#2065);
#1529=PLANE('',#2066);
#1530=PLANE('',#2067);
#1531=PLANE('',#2068);
#1532=PLANE('',#2069);
#1533=PLANE('',#2070);
#1534=PLANE('',#2071);
#1535=PLANE('',#2072);
#1536=PLANE('',#2073);
#1537=PLANE('',#2074);
#1538=PLANE('',#2075);
#1539=PLANE('',#2076);
#1540=PLANE('',#2077);
#1541=PLANE('',#2078);
#1542=PLANE('',#2079);
#1543=PLANE('',#2080);
#1544=PLANE('',#2081);
#1545=PLANE('',#2082);
#1546=PLANE('',#2083);
#1547=PLANE('',#2084);
#1548=PLANE('',#2085);
#1549=PLANE('',#2086);
#1550=PLANE('',#2087);
#1551=PLANE('',#2088);
#1552=PLANE('',#2089);
#1553=PLANE('',#2090);
#1554=PLANE('',#2091);
#1555=PLANE('',#2092);
#1556=PLANE('',#2093);
#1557=PLANE('',#2094);
#1558=PLANE('',#2096);
#1559=PLANE('',#2097);
#1560=PLANE('',#2098);
#1561=PLANE('',#2099);
#1562=PLANE('',#2100);
#1563=PLANE('',#2102);
#1564=STYLED_ITEM('',(#1613),#1911);
#1565=STYLED_ITEM('',(#1614),#1912);
#1566=STYLED_ITEM('',(#1615),#1913);
#1567=STYLED_ITEM('',(#1616),#1914);
#1568=STYLED_ITEM('',(#1617),#1915);
#1569=STYLED_ITEM('',(#1618),#1916);
#1570=STYLED_ITEM('',(#1619),#1917);
#1571=STYLED_ITEM('',(#1620),#1918);
#1572=STYLED_ITEM('',(#1621),#1919);
#1573=STYLED_ITEM('',(#1622),#1920);
#1574=STYLED_ITEM('',(#1623),#1921);
#1575=STYLED_ITEM('',(#1624),#1922);
#1576=STYLED_ITEM('',(#1625),#1923);
#1577=STYLED_ITEM('',(#1626),#1924);
#1578=STYLED_ITEM('',(#1627),#1925);
#1579=STYLED_ITEM('',(#1628),#1926);
#1580=STYLED_ITEM('',(#1629),#1927);
#1581=STYLED_ITEM('',(#1630),#1928);
#1582=STYLED_ITEM('',(#1631),#1929);
#1583=STYLED_ITEM('',(#1632),#1930);
#1584=STYLED_ITEM('',(#1633),#1931);
#1585=STYLED_ITEM('',(#1634),#1932);
#1586=STYLED_ITEM('',(#1635),#1933);
#1587=STYLED_ITEM('',(#1636),#1934);
#1588=STYLED_ITEM('',(#1637),#1935);
#1589=STYLED_ITEM('',(#1638),#1936);
#1590=STYLED_ITEM('',(#1639),#1937);
#1591=STYLED_ITEM('',(#1640),#1938);
#1592=STYLED_ITEM('',(#1641),#1939);
#1593=STYLED_ITEM('',(#1642),#1940);
#1594=STYLED_ITEM('',(#1643),#1941);
#1595=STYLED_ITEM('',(#1644),#1942);
#1596=STYLED_ITEM('',(#1645),#1943);
#1597=STYLED_ITEM('',(#1646),#1944);
#1598=STYLED_ITEM('',(#1647),#1945);
#1599=STYLED_ITEM('',(#1648),#1946);
#1600=STYLED_ITEM('',(#1649),#1947);
#1601=STYLED_ITEM('',(#1650),#1948);
#1602=STYLED_ITEM('',(#1651),#1949);
#1603=STYLED_ITEM('',(#1652),#1950);
#1604=STYLED_ITEM('',(#1653),#1951);
#1605=STYLED_ITEM('',(#1654),#1952);
#1606=STYLED_ITEM('',(#1655),#1953);
#1607=STYLED_ITEM('',(#1656),#1954);
#1608=STYLED_ITEM('',(#1657),#1955);
#1609=STYLED_ITEM('',(#1658),#2003);
#1610=STYLED_ITEM('',(#1659),#2004);
#1611=STYLED_ITEM('',(#1660),#2005);
#1612=STYLED_ITEM('',(#1661),#2006);
#1613=PRESENTATION_STYLE_ASSIGNMENT((#1662));
#1614=PRESENTATION_STYLE_ASSIGNMENT((#1663));
#1615=PRESENTATION_STYLE_ASSIGNMENT((#1664));
#1616=PRESENTATION_STYLE_ASSIGNMENT((#1665));
#1617=PRESENTATION_STYLE_ASSIGNMENT((#1666));
#1618=PRESENTATION_STYLE_ASSIGNMENT((#1667));
#1619=PRESENTATION_STYLE_ASSIGNMENT((#1668));
#1620=PRESENTATION_STYLE_ASSIGNMENT((#1669));
#1621=PRESENTATION_STYLE_ASSIGNMENT((#1670));
#1622=PRESENTATION_STYLE_ASSIGNMENT((#1671));
#1623=PRESENTATION_STYLE_ASSIGNMENT((#1672));
#1624=PRESENTATION_STYLE_ASSIGNMENT((#1673));
#1625=PRESENTATION_STYLE_ASSIGNMENT((#1674));
#1626=PRESENTATION_STYLE_ASSIGNMENT((#1675));
#1627=PRESENTATION_STYLE_ASSIGNMENT((#1676));
#1628=PRESENTATION_STYLE_ASSIGNMENT((#1677));
#1629=PRESENTATION_STYLE_ASSIGNMENT((#1678));
#1630=PRESENTATION_STYLE_ASSIGNMENT((#1679));
#1631=PRESENTATION_STYLE_ASSIGNMENT((#1680));
#1632=PRESENTATION_STYLE_ASSIGNMENT((#1681));
#1633=PRESENTATION_STYLE_ASSIGNMENT((#1682));
#1634=PRESENTATION_STYLE_ASSIGNMENT((#1683));
#1635=PRESENTATION_STYLE_ASSIGNMENT((#1684));
#1636=PRESENTATION_STYLE_ASSIGNMENT((#1685));
#1637=PRESENTATION_STYLE_ASSIGNMENT((#1686));
#1638=PRESENTATION_STYLE_ASSIGNMENT((#1687));
#1639=PRESENTATION_STYLE_ASSIGNMENT((#1688));
#1640=PRESENTATION_STYLE_ASSIGNMENT((#1689));
#1641=PRESENTATION_STYLE_ASSIGNMENT((#1690));
#1642=PRESENTATION_STYLE_ASSIGNMENT((#1691));
#1643=PRESENTATION_STYLE_ASSIGNMENT((#1692));
#1644=PRESENTATION_STYLE_ASSIGNMENT((#1693));
#1645=PRESENTATION_STYLE_ASSIGNMENT((#1694));
#1646=PRESENTATION_STYLE_ASSIGNMENT((#1695));
#1647=PRESENTATION_STYLE_ASSIGNMENT((#1696));
#1648=PRESENTATION_STYLE_ASSIGNMENT((#1697));
#1649=PRESENTATION_STYLE_ASSIGNMENT((#1698));
#1650=PRESENTATION_STYLE_ASSIGNMENT((#1699));
#1651=PRESENTATION_STYLE_ASSIGNMENT((#1700));
#1652=PRESENTATION_STYLE_ASSIGNMENT((#1701));
#1653=PRESENTATION_STYLE_ASSIGNMENT((#1702));
#1654=PRESENTATION_STYLE_ASSIGNMENT((#1703));
#1655=PRESENTATION_STYLE_ASSIGNMENT((#1704));
#1656=PRESENTATION_STYLE_ASSIGNMENT((#1705));
#1657=PRESENTATION_STYLE_ASSIGNMENT((#1706));
#1658=PRESENTATION_STYLE_ASSIGNMENT((#1707));
#1659=PRESENTATION_STYLE_ASSIGNMENT((#1708));
#1660=PRESENTATION_STYLE_ASSIGNMENT((#1709));
#1661=PRESENTATION_STYLE_ASSIGNMENT((#1710));
#1662=SURFACE_STYLE_USAGE(.BOTH.,#1711);
#1663=SURFACE_STYLE_USAGE(.BOTH.,#1712);
#1664=SURFACE_STYLE_USAGE(.BOTH.,#1713);
#1665=SURFACE_STYLE_USAGE(.BOTH.,#1714);
#1666=SURFACE_STYLE_USAGE(.BOTH.,#1715);
#1667=SURFACE_STYLE_USAGE(.BOTH.,#1716);
#1668=SURFACE_STYLE_USAGE(.BOTH.,#1717);
#1669=SURFACE_STYLE_USAGE(.BOTH.,#1718);
#1670=SURFACE_STYLE_USAGE(.BOTH.,#1719);
#1671=SURFACE_STYLE_USAGE(.BOTH.,#1720);
#1672=SURFACE_STYLE_USAGE(.BOTH.,#1721);
#1673=SURFACE_STYLE_USAGE(.BOTH.,#1722);
#1674=SURFACE_STYLE_USAGE(.BOTH.,#1723);
#1675=SURFACE_STYLE_USAGE(.BOTH.,#1724);
#1676=SURFACE_STYLE_USAGE(.BOTH.,#1725);
#1677=SURFACE_STYLE_USAGE(.BOTH.,#1726);
#1678=SURFACE_STYLE_USAGE(.BOTH.,#1727);
#1679=SURFACE_STYLE_USAGE(.BOTH.,#1728);
#1680=SURFACE_STYLE_USAGE(.BOTH.,#1729);
#1681=SURFACE_STYLE_USAGE(.BOTH.,#1730);
#1682=SURFACE_STYLE_USAGE(.BOTH.,#1731);
#1683=SURFACE_STYLE_USAGE(.BOTH.,#1732);
#1684=SURFACE_STYLE_USAGE(.BOTH.,#1733);
#1685=SURFACE_STYLE_USAGE(.BOTH.,#1734);
#1686=SURFACE_STYLE_USAGE(.BOTH.,#1735);
#1687=SURFACE_STYLE_USAGE(.BOTH.,#1736);
#1688=SURFACE_STYLE_USAGE(.BOTH.,#1737);
#1689=SURFACE_STYLE_USAGE(.BOTH.,#1738);
#1690=SURFACE_STYLE_USAGE(.BOTH.,#1739);
#1691=SURFACE_STYLE_USAGE(.BOTH.,#1740);
#1692=SURFACE_STYLE_USAGE(.BOTH.,#1741);
#1693=SURFACE_STYLE_USAGE(.BOTH.,#1742);
#1694=SURFACE_STYLE_USAGE(.BOTH.,#1743);
#1695=SURFACE_STYLE_USAGE(.BOTH.,#1744);
#1696=SURFACE_STYLE_USAGE(.BOTH.,#1745);
#1697=SURFACE_STYLE_USAGE(.BOTH.,#1746);
#1698=SURFACE_STYLE_USAGE(.BOTH.,#1747);
#1699=SURFACE_STYLE_USAGE(.BOTH.,#1748);
#1700=SURFACE_STYLE_USAGE(.BOTH.,#1749);
#1701=SURFACE_STYLE_USAGE(.BOTH.,#1750);
#1702=SURFACE_STYLE_USAGE(.BOTH.,#1751);
#1703=SURFACE_STYLE_USAGE(.BOTH.,#1752);
#1704=SURFACE_STYLE_USAGE(.BOTH.,#1753);
#1705=SURFACE_STYLE_USAGE(.BOTH.,#1754);
#1706=SURFACE_STYLE_USAGE(.BOTH.,#1755);
#1707=SURFACE_STYLE_USAGE(.BOTH.,#1756);
#1708=SURFACE_STYLE_USAGE(.BOTH.,#1757);
#1709=SURFACE_STYLE_USAGE(.BOTH.,#1758);
#1710=SURFACE_STYLE_USAGE(.BOTH.,#1759);
#1711=SURFACE_SIDE_STYLE('',(#1760));
#1712=SURFACE_SIDE_STYLE('',(#1761));
#1713=SURFACE_SIDE_STYLE('',(#1762));
#1714=SURFACE_SIDE_STYLE('',(#1763));
#1715=SURFACE_SIDE_STYLE('',(#1764));
#1716=SURFACE_SIDE_STYLE('',(#1765));
#1717=SURFACE_SIDE_STYLE('',(#1766));
#1718=SURFACE_SIDE_STYLE('',(#1767));
#1719=SURFACE_SIDE_STYLE('',(#1768));
#1720=SURFACE_SIDE_STYLE('',(#1769));
#1721=SURFACE_SIDE_STYLE('',(#1770));
#1722=SURFACE_SIDE_STYLE('',(#1771));
#1723=SURFACE_SIDE_STYLE('',(#1772));
#1724=SURFACE_SIDE_STYLE('',(#1773));
#1725=SURFACE_SIDE_STYLE('',(#1774));
#1726=SURFACE_SIDE_STYLE('',(#1775));
#1727=SURFACE_SIDE_STYLE('',(#1776));
#1728=SURFACE_SIDE_STYLE('',(#1777));
#1729=SURFACE_SIDE_STYLE('',(#1778));
#1730=SURFACE_SIDE_STYLE('',(#1779));
#1731=SURFACE_SIDE_STYLE('',(#1780));
#1732=SURFACE_SIDE_STYLE('',(#1781));
#1733=SURFACE_SIDE_STYLE('',(#1782));
#1734=SURFACE_SIDE_STYLE('',(#1783));
#1735=SURFACE_SIDE_STYLE('',(#1784));
#1736=SURFACE_SIDE_STYLE('',(#1785));
#1737=SURFACE_SIDE_STYLE('',(#1786));
#1738=SURFACE_SIDE_STYLE('',(#1787));
#1739=SURFACE_SIDE_STYLE('',(#1788));
#1740=SURFACE_SIDE_STYLE('',(#1789));
#1741=SURFACE_SIDE_STYLE('',(#1790));
#1742=SURFACE_SIDE_STYLE('',(#1791));
#1743=SURFACE_SIDE_STYLE('',(#1792));
#1744=SURFACE_SIDE_STYLE('',(#1793));
#1745=SURFACE_SIDE_STYLE('',(#1794));
#1746=SURFACE_SIDE_STYLE('',(#1795));
#1747=SURFACE_SIDE_STYLE('',(#1796));
#1748=SURFACE_SIDE_STYLE('',(#1797));
#1749=SURFACE_SIDE_STYLE('',(#1798));
#1750=SURFACE_SIDE_STYLE('',(#1799));
#1751=SURFACE_SIDE_STYLE('',(#1800));
#1752=SURFACE_SIDE_STYLE('',(#1801));
#1753=SURFACE_SIDE_STYLE('',(#1802));
#1754=SURFACE_SIDE_STYLE('',(#1803));
#1755=SURFACE_SIDE_STYLE('',(#1804));
#1756=SURFACE_SIDE_STYLE('',(#1805));
#1757=SURFACE_SIDE_STYLE('',(#1806));
#1758=SURFACE_SIDE_STYLE('',(#1807));
#1759=SURFACE_SIDE_STYLE('',(#1808,#22));
#1760=SURFACE_STYLE_FILL_AREA(#1809);
#1761=SURFACE_STYLE_FILL_AREA(#1810);
#1762=SURFACE_STYLE_FILL_AREA(#1811);
#1763=SURFACE_STYLE_FILL_AREA(#1812);
#1764=SURFACE_STYLE_FILL_AREA(#1813);
#1765=SURFACE_STYLE_FILL_AREA(#1814);
#1766=SURFACE_STYLE_FILL_AREA(#1815);
#1767=SURFACE_STYLE_FILL_AREA(#1816);
#1768=SURFACE_STYLE_FILL_AREA(#1817);
#1769=SURFACE_STYLE_FILL_AREA(#1818);
#1770=SURFACE_STYLE_FILL_AREA(#1819);
#1771=SURFACE_STYLE_FILL_AREA(#1820);
#1772=SURFACE_STYLE_FILL_AREA(#1821);
#1773=SURFACE_STYLE_FILL_AREA(#1822);
#1774=SURFACE_STYLE_FILL_AREA(#1823);
#1775=SURFACE_STYLE_FILL_AREA(#1824);
#1776=SURFACE_STYLE_FILL_AREA(#1825);
#1777=SURFACE_STYLE_FILL_AREA(#1826);
#1778=SURFACE_STYLE_FILL_AREA(#1827);
#1779=SURFACE_STYLE_FILL_AREA(#1828);
#1780=SURFACE_STYLE_FILL_AREA(#1829);
#1781=SURFACE_STYLE_FILL_AREA(#1830);
#1782=SURFACE_STYLE_FILL_AREA(#1831);
#1783=SURFACE_STYLE_FILL_AREA(#1832);
#1784=SURFACE_STYLE_FILL_AREA(#1833);
#1785=SURFACE_STYLE_FILL_AREA(#1834);
#1786=SURFACE_STYLE_FILL_AREA(#1835);
#1787=SURFACE_STYLE_FILL_AREA(#1836);
#1788=SURFACE_STYLE_FILL_AREA(#1837);
#1789=SURFACE_STYLE_FILL_AREA(#1838);
#1790=SURFACE_STYLE_FILL_AREA(#1839);
#1791=SURFACE_STYLE_FILL_AREA(#1840);
#1792=SURFACE_STYLE_FILL_AREA(#1841);
#1793=SURFACE_STYLE_FILL_AREA(#1842);
#1794=SURFACE_STYLE_FILL_AREA(#1843);
#1795=SURFACE_STYLE_FILL_AREA(#1844);
#1796=SURFACE_STYLE_FILL_AREA(#1845);
#1797=SURFACE_STYLE_FILL_AREA(#1846);
#1798=SURFACE_STYLE_FILL_AREA(#1847);
#1799=SURFACE_STYLE_FILL_AREA(#1848);
#1800=SURFACE_STYLE_FILL_AREA(#1849);
#1801=SURFACE_STYLE_FILL_AREA(#1850);
#1802=SURFACE_STYLE_FILL_AREA(#1851);
#1803=SURFACE_STYLE_FILL_AREA(#1852);
#1804=SURFACE_STYLE_FILL_AREA(#1853);
#1805=SURFACE_STYLE_FILL_AREA(#1854);
#1806=SURFACE_STYLE_FILL_AREA(#1855);
#1807=SURFACE_STYLE_FILL_AREA(#1856);
#1808=SURFACE_STYLE_FILL_AREA(#1857);
#1809=FILL_AREA_STYLE('',(#1858));
#1810=FILL_AREA_STYLE('',(#1859));
#1811=FILL_AREA_STYLE('',(#1860));
#1812=FILL_AREA_STYLE('',(#1861));
#1813=FILL_AREA_STYLE('',(#1862));
#1814=FILL_AREA_STYLE('',(#1863));
#1815=FILL_AREA_STYLE('',(#1864));
#1816=FILL_AREA_STYLE('',(#1865));
#1817=FILL_AREA_STYLE('',(#1866));
#1818=FILL_AREA_STYLE('',(#1867));
#1819=FILL_AREA_STYLE('',(#1868));
#1820=FILL_AREA_STYLE('',(#1869));
#1821=FILL_AREA_STYLE('',(#1870));
#1822=FILL_AREA_STYLE('',(#1871));
#1823=FILL_AREA_STYLE('',(#1872));
#1824=FILL_AREA_STYLE('',(#1873));
#1825=FILL_AREA_STYLE('',(#1874));
#1826=FILL_AREA_STYLE('',(#1875));
#1827=FILL_AREA_STYLE('',(#1876));
#1828=FILL_AREA_STYLE('',(#1877));
#1829=FILL_AREA_STYLE('',(#1878));
#1830=FILL_AREA_STYLE('',(#1879));
#1831=FILL_AREA_STYLE('',(#1880));
#1832=FILL_AREA_STYLE('',(#1881));
#1833=FILL_AREA_STYLE('',(#1882));
#1834=FILL_AREA_STYLE('',(#1883));
#1835=FILL_AREA_STYLE('',(#1884));
#1836=FILL_AREA_STYLE('',(#1885));
#1837=FILL_AREA_STYLE('',(#1886));
#1838=FILL_AREA_STYLE('',(#1887));
#1839=FILL_AREA_STYLE('',(#1888));
#1840=FILL_AREA_STYLE('',(#1889));
#1841=FILL_AREA_STYLE('',(#1890));
#1842=FILL_AREA_STYLE('',(#1891));
#1843=FILL_AREA_STYLE('',(#1892));
#1844=FILL_AREA_STYLE('',(#1893));
#1845=FILL_AREA_STYLE('',(#1894));
#1846=FILL_AREA_STYLE('',(#1895));
#1847=FILL_AREA_STYLE('',(#1896));
#1848=FILL_AREA_STYLE('',(#1897));
#1849=FILL_AREA_STYLE('',(#1898));
#1850=FILL_AREA_STYLE('',(#1899));
#1851=FILL_AREA_STYLE('',(#1900));
#1852=FILL_AREA_STYLE('',(#1901));
#1853=FILL_AREA_STYLE('',(#1902));
#1854=FILL_AREA_STYLE('',(#1903));
#1855=FILL_AREA_STYLE('',(#1904));
#1856=FILL_AREA_STYLE('',(#1905));
#1857=FILL_AREA_STYLE('',(#1906));
#1858=FILL_AREA_STYLE_COLOUR('',#1907);
#1859=FILL_AREA_STYLE_COLOUR('',#1907);
#1860=FILL_AREA_STYLE_COLOUR('',#1907);
#1861=FILL_AREA_STYLE_COLOUR('',#1907);
#1862=FILL_AREA_STYLE_COLOUR('',#1907);
#1863=FILL_AREA_STYLE_COLOUR('',#1907);
#1864=FILL_AREA_STYLE_COLOUR('',#1907);
#1865=FILL_AREA_STYLE_COLOUR('',#1907);
#1866=FILL_AREA_STYLE_COLOUR('',#1907);
#1867=FILL_AREA_STYLE_COLOUR('',#1907);
#1868=FILL_AREA_STYLE_COLOUR('',#1907);
#1869=FILL_AREA_STYLE_COLOUR('',#1907);
#1870=FILL_AREA_STYLE_COLOUR('',#1907);
#1871=FILL_AREA_STYLE_COLOUR('',#1907);
#1872=FILL_AREA_STYLE_COLOUR('',#1907);
#1873=FILL_AREA_STYLE_COLOUR('',#1907);
#1874=FILL_AREA_STYLE_COLOUR('',#1907);
#1875=FILL_AREA_STYLE_COLOUR('',#1907);
#1876=FILL_AREA_STYLE_COLOUR('',#1907);
#1877=FILL_AREA_STYLE_COLOUR('',#1907);
#1878=FILL_AREA_STYLE_COLOUR('',#1907);
#1879=FILL_AREA_STYLE_COLOUR('',#1907);
#1880=FILL_AREA_STYLE_COLOUR('',#1907);
#1881=FILL_AREA_STYLE_COLOUR('',#1907);
#1882=FILL_AREA_STYLE_COLOUR('',#1907);
#1883=FILL_AREA_STYLE_COLOUR('',#1907);
#1884=FILL_AREA_STYLE_COLOUR('',#1908);
#1885=FILL_AREA_STYLE_COLOUR('',#1909);
#1886=FILL_AREA_STYLE_COLOUR('',#1909);
#1887=FILL_AREA_STYLE_COLOUR('',#1909);
#1888=FILL_AREA_STYLE_COLOUR('',#1909);
#1889=FILL_AREA_STYLE_COLOUR('',#1909);
#1890=FILL_AREA_STYLE_COLOUR('',#1909);
#1891=FILL_AREA_STYLE_COLOUR('',#1909);
#1892=FILL_AREA_STYLE_COLOUR('',#1909);
#1893=FILL_AREA_STYLE_COLOUR('',#1909);
#1894=FILL_AREA_STYLE_COLOUR('',#1909);
#1895=FILL_AREA_STYLE_COLOUR('',#1909);
#1896=FILL_AREA_STYLE_COLOUR('',#1909);
#1897=FILL_AREA_STYLE_COLOUR('',#1910);
#1898=FILL_AREA_STYLE_COLOUR('',#1910);
#1899=FILL_AREA_STYLE_COLOUR('',#1910);
#1900=FILL_AREA_STYLE_COLOUR('',#1910);
#1901=FILL_AREA_STYLE_COLOUR('',#1910);
#1902=FILL_AREA_STYLE_COLOUR('',#1910);
#1903=FILL_AREA_STYLE_COLOUR('',#1908);
#1904=FILL_AREA_STYLE_COLOUR('',#1909);
#1905=FILL_AREA_STYLE_COLOUR('',#1909);
#1906=FILL_AREA_STYLE_COLOUR('',#24);
#1907=COLOUR_RGB('',0.949999988079071,0.949999988079071,0.949999988079071);
#1908=COLOUR_RGB('',0.,0.5,0.);
#1909=COLOUR_RGB('',0.87058824300766,0.633254885673523,0.172549024224281);
#1910=COLOUR_RGB('',0.200000002980232,0.200000002980232,0.200000002980232);
#1911=ADVANCED_FACE('',(#1391),#1480,.F.);
#1912=ADVANCED_FACE('',(#1392),#1481,.T.);
#1913=ADVANCED_FACE('',(#1393),#1482,.T.);
#1914=ADVANCED_FACE('',(#1394),#1483,.T.);
#1915=ADVANCED_FACE('',(#1395),#1484,.F.);
#1916=ADVANCED_FACE('',(#1396),#1485,.T.);
#1917=ADVANCED_FACE('',(#1397),#1486,.T.);
#1918=ADVANCED_FACE('',(#1398),#1487,.T.);
#1919=ADVANCED_FACE('',(#1399),#1488,.T.);
#1920=ADVANCED_FACE('',(#1400),#1489,.T.);
#1921=ADVANCED_FACE('',(#1401),#1490,.F.);
#1922=ADVANCED_FACE('',(#1402),#1491,.F.);
#1923=ADVANCED_FACE('',(#1403),#1492,.T.);
#1924=ADVANCED_FACE('',(#1404),#1493,.F.);
#1925=ADVANCED_FACE('',(#1405),#1494,.F.);
#1926=ADVANCED_FACE('',(#1406),#1495,.F.);
#1927=ADVANCED_FACE('',(#1407),#1496,.F.);
#1928=ADVANCED_FACE('',(#1408),#1497,.F.);
#1929=ADVANCED_FACE('',(#1409),#1498,.T.);
#1930=ADVANCED_FACE('',(#1410),#1499,.F.);
#1931=ADVANCED_FACE('',(#1411),#1500,.T.);
#1932=ADVANCED_FACE('',(#1412),#1501,.F.);
#1933=ADVANCED_FACE('',(#1413),#1502,.F.);
#1934=ADVANCED_FACE('',(#1414,#1415),#1503,.F.);
#1935=ADVANCED_FACE('',(#1416),#1504,.F.);
#1936=ADVANCED_FACE('',(#1417),#1505,.F.);
#1937=ADVANCED_FACE('',(#1418),#1506,.T.);
#1938=ADVANCED_FACE('',(#1419),#1507,.F.);
#1939=ADVANCED_FACE('',(#1420),#1508,.F.);
#1940=ADVANCED_FACE('',(#1421),#1509,.F.);
#1941=ADVANCED_FACE('',(#1422),#1510,.F.);
#1942=ADVANCED_FACE('',(#1423),#1511,.T.);
#1943=ADVANCED_FACE('',(#1424),#1512,.F.);
#1944=ADVANCED_FACE('',(#1425),#1513,.F.);
#1945=ADVANCED_FACE('',(#1426),#1514,.F.);
#1946=ADVANCED_FACE('',(#1427),#1515,.F.);
#1947=ADVANCED_FACE('',(#1428),#1516,.F.);
#1948=ADVANCED_FACE('',(#1429),#1517,.F.);
#1949=ADVANCED_FACE('',(#1430),#1518,.T.);
#1950=ADVANCED_FACE('',(#1431),#1519,.F.);
#1951=ADVANCED_FACE('',(#1432),#1520,.F.);
#1952=ADVANCED_FACE('',(#1433),#1521,.F.);
#1953=ADVANCED_FACE('',(#1434),#1522,.F.);
#1954=ADVANCED_FACE('',(#1435),#1523,.F.);
#1955=ADVANCED_FACE('',(#1436),#1524,.T.);
#1956=ADVANCED_FACE('',(#1437),#1525,.T.);
#1957=ADVANCED_FACE('',(#1438),#1526,.T.);
#1958=ADVANCED_FACE('',(#1439),#1527,.T.);
#1959=ADVANCED_FACE('',(#1440),#1528,.F.);
#1960=ADVANCED_FACE('',(#1441),#1529,.T.);
#1961=ADVANCED_FACE('',(#1442),#1530,.F.);
#1962=ADVANCED_FACE('',(#1443),#1531,.T.);
#1963=ADVANCED_FACE('',(#1444),#1532,.T.);
#1964=ADVANCED_FACE('',(#1445),#1533,.T.);
#1965=ADVANCED_FACE('',(#1446),#1534,.T.);
#1966=ADVANCED_FACE('',(#1447),#1535,.T.);
#1967=ADVANCED_FACE('',(#1448),#1536,.T.);
#1968=ADVANCED_FACE('',(#1449),#1537,.T.);
#1969=ADVANCED_FACE('',(#1450),#1538,.T.);
#1970=ADVANCED_FACE('',(#1451),#1539,.T.);
#1971=ADVANCED_FACE('',(#1452),#1540,.F.);
#1972=ADVANCED_FACE('',(#1453),#1541,.F.);
#1973=ADVANCED_FACE('',(#1454),#1542,.T.);
#1974=ADVANCED_FACE('',(#1455),#1543,.T.);
#1975=ADVANCED_FACE('',(#1456),#1544,.T.);
#1976=ADVANCED_FACE('',(#1457),#1545,.F.);
#1977=ADVANCED_FACE('',(#1458),#1546,.F.);
#1978=ADVANCED_FACE('',(#1459),#1547,.F.);
#1979=ADVANCED_FACE('',(#1460),#1548,.F.);
#1980=ADVANCED_FACE('',(#1461),#1549,.F.);
#1981=ADVANCED_FACE('',(#1462),#1550,.F.);
#1982=ADVANCED_FACE('',(#1463),#1551,.F.);
#1983=ADVANCED_FACE('',(#1464),#1552,.F.);
#1984=ADVANCED_FACE('',(#1465),#1553,.F.);
#1985=ADVANCED_FACE('',(#1466),#1554,.F.);
#1986=ADVANCED_FACE('',(#1467),#1555,.T.);
#1987=ADVANCED_FACE('',(#1468),#1556,.F.);
#1988=ADVANCED_FACE('',(#1469),#1557,.F.);
#1989=ADVANCED_FACE('',(#1470),#1558,.T.);
#1990=ADVANCED_FACE('',(#1471),#1559,.T.);
#1991=ADVANCED_FACE('',(#1472),#1560,.T.);
#1992=ADVANCED_FACE('',(#1473),#1561,.T.);
#1993=ADVANCED_FACE('',(#1474,#1475),#1562,.T.);
#1994=ADVANCED_FACE('',(#1476),#1563,.F.);
#1995=ADVANCED_FACE('',(#1477,#1478),#19,.T.);
#1996=ADVANCED_FACE('',(#1479),#18,.T.);
#1997=CLOSED_SHELL('',(#1911,#1912,#1913,#1914,#1915,#1916,#1917,#1918,
#1919,#1920,#1921,#1922,#1923,#1924,#1925,#1926,#1927,#1928,#1929,#1930,
#1931,#1932,#1933,#1934,#1935,#1936,#1937,#1938,#1939,#1940,#1941,#1942,
#1943,#1944,#1945,#1946,#1947,#1948,#1949,#1950,#1951,#1952,#1953,#1954,
#1955));
#1998=CLOSED_SHELL('',(#1956,#1957,#1958,#1959,#1960));
#1999=CLOSED_SHELL('',(#1961,#1962,#1963,#1964,#1965,#1966,#1967,#1968,
#1969,#1970,#1971,#1972,#1973,#1974));
#2000=CLOSED_SHELL('',(#1975,#1976,#1977,#1978,#1979,#1980,#1981,#1982,
#1983,#1984,#1985,#1986,#1987,#1988));
#2001=CLOSED_SHELL('',(#1989,#1990,#1991,#1992,#1993,#1994,#1995,#1996));
#2002=MANIFOLD_SOLID_BREP('',#1997);
#2003=MANIFOLD_SOLID_BREP('',#1998);
#2004=MANIFOLD_SOLID_BREP('',#1999);
#2005=MANIFOLD_SOLID_BREP('',#2000);
#2006=MANIFOLD_SOLID_BREP('',#2001);
#2007=SHAPE_DEFINITION_REPRESENTATION(#2986,#2011);
#2008=SHAPE_DEFINITION_REPRESENTATION(#2985,#2012);
#2009=SHAPE_DEFINITION_REPRESENTATION(#2988,#2013);
#2010=SHAPE_DEFINITION_REPRESENTATION(#2990,#2014);
#2011=SHAPE_REPRESENTATION('PCB',(#2015),#2975);
#2012=SHAPE_REPRESENTATION('150060xx83000',(#2015,#2061,#2095,#2106),#2974);
#2013=SHAPE_REPRESENTATION('Pins',(#2015),#2976);
#2014=SHAPE_REPRESENTATION('Resin',(#2015),#2977);
#2015=AXIS2_PLACEMENT_3D('',#2512,#2107,#2108);
#2016=AXIS2_PLACEMENT_3D('',#2513,#2109,#2110);
#2017=AXIS2_PLACEMENT_3D('',#2522,#2115,#2116);
#2018=AXIS2_PLACEMENT_3D('',#2528,#2120,#2121);
#2019=AXIS2_PLACEMENT_3D('',#2537,#2126,#2127);
#2020=AXIS2_PLACEMENT_3D('',#2543,#2131,#2132);
#2021=AXIS2_PLACEMENT_3D('',#2552,#2138,#2139);
#2022=AXIS2_PLACEMENT_3D('',#2556,#2142,#2143);
#2023=AXIS2_PLACEMENT_3D('',#2560,#2146,#2147);
#2024=AXIS2_PLACEMENT_3D('',#2564,#2150,#2151);
#2025=AXIS2_PLACEMENT_3D('',#2573,#2156,#2157);
#2026=AXIS2_PLACEMENT_3D('',#2579,#2161,#2162);
#2027=AXIS2_PLACEMENT_3D('',#2588,#2167,#2168);
#2028=AXIS2_PLACEMENT_3D('',#2594,#2172,#2173);
#2029=AXIS2_PLACEMENT_3D('',#2603,#2179,#2180);
#2030=AXIS2_PLACEMENT_3D('',#2607,#2183,#2184);
#2031=AXIS2_PLACEMENT_3D('',#2611,#2187,#2188);
#2032=AXIS2_PLACEMENT_3D('',#2615,#2191,#2192);
#2033=AXIS2_PLACEMENT_3D('',#2624,#2197,#2198);
#2034=AXIS2_PLACEMENT_3D('',#2630,#2202,#2203);
#2035=AXIS2_PLACEMENT_3D('',#2632,#2205,#2206);
#2036=AXIS2_PLACEMENT_3D('',#2634,#2208,#2209);
#2037=AXIS2_PLACEMENT_3D('',#2667,#2226,#2227);
#2038=AXIS2_PLACEMENT_3D('',#2675,#2233,#2234);
#2039=AXIS2_PLACEMENT_3D('',#2679,#2238,#2239);
#2040=AXIS2_PLACEMENT_3D('',#2680,#2240,#2241);
#2041=AXIS2_PLACEMENT_3D('',#2684,#2244,#2245);
#2042=AXIS2_PLACEMENT_3D('',#2688,#2248,#2249);
#2043=AXIS2_PLACEMENT_3D('',#2690,#2251,#2252);
#2044=AXIS2_PLACEMENT_3D('',#2696,#2256,#2257);
#2045=AXIS2_PLACEMENT_3D('',#2702,#2261,#2262);
#2046=AXIS2_PLACEMENT_3D('',#2706,#2265,#2266);
#2047=AXIS2_PLACEMENT_3D('',#2710,#2269,#2270);
#2048=AXIS2_PLACEMENT_3D('',#2712,#2272,#2273);
#2049=AXIS2_PLACEMENT_3D('',#2718,#2277,#2278);
#2050=AXIS2_PLACEMENT_3D('',#2722,#2281,#2282);
#2051=AXIS2_PLACEMENT_3D('',#2726,#2285,#2286);
#2052=AXIS2_PLACEMENT_3D('',#2730,#2289,#2290);
#2053=AXIS2_PLACEMENT_3D('',#2736,#2294,#2295);
#2054=AXIS2_PLACEMENT_3D('',#2740,#2298,#2299);
#2055=AXIS2_PLACEMENT_3D('',#2744,#2302,#2303);
#2056=AXIS2_PLACEMENT_3D('',#2753,#2309,#2310);
#2057=AXIS2_PLACEMENT_3D('',#2759,#2314,#2315);
#2058=AXIS2_PLACEMENT_3D('',#2763,#2318,#2319);
#2059=AXIS2_PLACEMENT_3D('',#2767,#2322,#2323);
#2060=AXIS2_PLACEMENT_3D('',#2769,#2325,#2326);
#2061=AXIS2_PLACEMENT_3D('',#2770,#2327,#2328);
#2062=AXIS2_PLACEMENT_3D('',#2771,#2329,#2330);
#2063=AXIS2_PLACEMENT_3D('',#2780,#2335,#2336);
#2064=AXIS2_PLACEMENT_3D('',#2786,#2340,#2341);
#2065=AXIS2_PLACEMENT_3D('',#2789,#2344,#2345);
#2066=AXIS2_PLACEMENT_3D('',#2790,#2346,#2347);
#2067=AXIS2_PLACEMENT_3D('',#2791,#2348,#2349);
#2068=AXIS2_PLACEMENT_3D('',#2808,#2358,#2359);
#2069=AXIS2_PLACEMENT_3D('',#2814,#2363,#2364);
#2070=AXIS2_PLACEMENT_3D('',#2826,#2371,#2372);
#2071=AXIS2_PLACEMENT_3D('',#2832,#2376,#2377);
#2072=AXIS2_PLACEMENT_3D('',#2843,#2384,#2385);
#2073=AXIS2_PLACEMENT_3D('',#2847,#2388,#2389);
#2074=AXIS2_PLACEMENT_3D('',#2851,#2392,#2393);
#2075=AXIS2_PLACEMENT_3D('',#2855,#2396,#2397);
#2076=AXIS2_PLACEMENT_3D('',#2857,#2399,#2400);
#2077=AXIS2_PLACEMENT_3D('',#2858,#2401,#2402);
#2078=AXIS2_PLACEMENT_3D('',#2860,#2404,#2405);
#2079=AXIS2_PLACEMENT_3D('',#2862,#2407,#2408);
#2080=AXIS2_PLACEMENT_3D('',#2864,#2410,#2411);
#2081=AXIS2_PLACEMENT_3D('',#2865,#2412,#2413);
#2082=AXIS2_PLACEMENT_3D('',#2882,#2422,#2423);
#2083=AXIS2_PLACEMENT_3D('',#2888,#2427,#2428);
#2084=AXIS2_PLACEMENT_3D('',#2900,#2435,#2436);
#2085=AXIS2_PLACEMENT_3D('',#2906,#2440,#2441);
#2086=AXIS2_PLACEMENT_3D('',#2917,#2448,#2449);
#2087=AXIS2_PLACEMENT_3D('',#2921,#2452,#2453);
#2088=AXIS2_PLACEMENT_3D('',#2925,#2456,#2457);
#2089=AXIS2_PLACEMENT_3D('',#2929,#2460,#2461);
#2090=AXIS2_PLACEMENT_3D('',#2931,#2463,#2464);
#2091=AXIS2_PLACEMENT_3D('',#2932,#2465,#2466);
#2092=AXIS2_PLACEMENT_3D('',#2934,#2468,#2469);
#2093=AXIS2_PLACEMENT_3D('',#2936,#2471,#2472);
#2094=AXIS2_PLACEMENT_3D('',#2938,#2474,#2475);
#2095=AXIS2_PLACEMENT_3D('',#2939,#2476,#2477);
#2096=AXIS2_PLACEMENT_3D('',#2940,#2478,#2479);
#2097=AXIS2_PLACEMENT_3D('',#2949,#2484,#2485);
#2098=AXIS2_PLACEMENT_3D('',#2955,#2489,#2490);
#2099=AXIS2_PLACEMENT_3D('',#2961,#2494,#2495);
#2100=AXIS2_PLACEMENT_3D('',#2964,#2498,#2499);
#2101=AXIS2_PLACEMENT_3D('',#2965,#2500,#2501);
#2102=AXIS2_PLACEMENT_3D('',#2967,#2502,#2503);
#2103=AXIS2_PLACEMENT_3D('',#2968,#2504,#2505);
#2104=AXIS2_PLACEMENT_3D('',#2969,#2506,#2507);
#2105=AXIS2_PLACEMENT_3D('',#2971,#2508,#2509);
#2106=AXIS2_PLACEMENT_3D('',#2972,#2510,#2511);
#2107=DIRECTION('',(0.,0.,1.));
#2108=DIRECTION('',(1.,0.,0.));
#2109=DIRECTION('',(0.,0.,-1.));
#2110=DIRECTION('',(-1.,0.,0.));
#2111=DIRECTION('',(2.37169225231204E-16,1.,0.));
#2112=DIRECTION('',(-1.,0.,0.));
#2113=DIRECTION('',(4.40457132572236E-16,-1.,0.));
#2114=DIRECTION('',(1.,0.,0.));
#2115=DIRECTION('',(0.,1.,0.));
#2116=DIRECTION('',(0.,0.,1.));
#2117=DIRECTION('',(-1.,0.,0.));
#2118=DIRECTION('',(0.,0.,1.));
#2119=DIRECTION('',(0.,0.,-1.));
#2120=DIRECTION('',(-1.,3.61400724161834E-15,0.));
#2121=DIRECTION('',(-3.61400724161834E-15,-1.,0.));
#2122=DIRECTION('',(-3.61400724161834E-15,-1.,0.));
#2123=DIRECTION('',(0.,0.,-1.));
#2124=DIRECTION('',(3.61400724161834E-15,1.,0.));
#2125=DIRECTION('',(0.,0.,-1.));
#2126=DIRECTION('',(4.33680868994205E-15,1.,0.));
#2127=DIRECTION('',(-1.,4.33680868994205E-15,0.));
#2128=DIRECTION('',(1.,-4.33680868994205E-15,0.));
#2129=DIRECTION('',(1.,-4.33680868994205E-15,0.));
#2130=DIRECTION('',(0.,0.,-1.));
#2131=DIRECTION('',(0.,0.,1.));
#2132=DIRECTION('',(1.,0.,0.));
#2133=DIRECTION('',(-4.40457132572236E-16,1.,0.));
#2134=DIRECTION('',(1.,1.44560289664734E-16,0.));
#2135=DIRECTION('',(3.61400724161834E-15,-1.,0.));
#2136=DIRECTION('',(1.,4.33680868994207E-15,0.));
#2137=DIRECTION('',(-2.37169225231204E-16,-1.,0.));
#2138=DIRECTION('',(-1.44560289664734E-16,1.,0.));
#2139=DIRECTION('',(-1.,-1.44560289664734E-16,0.));
#2140=DIRECTION('',(-1.,-1.44560289664734E-16,0.));
#2141=DIRECTION('',(0.,0.,-1.));
#2142=DIRECTION('',(1.,3.61400724161834E-15,0.));
#2143=DIRECTION('',(-3.61400724161834E-15,1.,0.));
#2144=DIRECTION('',(-3.61400724161834E-15,1.,0.));
#2145=DIRECTION('',(0.,0.,-1.));
#2146=DIRECTION('',(-4.33680868994207E-15,1.,0.));
#2147=DIRECTION('',(-1.,-4.33680868994207E-15,0.));
#2148=DIRECTION('',(1.,4.33680868994207E-15,0.));
#2149=DIRECTION('',(0.,0.,-1.));
#2150=DIRECTION('',(0.,0.,1.));
#2151=DIRECTION('',(1.,0.,0.));
#2152=DIRECTION('',(1.,0.,0.));
#2153=DIRECTION('',(-4.40457132572236E-16,1.,0.));
#2154=DIRECTION('',(-1.,0.,0.));
#2155=DIRECTION('',(-2.37169225231204E-16,-1.,0.));
#2156=DIRECTION('',(0.,-1.,0.));
#2157=DIRECTION('',(0.,0.,-1.));
#2158=DIRECTION('',(0.,0.,-1.));
#2159=DIRECTION('',(-1.,0.,0.));
#2160=DIRECTION('',(0.,0.,1.));
#2161=DIRECTION('',(1.,7.22801448323667E-16,0.));
#2162=DIRECTION('',(-7.22801448323667E-16,1.,0.));
#2163=DIRECTION('',(-7.22801448323667E-16,1.,0.));
#2164=DIRECTION('',(0.,0.,-1.));
#2165=DIRECTION('',(7.22801448323667E-16,-1.,0.));
#2166=DIRECTION('',(0.,0.,-1.));
#2167=DIRECTION('',(-1.44560289664734E-16,1.,0.));
#2168=DIRECTION('',(-1.,-1.44560289664734E-16,0.));
#2169=DIRECTION('',(-1.,-1.44560289664734E-16,0.));
#2170=DIRECTION('',(1.,1.44560289664734E-16,0.));
#2171=DIRECTION('',(0.,0.,-1.));
#2172=DIRECTION('',(0.,0.,-1.));
#2173=DIRECTION('',(-1.,0.,0.));
#2174=DIRECTION('',(2.37169225231204E-16,1.,0.));
#2175=DIRECTION('',(1.,-1.30104260698261E-14,0.));
#2176=DIRECTION('',(7.22801448323667E-16,1.,0.));
#2177=DIRECTION('',(1.,1.3010426069826E-14,0.));
#2178=DIRECTION('',(4.40457132572236E-16,-1.,0.));
#2179=DIRECTION('',(-1.3010426069826E-14,1.,0.));
#2180=DIRECTION('',(-1.,-1.3010426069826E-14,0.));
#2181=DIRECTION('',(1.,1.3010426069826E-14,0.));
#2182=DIRECTION('',(0.,0.,-1.));
#2183=DIRECTION('',(-1.,7.22801448323667E-16,0.));
#2184=DIRECTION('',(-7.22801448323667E-16,-1.,0.));
#2185=DIRECTION('',(-7.22801448323667E-16,-1.,0.));
#2186=DIRECTION('',(0.,0.,-1.));
#2187=DIRECTION('',(1.30104260698261E-14,1.,0.));
#2188=DIRECTION('',(-1.,1.30104260698261E-14,0.));
#2189=DIRECTION('',(1.,-1.30104260698261E-14,0.));
#2190=DIRECTION('',(0.,0.,-1.));
#2191=DIRECTION('',(-0.919145030018058,0.393919298579168,0.));
#2192=DIRECTION('',(-0.393919298579168,-0.919145030018058,0.));
#2193=DIRECTION('',(-0.393919298579168,-0.919145030018058,0.));
#2194=DIRECTION('',(0.,0.,-1.));
#2195=DIRECTION('',(0.393919298579168,0.919145030018058,0.));
#2196=DIRECTION('',(0.,0.,-1.));
#2197=DIRECTION('',(0.,-1.,0.));
#2198=DIRECTION('',(0.,0.,-1.));
#2199=DIRECTION('',(1.,0.,0.));
#2200=DIRECTION('',(-1.,0.,0.));
#2201=DIRECTION('',(0.,0.,-1.));
#2202=DIRECTION('',(0.,0.,-1.));
#2203=DIRECTION('',(-1.,0.,0.));
#2204=DIRECTION('',(0.393919298579168,-0.919145030018058,0.));
#2205=DIRECTION('',(0.919145030018058,0.393919298579168,0.));
#2206=DIRECTION('',(-0.393919298579168,0.919145030018058,0.));
#2207=DIRECTION('',(-0.393919298579168,0.919145030018058,0.));
#2208=DIRECTION('',(0.,0.,1.));
#2209=DIRECTION('',(1.,0.,0.));
#2210=DIRECTION('',(-4.40457132572236E-16,1.,0.));
#2211=DIRECTION('',(-1.,0.,0.));
#2212=DIRECTION('',(0.,1.,0.));
#2213=DIRECTION('',(1.,1.35525271560688E-16,0.));
#2214=DIRECTION('',(2.62836890299439E-16,-1.,0.));
#2215=DIRECTION('',(-1.,0.,0.));
#2216=DIRECTION('',(0.,1.,0.));
#2217=DIRECTION('',(1.,0.,0.));
#2218=DIRECTION('',(-2.37169225231204E-16,-1.,0.));
#2219=DIRECTION('',(-1.,0.,0.));
#2220=DIRECTION('',(-4.92819169311593E-17,-1.,0.));
#2221=DIRECTION('',(-1.,0.,0.));
#2222=DIRECTION('',(0.,1.,0.));
#2223=DIRECTION('',(1.,-3.4433898858375E-16,0.));
#2224=DIRECTION('',(0.,1.,0.));
#2225=DIRECTION('',(-1.,0.,0.));
#2226=DIRECTION('',(1.,-2.37169225231204E-16,0.));
#2227=DIRECTION('',(2.37169225231204E-16,1.,0.));
#2228=DIRECTION('',(-2.37169225231204E-16,-1.,0.));
#2229=DIRECTION('',(0.,0.,1.));
#2230=DIRECTION('',(0.,0.,1.));
#2231=DIRECTION('',(0.,-1.,0.));
#2232=DIRECTION('',(0.,0.,1.));
#2233=DIRECTION('',(-1.,-4.40457132572236E-16,0.));
#2234=DIRECTION('',(4.40457132572236E-16,-1.,0.));
#2235=DIRECTION('',(0.,0.,1.));
#2236=DIRECTION('',(0.,0.,1.));
#2237=DIRECTION('',(-4.40457132572236E-16,1.,0.));
#2238=DIRECTION('',(0.,0.,1.));
#2239=DIRECTION('',(1.,0.,0.));
#2240=DIRECTION('',(0.,-1.,0.));
#2241=DIRECTION('',(0.,0.,-1.));
#2242=DIRECTION('',(0.,0.,1.));
#2243=DIRECTION('',(1.,0.,0.));
#2244=DIRECTION('',(1.,0.,0.));
#2245=DIRECTION('',(0.,0.,-1.));
#2246=DIRECTION('',(0.,0.,1.));
#2247=DIRECTION('',(0.,1.,0.));
#2248=DIRECTION('',(0.,0.,1.));
#2249=DIRECTION('',(1.,0.,0.));
#2250=DIRECTION('',(-1.,-6.11395746832043E-13,0.));
#2251=DIRECTION('',(0.,-1.,0.));
#2252=DIRECTION('',(0.,0.,-1.));
#2253=DIRECTION('',(0.,0.,-1.));
#2254=DIRECTION('',(0.,0.,-1.));
#2255=DIRECTION('',(-1.,0.,0.));
#2256=DIRECTION('',(1.,2.62836890299439E-16,0.));
#2257=DIRECTION('',(-2.62836890299439E-16,1.,0.));
#2258=DIRECTION('',(0.,0.,-1.));
#2259=DIRECTION('',(2.62836890299439E-16,-1.,0.));
#2260=DIRECTION('',(2.62836890299439E-16,-1.,0.));
#2261=DIRECTION('',(-1.35525271560688E-16,1.,0.));
#2262=DIRECTION('',(-1.,-1.35525271560688E-16,0.));
#2263=DIRECTION('',(0.,0.,-1.));
#2264=DIRECTION('',(1.,1.35525271560688E-16,0.));
#2265=DIRECTION('',(-1.,0.,0.));
#2266=DIRECTION('',(0.,0.,1.));
#2267=DIRECTION('',(0.,1.,0.));
#2268=DIRECTION('',(0.,1.,0.));
#2269=DIRECTION('',(0.,0.,1.));
#2270=DIRECTION('',(1.,0.,0.));
#2271=DIRECTION('',(-1.,0.,0.));
#2272=DIRECTION('',(0.,1.,0.));
#2273=DIRECTION('',(0.,0.,1.));
#2274=DIRECTION('',(0.,0.,-1.));
#2275=DIRECTION('',(0.,0.,-1.));
#2276=DIRECTION('',(1.,0.,0.));
#2277=DIRECTION('',(-1.,0.,0.));
#2278=DIRECTION('',(0.,0.,1.));
#2279=DIRECTION('',(0.,0.,-1.));
#2280=DIRECTION('',(0.,1.,0.));
#2281=DIRECTION('',(3.4433898858375E-16,1.,0.));
#2282=DIRECTION('',(-1.,3.4433898858375E-16,0.));
#2283=DIRECTION('',(0.,0.,-1.));
#2284=DIRECTION('',(1.,-3.4433898858375E-16,0.));
#2285=DIRECTION('',(-1.,0.,0.));
#2286=DIRECTION('',(0.,0.,1.));
#2287=DIRECTION('',(0.,0.,-1.));
#2288=DIRECTION('',(0.,1.,0.));
#2289=DIRECTION('',(0.,-1.,0.));
#2290=DIRECTION('',(0.,0.,-1.));
#2291=DIRECTION('',(0.,0.,-1.));
#2292=DIRECTION('',(-1.,0.,0.));
#2293=DIRECTION('',(-1.,0.,0.));
#2294=DIRECTION('',(1.,-4.92819169311593E-17,0.));
#2295=DIRECTION('',(4.92819169311593E-17,1.,0.));
#2296=DIRECTION('',(-4.92819169311593E-17,-1.,0.));
#2297=DIRECTION('',(-4.92819169311593E-17,-1.,0.));
#2298=DIRECTION('',(0.,0.,1.));
#2299=DIRECTION('',(1.,0.,0.));
#2300=DIRECTION('',(1.,0.,0.));
#2301=DIRECTION('',(0.,1.,0.));
#2302=DIRECTION('',(0.,0.,1.));
#2303=DIRECTION('',(1.,0.,0.));
#2304=DIRECTION('',(-1.,0.,0.));
#2305=DIRECTION('',(-1.,0.,0.));
#2306=DIRECTION('',(0.,1.,0.));
#2307=DIRECTION('',(1.,0.,0.));
#2308=DIRECTION('',(0.,-1.,0.));
#2309=DIRECTION('',(0.,1.,0.));
#2310=DIRECTION('',(0.,0.,1.));
#2311=DIRECTION('',(0.,0.,-1.));
#2312=DIRECTION('',(1.,0.,0.));
#2313=DIRECTION('',(0.,0.,-1.));
#2314=DIRECTION('',(-1.,0.,0.));
#2315=DIRECTION('',(0.,0.,1.));
#2316=DIRECTION('',(0.,0.,-1.));
#2317=DIRECTION('',(0.,1.,0.));
#2318=DIRECTION('',(0.,-1.,0.));
#2319=DIRECTION('',(0.,0.,-1.));
#2320=DIRECTION('',(0.,0.,-1.));
#2321=DIRECTION('',(-1.,0.,0.));
#2322=DIRECTION('',(1.,0.,0.));
#2323=DIRECTION('',(0.,0.,-1.));
#2324=DIRECTION('',(0.,-1.,0.));
#2325=DIRECTION('',(0.,0.,1.));
#2326=DIRECTION('',(1.,0.,0.));
#2327=DIRECTION('',(0.,0.,1.));
#2328=DIRECTION('',(1.,0.,0.));
#2329=DIRECTION('',(0.919145030018058,0.393919298579168,0.));
#2330=DIRECTION('',(-0.393919298579168,0.919145030018058,0.));
#2331=DIRECTION('',(0.393919298579168,-0.919145030018058,0.));
#2332=DIRECTION('',(0.,0.,-1.));
#2333=DIRECTION('',(0.393919298579168,-0.919145030018058,0.));
#2334=DIRECTION('',(0.,0.,-1.));
#2335=DIRECTION('',(0.,-1.,0.));
#2336=DIRECTION('',(0.,0.,-1.));
#2337=DIRECTION('',(-1.,0.,0.));
#2338=DIRECTION('',(-1.,0.,0.));
#2339=DIRECTION('',(0.,0.,-1.));
#2340=DIRECTION('',(-0.919145030018058,0.393919298579168,0.));
#2341=DIRECTION('',(-0.393919298579168,-0.919145030018058,0.));
#2342=DIRECTION('',(0.393919298579168,0.919145030018058,0.));
#2343=DIRECTION('',(0.393919298579168,0.919145030018058,0.));
#2344=DIRECTION('',(0.,0.,-1.));
#2345=DIRECTION('',(-1.,0.,0.));
#2346=DIRECTION('',(0.,0.,-1.));
#2347=DIRECTION('',(-1.,0.,0.));
#2348=DIRECTION('',(0.,0.,-1.));
#2349=DIRECTION('',(-1.,0.,0.));
#2350=DIRECTION('',(-1.,0.,0.));
#2351=DIRECTION('',(-9.63735264431558E-16,-1.,0.));
#2352=DIRECTION('',(1.,1.3010426069826E-14,0.));
#2353=DIRECTION('',(7.22801448323667E-16,-1.,0.));
#2354=DIRECTION('',(1.,1.44560289664734E-16,0.));
#2355=DIRECTION('',(7.22801448323667E-16,1.,0.));
#2356=DIRECTION('',(1.,-1.30104260698261E-14,0.));
#2357=DIRECTION('',(0.,1.,0.));
#2358=DIRECTION('',(-1.3010426069826E-14,1.,0.));
#2359=DIRECTION('',(-1.,-1.3010426069826E-14,0.));
#2360=DIRECTION('',(1.,1.3010426069826E-14,0.));
#2361=DIRECTION('',(0.,0.,-1.));
#2362=DIRECTION('',(0.,0.,-1.));
#2363=DIRECTION('',(1.,-9.63735264431558E-16,0.));
#2364=DIRECTION('',(9.63735264431558E-16,1.,0.));
#2365=DIRECTION('',(0.,0.,1.));
#2366=DIRECTION('',(-1.62630325872821E-15,1.,0.));
#2367=DIRECTION('',(0.,0.,1.));
#2368=DIRECTION('',(-1.62630325872821E-15,1.,0.));
#2369=DIRECTION('',(0.,0.,-1.));
#2370=DIRECTION('',(-9.63735264431558E-16,-1.,0.));
#2371=DIRECTION('',(0.,-1.,0.));
#2372=DIRECTION('',(0.,0.,-1.));
#2373=DIRECTION('',(-1.,0.,0.));
#2374=DIRECTION('',(1.,0.,0.));
#2375=DIRECTION('',(0.,0.,-1.));
#2376=DIRECTION('',(-1.,0.,0.));
#2377=DIRECTION('',(0.,0.,1.));
#2378=DIRECTION('',(0.,0.,-1.));
#2379=DIRECTION('',(0.,1.,0.));
#2380=DIRECTION('',(0.,-1.,0.));
#2381=DIRECTION('',(0.,0.,1.));
#2382=DIRECTION('',(0.,-1.,0.));
#2383=DIRECTION('',(0.,0.,-1.));
#2384=DIRECTION('',(1.30104260698261E-14,1.,0.));
#2385=DIRECTION('',(-1.,1.30104260698261E-14,0.));
#2386=DIRECTION('',(1.,-1.30104260698261E-14,0.));
#2387=DIRECTION('',(0.,0.,-1.));
#2388=DIRECTION('',(-1.,7.22801448323667E-16,0.));
#2389=DIRECTION('',(-7.22801448323667E-16,-1.,0.));
#2390=DIRECTION('',(7.22801448323667E-16,1.,0.));
#2391=DIRECTION('',(0.,0.,-1.));
#2392=DIRECTION('',(-1.44560289664734E-16,1.,0.));
#2393=DIRECTION('',(-1.,-1.44560289664734E-16,0.));
#2394=DIRECTION('',(1.,1.44560289664734E-16,0.));
#2395=DIRECTION('',(0.,0.,-1.));
#2396=DIRECTION('',(1.,7.22801448323667E-16,0.));
#2397=DIRECTION('',(-7.22801448323667E-16,1.,0.));
#2398=DIRECTION('',(7.22801448323667E-16,-1.,0.));
#2399=DIRECTION('',(0.,0.,-1.));
#2400=DIRECTION('',(-1.,0.,0.));
#2401=DIRECTION('',(0.,-1.,0.));
#2402=DIRECTION('',(0.,0.,-1.));
#2403=DIRECTION('',(1.,0.,0.));
#2404=DIRECTION('',(0.,0.,1.));
#2405=DIRECTION('',(1.,0.,0.));
#2406=DIRECTION('',(-1.,0.,0.));
#2407=DIRECTION('',(0.,1.,0.));
#2408=DIRECTION('',(0.,0.,1.));
#2409=DIRECTION('',(-1.,0.,0.));
#2410=DIRECTION('',(0.,0.,1.));
#2411=DIRECTION('',(1.,0.,0.));
#2412=DIRECTION('',(0.,0.,1.));
#2413=DIRECTION('',(1.,0.,0.));
#2414=DIRECTION('',(0.,1.,0.));
#2415=DIRECTION('',(-1.,0.,0.));
#2416=DIRECTION('',(0.,-1.,0.));
#2417=DIRECTION('',(1.,4.33680868994207E-15,0.));
#2418=DIRECTION('',(3.61400724161834E-15,-1.,0.));
#2419=DIRECTION('',(1.,1.44560289664734E-16,0.));
#2420=DIRECTION('',(3.61400724161834E-15,1.,0.));
#2421=DIRECTION('',(1.,-4.33680868994205E-15,0.));
#2422=DIRECTION('',(4.33680868994205E-15,1.,0.));
#2423=DIRECTION('',(-1.,4.33680868994205E-15,0.));
#2424=DIRECTION('',(1.,-4.33680868994205E-15,0.));
#2425=DIRECTION('',(0.,0.,-1.));
#2426=DIRECTION('',(0.,0.,-1.));
#2427=DIRECTION('',(-1.,0.,0.));
#2428=DIRECTION('',(0.,0.,1.));
#2429=DIRECTION('',(0.,0.,-1.));
#2430=DIRECTION('',(-1.62630325872821E-15,-1.,0.));
#2431=DIRECTION('',(0.,0.,1.));
#2432=DIRECTION('',(-1.62630325872821E-15,-1.,0.));
#2433=DIRECTION('',(0.,0.,-1.));
#2434=DIRECTION('',(0.,1.,0.));
#2435=DIRECTION('',(0.,-1.,0.));
#2436=DIRECTION('',(0.,0.,-1.));
#2437=DIRECTION('',(-1.,0.,0.));
#2438=DIRECTION('',(0.,0.,-1.));
#2439=DIRECTION('',(1.,0.,0.));
#2440=DIRECTION('',(1.,0.,0.));
#2441=DIRECTION('',(0.,0.,-1.));
#2442=DIRECTION('',(0.,-1.,0.));
#2443=DIRECTION('',(0.,0.,-1.));
#2444=DIRECTION('',(0.,0.,1.));
#2445=DIRECTION('',(0.,1.,0.));
#2446=DIRECTION('',(0.,0.,1.));
#2447=DIRECTION('',(0.,1.,0.));
#2448=DIRECTION('',(-4.33680868994207E-15,1.,0.));
#2449=DIRECTION('',(-1.,-4.33680868994207E-15,0.));
#2450=DIRECTION('',(1.,4.33680868994207E-15,0.));
#2451=DIRECTION('',(0.,0.,-1.));
#2452=DIRECTION('',(1.,3.61400724161834E-15,0.));
#2453=DIRECTION('',(-3.61400724161834E-15,1.,0.));
#2454=DIRECTION('',(3.61400724161834E-15,-1.,0.));
#2455=DIRECTION('',(0.,0.,-1.));
#2456=DIRECTION('',(-1.44560289664734E-16,1.,0.));
#2457=DIRECTION('',(-1.,-1.44560289664734E-16,0.));
#2458=DIRECTION('',(1.,1.44560289664734E-16,0.));
#2459=DIRECTION('',(0.,0.,-1.));
#2460=DIRECTION('',(-1.,3.61400724161834E-15,0.));
#2461=DIRECTION('',(-3.61400724161834E-15,-1.,0.));
#2462=DIRECTION('',(3.61400724161834E-15,1.,0.));
#2463=DIRECTION('',(0.,0.,1.));
#2464=DIRECTION('',(1.,0.,0.));
#2465=DIRECTION('',(0.,1.,0.));
#2466=DIRECTION('',(0.,0.,1.));
#2467=DIRECTION('',(1.,0.,0.));
#2468=DIRECTION('',(0.,0.,-1.));
#2469=DIRECTION('',(-1.,0.,0.));
#2470=DIRECTION('',(-1.,0.,0.));
#2471=DIRECTION('',(0.,1.,0.));
#2472=DIRECTION('',(0.,0.,1.));
#2473=DIRECTION('',(-1.,0.,0.));
#2474=DIRECTION('',(0.,0.,-1.));
#2475=DIRECTION('',(-1.,0.,0.));
#2476=DIRECTION('',(0.,0.,1.));
#2477=DIRECTION('',(1.,0.,0.));
#2478=DIRECTION('',(-0.996194698091746,0.,0.0871557427476582));
#2479=DIRECTION('',(0.0871557427476582,0.,0.996194698091746));
#2480=DIRECTION('',(0.,1.,0.));
#2481=DIRECTION('',(-0.0868265938642476,-0.0868265938642476,-0.992432509138967));
#2482=DIRECTION('',(0.,1.,0.));
#2483=DIRECTION('',(-0.0868265938642476,0.0868265938642476,-0.992432509138967));
#2484=DIRECTION('',(-1.35009556986201E-16,-0.996194698091746,0.0871557427476582));
#2485=DIRECTION('',(0.,-0.0871557427476582,-0.996194698091746));
#2486=DIRECTION('',(-1.,1.35525271560688E-16,0.));
#2487=DIRECTION('',(0.0868265938642476,-0.0868265938642476,-0.992432509138967));
#2488=DIRECTION('',(-1.,1.35525271560688E-16,0.));
#2489=DIRECTION('',(0.996194698091746,0.,0.0871557427476582));
#2490=DIRECTION('',(0.0871557427476582,0.,-0.996194698091746));
#2491=DIRECTION('',(0.,-1.,0.));
#2492=DIRECTION('',(0.0868265938642476,0.0868265938642476,-0.992432509138967));
#2493=DIRECTION('',(0.,-1.,0.));
#2494=DIRECTION('',(-1.35009556986201E-16,0.996194698091746,0.0871557427476582));
#2495=DIRECTION('',(0.,-0.0871557427476582,0.996194698091746));
#2496=DIRECTION('',(1.,1.35525271560688E-16,0.));
#2497=DIRECTION('',(1.,1.35525271560688E-16,0.));
#2498=DIRECTION('',(0.,0.,1.));
#2499=DIRECTION('',(1.,0.,0.));
#2500=DIRECTION('',(0.,0.,1.));
#2501=DIRECTION('',(1.,0.,0.));
#2502=DIRECTION('',(0.,0.,1.));
#2503=DIRECTION('',(1.,0.,0.));
#2504=DIRECTION('',(0.,0.,1.));
#2505=DIRECTION('',(1.,0.,0.));
#2506=DIRECTION('',(0.,0.,1.));
#2507=DIRECTION('',(1.,0.,0.));
#2508=DIRECTION('',(0.,0.,1.));
#2509=DIRECTION('',(0.,-1.,0.));
#2510=DIRECTION('',(0.,0.,1.));
#2511=DIRECTION('',(1.,0.,0.));
#2512=CARTESIAN_POINT('',(0.,0.,0.));
#2513=CARTESIAN_POINT('',(0.,0.,0.27));
#2514=CARTESIAN_POINT('',(-0.4,0.8,0.27));
#2515=CARTESIAN_POINT('',(-0.4,0.599999999999995,0.27));
#2516=CARTESIAN_POINT('',(-0.4,0.79,0.27));
#2517=CARTESIAN_POINT('',(0.4,0.599999999999995,0.27));
#2518=CARTESIAN_POINT('',(0.4,0.599999999999995,0.27));
#2519=CARTESIAN_POINT('',(0.400000000000001,-0.8,0.27));
#2520=CARTESIAN_POINT('',(0.4,0.79,0.27));
#2521=CARTESIAN_POINT('',(0.,0.79,0.27));
#2522=CARTESIAN_POINT('',(0.,0.79,0.));
#2523=CARTESIAN_POINT('',(0.,0.79,0.01));
#2524=CARTESIAN_POINT('',(0.4,0.79,0.00999999999999997));
#2525=CARTESIAN_POINT('',(-0.4,0.79,0.00999999999999997));
#2526=CARTESIAN_POINT('',(-0.4,0.79,0.28));
#2527=CARTESIAN_POINT('',(0.4,0.79,0.28));
#2528=CARTESIAN_POINT('',(0.375,0.5,0.01));
#2529=CARTESIAN_POINT('',(0.374999999999998,-1.35525271560687E-15,0.));
#2530=CARTESIAN_POINT('',(0.375,0.575,0.));
#2531=CARTESIAN_POINT('',(0.375,0.5,0.));
#2532=CARTESIAN_POINT('',(0.375,0.5,0.01));
#2533=CARTESIAN_POINT('',(0.375,0.5,0.01));
#2534=CARTESIAN_POINT('',(0.375,0.5,0.01));
#2535=CARTESIAN_POINT('',(0.375,0.575,0.01));
#2536=CARTESIAN_POINT('',(0.375,0.575,0.01));
#2537=CARTESIAN_POINT('',(0.375,0.575,0.01));
#2538=CARTESIAN_POINT('',(0.375,0.575,0.));
#2539=CARTESIAN_POINT('',(0.4,0.575,0.));
#2540=CARTESIAN_POINT('',(0.375,0.575,0.01));
#2541=CARTESIAN_POINT('',(0.4,0.575,0.01));
#2542=CARTESIAN_POINT('',(0.4,0.575,0.01));
#2543=CARTESIAN_POINT('',(0.,0.,0.01));
#2544=CARTESIAN_POINT('',(0.400000000000001,-0.8,0.01));
#2545=CARTESIAN_POINT('',(-0.375,0.5,0.01));
#2546=CARTESIAN_POINT('',(-0.375,0.5,0.01));
#2547=CARTESIAN_POINT('',(-0.375,0.575,0.01));
#2548=CARTESIAN_POINT('',(-0.375,0.575,0.01));
#2549=CARTESIAN_POINT('',(-0.4,0.575,0.01));
#2550=CARTESIAN_POINT('',(-0.4,0.575,0.01));
#2551=CARTESIAN_POINT('',(-0.4,0.8,0.01));
#2552=CARTESIAN_POINT('',(-0.375,0.5,0.01));
#2553=CARTESIAN_POINT('',(-7.2280144832367E-17,0.5,0.));
#2554=CARTESIAN_POINT('',(-0.375,0.5,0.));
#2555=CARTESIAN_POINT('',(-0.375,0.5,0.01));
#2556=CARTESIAN_POINT('',(-0.375,0.575,0.01));
#2557=CARTESIAN_POINT('',(-0.374999999999998,-1.35525271560687E-15,0.));
#2558=CARTESIAN_POINT('',(-0.375,0.575,0.));
#2559=CARTESIAN_POINT('',(-0.375,0.575,0.01));
#2560=CARTESIAN_POINT('',(-0.4,0.575,0.01));
#2561=CARTESIAN_POINT('',(-0.4,0.575,0.));
#2562=CARTESIAN_POINT('',(-0.4,0.575,0.));
#2563=CARTESIAN_POINT('',(-0.4,0.575,0.01));
#2564=CARTESIAN_POINT('',(0.,0.,0.27));
#2565=CARTESIAN_POINT('',(0.,-0.79,0.27));
#2566=CARTESIAN_POINT('',(-0.400000000000001,-0.79,0.27));
#2567=CARTESIAN_POINT('',(0.400000000000001,-0.79,0.27));
#2568=CARTESIAN_POINT('',(0.400000000000001,-0.8,0.27));
#2569=CARTESIAN_POINT('',(0.4,-0.599999999999995,0.27));
#2570=CARTESIAN_POINT('',(0.4,-0.599999999999995,0.27));
#2571=CARTESIAN_POINT('',(-0.400000000000001,-0.599999999999995,0.27));
#2572=CARTESIAN_POINT('',(-0.4,0.8,0.27));
#2573=CARTESIAN_POINT('',(0.,-0.79,0.));
#2574=CARTESIAN_POINT('',(-0.400000000000001,-0.79,0.28));
#2575=CARTESIAN_POINT('',(-0.400000000000001,-0.79,0.00999999999999997));
#2576=CARTESIAN_POINT('',(0.,-0.79,0.01));
#2577=CARTESIAN_POINT('',(0.400000000000001,-0.79,0.00999999999999997));
#2578=CARTESIAN_POINT('',(0.400000000000001,-0.79,0.28));
#2579=CARTESIAN_POINT('',(0.375,-0.5,0.01));
#2580=CARTESIAN_POINT('',(0.375,2.71050543121375E-16,0.));
#2581=CARTESIAN_POINT('',(0.375,-0.575,0.));
#2582=CARTESIAN_POINT('',(0.375,-0.5,0.));
#2583=CARTESIAN_POINT('',(0.375,-0.575,0.01));
#2584=CARTESIAN_POINT('',(0.375,-0.575,0.01));
#2585=CARTESIAN_POINT('',(0.375,-0.5,0.01));
#2586=CARTESIAN_POINT('',(0.375,-0.5,0.01));
#2587=CARTESIAN_POINT('',(0.375,-0.5,0.01));
#2588=CARTESIAN_POINT('',(-0.375,-0.5,0.01));
#2589=CARTESIAN_POINT('',(7.22801448323669E-17,-0.5,0.));
#2590=CARTESIAN_POINT('',(-0.375,-0.5,0.));
#2591=CARTESIAN_POINT('',(-0.375,-0.5,0.01));
#2592=CARTESIAN_POINT('',(-0.375,-0.5,0.01));
#2593=CARTESIAN_POINT('',(-0.375,-0.5,0.01));
#2594=CARTESIAN_POINT('',(0.,0.,0.01));
#2595=CARTESIAN_POINT('',(-0.4,0.8,0.01));
#2596=CARTESIAN_POINT('',(-0.400000000000001,-0.575,0.01));
#2597=CARTESIAN_POINT('',(-0.4,-0.575,0.01));
#2598=CARTESIAN_POINT('',(-0.375,-0.575,0.01));
#2599=CARTESIAN_POINT('',(-0.375,-0.575,0.01));
#2600=CARTESIAN_POINT('',(0.375,-0.575,0.01));
#2601=CARTESIAN_POINT('',(0.4,-0.575,0.01));
#2602=CARTESIAN_POINT('',(0.400000000000001,-0.8,0.01));
#2603=CARTESIAN_POINT('',(0.375,-0.575,0.01));
#2604=CARTESIAN_POINT('',(0.375,-0.575,0.));
#2605=CARTESIAN_POINT('',(0.4,-0.575,0.));
#2606=CARTESIAN_POINT('',(0.4,-0.575,0.01));
#2607=CARTESIAN_POINT('',(-0.375,-0.575,0.01));
#2608=CARTESIAN_POINT('',(-0.375,2.71050543121375E-16,0.));
#2609=CARTESIAN_POINT('',(-0.375,-0.575,0.));
#2610=CARTESIAN_POINT('',(-0.375,-0.575,0.01));
#2611=CARTESIAN_POINT('',(-0.4,-0.575,0.01));
#2612=CARTESIAN_POINT('',(-0.4,-0.575,0.));
#2613=CARTESIAN_POINT('',(-0.400000000000001,-0.575,0.));
#2614=CARTESIAN_POINT('',(-0.4,-0.575,0.01));
#2615=CARTESIAN_POINT('',(-0.3,-0.35,0.01));
#2616=CARTESIAN_POINT('',(-0.126724137931034,0.0543103448275862,0.));
#2617=CARTESIAN_POINT('',(8.13151629364128E-17,0.35,0.));
#2618=CARTESIAN_POINT('',(-0.3,-0.35,0.));
#2619=CARTESIAN_POINT('',(5.42101086242752E-17,0.35,0.01));
#2620=CARTESIAN_POINT('',(5.42101086242752E-17,0.35,0.01));
#2621=CARTESIAN_POINT('',(-0.3,-0.35,0.01));
#2622=CARTESIAN_POINT('',(-0.3,-0.35,0.01));
#2623=CARTESIAN_POINT('',(-0.3,-0.35,0.01));
#2624=CARTESIAN_POINT('',(0.3,-0.35,0.01));
#2625=CARTESIAN_POINT('',(0.,-0.35,0.));
#2626=CARTESIAN_POINT('',(0.3,-0.35,0.));
#2627=CARTESIAN_POINT('',(0.3,-0.35,0.01));
#2628=CARTESIAN_POINT('',(0.3,-0.35,0.01));
#2629=CARTESIAN_POINT('',(0.3,-0.35,0.01));
#2630=CARTESIAN_POINT('',(0.,0.,0.01));
#2631=CARTESIAN_POINT('',(1.0470963719527E-17,0.35,0.01));
#2632=CARTESIAN_POINT('',(1.0470963719527E-17,0.35,0.01));
#2633=CARTESIAN_POINT('',(0.126724137931035,0.0543103448275862,0.));
#2634=CARTESIAN_POINT('',(0.,0.,0.28));
#2635=CARTESIAN_POINT('',(0.400000000000001,-0.8,0.28));
#2636=CARTESIAN_POINT('',(0.4,-0.599999999999995,0.28));
#2637=CARTESIAN_POINT('',(0.4,0.599999999999995,0.28));
#2638=CARTESIAN_POINT('',(0.4,0.599999999999995,0.28));
#2639=CARTESIAN_POINT('',(0.0999999999999997,0.600000000000121,0.28));
#2640=CARTESIAN_POINT('',(0.0999999999999997,0.1875,0.28));
#2641=CARTESIAN_POINT('',(0.0999999999999997,0.1875,0.28));
#2642=CARTESIAN_POINT('',(-0.1,0.1875,0.28));
#2643=CARTESIAN_POINT('',(-0.1,0.1875,0.28));
#2644=CARTESIAN_POINT('',(-0.1,0.600000000000121,0.28));
#2645=CARTESIAN_POINT('',(-0.1,0.600000000000121,0.28));
#2646=CARTESIAN_POINT('',(0.4,0.599999999999995,0.28));
#2647=CARTESIAN_POINT('',(-0.17,0.599999999999772,0.28));
#2648=CARTESIAN_POINT('',(-0.17,0.529999999999631,0.28));
#2649=CARTESIAN_POINT('',(-0.17,0.529999999999631,0.28));
#2650=CARTESIAN_POINT('',(-0.4,0.529999999999631,0.28));
#2651=CARTESIAN_POINT('',(-0.4,0.529999999999631,0.28));
#2652=CARTESIAN_POINT('',(-0.4,0.8,0.28));
#2653=CARTESIAN_POINT('',(-0.400000000000001,-0.599999999999995,0.28));
#2654=CARTESIAN_POINT('',(0.4,-0.599999999999995,0.28));
#2655=CARTESIAN_POINT('',(5.14996031930615E-16,-0.6,0.28));
#2656=CARTESIAN_POINT('',(5.14996031930615E-16,-0.6,0.28));
#2657=CARTESIAN_POINT('',(5.42101086242752E-16,-0.0500000000000004,0.28));
#2658=CARTESIAN_POINT('',(0.278716193085249,-0.0500000000000004,0.28));
#2659=CARTESIAN_POINT('',(0.278716193085249,-0.0500000000000004,0.28));
#2660=CARTESIAN_POINT('',(0.278716193085249,-0.21,0.28));
#2661=CARTESIAN_POINT('',(0.278716193085249,-0.21,0.28));
#2662=CARTESIAN_POINT('',(0.200000000000001,-0.21,0.28));
#2663=CARTESIAN_POINT('',(0.200000000000001,-0.21,0.28));
#2664=CARTESIAN_POINT('',(0.200000000000001,-0.6,0.28));
#2665=CARTESIAN_POINT('',(0.200000000000001,-0.6,0.28));
#2666=CARTESIAN_POINT('',(0.4,-0.599999999999995,0.28));
#2667=CARTESIAN_POINT('',(-0.4,0.8,0.28));
#2668=CARTESIAN_POINT('',(-0.4,0.8,0.));
#2669=CARTESIAN_POINT('',(-0.4,-0.599999999999995,0.27));
#2670=CARTESIAN_POINT('',(-0.4,0.529999999999631,0.279));
#2671=CARTESIAN_POINT('',(-0.4,0.529999999999631,0.279));
#2672=CARTESIAN_POINT('',(-0.4,0.599999999999631,0.279));
#2673=CARTESIAN_POINT('',(-0.4,0.599999999999631,0.279));
#2674=CARTESIAN_POINT('',(-0.4,0.599999999999995,0.27));
#2675=CARTESIAN_POINT('',(0.400000000000001,-0.8,0.28));
#2676=CARTESIAN_POINT('',(0.4,0.599999999999995,0.27));
#2677=CARTESIAN_POINT('',(0.4,-0.599999999999995,0.27));
#2678=CARTESIAN_POINT('',(0.400000000000001,-0.8,0.));
#2679=CARTESIAN_POINT('',(0.,0.,0.));
#2680=CARTESIAN_POINT('',(-0.4,0.529999999999631,0.279));
#2681=CARTESIAN_POINT('',(-0.17,0.529999999999631,0.279));
#2682=CARTESIAN_POINT('',(-0.17,0.529999999999631,0.279));
#2683=CARTESIAN_POINT('',(-0.4,0.529999999999631,0.279));
#2684=CARTESIAN_POINT('',(-0.17,0.529999999999631,0.279));
#2685=CARTESIAN_POINT('',(-0.17,0.599999999999772,0.279));
#2686=CARTESIAN_POINT('',(-0.17,0.599999999999772,0.279));
#2687=CARTESIAN_POINT('',(-0.17,0.529999999999631,0.279));
#2688=CARTESIAN_POINT('',(0.,0.,0.279));
#2689=CARTESIAN_POINT('',(-0.17,0.599999999999772,0.279));
#2690=CARTESIAN_POINT('',(0.0999999999999997,0.600000000000121,0.281));
#2691=CARTESIAN_POINT('',(0.0999999999999997,0.600000000000121,0.281));
#2692=CARTESIAN_POINT('',(0.0999999999999997,0.600000000000121,0.281));
#2693=CARTESIAN_POINT('',(-0.1,0.600000000000121,0.281));
#2694=CARTESIAN_POINT('',(-0.1,0.600000000000121,0.281));
#2695=CARTESIAN_POINT('',(0.0999999999999997,0.600000000000121,0.281));
#2696=CARTESIAN_POINT('',(-0.1,0.600000000000121,0.281));
#2697=CARTESIAN_POINT('',(-0.1,0.1875,0.281));
#2698=CARTESIAN_POINT('',(-0.1,0.1875,0.281));
#2699=CARTESIAN_POINT('',(-0.1,0.600000000000121,0.281));
#2700=CARTESIAN_POINT('',(-0.1,0.19,0.281));
#2701=CARTESIAN_POINT('',(-0.1,0.600000000000121,0.281));
#2702=CARTESIAN_POINT('',(-0.1,0.1875,0.281));
#2703=CARTESIAN_POINT('',(0.0999999999999997,0.1875,0.281));
#2704=CARTESIAN_POINT('',(0.0999999999999997,0.1875,0.281));
#2705=CARTESIAN_POINT('',(-0.1,0.1875,0.281));
#2706=CARTESIAN_POINT('',(0.0999999999999997,0.1875,0.281));
#2707=CARTESIAN_POINT('',(0.0999999999999997,0.1875,0.281));
#2708=CARTESIAN_POINT('',(0.0999999999999997,0.19,0.281));
#2709=CARTESIAN_POINT('',(0.0999999999999997,0.1875,0.281));
#2710=CARTESIAN_POINT('',(0.,0.,0.281));
#2711=CARTESIAN_POINT('',(0.19,0.19,0.281));
#2712=CARTESIAN_POINT('',(5.14996031930615E-16,-0.6,0.281));
#2713=CARTESIAN_POINT('',(5.14996031930615E-16,-0.6,0.281));
#2714=CARTESIAN_POINT('',(5.14996031930615E-16,-0.6,0.281));
#2715=CARTESIAN_POINT('',(0.200000000000001,-0.6,0.281));
#2716=CARTESIAN_POINT('',(0.200000000000001,-0.6,0.281));
#2717=CARTESIAN_POINT('',(5.14996031930615E-16,-0.6,0.281));
#2718=CARTESIAN_POINT('',(0.200000000000001,-0.6,0.281));
#2719=CARTESIAN_POINT('',(0.200000000000001,-0.21,0.281));
#2720=CARTESIAN_POINT('',(0.200000000000001,-0.21,0.281));
#2721=CARTESIAN_POINT('',(0.200000000000001,-0.6,0.281));
#2722=CARTESIAN_POINT('',(0.200000000000001,-0.21,0.281));
#2723=CARTESIAN_POINT('',(0.278716193085249,-0.21,0.281));
#2724=CARTESIAN_POINT('',(0.278716193085249,-0.21,0.281));
#2725=CARTESIAN_POINT('',(0.200000000000001,-0.21,0.281));
#2726=CARTESIAN_POINT('',(0.278716193085249,-0.21,0.281));
#2727=CARTESIAN_POINT('',(0.278716193085249,-0.0500000000000004,0.281));
#2728=CARTESIAN_POINT('',(0.278716193085249,-0.0500000000000004,0.281));
#2729=CARTESIAN_POINT('',(0.278716193085249,-0.21,0.281));
#2730=CARTESIAN_POINT('',(0.278716193085249,-0.0500000000000004,0.281));
#2731=CARTESIAN_POINT('',(5.42101086242752E-16,-0.0500000000000004,0.281));
#2732=CARTESIAN_POINT('',(5.42101086242752E-16,-0.0500000000000004,0.281));
#2733=CARTESIAN_POINT('',(0.278716193085249,-0.0500000000000004,0.281));
#2734=CARTESIAN_POINT('',(0.19,-0.0500000000000004,0.281));
#2735=CARTESIAN_POINT('',(0.278716193085249,-0.0500000000000004,0.281));
#2736=CARTESIAN_POINT('',(5.14996031930615E-16,-0.6,0.281));
#2737=CARTESIAN_POINT('',(5.14996031930615E-16,-0.6,0.281));
#2738=CARTESIAN_POINT('',(5.3520161787239E-16,-0.19,0.281));
#2739=CARTESIAN_POINT('',(5.14996031930615E-16,-0.6,0.281));
#2740=CARTESIAN_POINT('',(0.,0.,0.281));
#2741=CARTESIAN_POINT('',(-0.19,-0.19,0.281));
#2742=CARTESIAN_POINT('',(0.19,-0.19,0.281));
#2743=CARTESIAN_POINT('',(0.19,-0.19,0.281));
#2744=CARTESIAN_POINT('',(0.,0.,0.281));
#2745=CARTESIAN_POINT('',(0.19,0.19,0.281));
#2746=CARTESIAN_POINT('',(-0.19,0.19,0.281));
#2747=CARTESIAN_POINT('',(0.19,0.19,0.281));
#2748=CARTESIAN_POINT('',(0.19,0.19,0.281));
#2749=CARTESIAN_POINT('',(0.19,-0.19,0.281));
#2750=CARTESIAN_POINT('',(-0.19,-0.19,0.281));
#2751=CARTESIAN_POINT('',(-0.19,-0.19,0.281));
#2752=CARTESIAN_POINT('',(-0.19,0.19,0.281));
#2753=CARTESIAN_POINT('',(-0.19,-0.19,0.381));
#2754=CARTESIAN_POINT('',(0.19,-0.19,0.381));
#2755=CARTESIAN_POINT('',(0.19,-0.19,0.381));
#2756=CARTESIAN_POINT('',(-0.19,-0.19,0.381));
#2757=CARTESIAN_POINT('',(-0.19,-0.19,0.381));
#2758=CARTESIAN_POINT('',(-0.19,-0.19,0.381));
#2759=CARTESIAN_POINT('',(0.19,-0.19,0.381));
#2760=CARTESIAN_POINT('',(0.19,0.19,0.381));
#2761=CARTESIAN_POINT('',(0.19,0.19,0.381));
#2762=CARTESIAN_POINT('',(0.19,-0.19,0.381));
#2763=CARTESIAN_POINT('',(0.19,0.19,0.381));
#2764=CARTESIAN_POINT('',(-0.19,0.19,0.381));
#2765=CARTESIAN_POINT('',(-0.19,0.19,0.381));
#2766=CARTESIAN_POINT('',(0.19,0.19,0.381));
#2767=CARTESIAN_POINT('',(-0.19,0.19,0.381));
#2768=CARTESIAN_POINT('',(-0.19,0.19,0.381));
#2769=CARTESIAN_POINT('',(0.,0.,0.381));
#2770=CARTESIAN_POINT('',(0.,0.,0.));
#2771=CARTESIAN_POINT('',(1.0470963719527E-17,0.35,0.01));
#2772=CARTESIAN_POINT('',(1.0470963719527E-17,0.35,0.));
#2773=CARTESIAN_POINT('',(5.42101086242752E-17,0.35,0.));
#2774=CARTESIAN_POINT('',(0.3,-0.35,0.));
#2775=CARTESIAN_POINT('',(5.42101086242752E-17,0.35,0.01));
#2776=CARTESIAN_POINT('',(5.42101086242752E-17,0.35,0.01));
#2777=CARTESIAN_POINT('',(1.0470963719527E-17,0.35,0.01));
#2778=CARTESIAN_POINT('',(0.3,-0.35,0.01));
#2779=CARTESIAN_POINT('',(0.3,-0.35,0.01));
#2780=CARTESIAN_POINT('',(0.3,-0.35,0.01));
#2781=CARTESIAN_POINT('',(0.3,-0.35,0.));
#2782=CARTESIAN_POINT('',(-0.3,-0.35,0.));
#2783=CARTESIAN_POINT('',(0.3,-0.35,0.01));
#2784=CARTESIAN_POINT('',(-0.3,-0.35,0.01));
#2785=CARTESIAN_POINT('',(-0.3,-0.35,0.01));
#2786=CARTESIAN_POINT('',(-0.3,-0.35,0.01));
#2787=CARTESIAN_POINT('',(-0.3,-0.35,0.));
#2788=CARTESIAN_POINT('',(-0.3,-0.35,0.01));
#2789=CARTESIAN_POINT('',(0.,0.,0.01));
#2790=CARTESIAN_POINT('',(0.,0.,0.));
#2791=CARTESIAN_POINT('',(0.,0.,0.01));
#2792=CARTESIAN_POINT('',(0.,-0.79,0.01));
#2793=CARTESIAN_POINT('',(0.4,-0.79,0.01));
#2794=CARTESIAN_POINT('',(-0.4,-0.79,0.01));
#2795=CARTESIAN_POINT('',(0.4,-0.575,0.01));
#2796=CARTESIAN_POINT('',(0.4,-0.575,0.01));
#2797=CARTESIAN_POINT('',(0.375,-0.575,0.01));
#2798=CARTESIAN_POINT('',(0.375,-0.575,0.01));
#2799=CARTESIAN_POINT('',(0.375,-0.5,0.01));
#2800=CARTESIAN_POINT('',(0.375,-0.5,0.01));
#2801=CARTESIAN_POINT('',(-0.375,-0.5,0.01));
#2802=CARTESIAN_POINT('',(-0.375,-0.5,0.01));
#2803=CARTESIAN_POINT('',(-0.375,-0.575,0.01));
#2804=CARTESIAN_POINT('',(-0.375,-0.575,0.01));
#2805=CARTESIAN_POINT('',(-0.4,-0.575,0.01));
#2806=CARTESIAN_POINT('',(-0.4,-0.575,0.01));
#2807=CARTESIAN_POINT('',(-0.4,-0.8,0.01));
#2808=CARTESIAN_POINT('',(0.375,-0.575,0.01));
#2809=CARTESIAN_POINT('',(0.375,-0.575,0.));
#2810=CARTESIAN_POINT('',(0.375,-0.575,0.));
#2811=CARTESIAN_POINT('',(0.4,-0.575,0.));
#2812=CARTESIAN_POINT('',(0.375,-0.575,0.01));
#2813=CARTESIAN_POINT('',(0.4,-0.575,0.01));
#2814=CARTESIAN_POINT('',(0.4,-0.575,0.01));
#2815=CARTESIAN_POINT('',(0.4,-0.79,0.));
#2816=CARTESIAN_POINT('',(0.4,-0.79,0.27));
#2817=CARTESIAN_POINT('',(0.4,-0.8,0.27));
#2818=CARTESIAN_POINT('',(0.4,-0.599999999999995,0.27));
#2819=CARTESIAN_POINT('',(0.4,-0.599999999999995,0.27));
#2820=CARTESIAN_POINT('',(0.4,-0.599999999999995,0.28));
#2821=CARTESIAN_POINT('',(0.4,-0.8,0.28));
#2822=CARTESIAN_POINT('',(0.4,-0.8,0.28));
#2823=CARTESIAN_POINT('',(0.4,-0.8,0.01));
#2824=CARTESIAN_POINT('',(0.4,-0.8,0.));
#2825=CARTESIAN_POINT('',(0.4,-0.575,0.));
#2826=CARTESIAN_POINT('',(0.4,-0.8,0.01));
#2827=CARTESIAN_POINT('',(0.4,-0.8,0.));
#2828=CARTESIAN_POINT('',(-0.4,-0.8,0.));
#2829=CARTESIAN_POINT('',(-0.4,-0.8,0.28));
#2830=CARTESIAN_POINT('',(-0.4,-0.8,0.28));
#2831=CARTESIAN_POINT('',(-0.4,-0.8,0.01));
#2832=CARTESIAN_POINT('',(-0.4,-0.8,0.01));
#2833=CARTESIAN_POINT('',(-0.4,-0.575,0.01));
#2834=CARTESIAN_POINT('',(-0.4,-0.575,0.));
#2835=CARTESIAN_POINT('',(-0.4,-0.8,0.));
#2836=CARTESIAN_POINT('',(-0.4,-0.599999999999995,0.28));
#2837=CARTESIAN_POINT('',(-0.4,-0.599999999999995,0.28));
#2838=CARTESIAN_POINT('',(-0.4,-0.599999999999995,0.27));
#2839=CARTESIAN_POINT('',(-0.4,-0.599999999999995,0.27));
#2840=CARTESIAN_POINT('',(-0.4,-0.599999999999995,0.27));
#2841=CARTESIAN_POINT('',(-0.4,-0.79,0.27));
#2842=CARTESIAN_POINT('',(-0.4,-0.79,0.28));
#2843=CARTESIAN_POINT('',(-0.4,-0.575,0.01));
#2844=CARTESIAN_POINT('',(-0.4,-0.575,0.));
#2845=CARTESIAN_POINT('',(-0.375,-0.575,0.));
#2846=CARTESIAN_POINT('',(-0.375,-0.575,0.01));
#2847=CARTESIAN_POINT('',(-0.375,-0.575,0.01));
#2848=CARTESIAN_POINT('',(-0.375,-0.575,0.));
#2849=CARTESIAN_POINT('',(-0.375,-0.5,0.));
#2850=CARTESIAN_POINT('',(-0.375,-0.5,0.01));
#2851=CARTESIAN_POINT('',(-0.375,-0.5,0.01));
#2852=CARTESIAN_POINT('',(-0.375,-0.5,0.));
#2853=CARTESIAN_POINT('',(0.375,-0.5,0.));
#2854=CARTESIAN_POINT('',(0.375,-0.5,0.01));
#2855=CARTESIAN_POINT('',(0.375,-0.5,0.01));
#2856=CARTESIAN_POINT('',(0.375,-0.5,0.));
#2857=CARTESIAN_POINT('',(0.,0.,0.));
#2858=CARTESIAN_POINT('',(0.,-0.79,0.));
#2859=CARTESIAN_POINT('',(0.,-0.79,0.27));
#2860=CARTESIAN_POINT('',(0.,0.,0.27));
#2861=CARTESIAN_POINT('',(0.4,-0.599999999999995,0.27));
#2862=CARTESIAN_POINT('',(0.4,-0.599999999999995,0.27));
#2863=CARTESIAN_POINT('',(0.4,-0.599999999999995,0.28));
#2864=CARTESIAN_POINT('',(0.,0.,0.28));
#2865=CARTESIAN_POINT('',(0.,0.,0.01));
#2866=CARTESIAN_POINT('',(0.4,0.575,0.01));
#2867=CARTESIAN_POINT('',(0.4,0.575,0.01));
#2868=CARTESIAN_POINT('',(0.4,0.79,0.01));
#2869=CARTESIAN_POINT('',(0.,0.79,0.01));
#2870=CARTESIAN_POINT('',(-0.4,0.79,0.01));
#2871=CARTESIAN_POINT('',(-0.4,0.8,0.01));
#2872=CARTESIAN_POINT('',(-0.4,0.575,0.01));
#2873=CARTESIAN_POINT('',(-0.4,0.575,0.01));
#2874=CARTESIAN_POINT('',(-0.375,0.575,0.01));
#2875=CARTESIAN_POINT('',(-0.375,0.575,0.01));
#2876=CARTESIAN_POINT('',(-0.375,0.5,0.01));
#2877=CARTESIAN_POINT('',(-0.375,0.5,0.01));
#2878=CARTESIAN_POINT('',(0.375,0.5,0.01));
#2879=CARTESIAN_POINT('',(0.375,0.5,0.01));
#2880=CARTESIAN_POINT('',(0.375,0.575,0.01));
#2881=CARTESIAN_POINT('',(0.375,0.575,0.01));
#2882=CARTESIAN_POINT('',(0.375,0.575,0.01));
#2883=CARTESIAN_POINT('',(0.375,0.575,0.));
#2884=CARTESIAN_POINT('',(0.375,0.575,0.));
#2885=CARTESIAN_POINT('',(0.4,0.575,0.));
#2886=CARTESIAN_POINT('',(0.4,0.575,0.01));
#2887=CARTESIAN_POINT('',(0.375,0.575,0.01));
#2888=CARTESIAN_POINT('',(0.4,0.575,0.01));
#2889=CARTESIAN_POINT('',(0.4,0.8,0.01));
#2890=CARTESIAN_POINT('',(0.4,0.8,0.28));
#2891=CARTESIAN_POINT('',(0.4,0.8,0.));
#2892=CARTESIAN_POINT('',(0.4,0.8,0.28));
#2893=CARTESIAN_POINT('',(0.4,0.599999999999995,0.28));
#2894=CARTESIAN_POINT('',(0.4,0.599999999999995,0.27));
#2895=CARTESIAN_POINT('',(0.4,0.599999999999995,0.27));
#2896=CARTESIAN_POINT('',(0.4,0.8,0.27));
#2897=CARTESIAN_POINT('',(0.4,0.79,0.27));
#2898=CARTESIAN_POINT('',(0.4,0.79,0.28));
#2899=CARTESIAN_POINT('',(0.4,0.575,0.));
#2900=CARTESIAN_POINT('',(0.4,0.8,0.01));
#2901=CARTESIAN_POINT('',(0.4,0.8,0.));
#2902=CARTESIAN_POINT('',(-0.4,0.8,0.));
#2903=CARTESIAN_POINT('',(-0.4,0.8,0.01));
#2904=CARTESIAN_POINT('',(-0.4,0.8,0.28));
#2905=CARTESIAN_POINT('',(-0.4,0.8,0.28));
#2906=CARTESIAN_POINT('',(-0.4,0.8,0.01));
#2907=CARTESIAN_POINT('',(-0.4,0.8,0.));
#2908=CARTESIAN_POINT('',(-0.4,0.575,0.));
#2909=CARTESIAN_POINT('',(-0.4,0.575,0.01));
#2910=CARTESIAN_POINT('',(-0.4,0.79,0.));
#2911=CARTESIAN_POINT('',(-0.4,0.79,0.27));
#2912=CARTESIAN_POINT('',(-0.4,0.599999999999995,0.27));
#2913=CARTESIAN_POINT('',(-0.4,0.599999999999995,0.27));
#2914=CARTESIAN_POINT('',(-0.4,0.599999999999995,0.27));
#2915=CARTESIAN_POINT('',(-0.4,0.599999999999995,0.28));
#2916=CARTESIAN_POINT('',(-0.4,0.599999999999995,0.28));
#2917=CARTESIAN_POINT('',(-0.4,0.575,0.01));
#2918=CARTESIAN_POINT('',(-0.4,0.575,0.));
#2919=CARTESIAN_POINT('',(-0.375,0.575,0.));
#2920=CARTESIAN_POINT('',(-0.375,0.575,0.01));
#2921=CARTESIAN_POINT('',(-0.375,0.575,0.01));
#2922=CARTESIAN_POINT('',(-0.375,0.575,0.));
#2923=CARTESIAN_POINT('',(-0.375,0.5,0.));
#2924=CARTESIAN_POINT('',(-0.375,0.5,0.01));
#2925=CARTESIAN_POINT('',(-0.375,0.5,0.01));
#2926=CARTESIAN_POINT('',(-0.375,0.5,0.));
#2927=CARTESIAN_POINT('',(0.375,0.5,0.));
#2928=CARTESIAN_POINT('',(0.375,0.5,0.01));
#2929=CARTESIAN_POINT('',(0.375,0.5,0.01));
#2930=CARTESIAN_POINT('',(0.375,0.5,0.));
#2931=CARTESIAN_POINT('',(0.,0.,0.));
#2932=CARTESIAN_POINT('',(0.,0.79,0.));
#2933=CARTESIAN_POINT('',(0.,0.79,0.27));
#2934=CARTESIAN_POINT('',(0.,0.,0.27));
#2935=CARTESIAN_POINT('',(0.4,0.599999999999995,0.27));
#2936=CARTESIAN_POINT('',(0.4,0.599999999999995,0.27));
#2937=CARTESIAN_POINT('',(0.4,0.599999999999995,0.28));
#2938=CARTESIAN_POINT('',(0.,0.,0.28));
#2939=CARTESIAN_POINT('',(0.,-1.62630325872826E-15,8.40256683676266E-16));
#2940=CARTESIAN_POINT('',(-0.4,0.,0.28));
#2941=CARTESIAN_POINT('',(-0.4,0.,0.28));
#2942=CARTESIAN_POINT('',(-0.4,0.6,0.28));
#2943=CARTESIAN_POINT('',(-0.4,-0.6,0.28));
#2944=CARTESIAN_POINT('',(-0.396984457039173,-0.596984457039173,0.314467813763474));
#2945=CARTESIAN_POINT('',(-0.378127834118519,-0.578127834118519,0.53));
#2946=CARTESIAN_POINT('',(-0.378127834118519,0.,0.53));
#2947=CARTESIAN_POINT('',(-0.378127834118519,0.578127834118519,0.53));
#2948=CARTESIAN_POINT('',(-0.39547668555876,0.59547668555876,0.331701720645211));
#2949=CARTESIAN_POINT('',(-8.13151629364128E-17,-0.6,0.28));
#2950=CARTESIAN_POINT('',(-8.13151629364128E-17,-0.6,0.28));
#2951=CARTESIAN_POINT('',(0.4,-0.6,0.28));
#2952=CARTESIAN_POINT('',(0.39547668555876,-0.59547668555876,0.331701720645211));
#2953=CARTESIAN_POINT('',(0.378127834118519,-0.578127834118519,0.53));
#2954=CARTESIAN_POINT('',(-7.83509317157047E-17,-0.578127834118519,0.53));
#2955=CARTESIAN_POINT('',(0.4,0.,0.28));
#2956=CARTESIAN_POINT('',(0.4,0.,0.28));
#2957=CARTESIAN_POINT('',(0.4,0.6,0.28));
#2958=CARTESIAN_POINT('',(0.396984457039173,0.596984457039173,0.314467813763474));
#2959=CARTESIAN_POINT('',(0.378127834118519,0.578127834118519,0.53));
#2960=CARTESIAN_POINT('',(0.378127834118519,0.,0.53));
#2961=CARTESIAN_POINT('',(-8.13151629364128E-17,0.6,0.28));
#2962=CARTESIAN_POINT('',(-8.13151629364128E-17,0.6,0.28));
#2963=CARTESIAN_POINT('',(-7.83509317157047E-17,0.578127834118519,0.53));
#2964=CARTESIAN_POINT('',(0.,0.,0.53));
#2965=CARTESIAN_POINT('',(0.,0.,0.53));
#2966=CARTESIAN_POINT('',(0.35,0.,0.53));
#2967=CARTESIAN_POINT('',(0.,0.,0.28));
#2968=CARTESIAN_POINT('',(0.,0.,0.3));
#2969=CARTESIAN_POINT('',(0.,0.,0.6));
#2970=CARTESIAN_POINT('',(0.35,0.,0.6));
#2971=CARTESIAN_POINT('',(0.,0.,0.6));
#2972=CARTESIAN_POINT('',(0.,3.46944695195361E-15,0.));
#2973=MECHANICAL_DESIGN_GEOMETRIC_PRESENTATION_REPRESENTATION('',(#1564,
#1565,#1566,#1567,#1568,#1569,#1570,#1571,#1572,#1573,#1574,#1575,#1576,
#1577,#1578,#1579,#1580,#1581,#1582,#1583,#1584,#1585,#1586,#1587,#1588,
#1589,#1590,#1591,#1592,#1593,#1594,#1595,#1596,#1597,#1598,#1599,#1600,
#1601,#1602,#1603,#1604,#1605,#1606,#1607,#1608,#1609,#1610,#1611,#1612),
#2974);
#2974=(
GEOMETRIC_REPRESENTATION_CONTEXT(3)
GLOBAL_UNCERTAINTY_ASSIGNED_CONTEXT((#2978))
GLOBAL_UNIT_ASSIGNED_CONTEXT((#2984,#2983,#2982))
REPRESENTATION_CONTEXT('150060xx83000','TOP_LEVEL_ASSEMBLY_PART')
);
#2975=(
GEOMETRIC_REPRESENTATION_CONTEXT(3)
GLOBAL_UNCERTAINTY_ASSIGNED_CONTEXT((#2979))
GLOBAL_UNIT_ASSIGNED_CONTEXT((#2984,#2983,#2982))
REPRESENTATION_CONTEXT('PCB','COMPONENT_PART')
);
#2976=(
GEOMETRIC_REPRESENTATION_CONTEXT(3)
GLOBAL_UNCERTAINTY_ASSIGNED_CONTEXT((#2980))
GLOBAL_UNIT_ASSIGNED_CONTEXT((#2984,#2983,#2982))
REPRESENTATION_CONTEXT('Pins','COMPONENT_PART')
);
#2977=(
GEOMETRIC_REPRESENTATION_CONTEXT(3)
GLOBAL_UNCERTAINTY_ASSIGNED_CONTEXT((#2981))
GLOBAL_UNIT_ASSIGNED_CONTEXT((#2984,#2983,#2982))
REPRESENTATION_CONTEXT('Resin','COMPONENT_PART')
);
#2978=UNCERTAINTY_MEASURE_WITH_UNIT(LENGTH_MEASURE(0.005),#2984,
'DISTANCE_ACCURACY_VALUE','Maximum Tolerance applied to model');
#2979=UNCERTAINTY_MEASURE_WITH_UNIT(LENGTH_MEASURE(0.005),#2984,
'DISTANCE_ACCURACY_VALUE','Maximum Tolerance applied to model');
#2980=UNCERTAINTY_MEASURE_WITH_UNIT(LENGTH_MEASURE(0.005),#2984,
'DISTANCE_ACCURACY_VALUE','Maximum Tolerance applied to model');
#2981=UNCERTAINTY_MEASURE_WITH_UNIT(LENGTH_MEASURE(0.005),#2984,
'DISTANCE_ACCURACY_VALUE','Maximum Tolerance applied to model');
#2982=(
NAMED_UNIT(*)
SI_UNIT($,.STERADIAN.)
SOLID_ANGLE_UNIT()
);
#2983=(
NAMED_UNIT(*)
PLANE_ANGLE_UNIT()
SI_UNIT($,.RADIAN.)
);
#2984=(
LENGTH_UNIT()
NAMED_UNIT(*)
SI_UNIT(.MILLI.,.METRE.)
);
#2985=PRODUCT_DEFINITION_SHAPE('','',#2992);
#2986=PRODUCT_DEFINITION_SHAPE('','',#2993);
#2987=PRODUCT_DEFINITION_SHAPE(' ','NAUO PRDDFN',#28);
#2988=PRODUCT_DEFINITION_SHAPE('','',#2994);
#2989=PRODUCT_DEFINITION_SHAPE(' ','NAUO PRDDFN',#29);
#2990=PRODUCT_DEFINITION_SHAPE('','',#2995);
#2991=PRODUCT_DEFINITION_SHAPE(' ','NAUO PRDDFN',#30);
#2992=PRODUCT_DEFINITION('','',#3000,#2996);
#2993=PRODUCT_DEFINITION('','',#3001,#2997);
#2994=PRODUCT_DEFINITION('','',#3002,#2998);
#2995=PRODUCT_DEFINITION('','',#3003,#2999);
#2996=PRODUCT_DEFINITION_CONTEXT('',#3021,'design');
#2997=PRODUCT_DEFINITION_CONTEXT('',#3021,'design');
#2998=PRODUCT_DEFINITION_CONTEXT('',#3021,'design');
#2999=PRODUCT_DEFINITION_CONTEXT('',#3021,'design');
#3000=PRODUCT_DEFINITION_FORMATION_WITH_SPECIFIED_SOURCE('','',#3008,
 .NOT_KNOWN.);
#3001=PRODUCT_DEFINITION_FORMATION_WITH_SPECIFIED_SOURCE('','',#3009,
 .NOT_KNOWN.);
#3002=PRODUCT_DEFINITION_FORMATION_WITH_SPECIFIED_SOURCE('','',#3010,
 .NOT_KNOWN.);
#3003=PRODUCT_DEFINITION_FORMATION_WITH_SPECIFIED_SOURCE('','',#3011,
 .NOT_KNOWN.);
#3004=PRODUCT_RELATED_PRODUCT_CATEGORY('','',(#3008));
#3005=PRODUCT_RELATED_PRODUCT_CATEGORY('','',(#3009));
#3006=PRODUCT_RELATED_PRODUCT_CATEGORY('','',(#3010));
#3007=PRODUCT_RELATED_PRODUCT_CATEGORY('','',(#3011));
#3008=PRODUCT('150060xx83000','150060xx83000','150060xx83000',(#3016));
#3009=PRODUCT('PCB','PCB','PCB',(#3017));
#3010=PRODUCT('Pins','Pins','Pins',(#3018));
#3011=PRODUCT('Resin','Resin','Resin',(#3019));
#3012=PRODUCT_CATEGORY('','');
#3013=PRODUCT_CATEGORY('','');
#3014=PRODUCT_CATEGORY('','');
#3015=PRODUCT_CATEGORY('','');
#3016=PRODUCT_CONTEXT('',#3021,'mechanical');
#3017=PRODUCT_CONTEXT('',#3021,'mechanical');
#3018=PRODUCT_CONTEXT('',#3021,'mechanical');
#3019=PRODUCT_CONTEXT('',#3021,'mechanical');
#3020=APPLICATION_PROTOCOL_DEFINITION('international standard',
'automotive_design',2010,#3021);
#3021=APPLICATION_CONTEXT(
'core data for automotive mechanical design processes');
ENDSEC;
END-ISO-10303-21;
