ISO-10303-21;
HEADER;
FILE_DESCRIPTION (( 'STEP AP214' ),
    '1' );
FILE_NAME ('CUI_DEVICES_TS02-66-70-BK-260-SCR-D.step',
    '2021-12-18T19:16:27',
    ( '' ),
    ( '' ),
    'SwSTEP 2.0',
    'SolidWorks 2021',
    '' );
FILE_SCHEMA (( 'AUTOMOTIVE_DESIGN' ));
ENDSEC;

DATA;
#1 = EDGE_LOOP ( 'NONE', ( #575, #1949, #2506, #1777 ) ) ;
#2 = ORIENTED_EDGE ( 'NONE', *, *, #3326, .F. ) ;
#3 = FACE_OUTER_BOUND ( 'NONE', #1025, .T. ) ;
#4 = ORIENTED_EDGE ( 'NONE', *, *, #2310, .T. ) ;
#5 = CARTESIAN_POINT ( 'NONE',  ( 0.08858267716535432601, 0.1496062992125984370, 0.08858267716535432601 ) ) ;
#6 = FACE_OUTER_BOUND ( 'NONE', #2945, .T. ) ;
#7 = SHAPE_DEFINITION_REPRESENTATION ( #687, #2880 ) ;
#8 = CARTESIAN_POINT ( 'NONE',  ( -0.1409035942525671270, -0.02797954660348830891, -0.1023622047244094474 ) ) ;
#9 = EDGE_CURVE ( 'NONE', #245, #2258, #1568, .T. ) ;
#10 = ORIENTED_EDGE ( 'NONE', *, *, #1636, .T. ) ;
#11 = DIRECTION ( 'NONE',  ( 0.0000000000000000000, 0.0000000000000000000, -1.000000000000000000 ) ) ;
#12 = CARTESIAN_POINT ( 'NONE',  ( 0.1259842519685039353, 0.02755905511811023584, 0.1023622047244094474 ) ) ;
#13 = CARTESIAN_POINT ( 'NONE',  ( 0.1259842519685039353, 0.001910576577067480157, -0.07480314960629921850 ) ) ;
#14 = EDGE_CURVE ( 'NONE', #2774, #589, #2849, .T. ) ;
#15 = DIMENSIONAL_EXPONENTS ( 1.000000000000000000, 0.0000000000000000000, 0.0000000000000000000, 0.0000000000000000000, 0.0000000000000000000, 0.0000000000000000000, 0.0000000000000000000 ) ;
#16 = LINE ( 'NONE', #516, #383 ) ;
#17 = CARTESIAN_POINT ( 'NONE',  ( -0.1417324530478622224, -0.03149606299212598381, 0.07480314960629921850 ) ) ;
#18 = EDGE_CURVE ( 'NONE', #1031, #40, #639, .T. ) ;
#19 = VERTEX_POINT ( 'NONE', #3118 ) ;
#20 = ORIENTED_EDGE ( 'NONE', *, *, #678, .T. ) ;
#21 = CARTESIAN_POINT ( 'NONE',  ( 0.1181102362204724532, 0.1377952755905511861, -0.1122047244094488277 ) ) ;
#22 = ORIENTED_EDGE ( 'NONE', *, *, #3026, .F. ) ;
#23 = DIRECTION ( 'NONE',  ( 0.4583032446580520558, -0.8887958910435519444, 0.0000000000000000000 ) ) ;
#24 = SURFACE_SIDE_STYLE ('',( #2725 ) ) ;
#25 = VECTOR ( 'NONE', #659, 39.37007874015748143 ) ;
#26 = CLOSED_SHELL ( 'NONE', ( #1018, #2374, #582, #1482, #395, #1841, #2071, #1376, #2578, #1321, #811, #1339, #2892, #3332, #873, #1501, #2331, #2986, #29, #3426 ) ) ;
#27 = ORIENTED_EDGE ( 'NONE', *, *, #2781, .T. ) ;
#28 = CIRCLE ( 'NONE', #2477, 0.007874015748031499423 ) ;
#29 = ADVANCED_FACE ( 'NONE', ( #1765 ), #406, .T. ) ;
#30 = CIRCLE ( 'NONE', #2257, 0.007874015748031499423 ) ;
#31 = LINE ( 'NONE', #1697, #2417 ) ;
#32 = CARTESIAN_POINT ( 'NONE',  ( 0.1338584372998307126, -0.03149606299212598381, 0.1023622047244094474 ) ) ;
#33 = LINE ( 'NONE', #2759, #837 ) ;
#34 = AXIS2_PLACEMENT_3D ( 'NONE', #2144, #2372, #3521 ) ;
#35 = AXIS2_PLACEMENT_3D ( 'NONE', #3303, #2170, #860 ) ;
#36 = ADVANCED_FACE ( 'NONE', ( #911 ), #1192, .T. ) ;
#37 = FACE_OUTER_BOUND ( 'NONE', #1118, .T. ) ;
#38 = CIRCLE ( 'NONE', #3066, 0.007874015748031499423 ) ;
#39 = DIRECTION ( 'NONE',  ( 0.0000000000000000000, 0.0000000000000000000, 1.000000000000000000 ) ) ;
#40 = VERTEX_POINT ( 'NONE', #3098 ) ;
#41 = EDGE_CURVE ( 'NONE', #2394, #856, #654, .T. ) ;
#42 = ORIENTED_EDGE ( 'NONE', *, *, #1894, .T. ) ;
#43 = DIRECTION ( 'NONE',  ( 0.0000000000000000000, 0.0000000000000000000, 1.000000000000000000 ) ) ;
#44 = VECTOR ( 'NONE', #2942, 39.37007874015748143 ) ;
#45 = ORIENTED_EDGE ( 'NONE', *, *, #2626, .T. ) ;
#46 = SURFACE_STYLE_USAGE ( .BOTH. , #1193 ) ;
#47 = CARTESIAN_POINT ( 'NONE',  ( -0.08858267716535432601, 0.1181102362204724532, 0.08858267716535432601 ) ) ;
#48 = LENGTH_MEASURE_WITH_UNIT ( LENGTH_MEASURE( 0.02539999999999999897 ), #3314 );
#49 = ORIENTED_EDGE ( 'NONE', *, *, #1738, .T. ) ;
#50 = DIRECTION ( 'NONE',  ( -0.8887958910435519444, 0.4583032446580520558, 0.0000000000000000000 ) ) ;
#51 = LINE ( 'NONE', #605, #1303 ) ;
#52 = CARTESIAN_POINT ( 'NONE',  ( 0.1409035942525671270, -0.02797954660348830891, 0.1023622047244094474 ) ) ;
#53 = DIRECTION ( 'NONE',  ( 0.0000000000000000000, 0.0000000000000000000, 1.000000000000000000 ) ) ;
#54 = DIRECTION ( 'NONE',  ( -1.000000000000000000, 0.0000000000000000000, 0.0000000000000000000 ) ) ;
#55 = LINE ( 'NONE', #613, #317 ) ;
#56 = ADVANCED_FACE ( 'NONE', ( #682 ), #81, .F. ) ;
#57 = ORIENTED_EDGE ( 'NONE', *, *, #1867, .T. ) ;
#58 = VERTEX_POINT ( 'NONE', #2268 ) ;
#59 = FACE_BOUND ( 'NONE', #832, .T. ) ;
#60 = EDGE_CURVE ( 'NONE', #1259, #1174, #1432, .T. ) ;
#61 = ORIENTED_EDGE ( 'NONE', *, *, #1365, .F. ) ;
#62 = ORIENTED_EDGE ( 'NONE', *, *, #2920, .F. ) ;
#63 = CARTESIAN_POINT ( 'NONE',  ( 0.0000000000000000000, 0.1299212598425196763, 0.0000000000000000000 ) ) ;
#64 = APPLICATION_PROTOCOL_DEFINITION ( 'draft international standard', 'automotive_design', 1998, #810 ) ;
#65 = CYLINDRICAL_SURFACE ( 'NONE', #672, 0.007874015748031499423 ) ;
#66 = ORIENTED_EDGE ( 'NONE', *, *, #3399, .F. ) ;
#67 = LINE ( 'NONE', #1157, #3277 ) ;
#68 = DIRECTION ( 'NONE',  ( 1.000000000000000000, 0.0000000000000000000, -1.445602896647339903E-16 ) ) ;
#69 = DIRECTION ( 'NONE',  ( -0.4583032446580520558, -0.8887958910435519444, 0.0000000000000000000 ) ) ;
#70 = DIRECTION ( 'NONE',  ( 0.0000000000000000000, -1.000000000000000000, 0.0000000000000000000 ) ) ;
#71 = DIRECTION ( 'NONE',  ( 0.0000000000000000000, 1.000000000000000000, 0.0000000000000000000 ) ) ;
#72 = CARTESIAN_POINT ( 'NONE',  ( 0.1338584372998307126, -0.03149606299212598381, -0.07480314960629921850 ) ) ;
#73 = EDGE_LOOP ( 'NONE', ( #236, #455, #705, #2012 ) ) ;
#74 = ADVANCED_FACE ( 'NONE', ( #1484 ), #131, .F. ) ;
#75 = EDGE_LOOP ( 'NONE', ( #707, #1140, #3070, #2741 ) ) ;
#76 = CARTESIAN_POINT ( 'NONE',  ( -0.1181102362204724532, 0.1377952755905511861, 0.1181102362204724532 ) ) ;
#77 = VERTEX_POINT ( 'NONE', #117 ) ;
#78 = EDGE_CURVE ( 'NONE', #2857, #405, #2813, .T. ) ;
#79 = ORIENTED_EDGE ( 'NONE', *, *, #2037, .F. ) ;
#80 = EDGE_LOOP ( 'NONE', ( #372, #440 ) ) ;
#81 = PLANE ( 'NONE',  #2995 ) ;
#82 = DIRECTION ( 'NONE',  ( 0.0000000000000000000, -1.000000000000000000, 0.0000000000000000000 ) ) ;
#83 = CARTESIAN_POINT ( 'NONE',  ( 0.1255464405159194829, -0.06479646946715768296, -0.1023622047244094474 ) ) ;
#84 = DIRECTION ( 'NONE',  ( 1.000000000000000000, 0.0000000000000000000, 0.0000000000000000000 ) ) ;
#85 = ORIENTED_EDGE ( 'NONE', *, *, #2583, .T. ) ;
#86 = VECTOR ( 'NONE', #1248, 39.37007874015748143 ) ;
#87 = AXIS2_PLACEMENT_3D ( 'NONE', #2134, #3031, #3510 ) ;
#88 = LINE ( 'NONE', #2511, #2594 ) ;
#89 = CARTESIAN_POINT ( 'NONE',  ( 0.1417324530478622224, -0.03149606299212598381, -0.1023622047244094474 ) ) ;
#90 = VECTOR ( 'NONE', #1887, 39.37007874015748854 ) ;
#91 = AXIS2_PLACEMENT_3D ( 'NONE', #3428, #3409, #3199 ) ;
#92 = EDGE_LOOP ( 'NONE', ( #734, #42, #1654, #2016, #952, #2119, #3064, #1348, #3384, #1632, #574 ) ) ;
#93 = AXIS2_PLACEMENT_3D ( 'NONE', #1753, #399, #917 ) ;
#94 = DIRECTION ( 'NONE',  ( -0.8887958910435519444, 0.4583032446580520558, 0.0000000000000000000 ) ) ;
#95 = VECTOR ( 'NONE', #2154, 39.37007874015748143 ) ;
#96 = PRODUCT_DEFINITION ( 'UNKNOWN', '', #3418, #2905 ) ;
#97 = CIRCLE ( 'NONE', #2603, 0.02362204724409448092 ) ;
#98 = ORIENTED_EDGE ( 'NONE', *, *, #3506, .F. ) ;
#99 = CARTESIAN_POINT ( 'NONE',  ( 0.1189390950157675347, -0.001605939811570186943, 0.1023622047244094474 ) ) ;
#100 = CIRCLE ( 'NONE', #558, 0.005905511811023620231 ) ;
#101 = ADVANCED_FACE ( 'NONE', ( #642 ), #1512, .T. ) ;
#102 = ORIENTED_EDGE ( 'NONE', *, *, #2915, .F. ) ;
#103 = DIRECTION ( 'NONE',  ( 0.0000000000000000000, 1.000000000000000000, 0.0000000000000000000 ) ) ;
#104 = LINE ( 'NONE', #3376, #1172 ) ;
#105 = CARTESIAN_POINT ( 'NONE',  ( -0.1189390950157675347, -0.001605939811570186943, 0.1023622047244094474 ) ) ;
#106 = CARTESIAN_POINT ( 'NONE',  ( -0.08858267716535432601, 0.1496062992125984370, 0.08858267716535432601 ) ) ;
#107 = EDGE_CURVE ( 'NONE', #2991, #2247, #1178, .T. ) ;
#108 = EDGE_LOOP ( 'NONE', ( #1169, #271, #538, #1008 ) ) ;
#109 = LINE ( 'NONE', #2024, #1849 ) ;
#110 = DIRECTION ( 'NONE',  ( -0.8947349329975287091, -0.4465975813569839081, 0.0000000000000000000 ) ) ;
#111 = DIRECTION ( 'NONE',  ( -0.4153637994577553672, 0.8055226371389487827, 0.4226182617407003850 ) ) ;
#112 = ORIENTED_EDGE ( 'NONE', *, *, #899, .F. ) ;
#113 = DIRECTION ( 'NONE',  ( 0.0000000000000000000, -1.000000000000000000, 0.0000000000000000000 ) ) ;
#114 = ORIENTED_EDGE ( 'NONE', *, *, #272, .F. ) ;
#115 = ORIENTED_EDGE ( 'NONE', *, *, #2733, .T. ) ;
#116 = PRESENTATION_STYLE_ASSIGNMENT (( #46 ) ) ;
#117 = CARTESIAN_POINT ( 'NONE',  ( -0.1181102362204724532, 0.03543307086614173179, -0.07480314960629921850 ) ) ;
#118 = DIRECTION ( 'NONE',  ( -0.4583032446580521113, -0.8887958910435520554, 0.0000000000000000000 ) ) ;
#119 = DIRECTION ( 'NONE',  ( 0.0000000000000000000, 0.0000000000000000000, 1.000000000000000000 ) ) ;
#120 = FACE_OUTER_BOUND ( 'NONE', #1385, .T. ) ;
#121 = ADVANCED_FACE ( 'NONE', ( #658 ), #1987, .T. ) ;
#122 = ORIENTED_EDGE ( 'NONE', *, *, #3158, .T. ) ;
#123 = DIRECTION ( 'NONE',  ( 0.0000000000000000000, -1.000000000000000000, 0.0000000000000000000 ) ) ;
#124 = DIRECTION ( 'NONE',  ( 0.0000000000000000000, 0.0000000000000000000, 1.000000000000000000 ) ) ;
#125 = CARTESIAN_POINT ( 'NONE',  ( -0.08858267716535432601, 0.1377952755905511861, -0.06496062992125983815 ) ) ;
#126 = EDGE_CURVE ( 'NONE', #3529, #2394, #3071, .T. ) ;
#127 = ORIENTED_EDGE ( 'NONE', *, *, #2312, .F. ) ;
#128 = ORIENTED_EDGE ( 'NONE', *, *, #2002, .F. ) ;
#129 = VERTEX_POINT ( 'NONE', #2837 ) ;
#130 = DIRECTION ( 'NONE',  ( 1.000000000000000000, 0.0000000000000000000, 0.0000000000000000000 ) ) ;
#131 = PLANE ( 'NONE',  #2644 ) ;
#132 = DIRECTION ( 'NONE',  ( 0.8947349329975287091, -0.4465975813569839081, 0.0000000000000000000 ) ) ;
#133 = CARTESIAN_POINT ( 'NONE',  ( -0.1409035942525671270, -0.02797954660348830891, 0.07480314960629921850 ) ) ;
#134 = CARTESIAN_POINT ( 'NONE',  ( 0.1282216153882259901, -0.04242765514639196961, 0.07480314960629921850 ) ) ;
#135 = ORIENTED_EDGE ( 'NONE', *, *, #755, .T. ) ;
#136 = EDGE_CURVE ( 'NONE', #563, #944, #3049, .T. ) ;
#137 = AXIS2_PLACEMENT_3D ( 'NONE', #224, #2456, #2441 ) ;
#138 = AXIS2_PLACEMENT_3D ( 'NONE', #369, #1461, #2538 ) ;
#139 = DIRECTION ( 'NONE',  ( 0.0000000000000000000, 0.0000000000000000000, 1.000000000000000000 ) ) ;
#140 = LINE ( 'NONE', #1787, #906 ) ;
#141 = DIRECTION ( 'NONE',  ( 1.000000000000000000, 0.0000000000000000000, 0.0000000000000000000 ) ) ;
#142 = VECTOR ( 'NONE', #1046, 39.37007874015748143 ) ;
#143 = ORIENTED_EDGE ( 'NONE', *, *, #3181, .T. ) ;
#144 = EDGE_CURVE ( 'NONE', #1581, #1132, #2799, .T. ) ;
#145 = VECTOR ( 'NONE', #239, 39.37007874015748143 ) ;
#146 = VECTOR ( 'NONE', #1206, 39.37007874015748143 ) ;
#147 = AXIS2_PLACEMENT_3D ( 'NONE', #2271, #662, #1771 ) ;
#148 = EDGE_CURVE ( 'NONE', #1096, #2790, #1282, .T. ) ;
#149 = CIRCLE ( 'NONE', #2414, 0.02362204724409448092 ) ;
#150 = ORIENTED_EDGE ( 'NONE', *, *, #1064, .T. ) ;
#151 = ORIENTED_EDGE ( 'NONE', *, *, #2563, .T. ) ;
#152 = PLANE ( 'NONE',  #2705 ) ;
#153 = VECTOR ( 'NONE', #2670, 39.37007874015748143 ) ;
#154 = DIRECTION ( 'NONE',  ( 0.0000000000000000000, 0.0000000000000000000, -1.000000000000000000 ) ) ;
#155 = DIRECTION ( 'NONE',  ( -0.8887958910435519444, -0.4583032446580520558, 0.0000000000000000000 ) ) ;
#156 = PLANE ( 'NONE',  #958 ) ;
#157 = AXIS2_PLACEMENT_3D ( 'NONE', #2229, #2724, #870 ) ;
#158 = ORIENTED_EDGE ( 'NONE', *, *, #2692, .T. ) ;
#159 = CARTESIAN_POINT ( 'NONE',  ( 0.1409035942525671270, -0.02797954660348830891, -0.1023622047244094474 ) ) ;
#160 = CYLINDRICAL_SURFACE ( 'NONE', #1127, 0.007874015748031499423 ) ;
#161 = CARTESIAN_POINT ( 'NONE',  ( 0.08858267716535432601, 0.1496062992125984370, -0.1122047244094488139 ) ) ;
#162 = ORIENTED_EDGE ( 'NONE', *, *, #1784, .F. ) ;
#163 = EDGE_CURVE ( 'NONE', #2240, #2378, #1195, .T. ) ;
#164 = ORIENTED_EDGE ( 'NONE', *, *, #136, .T. ) ;
#165 = DIRECTION ( 'NONE',  ( 0.0000000000000000000, 1.000000000000000000, 0.0000000000000000000 ) ) ;
#166 = EDGE_CURVE ( 'NONE', #1031, #245, #67, .T. ) ;
#167 = FACE_OUTER_BOUND ( 'NONE', #741, .T. ) ;
#168 = CARTESIAN_POINT ( 'NONE',  ( -0.08858267716535432601, 0.1299212598425196763, 0.08858267716535432601 ) ) ;
#169 = CARTESIAN_POINT ( 'NONE',  ( 0.0000000000000000000, 0.1299212598425196763, 0.06889763779527559306 ) ) ;
#170 = LINE ( 'NONE', #2924, #3288 ) ;
#171 = ORIENTED_EDGE ( 'NONE', *, *, #2537, .T. ) ;
#172 = CARTESIAN_POINT ( 'NONE',  ( 0.1338584372998307126, -0.03149606299212598381, 0.07480314960629921850 ) ) ;
#173 = CARTESIAN_POINT ( 'NONE',  ( 0.1181102362204724532, 0.02755905511811023584, 0.07480314960629921850 ) ) ;
#174 = CARTESIAN_POINT ( 'NONE',  ( -0.1083935435132570846, -0.03220340707415822457, 0.1023622047244094474 ) ) ;
#175 = ORIENTED_EDGE ( 'NONE', *, *, #2097, .F. ) ;
#176 = ORIENTED_EDGE ( 'NONE', *, *, #2347, .F. ) ;
#177 = ORIENTED_EDGE ( 'NONE', *, *, #471, .T. ) ;
#178 = CARTESIAN_POINT ( 'NONE',  ( 0.08858267716535432601, 0.1299212598425196763, -0.06496062992125983815 ) ) ;
#179 = EDGE_LOOP ( 'NONE', ( #1475, #2332 ) ) ;
#180 = CARTESIAN_POINT ( 'NONE',  ( 0.1338584372998307126, -0.03149606299212598381, -0.1023622047244094474 ) ) ;
#181 = EDGE_CURVE ( 'NONE', #1650, #3278, #2248, .T. ) ;
#182 = CARTESIAN_POINT ( 'NONE',  ( 0.1185480476730569055, -0.06118778250134625923, 0.1023622047244094474 ) ) ;
#183 = CARTESIAN_POINT ( 'NONE',  ( -0.08858267716535432601, 0.1377952755905511861, -0.06496062992125983815 ) ) ;
#184 = DIRECTION ( 'NONE',  ( 0.0000000000000000000, 0.0000000000000000000, 1.000000000000000000 ) ) ;
#185 = ORIENTED_EDGE ( 'NONE', *, *, #823, .T. ) ;
#186 = ADVANCED_FACE ( 'NONE', ( #1448 ), #2003, .T. ) ;
#187 = LINE ( 'NONE', #2370, #715 ) ;
#188 = FACE_OUTER_BOUND ( 'NONE', #2209, .T. ) ;
#189 = LINE ( 'NONE', #174, #898 ) ;
#190 = EDGE_LOOP ( 'NONE', ( #1598, #3527, #1561, #2345 ) ) ;
#191 = AXIS2_PLACEMENT_3D ( 'NONE', #628, #2524, #1751 ) ;
#192 = VERTEX_POINT ( 'NONE', #3375 ) ;
#193 = AXIS2_PLACEMENT_3D ( 'NONE', #1788, #3144, #141 ) ;
#194 = PRESENTATION_LAYER_ASSIGNMENT (  '', '', ( #951 ) ) ;
#195 = VERTEX_POINT ( 'NONE', #2019 ) ;
#196 = ORIENTED_EDGE ( 'NONE', *, *, #3183, .F. ) ;
#197 = LINE ( 'NONE', #1221, #721 ) ;
#198 = VECTOR ( 'NONE', #2443, 39.37007874015748143 ) ;
#199 = VECTOR ( 'NONE', #990, 39.37007874015748143 ) ;
#200 = SURFACE_STYLE_FILL_AREA ( #746 ) ;
#201 = CARTESIAN_POINT ( 'NONE',  ( 0.1181102362204724532, 0.003937007874015747977, 0.04921259842519685318 ) ) ;
#202 = CYLINDRICAL_SURFACE ( 'NONE', #2898, 0.007874015748031499423 ) ;
#203 = CARTESIAN_POINT ( 'NONE',  ( 0.08858267716535432601, 0.1377952755905511861, -0.08858267716535432601 ) ) ;
#204 = ADVANCED_FACE ( 'NONE', ( #2852 ), #396, .T. ) ;
#205 = AXIS2_PLACEMENT_3D ( 'NONE', #173, #2580, #667 ) ;
#206 = ORIENTED_EDGE ( 'NONE', *, *, #2437, .T. ) ;
#207 = PLANE ( 'NONE',  #438 ) ;
#208 = FACE_OUTER_BOUND ( 'NONE', #1956, .T. ) ;
#209 = AXIS2_PLACEMENT_3D ( 'NONE', #3130, #1542, #2025 ) ;
#210 = DIRECTION ( 'NONE',  ( 0.0000000000000000000, 1.000000000000000000, 0.0000000000000000000 ) ) ;
#211 = EDGE_CURVE ( 'NONE', #3373, #1827, #709, .T. ) ;
#212 =( GEOMETRIC_REPRESENTATION_CONTEXT ( 3 ) GLOBAL_UNCERTAINTY_ASSIGNED_CONTEXT ( ( #2057 ) ) GLOBAL_UNIT_ASSIGNED_CONTEXT ( ( #1943, #2214, #3313 ) ) REPRESENTATION_CONTEXT ( 'NONE', 'WORKASPACE' ) );
#213 = ORIENTED_EDGE ( 'NONE', *, *, #2563, .F. ) ;
#214 = ORIENTED_EDGE ( 'NONE', *, *, #942, .T. ) ;
#215 = ORIENTED_EDGE ( 'NONE', *, *, #2659, .T. ) ;
#216 = FACE_OUTER_BOUND ( 'NONE', #2068, .T. ) ;
#217 = CARTESIAN_POINT ( 'NONE',  ( 0.1189390950157675347, -0.001605939811570186943, 0.07480314960629921850 ) ) ;
#218 = CARTESIAN_POINT ( 'NONE',  ( 0.1259842519685039353, 0.001910576577067484277, -0.07480314960629921850 ) ) ;
#219 = DIRECTION ( 'NONE',  ( 0.0000000000000000000, 0.0000000000000000000, 1.000000000000000000 ) ) ;
#220 = CARTESIAN_POINT ( 'NONE',  ( 0.08858267716535432601, 0.1377952755905511861, 0.1122047244094488139 ) ) ;
#221 = VERTEX_POINT ( 'NONE', #1586 ) ;
#222 = MANIFOLD_SOLID_BREP ( 'NONE', #2585 ) ;
#223 = ADVANCED_FACE ( 'NONE', ( #3462 ), #3414, .T. ) ;
#224 = CARTESIAN_POINT ( 'NONE',  ( 0.0000000000000000000, 0.0000000000000000000, 0.0000000000000000000 ) ) ;
#225 = DIRECTION ( 'NONE',  ( 0.0000000000000000000, 1.000000000000000000, 0.0000000000000000000 ) ) ;
#226 = DIRECTION ( 'NONE',  ( 0.4465975813569838526, -0.8947349329975285981, 0.0000000000000000000 ) ) ;
#227 = ADVANCED_FACE ( 'NONE', ( #2906 ), #761, .F. ) ;
#228 = ORIENTED_EDGE ( 'NONE', *, *, #363, .T. ) ;
#229 = ORIENTED_EDGE ( 'NONE', *, *, #2736, .T. ) ;
#230 = VERTEX_POINT ( 'NONE', #2612 ) ;
#231 = CARTESIAN_POINT ( 'NONE',  ( -0.1181102362204724532, 0.1299212598425196763, -0.1181102362204724532 ) ) ;
#232 = ORIENTED_EDGE ( 'NONE', *, *, #3315, .T. ) ;
#233 = CARTESIAN_POINT ( 'NONE',  ( -0.08858267716535432601, 0.1496062992125984370, -0.08858267716535432601 ) ) ;
#234 = PLANE ( 'NONE',  #2158 ) ;
#235 = LINE ( 'NONE', #477, #327 ) ;
#236 = ORIENTED_EDGE ( 'NONE', *, *, #1082, .F. ) ;
#237 = LINE ( 'NONE', #551, #2199 ) ;
#238 = CARTESIAN_POINT ( 'NONE',  ( 0.0000000000000000000, 0.2717909429004035649, 0.0000000000000000000 ) ) ;
#239 = DIRECTION ( 'NONE',  ( -2.168404344971010347E-16, 0.0000000000000000000, -1.000000000000000000 ) ) ;
#240 = ADVANCED_FACE ( 'NONE', ( #167 ), #696, .T. ) ;
#241 = LINE ( 'NONE', #1663, #769 ) ;
#242 = MANIFOLD_SOLID_BREP ( 'Imported4', #1912 ) ;
#243 = EDGE_CURVE ( 'NONE', #3486, #2247, #2033, .T. ) ;
#244 = ORIENTED_EDGE ( 'NONE', *, *, #1456, .F. ) ;
#245 = VERTEX_POINT ( 'NONE', #525 ) ;
#246 = VECTOR ( 'NONE', #1835, 39.37007874015748143 ) ;
#247 = CARTESIAN_POINT ( 'NONE',  ( -0.1181102362204724532, 0.003937007874015747977, 0.04921259842519685318 ) ) ;
#248 = ORIENTED_EDGE ( 'NONE', *, *, #2963, .F. ) ;
#249 = CARTESIAN_POINT ( 'NONE',  ( 0.1338584372998307126, -0.03149606299212598381, 0.07480314960629921850 ) ) ;
#250 = ORIENTED_EDGE ( 'NONE', *, *, #1896, .T. ) ;
#251 = EDGE_CURVE ( 'NONE', #1239, #1371, #3241, .T. ) ;
#252 = CIRCLE ( 'NONE', #1851, 0.005905511811023620231 ) ;
#253 = AXIS2_PLACEMENT_3D ( 'NONE', #3441, #1026, #1496 ) ;
#254 = ORIENTED_EDGE ( 'NONE', *, *, #614, .F. ) ;
#255 = LINE ( 'NONE', #1041, #1684 ) ;
#256 = DIRECTION ( 'NONE',  ( 0.0000000000000000000, 0.0000000000000000000, -1.000000000000000000 ) ) ;
#257 = CARTESIAN_POINT ( 'NONE',  ( -0.1181102362204724532, 0.02755905511811023584, 0.1023622047244094474 ) ) ;
#258 = AXIS2_PLACEMENT_3D ( 'NONE', #3093, #1523, #1775 ) ;
#259 = FILL_AREA_STYLE ('',( #1139 ) ) ;
#260 = VECTOR ( 'NONE', #1190, 39.37007874015748143 ) ;
#261 = ORIENTED_EDGE ( 'NONE', *, *, #329, .F. ) ;
#262 = VECTOR ( 'NONE', #3283, 39.37007874015748854 ) ;
#263 = CARTESIAN_POINT ( 'NONE',  ( -0.1185480476730569055, -0.06118778250134625923, 0.08464566929133858497 ) ) ;
#264 = CARTESIAN_POINT ( 'NONE',  ( -0.1181102362204724532, 0.02755905511811023584, -0.1023622047244094474 ) ) ;
#265 = CARTESIAN_POINT ( 'NONE',  ( -0.08858267716535432601, 0.1377952755905511861, 0.1122047244094488139 ) ) ;
#266 = AXIS2_PLACEMENT_3D ( 'NONE', #3040, #1185, #1057 ) ;
#267 = DIMENSIONAL_EXPONENTS ( 1.000000000000000000, 0.0000000000000000000, 0.0000000000000000000, 0.0000000000000000000, 0.0000000000000000000, 0.0000000000000000000, 0.0000000000000000000 ) ;
#268 = AXIS2_PLACEMENT_3D ( 'NONE', #1268, #937, #2065 ) ;
#269 = FACE_OUTER_BOUND ( 'NONE', #2464, .T. ) ;
#270 = AXIS2_PLACEMENT_3D ( 'NONE', #2021, #2561, #119 ) ;
#271 = ORIENTED_EDGE ( 'NONE', *, *, #1110, .T. ) ;
#272 = EDGE_CURVE ( 'NONE', #3246, #1518, #579, .T. ) ;
#273 = EDGE_LOOP ( 'NONE', ( #3008, #1489, #3094, #2408, #3084, #2616 ) ) ;
#274 = CARTESIAN_POINT ( 'NONE',  ( -0.1338584372998307126, -0.03149606299212598381, 0.07480314960629921850 ) ) ;
#275 = ORIENTED_EDGE ( 'NONE', *, *, #1560, .F. ) ;
#276 = VERTEX_POINT ( 'NONE', #1065 ) ;
#277 = ADVANCED_FACE ( 'NONE', ( #783 ), #1886, .F. ) ;
#278 = CARTESIAN_POINT ( 'NONE',  ( 0.0000000000000000000, 0.0000000000000000000, -0.04921259842519685318 ) ) ;
#279 = CYLINDRICAL_SURFACE ( 'NONE', #953, 0.005905511811023620231 ) ;
#280 = APPLICATION_PROTOCOL_DEFINITION ( 'draft international standard', 'automotive_design', 1998, #1539 ) ;
#281 = SURFACE_STYLE_FILL_AREA ( #259 ) ;
#282 = ORIENTED_EDGE ( 'NONE', *, *, #3537, .F. ) ;
#283 = EDGE_CURVE ( 'NONE', #924, #641, #801, .T. ) ;
#284 = CARTESIAN_POINT ( 'NONE',  ( 0.1181102362204724532, 0.03543307086614173179, 0.1023622047244094474 ) ) ;
#285 = DIRECTION ( 'NONE',  ( 0.0000000000000000000, -1.000000000000000000, 0.0000000000000000000 ) ) ;
#286 = DIRECTION ( 'NONE',  ( 0.0000000000000000000, 0.0000000000000000000, -1.000000000000000000 ) ) ;
#287 = DIRECTION ( 'NONE',  ( -1.000000000000000000, 0.0000000000000000000, 0.0000000000000000000 ) ) ;
#288 = CYLINDRICAL_SURFACE ( 'NONE', #3402, 0.07283464566929134798 ) ;
#289 = EDGE_LOOP ( 'NONE', ( #1814, #1926, #2309, #150, #814, #2381, #1665, #1408 ) ) ;
#290 = VERTEX_POINT ( 'NONE', #2465 ) ;
#291 = DIRECTION ( 'NONE',  ( 0.0000000000000000000, 0.0000000000000000000, 1.000000000000000000 ) ) ;
#292 = ADVANCED_FACE ( 'NONE', ( #2959 ), #1618, .T. ) ;
#293 = ORIENTED_EDGE ( 'NONE', *, *, #490, .F. ) ;
#294 = DIRECTION ( 'NONE',  ( 0.0000000000000000000, -1.000000000000000000, 0.0000000000000000000 ) ) ;
#295 = FILL_AREA_STYLE_COLOUR ( '', #2883 ) ;
#296 = LENGTH_MEASURE_WITH_UNIT ( LENGTH_MEASURE( 0.02539999999999999897 ), #1120 );
#297 = LINE ( 'NONE', #624, #1473 ) ;
#298 = EDGE_CURVE ( 'NONE', #590, #2104, #255, .T. ) ;
#299 = ORIENTED_EDGE ( 'NONE', *, *, #1093, .F. ) ;
#300 = MANIFOLD_SOLID_BREP ( 'Imported2', #1626 ) ;
#301 = DIRECTION ( 'NONE',  ( 0.0000000000000000000, -1.000000000000000000, 0.0000000000000000000 ) ) ;
#302 = CARTESIAN_POINT ( 'NONE',  ( 0.1181102362204724532, 0.02755905511811023584, 0.1023622047244094474 ) ) ;
#303 = DIRECTION ( 'NONE',  ( 0.0000000000000000000, 0.0000000000000000000, -1.000000000000000000 ) ) ;
#304 = ADVANCED_FACE ( 'NONE', ( #543 ), #1639, .T. ) ;
#305 = LINE ( 'NONE', #1130, #1921 ) ;
#306 = FACE_OUTER_BOUND ( 'NONE', #73, .T. ) ;
#307 = VERTEX_POINT ( 'NONE', #1100 ) ;
#308 = ORIENTED_EDGE ( 'NONE', *, *, #2031, .T. ) ;
#309 = ORIENTED_EDGE ( 'NONE', *, *, #367, .T. ) ;
#310 = CARTESIAN_POINT ( 'NONE',  ( 0.1181102362204724532, 0.001910576577067484277, -0.1023622047244094474 ) ) ;
#311 = VECTOR ( 'NONE', #2111, 39.37007874015748854 ) ;
#312 = AXIS2_PLACEMENT_3D ( 'NONE', #931, #2523, #1466 ) ;
#313 = EDGE_LOOP ( 'NONE', ( #1776, #974, #2823, #1546 ) ) ;
#314 = DIRECTION ( 'NONE',  ( 0.4465975813569838526, -0.8947349329975285981, 0.0000000000000000000 ) ) ;
#315 = CIRCLE ( 'NONE', #2313, 0.007874015748031499423 ) ;
#316 = ORIENTED_EDGE ( 'NONE', *, *, #2583, .F. ) ;
#317 = VECTOR ( 'NONE', #2747, 39.37007874015748143 ) ;
#318 = VECTOR ( 'NONE', #3012, 39.37007874015748143 ) ;
#319 = DIRECTION ( 'NONE',  ( 0.0000000000000000000, 0.0000000000000000000, 1.000000000000000000 ) ) ;
#320 = CARTESIAN_POINT ( 'NONE',  ( 0.1408568301426933178, -0.03510474995793744224, -0.07480314960629921850 ) ) ;
#321 = LINE ( 'NONE', #13, #262 ) ;
#322 = EDGE_CURVE ( 'NONE', #1690, #524, #2191, .T. ) ;
#323 = AXIS2_PLACEMENT_3D ( 'NONE', #1418, #2234, #1143 ) ;
#324 = AXIS2_PLACEMENT_3D ( 'NONE', #2496, #1144, #3321 ) ;
#325 = FACE_OUTER_BOUND ( 'NONE', #190, .T. ) ;
#326 = CARTESIAN_POINT ( 'NONE',  ( -0.1181102362204724532, 0.1299212598425196763, 0.1122047244094488277 ) ) ;
#327 = VECTOR ( 'NONE', #2350, 39.37007874015748143 ) ;
#328 =( LENGTH_UNIT ( ) NAMED_UNIT ( * ) SI_UNIT ( $, .METRE. ) );
#329 = EDGE_CURVE ( 'NONE', #2988, #1089, #564, .T. ) ;
#330 = VERTEX_POINT ( 'NONE', #1138 ) ;
#331 = VECTOR ( 'NONE', #1450, 39.37007874015748854 ) ;
#332 = ORIENTED_EDGE ( 'NONE', *, *, #760, .T. ) ;
#333 = CARTESIAN_POINT ( 'NONE',  ( 0.0000000000000000000, 0.1299212598425196763, 0.0000000000000000000 ) ) ;
#334 = STYLED_ITEM ( 'NONE', ( #2193 ), #2880 ) ;
#335 = ORIENTED_EDGE ( 'NONE', *, *, #979, .T. ) ;
#336 = ORIENTED_EDGE ( 'NONE', *, *, #1242, .T. ) ;
#337 = SURFACE_STYLE_FILL_AREA ( #2264 ) ;
#338 = ORIENTED_EDGE ( 'NONE', *, *, #3385, .T. ) ;
#339 = CARTESIAN_POINT ( 'NONE',  ( -0.08858267716535432601, 0.1496062992125984370, -0.06496062992125983815 ) ) ;
#340 = DIRECTION ( 'NONE',  ( 0.0000000000000000000, -1.000000000000000000, 0.0000000000000000000 ) ) ;
#341 = FACE_OUTER_BOUND ( 'NONE', #2429, .T. ) ;
#342 = LINE ( 'NONE', #2458, #3405 ) ;
#343 = EDGE_CURVE ( 'NONE', #971, #2774, #1980, .T. ) ;
#344 = CARTESIAN_POINT ( 'NONE',  ( -0.1181102362204724532, 0.03543307086614173179, 0.07480314960629921850 ) ) ;
#345 = FACE_OUTER_BOUND ( 'NONE', #3423, .T. ) ;
#346 = LINE ( 'NONE', #1381, #1464 ) ;
#347 = EDGE_LOOP ( 'NONE', ( #336, #2514, #676, #1134 ) ) ;
#348 = EDGE_CURVE ( 'NONE', #1790, #2479, #834, .T. ) ;
#349 = ORIENTED_EDGE ( 'NONE', *, *, #3095, .F. ) ;
#350 = FACE_BOUND ( 'NONE', #757, .T. ) ;
#351 = ORIENTED_EDGE ( 'NONE', *, *, #1605, .T. ) ;
#352 = EDGE_LOOP ( 'NONE', ( #3041, #3387, #1544, #3105 ) ) ;
#353 = CARTESIAN_POINT ( 'NONE',  ( 0.0000000000000000000, 0.1299212598425196763, 0.0000000000000000000 ) ) ;
#354 = DIRECTION ( 'NONE',  ( 0.0000000000000000000, -1.000000000000000000, 0.0000000000000000000 ) ) ;
#355 = VERTEX_POINT ( 'NONE', #2752 ) ;
#356 = DIRECTION ( 'NONE',  ( 1.000000000000000000, 0.0000000000000000000, 0.0000000000000000000 ) ) ;
#357 = LINE ( 'NONE', #3334, #3109 ) ;
#358 = FACE_OUTER_BOUND ( 'NONE', #419, .T. ) ;
#359 = CARTESIAN_POINT ( 'NONE',  ( 0.1181102362204724532, 0.001910576577067484277, 0.1023622047244094474 ) ) ;
#360 = DIRECTION ( 'NONE',  ( 0.0000000000000000000, 0.0000000000000000000, 1.000000000000000000 ) ) ;
#361 = LINE ( 'NONE', #1453, #1186 ) ;
#362 = SURFACE_STYLE_FILL_AREA ( #1951 ) ;
#363 = EDGE_CURVE ( 'NONE', #1077, #2446, #1287, .T. ) ;
#364 = VERTEX_POINT ( 'NONE', #2558 ) ;
#365 = DIRECTION ( 'NONE',  ( 0.0000000000000000000, 1.000000000000000000, 0.0000000000000000000 ) ) ;
#367 = EDGE_CURVE ( 'NONE', #2258, #2102, #2777, .T. ) ;
#366 = PRODUCT ( 'CUI_DEVICES_TS02-66-70-BK-260-SCR-D', 'CUI_DEVICES_TS02-66-70-BK-260-SCR-D', '', ( #545 ) ) ;
#368 = VERTEX_POINT ( 'NONE', #3099 ) ;
#369 = CARTESIAN_POINT ( 'NONE',  ( -0.1083935435132570846, -0.03220340707415822457, -0.07480314960629921850 ) ) ;
#370 = LENGTH_MEASURE_WITH_UNIT ( LENGTH_MEASURE( 0.02539999999999999897 ), #929 );
#371 = ADVANCED_FACE ( 'NONE', ( #392 ), #912, .F. ) ;
#372 = ORIENTED_EDGE ( 'NONE', *, *, #1398, .T. ) ;
#373 = CARTESIAN_POINT ( 'NONE',  ( 0.08858267716535432601, 0.1496062992125984370, -0.06496062992125983815 ) ) ;
#374 = PLANE ( 'NONE',  #949 ) ;
#375 = CARTESIAN_POINT ( 'NONE',  ( 0.1338584372998307126, -0.03149606299212598381, -0.1023622047244094474 ) ) ;
#376 = CIRCLE ( 'NONE', #2361, 0.02362204724409448092 ) ;
#377 = DIRECTION ( 'NONE',  ( 0.4153637994577553672, -0.8055226371389487827, -0.4226182617407003850 ) ) ;
#378 = ORIENTED_EDGE ( 'NONE', *, *, #2305, .F. ) ;
#379 = CARTESIAN_POINT ( 'NONE',  ( 0.1181102362204724532, 0.1299212598425196763, 0.1122047244094488277 ) ) ;
#380 = LINE ( 'NONE', #2010, #554 ) ;
#381 = CARTESIAN_POINT ( 'NONE',  ( 0.1338584372998307126, -0.03149606299212598381, 0.1023622047244094474 ) ) ;
#382 = AXIS2_PLACEMENT_3D ( 'NONE', #1601, #2682, #1355 ) ;
#383 = VECTOR ( 'NONE', #1610, 39.37007874015748143 ) ;
#384 = ORIENTED_EDGE ( 'NONE', *, *, #1000, .T. ) ;
#385 = CIRCLE ( 'NONE', #437, 0.06889763779527559306 ) ;
#386 = LINE ( 'NONE', #3065, #3060 ) ;
#387 = VECTOR ( 'NONE', #3236, 39.37007874015748143 ) ;
#388 = EDGE_CURVE ( 'NONE', #2462, #3048, #2487, .T. ) ;
#389 = EDGE_LOOP ( 'NONE', ( #1850, #679, #686, #3270 ) ) ;
#390 = VECTOR ( 'NONE', #3176, 39.37007874015748143 ) ;
#391 = ORIENTED_EDGE ( 'NONE', *, *, #2129, .F. ) ;
#392 = FACE_OUTER_BOUND ( 'NONE', #2069, .T. ) ;
#393 = AXIS2_PLACEMENT_3D ( 'NONE', #1620, #1329, #1067 ) ;
#394 = ORIENTED_EDGE ( 'NONE', *, *, #890, .T. ) ;
#395 = ADVANCED_FACE ( 'NONE', ( #869 ), #1171, .F. ) ;
#396 = CYLINDRICAL_SURFACE ( 'NONE', #3054, 0.02362204724409448092 ) ;
#397 = CYLINDRICAL_SURFACE ( 'NONE', #661, 0.02362204724409448092 ) ;
#398 = DIRECTION ( 'NONE',  ( -2.168404344971010347E-16, 0.0000000000000000000, -1.000000000000000000 ) ) ;
#399 = DIRECTION ( 'NONE',  ( 0.0000000000000000000, 0.0000000000000000000, -1.000000000000000000 ) ) ;
#400 = EDGE_LOOP ( 'NONE', ( #1906, #1875, #1960, #2007 ) ) ;
#401 = CARTESIAN_POINT ( 'NONE',  ( 0.1181102362204724532, 0.03543307086614173179, 0.1023622047244094474 ) ) ;
#402 = CARTESIAN_POINT ( 'NONE',  ( -0.1408568301426933178, -0.03510474995793744224, -0.07480314960629921850 ) ) ;
#403 = CARTESIAN_POINT ( 'NONE',  ( -0.1259842519685039353, 0.02755905511811023584, 0.1023622047244094474 ) ) ;
#404 = ORIENTED_EDGE ( 'NONE', *, *, #18, .F. ) ;
#405 = VERTEX_POINT ( 'NONE', #2539 ) ;
#406 = CYLINDRICAL_SURFACE ( 'NONE', #2877, 0.005905511811023620231 ) ;
#407 = DIRECTION ( 'NONE',  ( 1.000000000000000000, 0.0000000000000000000, 0.0000000000000000000 ) ) ;
#408 = EDGE_CURVE ( 'NONE', #2230, #221, #887, .T. ) ;
#409 = DIRECTION ( 'NONE',  ( 0.0000000000000000000, -1.000000000000000000, 0.0000000000000000000 ) ) ;
#410 = PLANE ( 'NONE',  #1281 ) ;
#411 = DIRECTION ( 'NONE',  ( 0.0000000000000000000, -1.000000000000000000, 0.0000000000000000000 ) ) ;
#412 = FACE_OUTER_BOUND ( 'NONE', #92, .T. ) ;
#413 = EDGE_CURVE ( 'NONE', #2436, #355, #622, .T. ) ;
#414 = ORIENTED_EDGE ( 'NONE', *, *, #2335, .F. ) ;
#415 = DIRECTION ( 'NONE',  ( -0.4465975813569838526, -0.8947349329975285981, 0.0000000000000000000 ) ) ;
#416 = DIRECTION ( 'NONE',  ( -0.4465975813569838526, 0.8947349329975285981, 0.0000000000000000000 ) ) ;
#417 = CARTESIAN_POINT ( 'NONE',  ( -0.1280139404404702919, -0.04283040298287204423, -0.07501445166377776474 ) ) ;
#418 = EDGE_CURVE ( 'NONE', #2703, #368, #2204, .T. ) ;
#419 = EDGE_LOOP ( 'NONE', ( #2046, #2224, #1479, #2554 ) ) ;
#420 = ORIENTED_EDGE ( 'NONE', *, *, #14, .T. ) ;
#421 = EDGE_LOOP ( 'NONE', ( #1809, #250, #2522, #45 ) ) ;
#422 = CARTESIAN_POINT ( 'NONE',  ( 0.08858267716535432601, 0.1377952755905511861, -0.1122047244094488139 ) ) ;
#423 = LINE ( 'NONE', #2596, #3339 ) ;
#424 = CARTESIAN_POINT ( 'NONE',  ( 0.1280139404404702919, -0.04283040298287204423, 0.07501445166377776474 ) ) ;
#425 = CARTESIAN_POINT ( 'NONE',  ( -0.1181102362204724532, 0.001910576577067484277, 0.1023622047244094474 ) ) ;
#426 = VERTEX_POINT ( 'NONE', #3355 ) ;
#427 = EDGE_CURVE ( 'NONE', #3261, #2970, #2000, .T. ) ;
#428 = CARTESIAN_POINT ( 'NONE',  ( 0.1259842519685039353, 0.02755905511811023584, -0.07480314960629921850 ) ) ;
#429 = DIRECTION ( 'NONE',  ( 0.0000000000000000000, 1.000000000000000000, 0.0000000000000000000 ) ) ;
#430 = CARTESIAN_POINT ( 'NONE',  ( -0.1338584372998307126, -0.03149606299212598381, 0.07480314960629921850 ) ) ;
#431 = CIRCLE ( 'NONE', #1798, 0.02362204724409448092 ) ;
#432 = MECHANICAL_DESIGN_GEOMETRIC_PRESENTATION_REPRESENTATION (  '', ( #1517 ), #2763 ) ;
#433 = ORIENTED_EDGE ( 'NONE', *, *, #3399, .T. ) ;
#434 = EDGE_CURVE ( 'NONE', #3190, #3237, #2084, .T. ) ;
#435 = AXIS2_PLACEMENT_3D ( 'NONE', #784, #1929, #544 ) ;
#436 = VECTOR ( 'NONE', #2448, 39.37007874015748143 ) ;
#437 = AXIS2_PLACEMENT_3D ( 'NONE', #1021, #481, #1574 ) ;
#438 = AXIS2_PLACEMENT_3D ( 'NONE', #1773, #1305, #2634 ) ;
#439 = VERTEX_POINT ( 'NONE', #727 ) ;
#440 = ORIENTED_EDGE ( 'NONE', *, *, #3212, .T. ) ;
#441 = LINE ( 'NONE', #1260, #199 ) ;
#442 = VECTOR ( 'NONE', #2095, 39.37007874015748143 ) ;
#443 = FILL_AREA_STYLE_COLOUR ( '', #2760 ) ;
#444 = DIRECTION ( 'NONE',  ( 0.0000000000000000000, 0.0000000000000000000, 1.000000000000000000 ) ) ;
#445 = CARTESIAN_POINT ( 'NONE',  ( -0.1122047244094488277, 0.0000000000000000000, 0.1122047244094488277 ) ) ;
#446 = PRESENTATION_STYLE_ASSIGNMENT (( #1603 ) ) ;
#447 = AXIS2_PLACEMENT_3D ( 'NONE', #698, #644, #684 ) ;
#448 = ORIENTED_EDGE ( 'NONE', *, *, #181, .T. ) ;
#449 = DIRECTION ( 'NONE',  ( 1.000000000000000000, 0.0000000000000000000, 0.0000000000000000000 ) ) ;
#450 = DIRECTION ( 'NONE',  ( 0.0000000000000000000, -1.000000000000000000, 0.0000000000000000000 ) ) ;
#451 = CARTESIAN_POINT ( 'NONE',  ( -0.1259842519685039353, 0.001910576577067484277, -0.1023622047244094474 ) ) ;
#452 = EDGE_CURVE ( 'NONE', #2879, #2171, #2056, .T. ) ;
#453 = ORIENTED_EDGE ( 'NONE', *, *, #1258, .T. ) ;
#454 = ADVANCED_FACE ( 'NONE', ( #2850 ), #152, .F. ) ;
#455 = ORIENTED_EDGE ( 'NONE', *, *, #1390, .F. ) ;
#456 = ORIENTED_EDGE ( 'NONE', *, *, #163, .F. ) ;
#457 = DIRECTION ( 'NONE',  ( 0.0000000000000000000, 1.000000000000000000, 0.0000000000000000000 ) ) ;
#458 = ORIENTED_EDGE ( 'NONE', *, *, #2058, .F. ) ;
#459 = CARTESIAN_POINT ( 'NONE',  ( 0.0000000000000000000, 0.2755905511811023723, 0.0000000000000000000 ) ) ;
#460 =( NAMED_UNIT ( * ) PLANE_ANGLE_UNIT ( ) SI_UNIT ( $, .RADIAN. ) );
#461 = CARTESIAN_POINT ( 'NONE',  ( 0.08858267716535432601, 0.1377952755905511861, -0.06496062992125983815 ) ) ;
#462 = DIRECTION ( 'NONE',  ( 1.000000000000000000, 1.019578823124772320E-44, 4.701977403289159841E-30 ) ) ;
#463 = CARTESIAN_POINT ( 'NONE',  ( 0.08858267716535432601, 0.1496062992125984370, 0.06496062992125983815 ) ) ;
#464 = EDGE_LOOP ( 'NONE', ( #98, #2375, #1682, #3346 ) ) ;
#465 = DIRECTION ( 'NONE',  ( -0.0000000000000000000, 1.000000000000000000, 0.0000000000000000000 ) ) ;
#466 = CARTESIAN_POINT ( 'NONE',  ( 0.1259842519685039353, 0.001910576577067484277, -0.07480314960629921850 ) ) ;
#467 = CARTESIAN_POINT ( 'NONE',  ( 0.0000000000000000000, 0.2716535433070866312, 0.0000000000000000000 ) ) ;
#468 = ORIENTED_EDGE ( 'NONE', *, *, #760, .F. ) ;
#469 = ORIENTED_EDGE ( 'NONE', *, *, #1218, .T. ) ;
#470 = VERTEX_POINT ( 'NONE', #3477 ) ;
#471 = EDGE_CURVE ( 'NONE', #2732, #563, #1173, .T. ) ;
#472 = VERTEX_POINT ( 'NONE', #2572 ) ;
#473 = CARTESIAN_POINT ( 'NONE',  ( 0.1259842519685039353, 0.02755905511811023584, -0.07480314960629921850 ) ) ;
#474 = EDGE_CURVE ( 'NONE', #1755, #426, #30, .T. ) ;
#475 = CYLINDRICAL_SURFACE ( 'NONE', #2093, 0.02362204724409448092 ) ;
#476 = FACE_OUTER_BOUND ( 'NONE', #2918, .T. ) ;
#477 = CARTESIAN_POINT ( 'NONE',  ( -0.1181102362204724532, 0.1377952755905511861, -0.1181102362204724532 ) ) ;
#478 = ORIENTED_EDGE ( 'NONE', *, *, #1700, .F. ) ;
#479 = FACE_OUTER_BOUND ( 'NONE', #518, .T. ) ;
#480 = DIRECTION ( 'NONE',  ( -1.000000000000000000, 0.0000000000000000000, 0.0000000000000000000 ) ) ;
#481 = DIRECTION ( 'NONE',  ( 0.0000000000000000000, 1.000000000000000000, 0.0000000000000000000 ) ) ;
#482 = EDGE_LOOP ( 'NONE', ( #788, #2393, #1459, #1425, #143, #3034 ) ) ;
#483 = CIRCLE ( 'NONE', #1402, 0.02362204724409448092 ) ;
#484 = ORIENTED_EDGE ( 'NONE', *, *, #452, .T. ) ;
#485 = AXIS2_PLACEMENT_3D ( 'NONE', #430, #957, #2604 ) ;
#486 = ORIENTED_EDGE ( 'NONE', *, *, #2915, .T. ) ;
#487 = DIRECTION ( 'NONE',  ( 0.0000000000000000000, 0.0000000000000000000, 1.000000000000000000 ) ) ;
#488 = AXIS2_PLACEMENT_3D ( 'NONE', #1487, #2044, #2022 ) ;
#489 = VECTOR ( 'NONE', #2957, 39.37007874015748143 ) ;
#490 = EDGE_CURVE ( 'NONE', #2857, #1971, #197, .T. ) ;
#491 = VECTOR ( 'NONE', #1692, 39.37007874015748854 ) ;
#492 = SURFACE_SIDE_STYLE ('',( #1224 ) ) ;
#493 = CARTESIAN_POINT ( 'NONE',  ( 0.0000000000000000000, 0.2717909429004035649, 0.06394343929534387905 ) ) ;
#494 = PLANE ( 'NONE',  #2720 ) ;
#495 = CIRCLE ( 'NONE', #1012, 0.007874015748031499423 ) ;
#496 = EDGE_CURVE ( 'NONE', #2479, #529, #3515, .T. ) ;
#497 = ORIENTED_EDGE ( 'NONE', *, *, #2791, .F. ) ;
#498 = FACE_OUTER_BOUND ( 'NONE', #2165, .T. ) ;
#499 = DIRECTION ( 'NONE',  ( 0.0000000000000000000, -1.000000000000000000, 0.0000000000000000000 ) ) ;
#500 = AXIS2_PLACEMENT_3D ( 'NONE', #1933, #1675, #1125 ) ;
#501 = EDGE_CURVE ( 'NONE', #3306, #1375, #1343, .T. ) ;
#502 = ORIENTED_EDGE ( 'NONE', *, *, #1308, .F. ) ;
#503 = ORIENTED_EDGE ( 'NONE', *, *, #3326, .T. ) ;
#504 = LINE ( 'NONE', #2974, #436 ) ;
#505 = VERTEX_POINT ( 'NONE', #2070 ) ;
#506 = PRESENTATION_STYLE_ASSIGNMENT (( #819 ) ) ;
#507 = CARTESIAN_POINT ( 'NONE',  ( -0.1409035942525671270, -0.02797954660348830891, 0.1023622047244094474 ) ) ;
#508 = DIRECTION ( 'NONE',  ( 0.0000000000000000000, 1.000000000000000000, 0.0000000000000000000 ) ) ;
#509 = CARTESIAN_POINT ( 'NONE',  ( -0.1181102362204724532, 0.03543307086614173179, -0.1023622047244094474 ) ) ;
#510 = ADVANCED_FACE ( 'NONE', ( #2105 ), #3136, .F. ) ;
#511 = VERTEX_POINT ( 'NONE', #2919 ) ;
#512 = DIRECTION ( 'NONE',  ( 0.8887958910435519444, 0.4583032446580520558, 0.0000000000000000000 ) ) ;
#513 = DIRECTION ( 'NONE',  ( 0.0000000000000000000, -1.000000000000000000, 0.0000000000000000000 ) ) ;
#514 = LINE ( 'NONE', #809, #145 ) ;
#515 = EDGE_CURVE ( 'NONE', #2703, #1470, #2346, .T. ) ;
#516 = CARTESIAN_POINT ( 'NONE',  ( 0.1352200082310885954, -0.04603634211220338640, 0.07480314960629921850 ) ) ;
#517 = EDGE_CURVE ( 'NONE', #3453, #725, #1815, .T. ) ;
#518 = EDGE_LOOP ( 'NONE', ( #3475, #228, #1630, #2662, #1824, #2917 ) ) ;
#519 = VERTEX_POINT ( 'NONE', #2590 ) ;
#520 = CARTESIAN_POINT ( 'NONE',  ( 0.1409035942525671270, -0.02797954660348830891, -0.07480314960629921850 ) ) ;
#521 = VERTEX_POINT ( 'NONE', #2334 ) ;
#522 = DIRECTION ( 'NONE',  ( 0.0000000000000000000, 1.000000000000000000, 0.0000000000000000000 ) ) ;
#523 = ORIENTED_EDGE ( 'NONE', *, *, #2402, .T. ) ;
#524 = VERTEX_POINT ( 'NONE', #473 ) ;
#525 = CARTESIAN_POINT ( 'NONE',  ( 0.1181102362204724532, 0.001910576577067484277, 0.1023622047244094474 ) ) ;
#526 = FACE_OUTER_BOUND ( 'NONE', #1643, .T. ) ;
#527 = CARTESIAN_POINT ( 'NONE',  ( 0.1282216153882259901, -0.04242765514639196961, -0.1023622047244094474 ) ) ;
#528 =( CONVERSION_BASED_UNIT ( 'INCH', #2753 ) LENGTH_UNIT ( ) NAMED_UNIT ( #15 ) );
#529 = VERTEX_POINT ( 'NONE', #978 ) ;
#530 = PLANE ( 'NONE',  #3508 ) ;
#531 = CARTESIAN_POINT ( 'NONE',  ( 0.1259842519685039353, 0.001910576577067480157, -0.07480314960629921850 ) ) ;
#532 = LINE ( 'NONE', #2985, #1924 ) ;
#533 = EDGE_CURVE ( 'NONE', #1582, #3453, #3460, .T. ) ;
#534 = DIRECTION ( 'NONE',  ( 0.0000000000000000000, -1.000000000000000000, 0.0000000000000000000 ) ) ;
#535 = ORIENTED_EDGE ( 'NONE', *, *, #2629, .T. ) ;
#536 = EDGE_CURVE ( 'NONE', #1055, #3269, #441, .T. ) ;
#537 = VECTOR ( 'NONE', #2291, 39.37007874015748143 ) ;
#538 = ORIENTED_EDGE ( 'NONE', *, *, #2874, .F. ) ;
#539 = CARTESIAN_POINT ( 'NONE',  ( 0.1185480476730569055, -0.06118778250134625923, -0.1023622047244094474 ) ) ;
#540 = ORIENTED_EDGE ( 'NONE', *, *, #995, .F. ) ;
#541 = AXIS2_PLACEMENT_3D ( 'NONE', #3219, #1313, #2699 ) ;
#542 = EDGE_LOOP ( 'NONE', ( #2901, #1621, #706, #3481 ) ) ;
#543 = FACE_OUTER_BOUND ( 'NONE', #2606, .T. ) ;
#544 = DIRECTION ( 'NONE',  ( 1.000000000000000000, 0.0000000000000000000, 0.0000000000000000000 ) ) ;
#545 = PRODUCT_CONTEXT ( 'NONE', #810, 'mechanical' ) ;
#546 = VECTOR ( 'NONE', #1649, 39.37007874015748143 ) ;
#547 =( LENGTH_UNIT ( ) NAMED_UNIT ( * ) SI_UNIT ( $, .METRE. ) );
#548 = AXIS2_PLACEMENT_3D ( 'NONE', #674, #3386, #287 ) ;
#549 = ORIENTED_EDGE ( 'NONE', *, *, #1390, .T. ) ;
#550 = VECTOR ( 'NONE', #3393, 39.37007874015748143 ) ;
#551 = CARTESIAN_POINT ( 'NONE',  ( 0.1189390950157675347, -0.001605939811570186943, -0.1023622047244094474 ) ) ;
#552 = CARTESIAN_POINT ( 'NONE',  ( 0.1122047244094488277, 0.0000000000000000000, -0.1122047244094488277 ) ) ;
#553 = DIRECTION ( 'NONE',  ( 0.0000000000000000000, 1.000000000000000000, 0.0000000000000000000 ) ) ;
#554 = VECTOR ( 'NONE', #54, 39.37007874015748143 ) ;
#555 = FACE_OUTER_BOUND ( 'NONE', #3525, .T. ) ;
#556 = FACE_OUTER_BOUND ( 'NONE', #964, .T. ) ;
#557 = EDGE_CURVE ( 'NONE', #1132, #3155, #1563, .T. ) ;
#558 = AXIS2_PLACEMENT_3D ( 'NONE', #445, #411, #2322 ) ;
#559 = ORIENTED_EDGE ( 'NONE', *, *, #2166, .T. ) ;
#560 = ORIENTED_EDGE ( 'NONE', *, *, #9, .T. ) ;
#561 = PLANE ( 'NONE',  #838 ) ;
#562 = EDGE_CURVE ( 'NONE', #529, #2479, #1857, .T. ) ;
#563 = VERTEX_POINT ( 'NONE', #2628 ) ;
#564 = LINE ( 'NONE', #1656, #1852 ) ;
#565 = CARTESIAN_POINT ( 'NONE',  ( 0.08858267716535432601, 0.1377952755905511861, 0.06496062992125983815 ) ) ;
#566 = CARTESIAN_POINT ( 'NONE',  ( -0.1338584372998307126, -0.03149606299212598381, 0.1023622047244094474 ) ) ;
#567 = ADVANCED_FACE ( 'NONE', ( #1295 ), #2382, .T. ) ;
#568 = ORIENTED_EDGE ( 'NONE', *, *, #272, .T. ) ;
#569 = DIRECTION ( 'NONE',  ( -0.0000000000000000000, 1.000000000000000000, 0.0000000000000000000 ) ) ;
#570 = CYLINDRICAL_SURFACE ( 'NONE', #1478, 0.007874015748031499423 ) ;
#571 = CARTESIAN_POINT ( 'NONE',  ( -0.1122047244094488277, 0.1299212598425196763, 0.1122047244094488277 ) ) ;
#572 = LINE ( 'NONE', #828, #1465 ) ;
#573 =( NAMED_UNIT ( * ) SI_UNIT ( $, .STERADIAN. ) SOLID_ANGLE_UNIT ( ) );
#574 = ORIENTED_EDGE ( 'NONE', *, *, #2117, .T. ) ;
#575 = ORIENTED_EDGE ( 'NONE', *, *, #2786, .T. ) ;
#576 = LINE ( 'NONE', #591, #2040 ) ;
#577 = EDGE_CURVE ( 'NONE', #2640, #1096, #724, .T. ) ;
#578 = ORIENTED_EDGE ( 'NONE', *, *, #2097, .T. ) ;
#579 = LINE ( 'NONE', #278, #2038 ) ;
#580 = CARTESIAN_POINT ( 'NONE',  ( -0.1259842519685039353, 0.001910576577067480157, 0.07480314960629921850 ) ) ;
#581 = ORIENTED_EDGE ( 'NONE', *, *, #598, .T. ) ;
#582 = ADVANCED_FACE ( 'NONE', ( #1384 ), #817, .F. ) ;
#583 = LINE ( 'NONE', #1124, #2762 ) ;
#584 = DIRECTION ( 'NONE',  ( 1.000000000000000000, 0.0000000000000000000, 0.0000000000000000000 ) ) ;
#585 = CARTESIAN_POINT ( 'NONE',  ( -0.08858267716535432601, 0.1299212598425196763, -0.06496062992125983815 ) ) ;
#586 = CARTESIAN_POINT ( 'NONE',  ( 0.1122047244094488277, 0.1299212598425196763, 0.1181102362204724532 ) ) ;
#587 = DIRECTION ( 'NONE',  ( 0.0000000000000000000, 1.000000000000000000, 0.0000000000000000000 ) ) ;
#588 =( CONVERSION_BASED_UNIT ( 'INCH', #2498 ) LENGTH_UNIT ( ) NAMED_UNIT ( #1069 ) );
#589 = VERTEX_POINT ( 'NONE', #798 ) ;
#590 = VERTEX_POINT ( 'NONE', #274 ) ;
#591 = CARTESIAN_POINT ( 'NONE',  ( -0.1181102362204724532, 0.001910576577067484277, 0.1023622047244094474 ) ) ;
#592 = CIRCLE ( 'NONE', #1222, 0.007874015748031499423 ) ;
#593 = VECTOR ( 'NONE', #621, 39.37007874015748143 ) ;
#594 = ORIENTED_EDGE ( 'NONE', *, *, #1570, .F. ) ;
#595 = ORIENTED_EDGE ( 'NONE', *, *, #434, .F. ) ;
#596 =( NAMED_UNIT ( * ) SI_UNIT ( $, .STERADIAN. ) SOLID_ANGLE_UNIT ( ) );
#597 = AXIS2_PLACEMENT_3D ( 'NONE', #182, #118, #1817 ) ;
#598 = EDGE_CURVE ( 'NONE', #290, #3237, #504, .T. ) ;
#599 = AXIS2_PLACEMENT_3D ( 'NONE', #2035, #1409, #3119 ) ;
#600 = EDGE_LOOP ( 'NONE', ( #2255, #891 ) ) ;
#601 = VECTOR ( 'NONE', #2384, 39.37007874015748143 ) ;
#602 = VECTOR ( 'NONE', #165, 39.37007874015748143 ) ;
#603 = DIRECTION ( 'NONE',  ( -1.000000000000000000, 0.0000000000000000000, 0.0000000000000000000 ) ) ;
#604 = FACE_OUTER_BOUND ( 'NONE', #822, .T. ) ;
#605 = CARTESIAN_POINT ( 'NONE',  ( -0.1352200082310885954, -0.04603634211220338640, 0.07480314960629921850 ) ) ;
#606 = DIRECTION ( 'NONE',  ( 1.445602896647339903E-16, 0.0000000000000000000, 1.000000000000000000 ) ) ;
#607 = ADVANCED_FACE ( 'NONE', ( #3 ), #3271, .T. ) ;
#608 = CIRCLE ( 'NONE', #2593, 0.007874015748031499423 ) ;
#609 = AXIS2_PLACEMENT_3D ( 'NONE', #1756, #123, #3395 ) ;
#610 = CARTESIAN_POINT ( 'NONE',  ( 0.1338584372998307126, -0.03149606299212598381, 0.1023622047244094474 ) ) ;
#611 = LINE ( 'NONE', #3252, #95 ) ;
#612 = CIRCLE ( 'NONE', #1528, 0.02362204724409448092 ) ;
#613 = CARTESIAN_POINT ( 'NONE',  ( -0.08858267716535432601, 0.1496062992125984370, 0.1122047244094488139 ) ) ;
#614 = EDGE_CURVE ( 'NONE', #3155, #19, #833, .T. ) ;
#615 = ORIENTED_EDGE ( 'NONE', *, *, #2133, .T. ) ;
#616 = VECTOR ( 'NONE', #3282, 39.37007874015748143 ) ;
#617 = ORIENTED_EDGE ( 'NONE', *, *, #1520, .T. ) ;
#618 = PLANE ( 'NONE',  #2829 ) ;
#619 = VECTOR ( 'NONE', #3464, 39.37007874015748143 ) ;
#620 = ORIENTED_EDGE ( 'NONE', *, *, #3245, .T. ) ;
#621 = DIRECTION ( 'NONE',  ( 0.0000000000000000000, 0.0000000000000000000, 1.000000000000000000 ) ) ;
#622 = LINE ( 'NONE', #1710, #2314 ) ;
#623 = SURFACE_STYLE_FILL_AREA ( #2466 ) ;
#624 = CARTESIAN_POINT ( 'NONE',  ( 0.1352200082310885954, -0.04603634211220338640, -0.07480314960629921850 ) ) ;
#625 = ORIENTED_EDGE ( 'NONE', *, *, #283, .F. ) ;
#626 = EDGE_CURVE ( 'NONE', #1470, #1188, #2478, .T. ) ;
#627 = CARTESIAN_POINT ( 'NONE',  ( -0.1181102362204724532, 0.1299212598425196763, 0.1181102362204724532 ) ) ;
#628 = CARTESIAN_POINT ( 'NONE',  ( 0.08858267716535432601, 0.1299212598425196763, 0.08858267716535432601 ) ) ;
#629 = CARTESIAN_POINT ( 'NONE',  ( -0.1189390950157675347, -0.001605939811570186943, -0.1023622047244094474 ) ) ;
#630 = DIRECTION ( 'NONE',  ( 0.0000000000000000000, 1.000000000000000000, 0.0000000000000000000 ) ) ;
#631 = EDGE_CURVE ( 'NONE', #2638, #77, #3505, .T. ) ;
#632 = CARTESIAN_POINT ( 'NONE',  ( 0.0000000000000000000, 0.2717909429004035649, 0.0000000000000000000 ) ) ;
#633 = DIRECTION ( 'NONE',  ( 0.0000000000000000000, 1.000000000000000000, 0.0000000000000000000 ) ) ;
#634 =( NAMED_UNIT ( * ) PLANE_ANGLE_UNIT ( ) SI_UNIT ( $, .RADIAN. ) );
#635 = ORIENTED_EDGE ( 'NONE', *, *, #1238, .F. ) ;
#636 = EDGE_CURVE ( 'NONE', #1591, #2693, #1039, .T. ) ;
#637 = LINE ( 'NONE', #1722, #1177 ) ;
#638 = VERTEX_POINT ( 'NONE', #21 ) ;
#639 = LINE ( 'NONE', #1445, #3452 ) ;
#640 = CARTESIAN_POINT ( 'NONE',  ( 0.1122047244094488277, 0.1299212598425196763, -0.1181102362204724532 ) ) ;
#641 = VERTEX_POINT ( 'NONE', #249 ) ;
#642 = FACE_OUTER_BOUND ( 'NONE', #1526, .T. ) ;
#643 = CARTESIAN_POINT ( 'NONE',  ( 0.0000000000000000000, 0.1299212598425196763, 0.06889763779527559306 ) ) ;
#644 = DIRECTION ( 'NONE',  ( 0.0000000000000000000, 1.000000000000000000, 0.0000000000000000000 ) ) ;
#645 = CARTESIAN_POINT ( 'NONE',  ( -0.1181102362204724532, 0.03543307086614173179, 0.07480314960629921850 ) ) ;
#646 = ORIENTED_EDGE ( 'NONE', *, *, #515, .T. ) ;
#647 = CARTESIAN_POINT ( 'NONE',  ( 0.1338584372998307126, -0.03149606299212598381, 0.07480314960629921850 ) ) ;
#648 = DIRECTION ( 'NONE',  ( 0.0000000000000000000, 1.000000000000000000, 0.0000000000000000000 ) ) ;
#649 = DIRECTION ( 'NONE',  ( -1.000000000000000000, 0.0000000000000000000, 0.0000000000000000000 ) ) ;
#650 = ADVANCED_FACE ( 'NONE', ( #2395 ), #2189, .T. ) ;
#651 = ORIENTED_EDGE ( 'NONE', *, *, #2781, .F. ) ;
#652 = DIRECTION ( 'NONE',  ( -2.168404344971010347E-16, 0.0000000000000000000, -1.000000000000000000 ) ) ;
#653 = ADVANCED_FACE ( 'NONE', ( #216 ), #561, .T. ) ;
#654 = LINE ( 'NONE', #2544, #831 ) ;
#655 = DIRECTION ( 'NONE',  ( 0.0000000000000000000, 0.0000000000000000000, 1.000000000000000000 ) ) ;
#656 = UNCERTAINTY_MEASURE_WITH_UNIT (LENGTH_MEASURE( 1.000000000000000082E-05 ), #1830, 'distance_accuracy_value', 'NONE');
#657 = ORIENTED_EDGE ( 'NONE', *, *, #2166, .F. ) ;
#658 = FACE_OUTER_BOUND ( 'NONE', #3302, .T. ) ;
#659 = DIRECTION ( 'NONE',  ( 0.0000000000000000000, 0.0000000000000000000, -1.000000000000000000 ) ) ;
#660 = CARTESIAN_POINT ( 'NONE',  ( 0.1181102362204724532, 0.0000000000000000000, -0.1181102362204724532 ) ) ;
#661 = AXIS2_PLACEMENT_3D ( 'NONE', #1714, #82, #2218 ) ;
#662 = DIRECTION ( 'NONE',  ( 0.0000000000000000000, 0.0000000000000000000, -1.000000000000000000 ) ) ;
#663 = ORIENTED_EDGE ( 'NONE', *, *, #3195, .T. ) ;
#664 = VECTOR ( 'NONE', #1387, 39.37007874015748143 ) ;
#665 = AXIS2_PLACEMENT_3D ( 'NONE', #2320, #992, #2645 ) ;
#666 = CARTESIAN_POINT ( 'NONE',  ( 0.08858267716535432601, 0.1299212598425196763, -0.08858267716535432601 ) ) ;
#667 = DIRECTION ( 'NONE',  ( -1.000000000000000000, 0.0000000000000000000, 0.0000000000000000000 ) ) ;
#668 = CARTESIAN_POINT ( 'NONE',  ( 0.0000000000000000000, 0.2716535433070866312, 0.0000000000000000000 ) ) ;
#669 = VECTOR ( 'NONE', #606, 39.37007874015748143 ) ;
#670 = AXIS2_PLACEMENT_3D ( 'NONE', #2696, #1098, #487 ) ;
#671 = ORIENTED_EDGE ( 'NONE', *, *, #598, .F. ) ;
#672 = AXIS2_PLACEMENT_3D ( 'NONE', #566, #871, #3046 ) ;
#673 = ADVANCED_FACE ( 'NONE', ( #759, #1843, #1347, #1312, #2132, #2680 ), #1864, .T. ) ;
#674 = CARTESIAN_POINT ( 'NONE',  ( -0.1338584372998307126, -0.03149606299212598381, 0.1023622047244094474 ) ) ;
#675 = AXIS2_PLACEMENT_3D ( 'NONE', #238, #2442, #3539 ) ;
#676 = ORIENTED_EDGE ( 'NONE', *, *, #3154, .F. ) ;
#677 = VECTOR ( 'NONE', #3125, 39.37007874015748143 ) ;
#678 = EDGE_CURVE ( 'NONE', #2588, #2726, #778, .T. ) ;
#679 = ORIENTED_EDGE ( 'NONE', *, *, #1151, .T. ) ;
#680 = CARTESIAN_POINT ( 'NONE',  ( 0.1409035942525671270, -0.02797954660348830891, 0.1023622047244094474 ) ) ;
#681 = EDGE_CURVE ( 'NONE', #77, #1827, #2717, .T. ) ;
#682 = FACE_OUTER_BOUND ( 'NONE', #987, .T. ) ;
#683 = DIRECTION ( 'NONE',  ( 0.0000000000000000000, 1.000000000000000000, 0.0000000000000000000 ) ) ;
#684 = DIRECTION ( 'NONE',  ( 0.0000000000000000000, 0.0000000000000000000, 1.000000000000000000 ) ) ;
#685 = CARTESIAN_POINT ( 'NONE',  ( 0.1417324530478622224, -0.03149606299212598381, 0.1023622047244094474 ) ) ;
#686 = ORIENTED_EDGE ( 'NONE', *, *, #2053, .T. ) ;
#687 = PRODUCT_DEFINITION_SHAPE ( 'NONE', 'NONE',  #96 ) ;
#688 = CARTESIAN_POINT ( 'NONE',  ( 0.1181102362204724532, 0.001910576577067484277, -0.1023622047244094474 ) ) ;
#689 = CARTESIAN_POINT ( 'NONE',  ( 0.1122047244094488277, 0.1377952755905511861, 0.1122047244094488277 ) ) ;
#690 = DIRECTION ( 'NONE',  ( 0.0000000000000000000, 1.000000000000000000, 0.0000000000000000000 ) ) ;
#691 = VERTEX_POINT ( 'NONE', #2156 ) ;
#692 = EDGE_LOOP ( 'NONE', ( #3311, #535, #1885, #2116 ) ) ;
#693 = ORIENTED_EDGE ( 'NONE', *, *, #1570, .T. ) ;
#694 = DIRECTION ( 'NONE',  ( -0.8947349329975287091, -0.4465975813569839081, 0.0000000000000000000 ) ) ;
#695 = ADVANCED_FACE ( 'NONE', ( #3238 ), #1883, .F. ) ;
#696 = PLANE ( 'NONE',  #665 ) ;
#697 = DIRECTION ( 'NONE',  ( 0.0000000000000000000, 0.0000000000000000000, -1.000000000000000000 ) ) ;
#698 = CARTESIAN_POINT ( 'NONE',  ( 0.08858267716535432601, 0.1496062992125984370, 0.08858267716535432601 ) ) ;
#699 = DIRECTION ( 'NONE',  ( 0.0000000000000000000, 0.0000000000000000000, 1.000000000000000000 ) ) ;
#700 = ADVANCED_FACE ( 'NONE', ( #1477 ), #618, .T. ) ;
#701 = EDGE_LOOP ( 'NONE', ( #2406, #615, #1502, #214, #1052, #1099, #1217, #2358 ) ) ;
#702 = LINE ( 'NONE', #1786, #3336 ) ;
#703 = FACE_OUTER_BOUND ( 'NONE', #2103, .T. ) ;
#704 = CARTESIAN_POINT ( 'NONE',  ( 0.1352200082310885954, -0.04603634211220338640, 0.1023622047244094474 ) ) ;
#705 = ORIENTED_EDGE ( 'NONE', *, *, #2521, .F. ) ;
#706 = ORIENTED_EDGE ( 'NONE', *, *, #636, .F. ) ;
#707 = ORIENTED_EDGE ( 'NONE', *, *, #2402, .F. ) ;
#708 = DIRECTION ( 'NONE',  ( 0.0000000000000000000, 1.000000000000000000, 0.0000000000000000000 ) ) ;
#709 = LINE ( 'NONE', #729, #770 ) ;
#710 = DIRECTION ( 'NONE',  ( 0.0000000000000000000, 1.000000000000000000, 0.0000000000000000000 ) ) ;
#711 = CARTESIAN_POINT ( 'NONE',  ( 0.1122047244094488277, 0.1377952755905511861, 0.1181102362204724532 ) ) ;
#712 = CYLINDRICAL_SURFACE ( 'NONE', #1810, 0.02362204724409448092 ) ;
#713 = EDGE_CURVE ( 'NONE', #2446, #988, #882, .T. ) ;
#714 = ORIENTED_EDGE ( 'NONE', *, *, #1527, .F. ) ;
#715 = VECTOR ( 'NONE', #3468, 39.37007874015748143 ) ;
#716 = CARTESIAN_POINT ( 'NONE',  ( -0.08858267716535432601, 0.1377952755905511861, -0.08858267716535432601 ) ) ;
#717 = CARTESIAN_POINT ( 'NONE',  ( -0.08858267716535432601, 0.1299212598425196763, 0.08858267716535432601 ) ) ;
#718 = PLANE ( 'NONE',  #258 ) ;
#719 = EDGE_CURVE ( 'NONE', #2455, #3205, #3043, .T. ) ;
#720 = VECTOR ( 'NONE', #932, 39.37007874015748143 ) ;
#721 = VECTOR ( 'NONE', #3165, 39.37007874015748143 ) ;
#722 = ORIENTED_EDGE ( 'NONE', *, *, #1651, .F. ) ;
#723 = VECTOR ( 'NONE', #1640, 39.37007874015748143 ) ;
#724 = CIRCLE ( 'NONE', #3167, 0.007874015748031499423 ) ;
#725 = VERTEX_POINT ( 'NONE', #2280 ) ;
#726 = ORIENTED_EDGE ( 'NONE', *, *, #1136, .F. ) ;
#727 = CARTESIAN_POINT ( 'NONE',  ( -0.1122047244094488277, 0.1377952755905511861, -0.1181102362204724532 ) ) ;
#728 = CIRCLE ( 'NONE', #1414, 0.02362204724409448092 ) ;
#729 = CARTESIAN_POINT ( 'NONE',  ( -0.1181102362204724532, 0.001910576577067484277, -0.1023622047244094474 ) ) ;
#730 = CARTESIAN_POINT ( 'NONE',  ( -0.1189390950157675347, -0.001605939811570186943, 0.1023622047244094474 ) ) ;
#731 = FACE_OUTER_BOUND ( 'NONE', #3297, .T. ) ;
#732 = FILL_AREA_STYLE ('',( #1301 ) ) ;
#733 = AXIS2_PLACEMENT_3D ( 'NONE', #2908, #462, #1552 ) ;
#734 = ORIENTED_EDGE ( 'NONE', *, *, #434, .T. ) ;
#735 = EDGE_CURVE ( 'NONE', #368, #2703, #1005, .T. ) ;
#736 = LINE ( 'NONE', #751, #246 ) ;
#737 = CARTESIAN_POINT ( 'NONE',  ( -0.1181102362204724532, 0.1377952755905511861, 0.1181102362204724532 ) ) ;
#738 = CARTESIAN_POINT ( 'NONE',  ( -0.1185480476730569055, -0.06118778250134625923, -0.09251968503937008093 ) ) ;
#739 = ORIENTED_EDGE ( 'NONE', *, *, #1506, .F. ) ;
#740 = EDGE_CURVE ( 'NONE', #1174, #1669, #2592, .T. ) ;
#741 = EDGE_LOOP ( 'NONE', ( #1709, #1205, #244, #3097, #1382, #1427 ) ) ;
#742 = EDGE_CURVE ( 'NONE', #2378, #2681, #576, .T. ) ;
#743 = ORIENTED_EDGE ( 'NONE', *, *, #2273, .T. ) ;
#744 = ORIENTED_EDGE ( 'NONE', *, *, #740, .T. ) ;
#745 = DIRECTION ( 'NONE',  ( -0.4465975813569838526, 0.8947349329975285981, 0.0000000000000000000 ) ) ;
#746 = FILL_AREA_STYLE ('',( #2072 ) ) ;
#747 = CARTESIAN_POINT ( 'NONE',  ( 0.08858267716535432601, 0.1496062992125984370, 0.06496062992125983815 ) ) ;
#748 = DIRECTION ( 'NONE',  ( -0.4465975813569838526, 0.8947349329975285981, 0.0000000000000000000 ) ) ;
#749 = CARTESIAN_POINT ( 'NONE',  ( -0.1352200082310885954, -0.04603634211220338640, 0.07480314960629921850 ) ) ;
#750 = ORIENTED_EDGE ( 'NONE', *, *, #536, .T. ) ;
#751 = CARTESIAN_POINT ( 'NONE',  ( 0.1352200082310885954, -0.04603634211220338640, -0.07480314960629921850 ) ) ;
#752 = DIRECTION ( 'NONE',  ( 0.0000000000000000000, 0.0000000000000000000, 1.000000000000000000 ) ) ;
#753 = FACE_OUTER_BOUND ( 'NONE', #2624, .T. ) ;
#754 = ORIENTED_EDGE ( 'NONE', *, *, #577, .F. ) ;
#755 = EDGE_CURVE ( 'NONE', #1311, #2776, #2208, .T. ) ;
#756 = ORIENTED_EDGE ( 'NONE', *, *, #2273, .F. ) ;
#757 = EDGE_LOOP ( 'NONE', ( #1652, #3224 ) ) ;
#758 = ORIENTED_EDGE ( 'NONE', *, *, #2054, .T. ) ;
#759 = FACE_BOUND ( 'NONE', #3038, .T. ) ;
#760 = EDGE_CURVE ( 'NONE', #3269, #3261, #2482, .T. ) ;
#761 = PLANE ( 'NONE',  #2587 ) ;
#762 = DIRECTION ( 'NONE',  ( -1.000000000000000000, 0.0000000000000000000, 0.0000000000000000000 ) ) ;
#763 = CARTESIAN_POINT ( 'NONE',  ( 0.1259842519685039353, 0.001910576577067480157, 0.1023622047244094474 ) ) ;
#764 =( NAMED_UNIT ( * ) PLANE_ANGLE_UNIT ( ) SI_UNIT ( $, .RADIAN. ) );
#765 = ORIENTED_EDGE ( 'NONE', *, *, #3367, .T. ) ;
#766 = DIRECTION ( 'NONE',  ( -0.8887958910435520554, 0.4583032446580521113, 0.0000000000000000000 ) ) ;
#767 = DIRECTION ( 'NONE',  ( 0.0000000000000000000, 0.0000000000000000000, -1.000000000000000000 ) ) ;
#768 = DIRECTION ( 'NONE',  ( 0.0000000000000000000, -1.000000000000000000, 0.0000000000000000000 ) ) ;
#769 = VECTOR ( 'NONE', #2746, 39.37007874015748143 ) ;
#770 = VECTOR ( 'NONE', #2059, 39.37007874015748143 ) ;
#771 = VECTOR ( 'NONE', #3258, 39.37007874015748143 ) ;
#772 = VECTOR ( 'NONE', #3389, 39.37007874015748143 ) ;
#773 = ORIENTED_EDGE ( 'NONE', *, *, #3374, .F. ) ;
#774 = AXIS2_PLACEMENT_3D ( 'NONE', #668, #2553, #986 ) ;
#775 = EDGE_CURVE ( 'NONE', #2988, #638, #2014, .T. ) ;
#776 = VECTOR ( 'NONE', #2735, 39.37007874015748143 ) ;
#777 = EDGE_LOOP ( 'NONE', ( #1310, #625, #22, #3197, #1493, #2468, #559, #1548, #2772, #1017, #3128 ) ) ;
#778 = LINE ( 'NONE', #231, #1290 ) ;
#779 = CIRCLE ( 'NONE', #3347, 0.02362204724409448092 ) ;
#780 = CIRCLE ( 'NONE', #324, 0.02362204724409448092 ) ;
#781 = EDGE_CURVE ( 'NONE', #2734, #2266, #386, .T. ) ;
#782 = ORIENTED_EDGE ( 'NONE', *, *, #626, .T. ) ;
#783 = FACE_OUTER_BOUND ( 'NONE', #777, .T. ) ;
#784 = CARTESIAN_POINT ( 'NONE',  ( -0.1338584372998307126, -0.03149606299212598381, -0.07480314960629921850 ) ) ;
#785 = LINE ( 'NONE', #1872, #1585 ) ;
#786 =( CONVERSION_BASED_UNIT ( 'INCH', #2137 ) LENGTH_UNIT ( ) NAMED_UNIT ( #3033 ) );
#787 = VECTOR ( 'NONE', #1660, 39.37007874015748143 ) ;
#788 = ORIENTED_EDGE ( 'NONE', *, *, #2676, .F. ) ;
#789 = ADVANCED_FACE ( 'NONE', ( #865 ), #3285, .T. ) ;
#790 = DIRECTION ( 'NONE',  ( 0.0000000000000000000, -1.000000000000000000, 0.0000000000000000000 ) ) ;
#791 = DIRECTION ( 'NONE',  ( 0.4583032446580521113, -0.8887958910435520554, 0.0000000000000000000 ) ) ;
#792 = LINE ( 'NONE', #1608, #1289 ) ;
#793 = LINE ( 'NONE', #2474, #1680 ) ;
#794 = ORIENTED_EDGE ( 'NONE', *, *, #107, .T. ) ;
#795 = VERTEX_POINT ( 'NONE', #310 ) ;
#796 = DIRECTION ( 'NONE',  ( 0.4583032446580520558, -0.8887958910435519444, 0.0000000000000000000 ) ) ;
#797 = ORIENTED_EDGE ( 'NONE', *, *, #1554, .T. ) ;
#798 = CARTESIAN_POINT ( 'NONE',  ( -0.1259842519685039353, 0.001910576577067480157, -0.07480314960629921850 ) ) ;
#799 = ORIENTED_EDGE ( 'NONE', *, *, #2454, .F. ) ;
#800 = VERTEX_POINT ( 'NONE', #2241 ) ;
#801 = LINE ( 'NONE', #217, #3217 ) ;
#802 = LINE ( 'NONE', #1587, #892 ) ;
#803 = CARTESIAN_POINT ( 'NONE',  ( 0.1185480476730569055, -0.06118778250134625923, -0.1023622047244094474 ) ) ;
#804 = FILL_AREA_STYLE ('',( #2467 ) ) ;
#805 = EDGE_CURVE ( 'NONE', #405, #1616, #2773, .T. ) ;
#806 = EDGE_LOOP ( 'NONE', ( #1720, #1391, #1271, #49 ) ) ;
#807 = FACE_OUTER_BOUND ( 'NONE', #464, .T. ) ;
#808 = CARTESIAN_POINT ( 'NONE',  ( -0.08858267716535432601, 0.1496062992125984370, -0.08858267716535432601 ) ) ;
#809 = CARTESIAN_POINT ( 'NONE',  ( 0.1181102362204724532, 0.0000000000000000000, -0.1181102362204724532 ) ) ;
#810 = APPLICATION_CONTEXT ( 'automotive_design' ) ;
#811 = ADVANCED_FACE ( 'NONE', ( #3294, #3350, #1150, #350, #59, #1442 ), #851, .T. ) ;
#812 = DIRECTION ( 'NONE',  ( 0.0000000000000000000, 1.000000000000000000, 0.0000000000000000000 ) ) ;
#813 = ORIENTED_EDGE ( 'NONE', *, *, #1609, .T. ) ;
#814 = ORIENTED_EDGE ( 'NONE', *, *, #3268, .T. ) ;
#815 = LINE ( 'NONE', #2819, #3522 ) ;
#816 = ORIENTED_EDGE ( 'NONE', *, *, #533, .T. ) ;
#817 = CYLINDRICAL_SURFACE ( 'NONE', #893, 0.02362204724409448092 ) ;
#818 = ORIENTED_EDGE ( 'NONE', *, *, #2568, .T. ) ;
#819 = SURFACE_STYLE_USAGE ( .BOTH. , #2452 ) ;
#820 = DIRECTION ( 'NONE',  ( 0.0000000000000000000, -1.000000000000000000, 0.0000000000000000000 ) ) ;
#821 =( NAMED_UNIT ( * ) SI_UNIT ( $, .STERADIAN. ) SOLID_ANGLE_UNIT ( ) );
#822 = EDGE_LOOP ( 'NONE', ( #1540, #1294, #983, #66 ) ) ;
#823 = EDGE_CURVE ( 'NONE', #2776, #195, #2516, .T. ) ;
#824 = DIRECTION ( 'NONE',  ( 0.0000000000000000000, 0.0000000000000000000, 1.000000000000000000 ) ) ;
#825 = DIRECTION ( 'NONE',  ( 0.0000000000000000000, -1.000000000000000000, 0.0000000000000000000 ) ) ;
#826 = LINE ( 'NONE', #1699, #3225 ) ;
#827 = ADVANCED_FACE ( 'NONE', ( #1686 ), #1166, .T. ) ;
#828 = CARTESIAN_POINT ( 'NONE',  ( 0.1181102362204724532, 0.1377952755905511861, -0.1122047244094488277 ) ) ;
#829 = ORIENTED_EDGE ( 'NONE', *, *, #1560, .T. ) ;
#830 = AXIS2_PLACEMENT_3D ( 'NONE', #1225, #683, #3170 ) ;
#831 = VECTOR ( 'NONE', #3333, 39.37007874015748143 ) ;
#832 = EDGE_LOOP ( 'NONE', ( #127, #3164 ) ) ;
#833 = LINE ( 'NONE', #1923, #776 ) ;
#834 = CIRCLE ( 'NONE', #2826, 0.003937007874015749712 ) ;
#835 = ORIENTED_EDGE ( 'NONE', *, *, #144, .F. ) ;
#836 = CARTESIAN_POINT ( 'NONE',  ( -0.1185480476730569055, -0.06118778250134625923, -0.1023622047244094474 ) ) ;
#837 = VECTOR ( 'NONE', #3540, 39.37007874015748143 ) ;
#838 = AXIS2_PLACEMENT_3D ( 'NONE', #1653, #291, #2210 ) ;
#839 = EDGE_LOOP ( 'NONE', ( #2812, #3407, #2379, #2610, #2518, #1860 ) ) ;
#840 = AXIS2_PLACEMENT_3D ( 'NONE', #1048, #3229, #286 ) ;
#841 = FACE_BOUND ( 'NONE', #2589, .T. ) ;
#842 = FACE_OUTER_BOUND ( 'NONE', #1838, .T. ) ;
#843 = CARTESIAN_POINT ( 'NONE',  ( -0.1181102362204724532, 0.1299212598425196763, -0.1181102362204724532 ) ) ;
#844 = AXIS2_PLACEMENT_3D ( 'NONE', #689, #2566, #1774 ) ;
#845 = CARTESIAN_POINT ( 'NONE',  ( -0.1122047244094488277, 0.1299212598425196763, -0.1181102362204724532 ) ) ;
#846 = DIRECTION ( 'NONE',  ( 0.0000000000000000000, 0.0000000000000000000, 1.000000000000000000 ) ) ;
#847 = CIRCLE ( 'NONE', #447, 0.02362204724409448092 ) ;
#848 = EDGE_CURVE ( 'NONE', #3316, #3371, #637, .T. ) ;
#849 = VERTEX_POINT ( 'NONE', #941 ) ;
#850 = VERTEX_POINT ( 'NONE', #3113 ) ;
#851 = PLANE ( 'NONE',  #3345 ) ;
#852 = ADVANCED_FACE ( 'NONE', ( #2029 ), #2296, .T. ) ;
#853 = ORIENTED_EDGE ( 'NONE', *, *, #501, .F. ) ;
#854 = SPHERICAL_SURFACE ( 'NONE', #2490, 0.03937007874015747977 ) ;
#855 =( NAMED_UNIT ( * ) PLANE_ANGLE_UNIT ( ) SI_UNIT ( $, .RADIAN. ) );
#856 = VERTEX_POINT ( 'NONE', #1273 ) ;
#857 = CARTESIAN_POINT ( 'NONE',  ( -0.1185480476730569055, -0.06118778250134625923, 0.09251968503937008093 ) ) ;
#858 = DIRECTION ( 'NONE',  ( 0.0000000000000000000, 1.000000000000000000, 0.0000000000000000000 ) ) ;
#859 = CARTESIAN_POINT ( 'NONE',  ( -0.1352200082310885954, -0.04603634211220338640, -0.07480314960629921850 ) ) ;
#860 = DIRECTION ( 'NONE',  ( 1.000000000000000000, 0.0000000000000000000, 0.0000000000000000000 ) ) ;
#861 = DIRECTION ( 'NONE',  ( 0.1936873206075088727, -0.3756213745151029682, -0.9063077870366494926 ) ) ;
#862 = ORIENTED_EDGE ( 'NONE', *, *, #1218, .F. ) ;
#863 = EDGE_CURVE ( 'NONE', #3474, #1591, #3266, .T. ) ;
#864 = ORIENTED_EDGE ( 'NONE', *, *, #1721, .F. ) ;
#865 = FACE_OUTER_BOUND ( 'NONE', #1272, .T. ) ;
#866 = ORIENTED_EDGE ( 'NONE', *, *, #883, .T. ) ;
#867 = ADVANCED_FACE ( 'NONE', ( #37 ), #1547, .T. ) ;
#868 = ORIENTED_EDGE ( 'NONE', *, *, #2605, .F. ) ;
#869 = FACE_OUTER_BOUND ( 'NONE', #1207, .T. ) ;
#870 = DIRECTION ( 'NONE',  ( 1.000000000000000000, 0.0000000000000000000, 0.0000000000000000000 ) ) ;
#871 = DIRECTION ( 'NONE',  ( 0.0000000000000000000, 0.0000000000000000000, -1.000000000000000000 ) ) ;
#872 = VERTEX_POINT ( 'NONE', #3287 ) ;
#873 = ADVANCED_FACE ( 'NONE', ( #2625 ), #3004, .F. ) ;
#874 = DIRECTION ( 'NONE',  ( 0.0000000000000000000, 0.0000000000000000000, 1.000000000000000000 ) ) ;
#875 = DIRECTION ( 'NONE',  ( 1.000000000000000000, 0.0000000000000000000, 0.0000000000000000000 ) ) ;
#876 = DIRECTION ( 'NONE',  ( 0.0000000000000000000, -1.000000000000000000, 0.0000000000000000000 ) ) ;
#877 = LINE ( 'NONE', #1394, #2206 ) ;
#878 = CARTESIAN_POINT ( 'NONE',  ( 0.1259842519685039353, 0.02755905511811023584, 0.1023622047244094474 ) ) ;
#879 = CARTESIAN_POINT ( 'NONE',  ( -0.1338584372998307126, -0.03149606299212598381, -0.07480314960629921850 ) ) ;
#880 = ORIENTED_EDGE ( 'NONE', *, *, #2472, .T. ) ;
#881 = EDGE_LOOP ( 'NONE', ( #176, #177, #3331, #1200, #2862, #568 ) ) ;
#882 = LINE ( 'NONE', #2534, #2944 ) ;
#883 = EDGE_CURVE ( 'NONE', #1920, #638, #572, .T. ) ;
#884 = AXIS2_PLACEMENT_3D ( 'NONE', #2764, #1950, #2803 ) ;
#885 = VECTOR ( 'NONE', #409, 39.37007874015748143 ) ;
#886 = VERTEX_POINT ( 'NONE', #1380 ) ;
#887 = LINE ( 'NONE', #680, #3455 ) ;
#888 = CARTESIAN_POINT ( 'NONE',  ( -0.1259842519685039353, 0.001910576577067484277, 0.1023622047244094474 ) ) ;
#889 = VECTOR ( 'NONE', #1277, 39.37007874015748143 ) ;
#890 = EDGE_CURVE ( 'NONE', #2638, #3373, #305, .T. ) ;
#891 = ORIENTED_EDGE ( 'NONE', *, *, #1415, .F. ) ;
#892 = VECTOR ( 'NONE', #2668, 39.37007874015748143 ) ;
#893 = AXIS2_PLACEMENT_3D ( 'NONE', #2665, #2936, #3489 ) ;
#894 = DIRECTION ( 'NONE',  ( 0.0000000000000000000, -1.000000000000000000, 0.0000000000000000000 ) ) ;
#895 = DIRECTION ( 'NONE',  ( 0.0000000000000000000, 0.0000000000000000000, 1.000000000000000000 ) ) ;
#896 = CARTESIAN_POINT ( 'NONE',  ( 0.1122047244094488277, 0.1299212598425196763, -0.1181102362204724532 ) ) ;
#897 = LINE ( 'NONE', #1990, #198 ) ;
#898 = VECTOR ( 'NONE', #2913, 39.37007874015748143 ) ;
#899 = EDGE_CURVE ( 'NONE', #1616, #3363, #16, .T. ) ;
#900 = AXIS2_PLACEMENT_3D ( 'NONE', #997, #465, #1556 ) ;
#901 = LINE ( 'NONE', #2306, #3211 ) ;
#902 = CARTESIAN_POINT ( 'NONE',  ( -8.437527159479795937E-18, 0.1299212598425196763, -0.06889763779527559306 ) ) ;
#903 = VECTOR ( 'NONE', #796, 39.37007874015748143 ) ;
#904 = LINE ( 'NONE', #1995, #546 ) ;
#905 = VERTEX_POINT ( 'NONE', #1396 ) ;
#906 = VECTOR ( 'NONE', #1047, 39.37007874015748143 ) ;
#907 = VERTEX_POINT ( 'NONE', #1879 ) ;
#908 = DIRECTION ( 'NONE',  ( 0.0000000000000000000, 0.0000000000000000000, 1.000000000000000000 ) ) ;
#909 = VECTOR ( 'NONE', #155, 39.37007874015748143 ) ;
#910 = ORIENTED_EDGE ( 'NONE', *, *, #1763, .F. ) ;
#911 = FACE_OUTER_BOUND ( 'NONE', #2139, .T. ) ;
#912 = PLANE ( 'NONE',  #599 ) ;
#913 = ORIENTED_EDGE ( 'NONE', *, *, #2733, .F. ) ;
#914 = DIRECTION ( 'NONE',  ( 0.4583032446580520558, -0.8887958910435519444, 0.0000000000000000000 ) ) ;
#915 = DIRECTION ( 'NONE',  ( 0.0000000000000000000, 1.000000000000000000, 0.0000000000000000000 ) ) ;
#916 = CYLINDRICAL_SURFACE ( 'NONE', #1642, 0.007874015748031499423 ) ;
#917 = DIRECTION ( 'NONE',  ( 0.0000000000000000000, -1.000000000000000000, 0.0000000000000000000 ) ) ;
#918 = EDGE_CURVE ( 'NONE', #2394, #524, #1351, .T. ) ;
#919 = ORIENTED_EDGE ( 'NONE', *, *, #2947, .F. ) ;
#920 = DIRECTION ( 'NONE',  ( 0.0000000000000000000, 0.0000000000000000000, -1.000000000000000000 ) ) ;
#921 = CYLINDRICAL_SURFACE ( 'NONE', #2715, 0.02362204724409448092 ) ;
#922 = FACE_OUTER_BOUND ( 'NONE', #2926, .T. ) ;
#923 = ADVANCED_FACE ( 'NONE', ( #555 ), #2221, .T. ) ;
#924 = VERTEX_POINT ( 'NONE', #2202 ) ;
#925 = EDGE_CURVE ( 'NONE', #907, #3363, #1648, .T. ) ;
#926 = CARTESIAN_POINT ( 'NONE',  ( 0.1083935435132570846, -0.03220340707415822457, -0.07480314960629921850 ) ) ;
#927 = VERTEX_POINT ( 'NONE', #178 ) ;
#928 = ORIENTED_EDGE ( 'NONE', *, *, #1668, .T. ) ;
#929 =( LENGTH_UNIT ( ) NAMED_UNIT ( * ) SI_UNIT ( $, .METRE. ) );
#930 = VERTEX_POINT ( 'NONE', #2902 ) ;
#931 = CARTESIAN_POINT ( 'NONE',  ( 0.1338584372998307126, -0.03149606299212598381, -0.1023622047244094474 ) ) ;
#932 = DIRECTION ( 'NONE',  ( -0.4583032446580520558, -0.8887958910435519444, 0.0000000000000000000 ) ) ;
#933 = DIRECTION ( 'NONE',  ( 0.0000000000000000000, -1.000000000000000000, 0.0000000000000000000 ) ) ;
#934 = CARTESIAN_POINT ( 'NONE',  ( -0.1555118110236220763, -0.003937007874015747977, 0.04921259842519685318 ) ) ;
#935 = ORIENTED_EDGE ( 'NONE', *, *, #925, .F. ) ;
#936 = DIRECTION ( 'NONE',  ( 0.0000000000000000000, -1.000000000000000000, 0.0000000000000000000 ) ) ;
#937 = DIRECTION ( 'NONE',  ( 0.0000000000000000000, -1.000000000000000000, 0.0000000000000000000 ) ) ;
#938 = LINE ( 'NONE', #3397, #1856 ) ;
#939 = ORIENTED_EDGE ( 'NONE', *, *, #742, .T. ) ;
#940 = ADVANCED_FACE ( 'NONE', ( #269 ), #2730, .T. ) ;
#941 = CARTESIAN_POINT ( 'NONE',  ( -0.1408568301426933178, -0.03510474995793744224, 0.1023622047244094474 ) ) ;
#942 = EDGE_CURVE ( 'NONE', #1518, #2737, #793, .T. ) ;
#943 = ORIENTED_EDGE ( 'NONE', *, *, #735, .T. ) ;
#944 = VERTEX_POINT ( 'NONE', #845 ) ;
#945 = DIRECTION ( 'NONE',  ( 0.0000000000000000000, 0.0000000000000000000, 1.000000000000000000 ) ) ;
#946 = DIRECTION ( 'NONE',  ( 0.0000000000000000000, -1.000000000000000000, 0.0000000000000000000 ) ) ;
#947 = LINE ( 'NONE', #1551, #889 ) ;
#948 = CARTESIAN_POINT ( 'NONE',  ( -0.1189390950157675347, -0.001605939811570186943, 0.07480314960629921850 ) ) ;
#949 = AXIS2_PLACEMENT_3D ( 'NONE', #2508, #68, #915 ) ;
#950 = CARTESIAN_POINT ( 'NONE',  ( 0.1185480476730569055, -0.06118778250134625923, 0.09251968503937008093 ) ) ;
#951 = STYLED_ITEM ( 'NONE', ( #116 ), #395 ) ;
#952 = ORIENTED_EDGE ( 'NONE', *, *, #3385, .F. ) ;
#953 = AXIS2_PLACEMENT_3D ( 'NONE', #2122, #3511, #256 ) ;
#954 = VECTOR ( 'NONE', #652, 39.37007874015748143 ) ;
#955 = CARTESIAN_POINT ( 'NONE',  ( -0.1259842519685039353, 0.001910576577067480157, 0.1023622047244094474 ) ) ;
#956 = CARTESIAN_POINT ( 'NONE',  ( 0.1408568301426933178, -0.03510474995793744224, 0.1023622047244094474 ) ) ;
#957 = DIRECTION ( 'NONE',  ( 0.0000000000000000000, 0.0000000000000000000, 1.000000000000000000 ) ) ;
#958 = AXIS2_PLACEMENT_3D ( 'NONE', #1181, #1198, #1716 ) ;
#959 = AXIS2_PLACEMENT_3D ( 'NONE', #1997, #3325, #3081 ) ;
#960 = ORIENTED_EDGE ( 'NONE', *, *, #1550, .F. ) ;
#961 = EDGE_CURVE ( 'NONE', #129, #58, #241, .T. ) ;
#962 = VECTOR ( 'NONE', #876, 39.37007874015748143 ) ;
#963 = AXIS2_PLACEMENT_3D ( 'NONE', #1029, #2488, #1959 ) ;
#964 = EDGE_LOOP ( 'NONE', ( #913, #61, #3516, #3082 ) ) ;
#965 = CARTESIAN_POINT ( 'NONE',  ( 0.1408568301426933178, -0.03510474995793744224, -0.1023622047244094474 ) ) ;
#966 = EDGE_CURVE ( 'NONE', #2290, #3210, #3063, .T. ) ;
#967 = PRESENTATION_STYLE_ASSIGNMENT (( #1298 ) ) ;
#968 = PLANE ( 'NONE',  #3398 ) ;
#969 = LINE ( 'NONE', #375, #677 ) ;
#970 = CARTESIAN_POINT ( 'NONE',  ( 0.1181102362204724532, 0.0000000000000000000, 0.04921259842519685318 ) ) ;
#971 = VERTEX_POINT ( 'NONE', #1075 ) ;
#972 = DIRECTION ( 'NONE',  ( 0.0000000000000000000, -1.000000000000000000, 0.0000000000000000000 ) ) ;
#973 = SPHERICAL_SURFACE ( 'NONE', #268, 0.03937007874015747977 ) ;
#974 = ORIENTED_EDGE ( 'NONE', *, *, #1780, .T. ) ;
#975 = EDGE_CURVE ( 'NONE', #1089, #1920, #2711, .T. ) ;
#976 = ORIENTED_EDGE ( 'NONE', *, *, #3075, .F. ) ;
#977 = ORIENTED_EDGE ( 'NONE', *, *, #418, .F. ) ;
#978 = CARTESIAN_POINT ( 'NONE',  ( 7.589887476068493786E-18, 0.2755905511811023723, -0.06000882974015058630 ) ) ;
#979 = EDGE_CURVE ( 'NONE', #1188, #1470, #1859, .T. ) ;
#980 = DIRECTION ( 'NONE',  ( 0.0000000000000000000, 0.0000000000000000000, 1.000000000000000000 ) ) ;
#981 = CARTESIAN_POINT ( 'NONE',  ( 0.1338584372998307126, -0.03149606299212598381, 0.1023622047244094474 ) ) ;
#982 = DIRECTION ( 'NONE',  ( 1.000000000000000000, 0.0000000000000000000, 0.0000000000000000000 ) ) ;
#983 = ORIENTED_EDGE ( 'NONE', *, *, #2243, .F. ) ;
#984 = DIRECTION ( 'NONE',  ( -1.000000000000000000, 0.0000000000000000000, 0.0000000000000000000 ) ) ;
#985 = CARTESIAN_POINT ( 'NONE',  ( 0.08858267716535432601, 0.1496062992125984370, 0.1122047244094488139 ) ) ;
#986 = DIRECTION ( 'NONE',  ( 0.0000000000000000000, 0.0000000000000000000, 1.000000000000000000 ) ) ;
#987 = EDGE_LOOP ( 'NONE', ( #1747, #3025, #3467, #2971 ) ) ;
#988 = VERTEX_POINT ( 'NONE', #586 ) ;
#989 = ORIENTED_EDGE ( 'NONE', *, *, #243, .F. ) ;
#990 = DIRECTION ( 'NONE',  ( -2.168404344971010347E-16, 0.0000000000000000000, -1.000000000000000000 ) ) ;
#991 = EDGE_CURVE ( 'NONE', #2774, #2640, #1201, .T. ) ;
#992 = DIRECTION ( 'NONE',  ( -0.8887958910435520554, 0.4583032446580521113, 0.0000000000000000000 ) ) ;
#993 = FACE_OUTER_BOUND ( 'NONE', #347, .T. ) ;
#994 = PLANE ( 'NONE',  #733 ) ;
#995 = EDGE_CURVE ( 'NONE', #2230, #2462, #2319, .T. ) ;
#996 = ORIENTED_EDGE ( 'NONE', *, *, #136, .F. ) ;
#997 = CARTESIAN_POINT ( 'NONE',  ( 0.0000000000000000000, 0.0000000000000000000, 0.0000000000000000000 ) ) ;
#998 = DIRECTION ( 'NONE',  ( 0.0000000000000000000, -1.000000000000000000, 0.0000000000000000000 ) ) ;
#999 = CARTESIAN_POINT ( 'NONE',  ( 0.1338584372998307126, -0.03149606299212598381, -0.1023622047244094474 ) ) ;
#1000 = EDGE_CURVE ( 'NONE', #725, #927, #149, .T. ) ;
#1001 = VECTOR ( 'NONE', #875, 39.37007874015748143 ) ;
#1002 = VECTOR ( 'NONE', #3490, 39.37007874015748854 ) ;
#1003 = ORIENTED_EDGE ( 'NONE', *, *, #515, .F. ) ;
#1004 = AXIS2_PLACEMENT_3D ( 'NONE', #3491, #1846, #1101 ) ;
#1005 = CIRCLE ( 'NONE', #2884, 0.07283464566929134798 ) ;
#1006 = ORIENTED_EDGE ( 'NONE', *, *, #2629, .F. ) ;
#1007 = AXIS2_PLACEMENT_3D ( 'NONE', #738, #1623, #1074 ) ;
#1008 = ORIENTED_EDGE ( 'NONE', *, *, #2517, .F. ) ;
#1009 = DIRECTION ( 'NONE',  ( 0.0000000000000000000, 0.0000000000000000000, -1.000000000000000000 ) ) ;
#1010 = EDGE_LOOP ( 'NONE', ( #293, #3235, #540, #2110, #3147, #1288, #1280, #560, #309, #1666, #2933 ) ) ;
#1011 = DIRECTION ( 'NONE',  ( 0.0000000000000000000, 0.0000000000000000000, 1.000000000000000000 ) ) ;
#1012 = AXIS2_PLACEMENT_3D ( 'NONE', #2400, #3496, #480 ) ;
#1013 = DIRECTION ( 'NONE',  ( 0.0000000000000000000, 0.0000000000000000000, 1.000000000000000000 ) ) ;
#1014 = CARTESIAN_POINT ( 'NONE',  ( -0.1189390950157675347, -0.001605939811570186943, -0.1023622047244094474 ) ) ;
#1015 = DIRECTION ( 'NONE',  ( 0.0000000000000000000, -1.000000000000000000, 0.0000000000000000000 ) ) ;
#1016 = VECTOR ( 'NONE', #2337, 39.37007874015748143 ) ;
#1017 = ORIENTED_EDGE ( 'NONE', *, *, #805, .T. ) ;
#1018 = ADVANCED_FACE ( 'NONE', ( #325 ), #3364, .F. ) ;
#1019 = CARTESIAN_POINT ( 'NONE',  ( 0.08858267716535432601, 0.1299212598425196763, 0.1122047244094488139 ) ) ;
#1020 = DIRECTION ( 'NONE',  ( 0.8887958910435520554, 0.4583032446580521113, 0.0000000000000000000 ) ) ;
#1021 = CARTESIAN_POINT ( 'NONE',  ( 0.0000000000000000000, 0.1299212598425196763, 0.0000000000000000000 ) ) ;
#1022 = ORIENTED_EDGE ( 'NONE', *, *, #1213, .F. ) ;
#1023 = EDGE_CURVE ( 'NONE', #221, #3048, #3348, .T. ) ;
#1024 = ORIENTED_EDGE ( 'NONE', *, *, #418, .T. ) ;
#1025 = EDGE_LOOP ( 'NONE', ( #3370, #2931 ) ) ;
#1026 = DIRECTION ( 'NONE',  ( 0.0000000000000000000, -1.000000000000000000, 0.0000000000000000000 ) ) ;
#1027 = DIRECTION ( 'NONE',  ( 0.0000000000000000000, 1.000000000000000000, 0.0000000000000000000 ) ) ;
#1028 = LINE ( 'NONE', #1299, #601 ) ;
#1029 = CARTESIAN_POINT ( 'NONE',  ( 0.1122047244094488277, 0.1299212598425196763, 0.1122047244094488277 ) ) ;
#1030 = CARTESIAN_POINT ( 'NONE',  ( -0.1282216153882259901, -0.04242765514639196961, -0.07480314960629921850 ) ) ;
#1031 = VERTEX_POINT ( 'NONE', #401 ) ;
#1032 = CARTESIAN_POINT ( 'NONE',  ( 0.1259842519685039353, 0.02755905511811023584, -0.1023622047244094474 ) ) ;
#1033 = DIRECTION ( 'NONE',  ( 0.0000000000000000000, 0.0000000000000000000, -1.000000000000000000 ) ) ;
#1034 = DIRECTION ( 'NONE',  ( -1.000000000000000000, 0.0000000000000000000, 0.0000000000000000000 ) ) ;
#1035 = EDGE_CURVE ( 'NONE', #1591, #290, #2844, .T. ) ;
#1036 = ADVANCED_FACE ( 'NONE', ( #2527 ), #1966, .T. ) ;
#1037 = ORIENTED_EDGE ( 'NONE', *, *, #3309, .F. ) ;
#1038 = ORIENTED_EDGE ( 'NONE', *, *, #3356, .T. ) ;
#1039 = LINE ( 'NONE', #539, #318 ) ;
#1040 = EDGE_CURVE ( 'NONE', #2504, #2681, #2009, .T. ) ;
#1041 = CARTESIAN_POINT ( 'NONE',  ( -0.1338584372998307126, -0.03149606299212598381, 0.07480314960629921850 ) ) ;
#1042 = CARTESIAN_POINT ( 'NONE',  ( -0.1122047244094488277, 0.1299212598425196763, -0.1181102362204724532 ) ) ;
#1043 = DIRECTION ( 'NONE',  ( 1.000000000000000000, 0.0000000000000000000, 0.0000000000000000000 ) ) ;
#1044 = DIRECTION ( 'NONE',  ( 0.0000000000000000000, -1.000000000000000000, 0.0000000000000000000 ) ) ;
#1045 = EDGE_LOOP ( 'NONE', ( #497, #2298, #2769, #3029 ) ) ;
#1046 = DIRECTION ( 'NONE',  ( 0.0000000000000000000, -1.000000000000000000, 0.0000000000000000000 ) ) ;
#1047 = DIRECTION ( 'NONE',  ( -0.8887958910435519444, 0.4583032446580520558, 0.0000000000000000000 ) ) ;
#1048 = CARTESIAN_POINT ( 'NONE',  ( 0.1122047244094488277, 0.1299212598425196763, -0.1122047244094488277 ) ) ;
#1049 = VECTOR ( 'NONE', #972, 39.37007874015748143 ) ;
#1050 = VECTOR ( 'NONE', #3085, 39.37007874015748143 ) ;
#1051 = MECHANICAL_DESIGN_GEOMETRIC_PRESENTATION_REPRESENTATION (  '', ( #2938 ), #2533 ) ;
#1052 = ORIENTED_EDGE ( 'NONE', *, *, #1874, .T. ) ;
#1053 = AXIS2_PLACEMENT_3D ( 'NONE', #1664, #3289, #3267 ) ;
#1054 = AXIS2_PLACEMENT_3D ( 'NONE', #1975, #2502, #1405 ) ;
#1055 = VERTEX_POINT ( 'NONE', #379 ) ;
#1056 = EDGE_CURVE ( 'NONE', #2316, #1259, #780, .T. ) ;
#1057 = DIRECTION ( 'NONE',  ( 1.224646799147353207E-16, 0.0000000000000000000, -1.000000000000000000 ) ) ;
#1058 = EDGE_LOOP ( 'NONE', ( #414, #2205, #2870, #3213 ) ) ;
#1059 = DIRECTION ( 'NONE',  ( 2.168404344971010446E-15, -1.000000000000000000, 0.0000000000000000000 ) ) ;
#1060 = CIRCLE ( 'NONE', #3062, 0.007874015748031499423 ) ;
#1061 = AXIS2_PLACEMENT_3D ( 'NONE', #1363, #534, #1009 ) ;
#1062 = ORIENTED_EDGE ( 'NONE', *, *, #1365, .T. ) ;
#1063 = AXIS2_PLACEMENT_3D ( 'NONE', #888, #1982, #3069 ) ;
#1064 = EDGE_CURVE ( 'NONE', #1055, #1077, #1161, .T. ) ;
#1065 = CARTESIAN_POINT ( 'NONE',  ( 0.1259842519685039353, 0.001910576577067480157, 0.07480314960629921850 ) ) ;
#1066 = PLANE ( 'NONE',  #3279 ) ;
#1067 = DIRECTION ( 'NONE',  ( 0.0000000000000000000, 0.0000000000000000000, -1.000000000000000000 ) ) ;
#1068 = FACE_OUTER_BOUND ( 'NONE', #2996, .T. ) ;
#1069 = DIMENSIONAL_EXPONENTS ( 1.000000000000000000, 0.0000000000000000000, 0.0000000000000000000, 0.0000000000000000000, 0.0000000000000000000, 0.0000000000000000000, 0.0000000000000000000 ) ;
#1070 = AXIS2_PLACEMENT_3D ( 'NONE', #3228, #791, #1877 ) ;
#1071 = ORIENTED_EDGE ( 'NONE', *, *, #681, .F. ) ;
#1072 = DIRECTION ( 'NONE',  ( 0.0000000000000000000, -1.000000000000000000, 0.0000000000000000000 ) ) ;
#1073 = DIRECTION ( 'NONE',  ( 0.0000000000000000000, 0.0000000000000000000, -1.000000000000000000 ) ) ;
#1074 = DIRECTION ( 'NONE',  ( 0.8887958910435519444, 0.4583032446580520558, 0.0000000000000000000 ) ) ;
#1075 = CARTESIAN_POINT ( 'NONE',  ( -0.1259842519685039353, 0.02755905511811023584, -0.1023622047244094474 ) ) ;
#1076 = ORIENTED_EDGE ( 'NONE', *, *, #1151, .F. ) ;
#1077 = VERTEX_POINT ( 'NONE', #1436 ) ;
#1078 = CARTESIAN_POINT ( 'NONE',  ( -0.1122047244094488277, 0.1377952755905511861, 0.1181102362204724532 ) ) ;
#1079 = ORIENTED_EDGE ( 'NONE', *, *, #890, .F. ) ;
#1080 = CARTESIAN_POINT ( 'NONE',  ( -0.1338584372998307126, -0.03149606299212598381, -0.1023622047244094474 ) ) ;
#1081 = ORIENTED_EDGE ( 'NONE', *, *, #2608, .F. ) ;
#1082 = EDGE_CURVE ( 'NONE', #19, #2104, #88, .T. ) ;
#1083 = ORIENTED_EDGE ( 'NONE', *, *, #126, .T. ) ;
#1084 =( NAMED_UNIT ( * ) PLANE_ANGLE_UNIT ( ) SI_UNIT ( $, .RADIAN. ) );
#1085 = CARTESIAN_POINT ( 'NONE',  ( 0.1408568301426933178, -0.03510474995793744224, 0.1023622047244094474 ) ) ;
#1086 = SURFACE_SIDE_STYLE ('',( #623 ) ) ;
#1087 =( NAMED_UNIT ( * ) PLANE_ANGLE_UNIT ( ) SI_UNIT ( $, .RADIAN. ) );
#1088 = ADVANCED_FACE ( 'NONE', ( #1490 ), #1732, .F. ) ;
#1089 = VERTEX_POINT ( 'NONE', #2818 ) ;
#1090 = DIRECTION ( 'NONE',  ( -1.000000000000000000, 0.0000000000000000000, 0.0000000000000000000 ) ) ;
#1091 = DIRECTION ( 'NONE',  ( 0.0000000000000000000, 0.0000000000000000000, 1.000000000000000000 ) ) ;
#1092 = DIRECTION ( 'NONE',  ( 0.0000000000000000000, -1.000000000000000000, 0.0000000000000000000 ) ) ;
#1093 = EDGE_CURVE ( 'NONE', #3293, #1707, #901, .T. ) ;
#1094 = DIMENSIONAL_EXPONENTS ( 1.000000000000000000, 0.0000000000000000000, 0.0000000000000000000, 0.0000000000000000000, 0.0000000000000000000, 0.0000000000000000000, 0.0000000000000000000 ) ;
#1095 = DIRECTION ( 'NONE',  ( 0.0000000000000000000, 1.000000000000000000, 0.0000000000000000000 ) ) ;
#1096 = VERTEX_POINT ( 'NONE', #3056 ) ;
#1097 = ORIENTED_EDGE ( 'NONE', *, *, #991, .T. ) ;
#1098 = DIRECTION ( 'NONE',  ( 0.0000000000000000000, 1.000000000000000000, 0.0000000000000000000 ) ) ;
#1099 = ORIENTED_EDGE ( 'NONE', *, *, #1530, .T. ) ;
#1100 = CARTESIAN_POINT ( 'NONE',  ( 0.1255464405159194829, -0.06479646946715768296, -0.08464566929133858497 ) ) ;
#1101 = DIRECTION ( 'NONE',  ( 1.000000000000000000, 0.0000000000000000000, 0.0000000000000000000 ) ) ;
#1102 =( CONVERSION_BASED_UNIT ( 'INCH', #48 ) LENGTH_UNIT ( ) NAMED_UNIT ( #1366 ) );
#1103 = ORIENTED_EDGE ( 'NONE', *, *, #2517, .T. ) ;
#1104 = PLANE ( 'NONE',  #3454 ) ;
#1105 = DIRECTION ( 'NONE',  ( 1.000000000000000000, 0.0000000000000000000, 0.0000000000000000000 ) ) ;
#1106 = CARTESIAN_POINT ( 'NONE',  ( -0.1181102362204724532, 0.03543307086614173179, 0.1023622047244094474 ) ) ;
#1107 = EDGE_CURVE ( 'NONE', #1998, #2155, #1237, .T. ) ;
#1108 = CARTESIAN_POINT ( 'NONE',  ( 0.1328516659854228621, -0.03344851307380460742, -0.1070731206436911498 ) ) ;
#1109 = LINE ( 'NONE', #2203, #1631 ) ;
#1110 = EDGE_CURVE ( 'NONE', #1096, #3184, #1993, .T. ) ;
#1111 = VERTEX_POINT ( 'NONE', #3381 ) ;
#1112 = CIRCLE ( 'NONE', #830, 0.02362204724409448092 ) ;
#1113 = AXIS2_PLACEMENT_3D ( 'NONE', #2573, #894, #1768 ) ;
#1114 = ORIENTED_EDGE ( 'NONE', *, *, #1925, .F. ) ;
#1115 = DIRECTION ( 'NONE',  ( 0.0000000000000000000, -0.9238015285048950531, 0.3828716964363119701 ) ) ;
#1116 = AXIS2_PLACEMENT_3D ( 'NONE', #2278, #690, #2328 ) ;
#1117 = VECTOR ( 'NONE', #314, 39.37007874015748854 ) ;
#1118 = EDGE_LOOP ( 'NONE', ( #1358, #1597, #502, #1083 ) ) ;
#1119 = LENGTH_MEASURE_WITH_UNIT ( LENGTH_MEASURE( 0.02539999999999999897 ), #3534 );
#1120 =( LENGTH_UNIT ( ) NAMED_UNIT ( * ) SI_UNIT ( $, .METRE. ) );
#1121 = CIRCLE ( 'NONE', #2946, 0.007874015748031499423 ) ;
#1122 = LINE ( 'NONE', #580, #491 ) ;
#1123 = EDGE_LOOP ( 'NONE', ( #478, #996, #3323, #2324 ) ) ;
#1124 = CARTESIAN_POINT ( 'NONE',  ( 0.1259842519685039353, 0.001910576577067480157, -0.1023622047244094474 ) ) ;
#1125 = DIRECTION ( 'NONE',  ( -1.000000000000000000, 0.0000000000000000000, 0.0000000000000000000 ) ) ;
#1126 = DIRECTION ( 'NONE',  ( 0.0000000000000000000, 0.0000000000000000000, 1.000000000000000000 ) ) ;
#1127 = AXIS2_PLACEMENT_3D ( 'NONE', #1202, #1504, #2341 ) ;
#1128 = EDGE_CURVE ( 'NONE', #1790, #1569, #3518, .T. ) ;
#1129 = VECTOR ( 'NONE', #1770, 39.37007874015748143 ) ;
#1130 = CARTESIAN_POINT ( 'NONE',  ( -0.1181102362204724532, 0.02755905511811023584, -0.1023622047244094474 ) ) ;
#1131 = CARTESIAN_POINT ( 'NONE',  ( 0.08858267716535432601, 0.1496062992125984370, 0.08858267716535432601 ) ) ;
#1132 = VERTEX_POINT ( 'NONE', #1471 ) ;
#1133 = EDGE_CURVE ( 'NONE', #1371, #3474, #109, .T. ) ;
#1134 = ORIENTED_EDGE ( 'NONE', *, *, #1911, .T. ) ;
#1135 = DIRECTION ( 'NONE',  ( 1.000000000000000000, 0.0000000000000000000, 0.0000000000000000000 ) ) ;
#1136 = EDGE_CURVE ( 'NONE', #524, #3061, #3447, .T. ) ;
#1137 = ORIENTED_EDGE ( 'NONE', *, *, #742, .F. ) ;
#1138 = CARTESIAN_POINT ( 'NONE',  ( -0.08858267716535432601, 0.1299212598425196763, 0.1122047244094488139 ) ) ;
#1139 = FILL_AREA_STYLE_COLOUR ( '', #2376 ) ;
#1140 = ORIENTED_EDGE ( 'NONE', *, *, #1925, .T. ) ;
#1141 = CARTESIAN_POINT ( 'NONE',  ( -0.1122047244094488277, 0.1299212598425196763, 0.1122047244094488277 ) ) ;
#1142 = FACE_OUTER_BOUND ( 'NONE', #1957, .T. ) ;
#1143 = DIRECTION ( 'NONE',  ( 0.0000000000000000000, 0.0000000000000000000, 1.000000000000000000 ) ) ;
#1144 = DIRECTION ( 'NONE',  ( 0.0000000000000000000, 1.000000000000000000, 0.0000000000000000000 ) ) ;
#1145 = CARTESIAN_POINT ( 'NONE',  ( 0.1189390950157675347, -0.001605939811570186943, 0.1023622047244094474 ) ) ;
#1146 = PRESENTATION_STYLE_ASSIGNMENT (( #2789 ) ) ;
#1147 = ADVANCED_FACE ( 'NONE', ( #2340 ), #1267, .F. ) ;
#1148 = ORIENTED_EDGE ( 'NONE', *, *, #2692, .F. ) ;
#1149 = VERTEX_POINT ( 'NONE', #159 ) ;
#1150 = FACE_BOUND ( 'NONE', #179, .T. ) ;
#1151 = EDGE_CURVE ( 'NONE', #426, #1862, #3142, .T. ) ;
#1152 = ORIENTED_EDGE ( 'NONE', *, *, #1984, .F. ) ;
#1153 = ORIENTED_EDGE ( 'NONE', *, *, #2869, .F. ) ;
#1154 = CARTESIAN_POINT ( 'NONE',  ( -0.08858267716535432601, 0.1299212598425196763, 0.1122047244094488139 ) ) ;
#1155 = EDGE_CURVE ( 'NONE', #2155, #1998, #1412, .T. ) ;
#1156 = ORIENTED_EDGE ( 'NONE', *, *, #1439, .T. ) ;
#1157 = CARTESIAN_POINT ( 'NONE',  ( 0.1181102362204724532, 0.02755905511811023584, 0.1023622047244094474 ) ) ;
#1158 = DIRECTION ( 'NONE',  ( 0.0000000000000000000, 0.0000000000000000000, 1.000000000000000000 ) ) ;
#1159 = DIRECTION ( 'NONE',  ( 0.8887958910435520554, 0.4583032446580521113, 0.0000000000000000000 ) ) ;
#1160 = DIRECTION ( 'NONE',  ( 1.000000000000000000, 0.0000000000000000000, -1.445602896647339903E-16 ) ) ;
#1161 = LINE ( 'NONE', #2551, #2149 ) ;
#1162 = CARTESIAN_POINT ( 'NONE',  ( -0.1181102362204724532, 0.003937007874015747977, -0.04921259842519685318 ) ) ;
#1163 = DIRECTION ( 'NONE',  ( 1.445602896647339903E-16, 0.0000000000000000000, 1.000000000000000000 ) ) ;
#1164 = VERTEX_POINT ( 'NONE', #1019 ) ;
#1165 = VERTEX_POINT ( 'NONE', #955 ) ;
#1166 = CYLINDRICAL_SURFACE ( 'NONE', #959, 0.02362204724409448092 ) ;
#1167 = VECTOR ( 'NONE', #360, 39.37007874015748143 ) ;
#1168 = EDGE_CURVE ( 'NONE', #1259, #2316, #3052, .T. ) ;
#1169 = ORIENTED_EDGE ( 'NONE', *, *, #577, .T. ) ;
#1170 = DIRECTION ( 'NONE',  ( 0.0000000000000000000, 0.0000000000000000000, -1.000000000000000000 ) ) ;
#1171 = CYLINDRICAL_SURFACE ( 'NONE', #2998, 0.07283464566929134798 ) ;
#1172 = VECTOR ( 'NONE', #1416, 39.37007874015748143 ) ;
#1173 = CIRCLE ( 'NONE', #253, 0.005905511811023620231 ) ;
#1174 = VERTEX_POINT ( 'NONE', #3129 ) ;
#1175 = EDGE_CURVE ( 'NONE', #2266, #2501, #702, .T. ) ;
#1176 = CIRCLE ( 'NONE', #382, 0.007874015748031499423 ) ;
#1177 = VECTOR ( 'NONE', #2807, 39.37007874015748143 ) ;
#1178 = LINE ( 'NONE', #339, #3503 ) ;
#1179 = PLANE ( 'NONE',  #2140 ) ;
#1180 = CARTESIAN_POINT ( 'NONE',  ( -0.1352200082310885954, -0.04603634211220338640, -0.1023622047244094474 ) ) ;
#1181 = CARTESIAN_POINT ( 'NONE',  ( -0.1259842519685039353, 0.02755905511811023584, -0.1023622047244094474 ) ) ;
#1182 = VECTOR ( 'NONE', #768, 39.37007874015748143 ) ;
#1183 = ORIENTED_EDGE ( 'NONE', *, *, #2437, .F. ) ;
#1184 = DIRECTION ( 'NONE',  ( 0.0000000000000000000, 0.0000000000000000000, 1.000000000000000000 ) ) ;
#1185 = DIRECTION ( 'NONE',  ( 1.000000000000000000, -0.0000000000000000000, 1.224646799147353207E-16 ) ) ;
#1186 = VECTOR ( 'NONE', #3502, 39.37007874015748143 ) ;
#1187 = DIRECTION ( 'NONE',  ( 0.0000000000000000000, 0.0000000000000000000, 1.000000000000000000 ) ) ;
#1188 = VERTEX_POINT ( 'NONE', #3420 ) ;
#1189 = AXIS2_PLACEMENT_3D ( 'NONE', #2872, #110, #416 ) ;
#1190 = DIRECTION ( 'NONE',  ( -0.4153637994577553672, 0.8055226371389487827, -0.4226182617407003850 ) ) ;
#1191 = CIRCLE ( 'NONE', #963, 0.005905511811023620231 ) ;
#1192 = PLANE ( 'NONE',  #138 ) ;
#1193 = SURFACE_SIDE_STYLE ('',( #337 ) ) ;
#1194 = ORIENTED_EDGE ( 'NONE', *, *, #2791, .T. ) ;
#1195 = LINE ( 'NONE', #1696, #885 ) ;
#1196 = LINE ( 'NONE', #2249, #720 ) ;
#1197 = LINE ( 'NONE', #1537, #3015 ) ;
#1198 = DIRECTION ( 'NONE',  ( 1.000000000000000000, 0.0000000000000000000, 0.0000000000000000000 ) ) ;
#1199 = EDGE_CURVE ( 'NONE', #795, #856, #3156, .T. ) ;
#1200 = ORIENTED_EDGE ( 'NONE', *, *, #3149, .T. ) ;
#1201 = LINE ( 'NONE', #3106, #3160 ) ;
#1202 = CARTESIAN_POINT ( 'NONE',  ( -0.1259842519685039353, 0.001910576577067484277, -0.1023622047244094474 ) ) ;
#1203 = DIRECTION ( 'NONE',  ( 0.0000000000000000000, 0.0000000000000000000, -1.000000000000000000 ) ) ;
#1204 = ADVANCED_FACE ( 'NONE', ( #1283 ), #207, .T. ) ;
#1205 = ORIENTED_EDGE ( 'NONE', *, *, #2335, .T. ) ;
#1206 = DIRECTION ( 'NONE',  ( -0.4583032446580520558, -0.8887958910435519444, 0.0000000000000000000 ) ) ;
#1207 = EDGE_LOOP ( 'NONE', ( #1480, #743, #335, #1003 ) ) ;
#1208 = DIRECTION ( 'NONE',  ( 0.0000000000000000000, 0.0000000000000000000, -1.000000000000000000 ) ) ;
#1209 = CARTESIAN_POINT ( 'NONE',  ( -0.08858267716535432601, 0.1299212598425196763, -0.08858267716535432601 ) ) ;
#1210 = CARTESIAN_POINT ( 'NONE',  ( 0.1259842519685039353, 0.001910576577067484277, -0.1023622047244094474 ) ) ;
#1211 = DIRECTION ( 'NONE',  ( 0.0000000000000000000, 0.0000000000000000000, -1.000000000000000000 ) ) ;
#1212 = VERTEX_POINT ( 'NONE', #2927 ) ;
#1213 = EDGE_CURVE ( 'NONE', #364, #1952, #187, .T. ) ;
#1214 = DIRECTION ( 'NONE',  ( -0.4153637994577553672, 0.8055226371389487827, -0.4226182617407003850 ) ) ;
#1215 = CARTESIAN_POINT ( 'NONE',  ( 0.1181102362204724532, -0.003937007874015747977, -0.04921259842519685318 ) ) ;
#1216 = DIRECTION ( 'NONE',  ( 0.0000000000000000000, 0.0000000000000000000, -1.000000000000000000 ) ) ;
#1217 = ORIENTED_EDGE ( 'NONE', *, *, #2761, .T. ) ;
#1218 = EDGE_CURVE ( 'NONE', #3298, #1862, #2886, .T. ) ;
#1219 = ORIENTED_EDGE ( 'NONE', *, *, #966, .F. ) ;
#1220 = ORIENTED_EDGE ( 'NONE', *, *, #2472, .F. ) ;
#1221 = CARTESIAN_POINT ( 'NONE',  ( 0.1408568301426933178, -0.03510474995793744224, 0.1023622047244094474 ) ) ;
#1222 = AXIS2_PLACEMENT_3D ( 'NONE', #1521, #2601, #984 ) ;
#1223 = STYLED_ITEM ( 'NONE', ( #2940 ), #222 ) ;
#1224 = SURFACE_STYLE_FILL_AREA ( #1845 ) ;
#1225 = CARTESIAN_POINT ( 'NONE',  ( 0.08858267716535432601, 0.1299212598425196763, 0.08858267716535432601 ) ) ;
#1226 = LINE ( 'NONE', #2815, #1813 ) ;
#1227 = AXIS2_PLACEMENT_3D ( 'NONE', #1377, #766, #1853 ) ;
#1228 = DIRECTION ( 'NONE',  ( 1.000000000000000000, 0.0000000000000000000, 0.0000000000000000000 ) ) ;
#1229 = AXIS2_PLACEMENT_3D ( 'NONE', #353, #1446, #2520 ) ;
#1230 = EDGE_LOOP ( 'NONE', ( #2834, #2992 ) ) ;
#1231 =( GEOMETRIC_REPRESENTATION_CONTEXT ( 3 ) GLOBAL_UNCERTAINTY_ASSIGNED_CONTEXT ( ( #1866 ) ) GLOBAL_UNIT_ASSIGNED_CONTEXT ( ( #588, #634, #573 ) ) REPRESENTATION_CONTEXT ( 'NONE', 'WORKASPACE' ) );
#1232 = AXIS2_PLACEMENT_3D ( 'NONE', #3530, #2174, #1954 ) ;
#1233 = CARTESIAN_POINT ( 'NONE',  ( 0.1181102362204724532, 0.1299212598425196763, -0.1122047244094488277 ) ) ;
#1234 = DIRECTION ( 'NONE',  ( 0.0000000000000000000, -1.000000000000000000, 0.0000000000000000000 ) ) ;
#1235 = DIRECTION ( 'NONE',  ( 0.0000000000000000000, -1.000000000000000000, 0.0000000000000000000 ) ) ;
#1236 = AXIS2_PLACEMENT_3D ( 'NONE', #571, #553, #2510 ) ;
#1237 = CIRCLE ( 'NONE', #2085, 0.02362204724409448092 ) ;
#1238 = EDGE_CURVE ( 'NONE', #589, #930, #2871, .T. ) ;
#1239 = VERTEX_POINT ( 'NONE', #3435 ) ;
#1240 = MECHANICAL_DESIGN_GEOMETRIC_PRESENTATION_REPRESENTATION (  '', ( #3172 ), #3230 ) ;
#1241 = VECTOR ( 'NONE', #1234, 39.37007874015748143 ) ;
#1242 = EDGE_CURVE ( 'NONE', #1576, #511, #1541, .T. ) ;
#1243 = ORIENTED_EDGE ( 'NONE', *, *, #2925, .T. ) ;
#1244 =( GEOMETRIC_REPRESENTATION_CONTEXT ( 3 ) GLOBAL_UNCERTAINTY_ASSIGNED_CONTEXT ( ( #1261 ) ) GLOBAL_UNIT_ASSIGNED_CONTEXT ( ( #1711, #1904, #821 ) ) REPRESENTATION_CONTEXT ( 'NONE', 'WORKASPACE' ) );
#1245 = ORIENTED_EDGE ( 'NONE', *, *, #1590, .T. ) ;
#1246 = CARTESIAN_POINT ( 'NONE',  ( 0.1259842519685039353, 0.001910576577067480157, -0.1023622047244094474 ) ) ;
#1247 = CARTESIAN_POINT ( 'NONE',  ( 0.1181102362204724532, 0.03543307086614173179, -0.1023622047244094474 ) ) ;
#1248 = DIRECTION ( 'NONE',  ( 0.0000000000000000000, -0.9993908270190957621, 0.03489949670250103164 ) ) ;
#1249 = FACE_OUTER_BOUND ( 'NONE', #482, .T. ) ;
#1250 = DIRECTION ( 'NONE',  ( 0.0000000000000000000, -1.000000000000000000, 0.0000000000000000000 ) ) ;
#1251 = ORIENTED_EDGE ( 'NONE', *, *, #3075, .T. ) ;
#1252 = DIRECTION ( 'NONE',  ( 0.0000000000000000000, 0.0000000000000000000, 1.000000000000000000 ) ) ;
#1253 = PLANE ( 'NONE',  #2212 ) ;
#1254 = CYLINDRICAL_SURFACE ( 'NONE', #2368, 0.007874015748031499423 ) ;
#1255 = VERTEX_POINT ( 'NONE', #3191 ) ;
#1256 = EDGE_CURVE ( 'NONE', #872, #3269, #1503, .T. ) ;
#1257 = ORIENTED_EDGE ( 'NONE', *, *, #2874, .T. ) ;
#1258 = EDGE_CURVE ( 'NONE', #641, #2426, #2617, .T. ) ;
#1259 = VERTEX_POINT ( 'NONE', #3175 ) ;
#1260 = CARTESIAN_POINT ( 'NONE',  ( 0.1181102362204724532, 0.1299212598425196763, -0.1181102362204724532 ) ) ;
#1261 = UNCERTAINTY_MEASURE_WITH_UNIT (LENGTH_MEASURE( 1.000000000000000082E-05 ), #1711, 'distance_accuracy_value', 'NONE');
#1262 = EDGE_CURVE ( 'NONE', #3388, #2697, #736, .T. ) ;
#1263 =( LENGTH_UNIT ( ) NAMED_UNIT ( * ) SI_UNIT ( $, .METRE. ) );
#1264 = CARTESIAN_POINT ( 'NONE',  ( 0.08858267716535432601, 0.1299212598425196763, -0.1122047244094488139 ) ) ;
#1265 = LINE ( 'NONE', #660, #2380 ) ;
#1266 = ORIENTED_EDGE ( 'NONE', *, *, #2719, .T. ) ;
#1267 = PLANE ( 'NONE',  #900 ) ;
#1268 = CARTESIAN_POINT ( 'NONE',  ( -0.08858267716535432601, 0.1181102362204724532, -0.08858267716535432601 ) ) ;
#1269 = LINE ( 'NONE', #3178, #2828 ) ;
#1270 = EDGE_LOOP ( 'NONE', ( #3110, #1880, #1901, #3536 ) ) ;
#1271 = ORIENTED_EDGE ( 'NONE', *, *, #2659, .F. ) ;
#1272 = EDGE_LOOP ( 'NONE', ( #2225, #2187, #829, #2447 ) ) ;
#1273 = CARTESIAN_POINT ( 'NONE',  ( 0.1181102362204724532, 0.001910576577067484277, -0.07480314960629921850 ) ) ;
#1274 = ORIENTED_EDGE ( 'NONE', *, *, #2261, .F. ) ;
#1275 = DIRECTION ( 'NONE',  ( 0.0000000000000000000, 0.0000000000000000000, 1.000000000000000000 ) ) ;
#1276 = EDGE_CURVE ( 'NONE', #2462, #2857, #592, .T. ) ;
#1277 = DIRECTION ( 'NONE',  ( 0.0000000000000000000, 1.000000000000000000, 0.0000000000000000000 ) ) ;
#1278 = DIRECTION ( 'NONE',  ( 0.0000000000000000000, -1.000000000000000000, 0.0000000000000000000 ) ) ;
#1279 = ADVANCED_FACE ( 'NONE', ( #479 ), #1821, .F. ) ;
#1280 = ORIENTED_EDGE ( 'NONE', *, *, #166, .T. ) ;
#1281 = AXIS2_PLACEMENT_3D ( 'NONE', #1498, #444, #2336 ) ;
#1282 = CIRCLE ( 'NONE', #1970, 0.007874015748031499423 ) ;
#1283 = FACE_OUTER_BOUND ( 'NONE', #2721, .T. ) ;
#1284 = FACE_OUTER_BOUND ( 'NONE', #2798, .T. ) ;
#1285 = CARTESIAN_POINT ( 'NONE',  ( 0.1338584372998307126, -0.03149606299212598381, 0.1023622047244094474 ) ) ;
#1286 = STYLED_ITEM ( 'NONE', ( #1146 ), #1841 ) ;
#1287 = CIRCLE ( 'NONE', #3112, 0.005905511811023620231 ) ;
#1288 = ORIENTED_EDGE ( 'NONE', *, *, #1811, .F. ) ;
#1289 = VECTOR ( 'NONE', #2128, 39.37007874015748143 ) ;
#1290 = VECTOR ( 'NONE', #1325, 39.37007874015748143 ) ;
#1291 = ORIENTED_EDGE ( 'NONE', *, *, #348, .T. ) ;
#1292 = CIRCLE ( 'NONE', #3291, 0.06889763779527559306 ) ;
#1293 = VERTEX_POINT ( 'NONE', #2418 ) ;
#1294 = ORIENTED_EDGE ( 'NONE', *, *, #2184, .F. ) ;
#1295 = FACE_OUTER_BOUND ( 'NONE', #1045, .T. ) ;
#1296 = AXIS2_PLACEMENT_3D ( 'NONE', #2253, #3365, #587 ) ;
#1297 = AXIS2_PLACEMENT_3D ( 'NONE', #717, #429, #1522 ) ;
#1298 = SURFACE_STYLE_USAGE ( .BOTH. , #1816 ) ;
#1299 = CARTESIAN_POINT ( 'NONE',  ( 0.08858267716535432601, 0.1377952755905511861, -0.06496062992125983815 ) ) ;
#1300 = CARTESIAN_POINT ( 'NONE',  ( -0.08858267716535432601, 0.1299212598425196763, 0.08858267716535432601 ) ) ;
#1301 = FILL_AREA_STYLE_COLOUR ( '', #2835 ) ;
#1302 = EDGE_CURVE ( 'NONE', #1255, #1440, #3538, .T. ) ;
#1303 = VECTOR ( 'NONE', #2784, 39.37007874015748143 ) ;
#1304 = ORIENTED_EDGE ( 'NONE', *, *, #148, .F. ) ;
#1305 = DIRECTION ( 'NONE',  ( 1.000000000000000000, 1.019578823124772320E-44, 4.701977403289159841E-30 ) ) ;
#1306 = PLANE ( 'NONE',  #1070 ) ;
#1307 = DIRECTION ( 'NONE',  ( 0.0000000000000000000, 0.0000000000000000000, 1.000000000000000000 ) ) ;
#1308 = EDGE_CURVE ( 'NONE', #3529, #1690, #1625, .T. ) ;
#1309 = ADVANCED_FACE ( 'NONE', ( #3519 ), #1659, .T. ) ;
#1310 = ORIENTED_EDGE ( 'NONE', *, *, #1258, .F. ) ;
#1311 = VERTEX_POINT ( 'NONE', #1932 ) ;
#1312 = FACE_BOUND ( 'NONE', #600, .T. ) ;
#1313 = DIRECTION ( 'NONE',  ( 0.0000000000000000000, -1.000000000000000000, 0.0000000000000000000 ) ) ;
#1314 = CARTESIAN_POINT ( 'NONE',  ( 0.1259842519685039353, 0.001910576577067480157, -0.1023622047244094474 ) ) ;
#1315 = LINE ( 'NONE', #183, #2954 ) ;
#1316 = CARTESIAN_POINT ( 'NONE',  ( -0.08858267716535432601, 0.1299212598425196763, 0.06496062992125983815 ) ) ;
#1317 = ORIENTED_EDGE ( 'NONE', *, *, #1520, .F. ) ;
#1318 = CARTESIAN_POINT ( 'NONE',  ( 0.1181102362204724532, 0.02755905511811023584, -0.1023622047244094474 ) ) ;
#1319 = DIRECTION ( 'NONE',  ( 0.0000000000000000000, 0.0000000000000000000, 1.000000000000000000 ) ) ;
#1320 = CARTESIAN_POINT ( 'NONE',  ( -0.1352200082310885954, -0.04603634211220338640, 0.1023622047244094474 ) ) ;
#1321 = ADVANCED_FACE ( 'NONE', ( #807 ), #1359, .F. ) ;
#1322 = ORIENTED_EDGE ( 'NONE', *, *, #1460, .F. ) ;
#1323 = ADVANCED_FACE ( 'NONE', ( #2965 ), #2727, .F. ) ;
#1324 = ORIENTED_EDGE ( 'NONE', *, *, #1040, .T. ) ;
#1325 = DIRECTION ( 'NONE',  ( 1.445602896647339903E-16, 0.0000000000000000000, 1.000000000000000000 ) ) ;
#1326 = ORIENTED_EDGE ( 'NONE', *, *, #1894, .F. ) ;
#1327 =( NAMED_UNIT ( * ) SI_UNIT ( $, .STERADIAN. ) SOLID_ANGLE_UNIT ( ) );
#1328 = FACE_OUTER_BOUND ( 'NONE', #1123, .T. ) ;
#1329 = DIRECTION ( 'NONE',  ( 0.0000000000000000000, -1.000000000000000000, 0.0000000000000000000 ) ) ;
#1330 = EDGE_LOOP ( 'NONE', ( #102, #213, #3438, #420 ) ) ;
#1331 = CARTESIAN_POINT ( 'NONE',  ( -0.1408568301426933178, -0.03510474995793744224, 0.07480314960629921850 ) ) ;
#1332 = CYLINDRICAL_SURFACE ( 'NONE', #3231, 0.02362204724409448092 ) ;
#1333 = DIRECTION ( 'NONE',  ( 0.0000000000000000000, 0.0000000000000000000, 1.000000000000000000 ) ) ;
#1334 = DIMENSIONAL_EXPONENTS ( 1.000000000000000000, 0.0000000000000000000, 0.0000000000000000000, 0.0000000000000000000, 0.0000000000000000000, 0.0000000000000000000, 0.0000000000000000000 ) ;
#1335 = AXIS2_PLACEMENT_3D ( 'NONE', #2858, #2047, #449 ) ;
#1336 = PRESENTATION_LAYER_ASSIGNMENT (  '', '', ( #1223 ) ) ;
#1337 = DIRECTION ( 'NONE',  ( 0.0000000000000000000, 0.0000000000000000000, 1.000000000000000000 ) ) ;
#1338 = CIRCLE ( 'NONE', #2937, 0.005905511811023620231 ) ;
#1339 = ADVANCED_FACE ( 'NONE', ( #3020, #498, #1392, #841, #2167, #2399 ), #1104, .F. ) ;
#1340 = VECTOR ( 'NONE', #2611, 39.37007874015748143 ) ;
#1341 = EDGE_LOOP ( 'NONE', ( #1153, #1383 ) ) ;
#1342 = AXIS2_PLACEMENT_3D ( 'NONE', #3304, #861, #1704 ) ;
#1343 = CIRCLE ( 'NONE', #91, 0.02362204724409448092 ) ;
#1344 = ORIENTED_EDGE ( 'NONE', *, *, #2608, .T. ) ;
#1345 = PLANE ( 'NONE',  #1296 ) ;
#1346 = ORIENTED_EDGE ( 'NONE', *, *, #775, .T. ) ;
#1347 = FACE_BOUND ( 'NONE', #1341, .T. ) ;
#1348 = ORIENTED_EDGE ( 'NONE', *, *, #1370, .T. ) ;
#1349 = ADVANCED_FACE ( 'NONE', ( #3495 ), #530, .F. ) ;
#1350 = CIRCLE ( 'NONE', #2424, 0.005905511811023620231 ) ;
#1351 = CIRCLE ( 'NONE', #2771, 0.007874015748031499423 ) ;
#1352 = ORIENTED_EDGE ( 'NONE', *, *, #1595, .T. ) ;
#1353 = VECTOR ( 'NONE', #3493, 39.37007874015748143 ) ;
#1354 = FILL_AREA_STYLE ('',( #1372 ) ) ;
#1355 = DIRECTION ( 'NONE',  ( -1.000000000000000000, 0.0000000000000000000, 0.0000000000000000000 ) ) ;
#1356 = CARTESIAN_POINT ( 'NONE',  ( -0.1122047244094488277, 0.1299212598425196763, 0.1181102362204724532 ) ) ;
#1357 = CIRCLE ( 'NONE', #3122, 0.007874015748031499423 ) ;
#1358 = ORIENTED_EDGE ( 'NONE', *, *, #918, .T. ) ;
#1359 = CYLINDRICAL_SURFACE ( 'NONE', #1571, 0.02362204724409448092 ) ;
#1360 = SPHERICAL_SURFACE ( 'NONE', #1761, 0.03937007874015747977 ) ;
#1361 = VECTOR ( 'NONE', #2979, 39.37007874015748143 ) ;
#1362 = FACE_OUTER_BOUND ( 'NONE', #701, .T. ) ;
#1363 = CARTESIAN_POINT ( 'NONE',  ( -0.1122047244094488277, 0.1299212598425196763, 0.1122047244094488277 ) ) ;
#1364 = EDGE_LOOP ( 'NONE', ( #2570, #3251, #2714, #2410 ) ) ;
#1365 = EDGE_CURVE ( 'NONE', #1239, #2809, #237, .T. ) ;
#1366 = DIMENSIONAL_EXPONENTS ( 1.000000000000000000, 0.0000000000000000000, 0.0000000000000000000, 0.0000000000000000000, 0.0000000000000000000, 0.0000000000000000000, 0.0000000000000000000 ) ;
#1367 = ORIENTED_EDGE ( 'NONE', *, *, #3487, .F. ) ;
#1368 = DIRECTION ( 'NONE',  ( 0.0000000000000000000, 0.0000000000000000000, 1.000000000000000000 ) ) ;
#1369 = ORIENTED_EDGE ( 'NONE', *, *, #925, .T. ) ;
#1370 = EDGE_CURVE ( 'NONE', #1690, #472, #3247, .T. ) ;
#1371 = VERTEX_POINT ( 'NONE', #2181 ) ;
#1372 = FILL_AREA_STYLE_COLOUR ( '', #1916 ) ;
#1373 = DIRECTION ( 'NONE',  ( 0.0000000000000000000, 0.0000000000000000000, 1.000000000000000000 ) ) ;
#1374 = PRESENTATION_STYLE_ASSIGNMENT (( #3032 ) ) ;
#1375 = VERTEX_POINT ( 'NONE', #3206 ) ;
#1376 = ADVANCED_FACE ( 'NONE', ( #2142 ), #3227, .F. ) ;
#1377 = CARTESIAN_POINT ( 'NONE',  ( 0.1408568301426933178, -0.03510474995793744224, -0.1023622047244094474 ) ) ;
#1378 = LINE ( 'NONE', #2728, #2157 ) ;
#1379 = LINE ( 'NONE', #3337, #1410 ) ;
#1380 = CARTESIAN_POINT ( 'NONE',  ( -0.1122047244094488277, 0.0000000000000000000, 0.1181102362204724532 ) ) ;
#1381 = CARTESIAN_POINT ( 'NONE',  ( -0.1181102362204724532, 0.003937007874015747977, -0.1181102362204724532 ) ) ;
#1382 = ORIENTED_EDGE ( 'NONE', *, *, #1133, .T. ) ;
#1383 = ORIENTED_EDGE ( 'NONE', *, *, #3473, .F. ) ;
#1384 = FACE_OUTER_BOUND ( 'NONE', #692, .T. ) ;
#1385 = EDGE_LOOP ( 'NONE', ( #3401, #2930, #3310, #2480 ) ) ;
#1386 = DIRECTION ( 'NONE',  ( 0.4465975813569838526, -0.8947349329975285981, 0.0000000000000000000 ) ) ;
#1387 = DIRECTION ( 'NONE',  ( 0.0000000000000000000, -1.000000000000000000, 0.0000000000000000000 ) ) ;
#1388 = FILL_AREA_STYLE_COLOUR ( '', #1868 ) ;
#1389 = CARTESIAN_POINT ( 'NONE',  ( -0.1181102362204724532, 0.02755905511811023584, 0.1023622047244094474 ) ) ;
#1390 = EDGE_CURVE ( 'NONE', #58, #19, #2196, .T. ) ;
#1391 = ORIENTED_EDGE ( 'NONE', *, *, #2054, .F. ) ;
#1392 = FACE_BOUND ( 'NONE', #80, .T. ) ;
#1393 = DIRECTION ( 'NONE',  ( 0.0000000000000000000, 0.0000000000000000000, -1.000000000000000000 ) ) ;
#1394 = CARTESIAN_POINT ( 'NONE',  ( -0.1408568301426933178, -0.03510474995793744224, 0.1023622047244094474 ) ) ;
#1395 = ADVANCED_FACE ( 'NONE', ( #1606 ), #3262, .T. ) ;
#1396 = CARTESIAN_POINT ( 'NONE',  ( -0.1259842519685039353, 0.02755905511811023584, 0.1023622047244094474 ) ) ;
#1397 = DIRECTION ( 'NONE',  ( 0.8947349329975287091, -0.4465975813569839081, 0.0000000000000000000 ) ) ;
#1398 = EDGE_CURVE ( 'NONE', #3080, #2063, #431, .T. ) ;
#1399 = VECTOR ( 'NONE', #103, 39.37007874015748143 ) ;
#1400 = ORIENTED_EDGE ( 'NONE', *, *, #2689, .T. ) ;
#1401 = ORIENTED_EDGE ( 'NONE', *, *, #1590, .F. ) ;
#1402 = AXIS2_PLACEMENT_3D ( 'NONE', #168, #2321, #2574 ) ;
#1403 = COLOUR_RGB ( '',0.8313725490196077761, 0.8392156862745098200, 0.8313725490196077761 ) ;
#1404 = ORIENTED_EDGE ( 'NONE', *, *, #2568, .F. ) ;
#1405 = DIRECTION ( 'NONE',  ( 0.0000000000000000000, 0.0000000000000000000, 1.000000000000000000 ) ) ;
#1406 = TOROIDAL_SURFACE ( 'NONE', #774, 0.06000882974015058630, 0.003937007874015747977 ) ;
#1407 = VECTOR ( 'NONE', #1935, 39.37007874015748143 ) ;
#1408 = ORIENTED_EDGE ( 'NONE', *, *, #2856, .F. ) ;
#1409 = DIRECTION ( 'NONE',  ( 0.8947349329975287091, -0.4465975813569839081, 0.0000000000000000000 ) ) ;
#1410 = VECTOR ( 'NONE', #3053, 39.37007874015748143 ) ;
#1411 = CARTESIAN_POINT ( 'NONE',  ( -0.1408568301426933178, -0.03510474995793744224, -0.07480314960629921850 ) ) ;
#1412 = CIRCLE ( 'NONE', #3226, 0.02362204724409448092 ) ;
#1413 = ORIENTED_EDGE ( 'NONE', *, *, #2294, .T. ) ;
#1414 = AXIS2_PLACEMENT_3D ( 'NONE', #3204, #3514, #3480 ) ;
#1415 = EDGE_CURVE ( 'NONE', #1164, #850, #2997, .T. ) ;
#1416 = DIRECTION ( 'NONE',  ( 0.0000000000000000000, -1.000000000000000000, 0.0000000000000000000 ) ) ;
#1417 = DIRECTION ( 'NONE',  ( 0.0000000000000000000, -1.000000000000000000, 0.0000000000000000000 ) ) ;
#1418 = CARTESIAN_POINT ( 'NONE',  ( 0.08858267716535432601, 0.1377952755905511861, -0.08858267716535432601 ) ) ;
#1419 = DIMENSIONAL_EXPONENTS ( 1.000000000000000000, 0.0000000000000000000, 0.0000000000000000000, 0.0000000000000000000, 0.0000000000000000000, 0.0000000000000000000, 0.0000000000000000000 ) ;
#1420 = AXIS2_PLACEMENT_3D ( 'NONE', #1300, #508, #219 ) ;
#1421 = ADVANCED_FACE ( 'NONE', ( #604 ), #1179, .F. ) ;
#1422 = DIRECTION ( 'NONE',  ( 0.0000000000000000000, 0.0000000000000000000, -1.000000000000000000 ) ) ;
#1423 = DIRECTION ( 'NONE',  ( 0.0000000000000000000, 0.0000000000000000000, -1.000000000000000000 ) ) ;
#1424 = CARTESIAN_POINT ( 'NONE',  ( 0.1282216153882259901, -0.04242765514639196961, 0.1023622047244094474 ) ) ;
#1425 = ORIENTED_EDGE ( 'NONE', *, *, #719, .F. ) ;
#1426 = EDGE_CURVE ( 'NONE', #2355, #2501, #2020, .T. ) ;
#1427 = ORIENTED_EDGE ( 'NONE', *, *, #863, .T. ) ;
#1428 = DIRECTION ( 'NONE',  ( 0.0000000000000000000, 1.000000000000000000, 0.0000000000000000000 ) ) ;
#1429 = ORIENTED_EDGE ( 'NONE', *, *, #1168, .F. ) ;
#1430 = ORIENTED_EDGE ( 'NONE', *, *, #3429, .F. ) ;
#1431 = ORIENTED_EDGE ( 'NONE', *, *, #3487, .T. ) ;
#1432 = LINE ( 'NONE', #373, #2934 ) ;
#1433 = CARTESIAN_POINT ( 'NONE',  ( -0.1338584372998307126, -0.03149606299212598381, 0.1023622047244094474 ) ) ;
#1434 = PLANE ( 'NONE',  #3233 ) ;
#1435 = LINE ( 'NONE', #2471, #3168 ) ;
#1436 = CARTESIAN_POINT ( 'NONE',  ( 0.1181102362204724532, 0.0000000000000000000, 0.1122047244094488277 ) ) ;
#1437 = LINE ( 'NONE', #1898, #3351 ) ;
#1438 = SURFACE_SIDE_STYLE ('',( #362 ) ) ;
#1439 = EDGE_CURVE ( 'NONE', #472, #3061, #583, .T. ) ;
#1440 = VERTEX_POINT ( 'NONE', #2814 ) ;
#1441 = ORIENTED_EDGE ( 'NONE', *, *, #3154, .T. ) ;
#1442 = FACE_BOUND ( 'NONE', #2485, .T. ) ;
#1443 = EDGE_CURVE ( 'NONE', #3529, #795, #31, .T. ) ;
#1444 = EDGE_LOOP ( 'NONE', ( #2672, #2, #1785, #261 ) ) ;
#1445 = CARTESIAN_POINT ( 'NONE',  ( 0.1181102362204724532, 0.03543307086614173179, 0.1023622047244094474 ) ) ;
#1446 = DIRECTION ( 'NONE',  ( 0.0000000000000000000, 1.000000000000000000, 0.0000000000000000000 ) ) ;
#1447 = ORIENTED_EDGE ( 'NONE', *, *, #775, .F. ) ;
#1448 = FACE_OUTER_BOUND ( 'NONE', #2749, .T. ) ;
#1449 = CARTESIAN_POINT ( 'NONE',  ( -0.1181102362204724532, 0.0000000000000000000, -0.04921259842519685318 ) ) ;
#1450 = DIRECTION ( 'NONE',  ( -0.4465975813569838526, -0.8947349329975285981, 0.0000000000000000000 ) ) ;
#1451 = CARTESIAN_POINT ( 'NONE',  ( 0.1338584372998307126, -0.03149606299212598381, 0.07480314960629921850 ) ) ;
#1452 = DIRECTION ( 'NONE',  ( 0.0000000000000000000, 0.0000000000000000000, -1.000000000000000000 ) ) ;
#1453 = CARTESIAN_POINT ( 'NONE',  ( -0.1181102362204724532, 0.1299212598425196763, -0.1181102362204724532 ) ) ;
#1454 = DIRECTION ( 'NONE',  ( 0.0000000000000000000, 0.0000000000000000000, 1.000000000000000000 ) ) ;
#1455 = EDGE_LOOP ( 'NONE', ( #2440, #2083, #2297, #1999, #453, #1945 ) ) ;
#1456 = EDGE_CURVE ( 'NONE', #2780, #3388, #1196, .T. ) ;
#1457 = CARTESIAN_POINT ( 'NONE',  ( 0.1181102362204724532, 0.1377952755905511861, 0.1181102362204724532 ) ) ;
#1458 = AXIS2_PLACEMENT_3D ( 'NONE', #632, #936, #1452 ) ;
#1459 = ORIENTED_EDGE ( 'NONE', *, *, #3429, .T. ) ;
#1460 = EDGE_CURVE ( 'NONE', #2102, #641, #3102, .T. ) ;
#1461 = DIRECTION ( 'NONE',  ( 0.1936873206075088449, -0.3756213745151027461, 0.9063077870366497146 ) ) ;
#1462 = CIRCLE ( 'NONE', #1915, 0.005905511811023620231 ) ;
#1463 = EDGE_LOOP ( 'NONE', ( #1985, #1322, #3379, #2633 ) ) ;
#1464 = VECTOR ( 'NONE', #1163, 39.37007874015748143 ) ;
#1465 = VECTOR ( 'NONE', #812, 39.37007874015748143 ) ;
#1466 = DIRECTION ( 'NONE',  ( 1.000000000000000000, 0.0000000000000000000, 0.0000000000000000000 ) ) ;
#1467 = LINE ( 'NONE', #2545, #3276 ) ;
#1468 = DIRECTION ( 'NONE',  ( 0.0000000000000000000, 0.0000000000000000000, 1.000000000000000000 ) ) ;
#1469 = LINE ( 'NONE', #2547, #550 ) ;
#1470 = VERTEX_POINT ( 'NONE', #3318 ) ;
#1471 = CARTESIAN_POINT ( 'NONE',  ( -0.1282216153882259901, -0.04242765514639196961, 0.1023622047244094474 ) ) ;
#1472 = CARTESIAN_POINT ( 'NONE',  ( -0.08858267716535432601, 0.1377952755905511861, 0.1122047244094488139 ) ) ;
#1473 = VECTOR ( 'NONE', #3330, 39.37007874015748143 ) ;
#1474 = CARTESIAN_POINT ( 'NONE',  ( 0.1328516659854228621, -0.03344851307380460742, 0.1070731206436911498 ) ) ;
#1475 = ORIENTED_EDGE ( 'NONE', *, *, #2836, .F. ) ;
#1476 = VECTOR ( 'NONE', #69, 39.37007874015748143 ) ;
#1477 = FACE_OUTER_BOUND ( 'NONE', #1058, .T. ) ;
#1478 = AXIS2_PLACEMENT_3D ( 'NONE', #302, #3036, #584 ) ;
#1479 = ORIENTED_EDGE ( 'NONE', *, *, #1023, .F. ) ;
#1480 = ORIENTED_EDGE ( 'NONE', *, *, #735, .F. ) ;
#1481 = DIRECTION ( 'NONE',  ( 0.0000000000000000000, 0.0000000000000000000, -1.000000000000000000 ) ) ;
#1482 = ADVANCED_FACE ( 'NONE', ( #1946 ), #397, .F. ) ;
#1483 = ORIENTED_EDGE ( 'NONE', *, *, #427, .F. ) ;
#1484 = FACE_OUTER_BOUND ( 'NONE', #352, .T. ) ;
#1485 = DIRECTION ( 'NONE',  ( 0.0000000000000000000, 0.0000000000000000000, 1.000000000000000000 ) ) ;
#1486 = PLANE ( 'NONE',  #2550 ) ;
#1487 = CARTESIAN_POINT ( 'NONE',  ( 0.1122047244094488277, 0.1299212598425196763, 0.1122047244094488277 ) ) ;
#1488 = EDGE_CURVE ( 'NONE', #1581, #590, #3299, .T. ) ;
#1489 = ORIENTED_EDGE ( 'NONE', *, *, #1082, .T. ) ;
#1490 = FACE_OUTER_BOUND ( 'NONE', #1922, .T. ) ;
#1491 = DIRECTION ( 'NONE',  ( 0.0000000000000000000, -1.000000000000000000, 0.0000000000000000000 ) ) ;
#1492 = FACE_OUTER_BOUND ( 'NONE', #2211, .T. ) ;
#1493 = ORIENTED_EDGE ( 'NONE', *, *, #2947, .T. ) ;
#1494 = ORIENTED_EDGE ( 'NONE', *, *, #626, .F. ) ;
#1495 = EDGE_LOOP ( 'NONE', ( #308, #3255, #2274, #3272 ) ) ;
#1496 = DIRECTION ( 'NONE',  ( 0.0000000000000000000, 0.0000000000000000000, 1.000000000000000000 ) ) ;
#1497 = CARTESIAN_POINT ( 'NONE',  ( -0.1338584372998307126, -0.03149606299212598381, -0.1023622047244094474 ) ) ;
#1498 = CARTESIAN_POINT ( 'NONE',  ( 0.1259842519685039353, 0.001910576577067484277, 0.1023622047244094474 ) ) ;
#1499 = DIRECTION ( 'NONE',  ( -1.000000000000000000, 0.0000000000000000000, 0.0000000000000000000 ) ) ;
#1500 = CARTESIAN_POINT ( 'NONE',  ( -0.1255464405159194829, -0.06479646946715768296, -0.09251968503937008093 ) ) ;
#1501 = ADVANCED_FACE ( 'NONE', ( #2800 ), #374, .F. ) ;
#1502 = ORIENTED_EDGE ( 'NONE', *, *, #2347, .T. ) ;
#1503 = LINE ( 'NONE', #1233, #2758 ) ;
#1504 = DIRECTION ( 'NONE',  ( 0.0000000000000000000, 0.0000000000000000000, 1.000000000000000000 ) ) ;
#1505 = DIRECTION ( 'NONE',  ( 1.000000000000000000, 0.0000000000000000000, 0.0000000000000000000 ) ) ;
#1506 = EDGE_CURVE ( 'NONE', #2638, #971, #1972, .T. ) ;
#1507 = ORIENTED_EDGE ( 'NONE', *, *, #2676, .T. ) ;
#1508 = EDGE_LOOP ( 'NONE', ( #57, #1038 ) ) ;
#1509 = ORIENTED_EDGE ( 'NONE', *, *, #2713, .T. ) ;
#1510 = DIRECTION ( 'NONE',  ( 0.0000000000000000000, -1.000000000000000000, 0.0000000000000000000 ) ) ;
#1511 = AXIS2_PLACEMENT_3D ( 'NONE', #2126, #301, #1644 ) ;
#1512 = CONICAL_SURFACE ( 'NONE', #1113, 0.06889763779527559306, 0.03490658503988665340 ) ;
#1513 = DIRECTION ( 'NONE',  ( 0.0000000000000000000, 0.0000000000000000000, 1.000000000000000000 ) ) ;
#1514 = CARTESIAN_POINT ( 'NONE',  ( -0.1185480476730569055, -0.06118778250134625923, 0.09251968503937008093 ) ) ;
#1515 = AXIS2_PLACEMENT_3D ( 'NONE', #284, #3281, #824 ) ;
#1516 = DIRECTION ( 'NONE',  ( 0.0000000000000000000, 0.0000000000000000000, -1.000000000000000000 ) ) ;
#1517 = STYLED_ITEM ( 'NONE', ( #506 ), #300 ) ;
#1518 = VERTEX_POINT ( 'NONE', #1449 ) ;
#1519 = AXIS2_PLACEMENT_3D ( 'NONE', #1936, #39, #3024 ) ;
#1520 = EDGE_CURVE ( 'NONE', #2903, #1164, #1467, .T. ) ;
#1521 = CARTESIAN_POINT ( 'NONE',  ( 0.1338584372998307126, -0.03149606299212598381, 0.1023622047244094474 ) ) ;
#1522 = DIRECTION ( 'NONE',  ( 0.0000000000000000000, 0.0000000000000000000, 1.000000000000000000 ) ) ;
#1523 = DIRECTION ( 'NONE',  ( 0.8947349329975287091, -0.4465975813569839081, 0.0000000000000000000 ) ) ;
#1524 = VECTOR ( 'NONE', #84, 39.37007874015748143 ) ;
#1525 = AXIS2_PLACEMENT_3D ( 'NONE', #2357, #2147, #2987 ) ;
#1526 = EDGE_LOOP ( 'NONE', ( #2691, #3100, #85, #275 ) ) ;
#1527 = EDGE_CURVE ( 'NONE', #1149, #2748, #357, .T. ) ;
#1528 = AXIS2_PLACEMENT_3D ( 'NONE', #2765, #648, #3077 ) ;
#1529 = VECTOR ( 'NONE', #3057, 39.37007874015748143 ) ;
#1530 = EDGE_CURVE ( 'NONE', #2734, #2355, #104, .T. ) ;
#1531 = ORIENTED_EDGE ( 'NONE', *, *, #2227, .T. ) ;
#1532 = VECTOR ( 'NONE', #3444, 39.37007874015748854 ) ;
#1533 = ORIENTED_EDGE ( 'NONE', *, *, #3315, .F. ) ;
#1534 = DIRECTION ( 'NONE',  ( 0.0000000000000000000, 0.0000000000000000000, -1.000000000000000000 ) ) ;
#1535 =( CONVERSION_BASED_UNIT ( 'INCH', #2383 ) LENGTH_UNIT ( ) NAMED_UNIT ( #1662 ) );
#1536 = CARTESIAN_POINT ( 'NONE',  ( 0.08858267716535432601, 0.1299212598425196763, -0.08858267716535432601 ) ) ;
#1537 = CARTESIAN_POINT ( 'NONE',  ( -0.08858267716535432601, 0.1377952755905511861, -0.1122047244094488139 ) ) ;
#1538 = LINE ( 'NONE', #749, #2540 ) ;
#1539 = APPLICATION_CONTEXT ( 'automotive_design' ) ;
#1540 = ORIENTED_EDGE ( 'NONE', *, *, #557, .F. ) ;
#1541 = LINE ( 'NONE', #2094, #2311 ) ;
#1542 = DIRECTION ( 'NONE',  ( 0.0000000000000000000, 0.0000000000000000000, -1.000000000000000000 ) ) ;
#1543 = CARTESIAN_POINT ( 'NONE',  ( 0.1259842519685039353, 0.001910576577067480157, 0.1023622047244094474 ) ) ;
#1544 = ORIENTED_EDGE ( 'NONE', *, *, #2537, .F. ) ;
#1545 = EDGE_CURVE ( 'NONE', #307, #2693, #2492, .T. ) ;
#1546 = ORIENTED_EDGE ( 'NONE', *, *, #1874, .F. ) ;
#1547 = CYLINDRICAL_SURFACE ( 'NONE', #1578, 0.007874015748031499423 ) ;
#1548 = ORIENTED_EDGE ( 'NONE', *, *, #1023, .T. ) ;
#1549 = DIRECTION ( 'NONE',  ( 0.0000000000000000000, 0.0000000000000000000, 1.000000000000000000 ) ) ;
#1550 = EDGE_CURVE ( 'NONE', #2879, #1952, #1462, .T. ) ;
#1551 = CARTESIAN_POINT ( 'NONE',  ( -0.1181102362204724532, 0.1377952755905511861, 0.1122047244094488277 ) ) ;
#1552 = DIRECTION ( 'NONE',  ( 0.0000000000000000000, 1.000000000000000000, -2.168404344971010446E-15 ) ) ;
#1553 = LINE ( 'NONE', #2962, #1580 ) ;
#1554 = EDGE_CURVE ( 'NONE', #1755, #3298, #1988, .T. ) ;
#1555 = ORIENTED_EDGE ( 'NONE', *, *, #78, .T. ) ;
#1556 = DIRECTION ( 'NONE',  ( 1.000000000000000000, 0.0000000000000000000, 0.0000000000000000000 ) ) ;
#1557 = DIRECTION ( 'NONE',  ( 0.0000000000000000000, 0.0000000000000000000, -1.000000000000000000 ) ) ;
#1558 = ORIENTED_EDGE ( 'NONE', *, *, #1867, .F. ) ;
#1559 = EDGE_LOOP ( 'NONE', ( #928, #2238 ) ) ;
#1560 = EDGE_CURVE ( 'NONE', #1790, #3307, #3072, .T. ) ;
#1561 = ORIENTED_EDGE ( 'NONE', *, *, #1398, .F. ) ;
#1562 = VERTEX_POINT ( 'NONE', #3463 ) ;
#1563 = LINE ( 'NONE', #2359, #3403 ) ;
#1564 = ADVANCED_FACE ( 'NONE', ( #2907 ), #3415, .T. ) ;
#1565 = DIRECTION ( 'NONE',  ( -1.000000000000000000, 2.168404344971010446E-15, 0.0000000000000000000 ) ) ;
#1566 = LINE ( 'NONE', #201, #723 ) ;
#1567 = DIRECTION ( 'NONE',  ( 0.0000000000000000000, 0.0000000000000000000, 1.000000000000000000 ) ) ;
#1568 = CIRCLE ( 'NONE', #2200, 0.007874015748031499423 ) ;
#1569 = VERTEX_POINT ( 'NONE', #3151 ) ;
#1570 = EDGE_CURVE ( 'NONE', #2991, #2416, #1628, .T. ) ;
#1571 = AXIS2_PLACEMENT_3D ( 'NONE', #1891, #1072, #1592 ) ;
#1572 = CARTESIAN_POINT ( 'NONE',  ( -0.1259842519685039353, 0.001910576577067480157, -0.07480314960629921850 ) ) ;
#1573 = DIRECTION ( 'NONE',  ( -1.000000000000000000, 0.0000000000000000000, 0.0000000000000000000 ) ) ;
#1574 = DIRECTION ( 'NONE',  ( 0.0000000000000000000, 0.0000000000000000000, 1.000000000000000000 ) ) ;
#1575 = MECHANICAL_DESIGN_GEOMETRIC_PRESENTATION_REPRESENTATION (  '', ( #951 ), #2878 ) ;
#1576 = VERTEX_POINT ( 'NONE', #3138 ) ;
#1577 = AXIS2_PLACEMENT_3D ( 'NONE', #999, #1557, #1034 ) ;
#1578 = AXIS2_PLACEMENT_3D ( 'NONE', #1627, #1337, #2423 ) ;
#1579 = ORIENTED_EDGE ( 'NONE', *, *, #1668, .F. ) ;
#1580 = VECTOR ( 'NONE', #2632, 39.37007874015748143 ) ;
#1581 = VERTEX_POINT ( 'NONE', #2888 ) ;
#1582 = VERTEX_POINT ( 'NONE', #461 ) ;
#1583 = DIRECTION ( 'NONE',  ( 1.000000000000000000, 0.0000000000000000000, 0.0000000000000000000 ) ) ;
#1584 = CIRCLE ( 'NONE', #2049, 0.02362204724409448092 ) ;
#1585 = VECTOR ( 'NONE', #2397, 39.37007874015748143 ) ;
#1586 = CARTESIAN_POINT ( 'NONE',  ( 0.1409035942525671270, -0.02797954660348830891, 0.07480314960629921850 ) ) ;
#1587 = CARTESIAN_POINT ( 'NONE',  ( -0.1181102362204724532, 0.03543307086614173179, 0.1023622047244094474 ) ) ;
#1588 = PLANE ( 'NONE',  #2052 ) ;
#1589 = SURFACE_STYLE_FILL_AREA ( #732 ) ;
#1590 = EDGE_CURVE ( 'NONE', #927, #725, #1910, .T. ) ;
#1591 = VERTEX_POINT ( 'NONE', #2107 ) ;
#1592 = DIRECTION ( 'NONE',  ( 0.0000000000000000000, 0.0000000000000000000, -1.000000000000000000 ) ) ;
#1593 = CARTESIAN_POINT ( 'NONE',  ( -0.1338584372998307126, -0.03149606299212598381, 0.1023622047244094474 ) ) ;
#1594 = DIRECTION ( 'NONE',  ( 0.0000000000000000000, 1.000000000000000000, 0.0000000000000000000 ) ) ;
#1595 = EDGE_CURVE ( 'NONE', #2247, #3486, #376, .T. ) ;
#1596 = EDGE_LOOP ( 'NONE', ( #1251, #1604, #1579, #2461 ) ) ;
#1597 = ORIENTED_EDGE ( 'NONE', *, *, #322, .F. ) ;
#1598 = ORIENTED_EDGE ( 'NONE', *, *, #1155, .T. ) ;
#1599 = DIRECTION ( 'NONE',  ( 1.000000000000000000, 0.0000000000000000000, 0.0000000000000000000 ) ) ;
#1600 = ORIENTED_EDGE ( 'NONE', *, *, #2968, .T. ) ;
#1601 = CARTESIAN_POINT ( 'NONE',  ( 0.1181102362204724532, 0.02755905511811023584, 0.1023622047244094474 ) ) ;
#1602 = DIRECTION ( 'NONE',  ( 0.0000000000000000000, 0.0000000000000000000, -1.000000000000000000 ) ) ;
#1603 = SURFACE_STYLE_USAGE ( .BOTH. , #2615 ) ;
#1604 = ORIENTED_EDGE ( 'NONE', *, *, #2920, .T. ) ;
#1605 = EDGE_CURVE ( 'NONE', #1952, #1311, #947, .T. ) ;
#1606 = FACE_OUTER_BOUND ( 'NONE', #1, .T. ) ;
#1607 = DIRECTION ( 'NONE',  ( -1.000000000000000000, 0.0000000000000000000, 0.0000000000000000000 ) ) ;
#1608 = CARTESIAN_POINT ( 'NONE',  ( -0.1181102362204724532, 0.1299212598425196763, -0.1122047244094488277 ) ) ;
#1609 = EDGE_CURVE ( 'NONE', #849, #2217, #2630, .T. ) ;
#1610 = DIRECTION ( 'NONE',  ( -0.4153637994577553672, -0.8055226371389487827, 0.4226182617407003850 ) ) ;
#1611 = ORIENTED_EDGE ( 'NONE', *, *, #408, .T. ) ;
#1612 = ORIENTED_EDGE ( 'NONE', *, *, #2869, .T. ) ;
#1613 = CARTESIAN_POINT ( 'NONE',  ( 0.1352200082310885954, -0.04603634211220338640, -0.07480314960629921850 ) ) ;
#1614 = VERTEX_POINT ( 'NONE', #747 ) ;
#1615 = DIRECTION ( 'NONE',  ( 1.000000000000000000, 0.0000000000000000000, 0.0000000000000000000 ) ) ;
#1616 = VERTEX_POINT ( 'NONE', #2348 ) ;
#1617 = ORIENTED_EDGE ( 'NONE', *, *, #1242, .F. ) ;
#1618 = CYLINDRICAL_SURFACE ( 'NONE', #541, 0.02362204724409448092 ) ;
#1619 = CYLINDRICAL_SURFACE ( 'NONE', #1683, 0.007874015748031499423 ) ;
#1620 = CARTESIAN_POINT ( 'NONE',  ( -0.1122047244094488277, 0.1377952755905511861, 0.1122047244094488277 ) ) ;
#1621 = ORIENTED_EDGE ( 'NONE', *, *, #1545, .T. ) ;
#1622 = CARTESIAN_POINT ( 'NONE',  ( 0.1122047244094488277, 0.1299212598425196763, -0.1122047244094488277 ) ) ;
#1623 = DIRECTION ( 'NONE',  ( -0.1936873206075088449, 0.3756213745151027461, 0.9063077870366497146 ) ) ;
#1624 = ADVANCED_FACE ( 'NONE', ( #2086 ), #2613, .T. ) ;
#1625 = CIRCLE ( 'NONE', #2138, 0.007874015748031499423 ) ;
#1626 = CLOSED_SHELL ( 'NONE', ( #3030, #292, #827, #204, #101, #1992, #2159, #789, #3532, #3121, #1309, #304, #3044, #2754, #2939, #1723, #1147, #227, #1349, #2239, #74, #673, #1279, #3411, #2932, #2388, #1735, #2223, #121, #940, #607 ) ) ;
#1627 = CARTESIAN_POINT ( 'NONE',  ( 0.1181102362204724532, 0.02755905511811023584, -0.1023622047244094474 ) ) ;
#1628 = CIRCLE ( 'NONE', #3451, 0.02362204724409448092 ) ;
#1629 = EDGE_CURVE ( 'NONE', #1149, #800, #2642, .T. ) ;
#1630 = ORIENTED_EDGE ( 'NONE', *, *, #2115, .F. ) ;
#1631 = VECTOR ( 'NONE', #846, 39.37007874015748143 ) ;
#1632 = ORIENTED_EDGE ( 'NONE', *, *, #1629, .T. ) ;
#1633 = DIRECTION ( 'NONE',  ( -0.1936873206075088727, -0.3756213745151029682, -0.9063077870366494926 ) ) ;
#1634 = ORIENTED_EDGE ( 'NONE', *, *, #1677, .T. ) ;
#1635 = AXIS2_PLACEMENT_3D ( 'NONE', #2729, #1250, #1516 ) ;
#1636 = EDGE_CURVE ( 'NONE', #1375, #3306, #1112, .T. ) ;
#1637 = ORIENTED_EDGE ( 'NONE', *, *, #2409, .F. ) ;
#1638 = VECTOR ( 'NONE', #2215, 39.37007874015748143 ) ;
#1639 = CYLINDRICAL_SURFACE ( 'NONE', #3400, 0.02362204724409448092 ) ;
#1640 = DIRECTION ( 'NONE',  ( 0.0000000000000000000, 0.0000000000000000000, 1.000000000000000000 ) ) ;
#1641 = CARTESIAN_POINT ( 'NONE',  ( 0.1352200082310885954, -0.04603634211220338640, 0.07480314960629921850 ) ) ;
#1642 = AXIS2_PLACEMENT_3D ( 'NONE', #32, #1989, #1105 ) ;
#1643 = EDGE_LOOP ( 'NONE', ( #3509, #3042, #2434, #196, #1369, #112 ) ) ;
#1644 = DIRECTION ( 'NONE',  ( 1.000000000000000000, 0.0000000000000000000, 0.0000000000000000000 ) ) ;
#1645 = CARTESIAN_POINT ( 'NONE',  ( 0.1122047244094488277, 0.1377952755905511861, -0.1181102362204724532 ) ) ;
#1646 = AXIS2_PLACEMENT_3D ( 'NONE', #2889, #2839, #3139 ) ;
#1647 = LINE ( 'NONE', #3074, #2712 ) ;
#1648 = LINE ( 'NONE', #1895, #3501 ) ;
#1649 = DIRECTION ( 'NONE',  ( -0.8887958910435519444, 0.4583032446580520558, 0.0000000000000000000 ) ) ;
#1650 = VERTEX_POINT ( 'NONE', #730 ) ;
#1651 = EDGE_CURVE ( 'NONE', #439, #521, #1338, .T. ) ;
#1652 = ORIENTED_EDGE ( 'NONE', *, *, #1155, .F. ) ;
#1653 = CARTESIAN_POINT ( 'NONE',  ( -0.1259842519685039353, 0.001910576577067484277, 0.1023622047244094474 ) ) ;
#1654 = ORIENTED_EDGE ( 'NONE', *, *, #1133, .F. ) ;
#1655 = ADVANCED_FACE ( 'NONE', ( #1769 ), #410, .T. ) ;
#1656 = CARTESIAN_POINT ( 'NONE',  ( 0.1181102362204724532, 0.1377952755905511861, 0.1122047244094488277 ) ) ;
#1657 = FACE_OUTER_BOUND ( 'NONE', #1772, .T. ) ;
#1658 = ORIENTED_EDGE ( 'NONE', *, *, #3055, .F. ) ;
#1659 = SPHERICAL_SURFACE ( 'NONE', #1511, 0.03937007874015747977 ) ;
#1660 = DIRECTION ( 'NONE',  ( 0.0000000000000000000, 0.0000000000000000000, 1.000000000000000000 ) ) ;
#1661 = FACE_OUTER_BOUND ( 'NONE', #3440, .T. ) ;
#1662 = DIMENSIONAL_EXPONENTS ( 1.000000000000000000, 0.0000000000000000000, 0.0000000000000000000, 0.0000000000000000000, 0.0000000000000000000, 0.0000000000000000000, 0.0000000000000000000 ) ;
#1663 = CARTESIAN_POINT ( 'NONE',  ( -0.1255464405159194829, -0.06479646946715768296, 0.1023622047244094474 ) ) ;
#1664 = CARTESIAN_POINT ( 'NONE',  ( 0.1189390950157675347, -0.001605939811570186943, -0.1023622047244094474 ) ) ;
#1665 = ORIENTED_EDGE ( 'NONE', *, *, #1780, .F. ) ;
#1666 = ORIENTED_EDGE ( 'NONE', *, *, #1944, .T. ) ;
#1667 = CARTESIAN_POINT ( 'NONE',  ( 0.0000000000000000000, 0.1299212598425196763, 0.0000000000000000000 ) ) ;
#1668 = EDGE_CURVE ( 'NONE', #3145, #330, #483, .T. ) ;
#1669 = VERTEX_POINT ( 'NONE', #1264 ) ;
#1670 = DIRECTION ( 'NONE',  ( 0.0000000000000000000, 1.000000000000000000, 0.0000000000000000000 ) ) ;
#1671 = PRESENTATION_STYLE_ASSIGNMENT (( #2980 ) ) ;
#1672 = ADVANCED_FACE ( 'NONE', ( #993 ), #968, .T. ) ;
#1673 = EDGE_LOOP ( 'NONE', ( #594, #794, #1352, #2329 ) ) ;
#1674 = CARTESIAN_POINT ( 'NONE',  ( -0.1181102362204724532, 0.02755905511811023584, -0.1023622047244094474 ) ) ;
#1675 = DIRECTION ( 'NONE',  ( 0.0000000000000000000, 0.0000000000000000000, -1.000000000000000000 ) ) ;
#1676 = DIRECTION ( 'NONE',  ( 0.0000000000000000000, -1.000000000000000000, 0.0000000000000000000 ) ) ;
#1677 = EDGE_CURVE ( 'NONE', #1165, #691, #423, .T. ) ;
#1678 = CARTESIAN_POINT ( 'NONE',  ( 0.1185480476730569055, -0.06118778250134625923, -0.09251968503937008093 ) ) ;
#1679 = CARTESIAN_POINT ( 'NONE',  ( -0.1181102362204724532, 0.0000000000000000000, -0.1181102362204724532 ) ) ;
#1680 = VECTOR ( 'NONE', #457, 39.37007874015748143 ) ;
#1681 = CLOSED_SHELL ( 'NONE', ( #186, #567, #1323, #3485, #240, #1889, #923, #223, #867, #56, #510, #2495, #3014, #700, #695 ) ) ;
#1682 = ORIENTED_EDGE ( 'NONE', *, *, #3380, .T. ) ;
#1683 = AXIS2_PLACEMENT_3D ( 'NONE', #2162, #3242, #3274 ) ;
#1684 = VECTOR ( 'NONE', #23, 39.37007874015748143 ) ;
#1685 = ORIENTED_EDGE ( 'NONE', *, *, #3537, .T. ) ;
#1686 = FACE_OUTER_BOUND ( 'NONE', #2755, .T. ) ;
#1687 = AXIS2_PLACEMENT_3D ( 'NONE', #1085, #2960, #2411 ) ;
#1688 = AXIS2_PLACEMENT_3D ( 'NONE', #2120, #3459, #1011 ) ;
#1689 = ORIENTED_EDGE ( 'NONE', *, *, #2117, .F. ) ;
#1690 = VERTEX_POINT ( 'NONE', #3431 ) ;
#1691 = CIRCLE ( 'NONE', #147, 0.007874015748031499423 ) ;
#1692 = DIRECTION ( 'NONE',  ( -0.4465975813569838526, -0.8947349329975285981, 0.0000000000000000000 ) ) ;
#1693 = VECTOR ( 'NONE', #3232, 39.37007874015748143 ) ;
#1694 = ORIENTED_EDGE ( 'NONE', *, *, #1276, .T. ) ;
#1695 = VECTOR ( 'NONE', #2740, 39.37007874015748143 ) ;
#1696 = CARTESIAN_POINT ( 'NONE',  ( -0.1181102362204724532, 0.02755905511811023584, 0.1023622047244094474 ) ) ;
#1697 = CARTESIAN_POINT ( 'NONE',  ( 0.1181102362204724532, 0.02755905511811023584, -0.1023622047244094474 ) ) ;
#1698 = LINE ( 'NONE', #1964, #962 ) ;
#1699 = CARTESIAN_POINT ( 'NONE',  ( -0.1189390950157675347, -0.001605939811570186943, 0.07480314960629921850 ) ) ;
#1700 = EDGE_CURVE ( 'NONE', #944, #2588, #252, .T. ) ;
#1701 = CIRCLE ( 'NONE', #2272, 0.007874015748031499423 ) ;
#1702 = DIRECTION ( 'NONE',  ( 0.0000000000000000000, 1.000000000000000000, 0.0000000000000000000 ) ) ;
#1703 = CARTESIAN_POINT ( 'NONE',  ( 0.08858267716535432601, 0.1377952755905511861, 0.08858267716535432601 ) ) ;
#1704 = DIRECTION ( 'NONE',  ( 0.0000000000000000000, -0.9238015285048950531, 0.3828716964363119701 ) ) ;
#1705 = EDGE_CURVE ( 'NONE', #856, #2809, #315, .T. ) ;
#1706 = ORIENTED_EDGE ( 'NONE', *, *, #2305, .T. ) ;
#1707 = VERTEX_POINT ( 'NONE', #2192 ) ;
#1708 = DIRECTION ( 'NONE',  ( -0.0000000000000000000, 1.000000000000000000, 0.0000000000000000000 ) ) ;
#1709 = ORIENTED_EDGE ( 'NONE', *, *, #636, .T. ) ;
#1710 = CARTESIAN_POINT ( 'NONE',  ( 0.1185480476730569055, -0.06118778250134625923, 0.1023622047244094474 ) ) ;
#1711 =( CONVERSION_BASED_UNIT ( 'INCH', #3275 ) LENGTH_UNIT ( ) NAMED_UNIT ( #1094 ) );
#1712 = ORIENTED_EDGE ( 'NONE', *, *, #163, .T. ) ;
#1713 = CARTESIAN_POINT ( 'NONE',  ( 0.1122047244094488277, 0.1299212598425196763, 0.1122047244094488277 ) ) ;
#1714 = CARTESIAN_POINT ( 'NONE',  ( -0.08858267716535432601, 0.1377952755905511861, 0.08858267716535432601 ) ) ;
#1715 = LINE ( 'NONE', #2744, #2775 ) ;
#1716 = DIRECTION ( 'NONE',  ( 0.0000000000000000000, 1.000000000000000000, 0.0000000000000000000 ) ) ;
#1717 = ADVANCED_FACE ( 'NONE', ( #2993 ), #1619, .T. ) ;
#1718 = DIRECTION ( 'NONE',  ( -1.000000000000000000, 0.0000000000000000000, 0.0000000000000000000 ) ) ;
#1719 = DIRECTION ( 'NONE',  ( 0.4465975813569838526, -0.8947349329975285981, 0.0000000000000000000 ) ) ;
#1720 = ORIENTED_EDGE ( 'NONE', *, *, #2002, .T. ) ;
#1721 = EDGE_CURVE ( 'NONE', #2077, #1707, #2396, .T. ) ;
#1722 = CARTESIAN_POINT ( 'NONE',  ( -0.1338584372998307126, -0.03149606299212598381, -0.1023622047244094474 ) ) ;
#1723 = ADVANCED_FACE ( 'NONE', ( #2453 ), #475, .T. ) ;
#1724 = DIRECTION ( 'NONE',  ( 0.0000000000000000000, -1.000000000000000000, 0.0000000000000000000 ) ) ;
#1725 = CARTESIAN_POINT ( 'NONE',  ( 0.0000000000000000000, 0.2716535433070866312, 0.06000882974015058630 ) ) ;
#1726 = ORIENTED_EDGE ( 'NONE', *, *, #1918, .F. ) ;
#1727 = CARTESIAN_POINT ( 'NONE',  ( 0.1181102362204724532, 0.03543307086614173179, -0.1023622047244094474 ) ) ;
#1728 = DIRECTION ( 'NONE',  ( -0.9779175499833030472, 0.0000000000000000000, 0.2089910654421710257 ) ) ;
#1729 = CARTESIAN_POINT ( 'NONE',  ( 0.1259842519685039353, 0.02755905511811023584, 0.1023622047244094474 ) ) ;
#1730 = LINE ( 'NONE', #2816, #3517 ) ;
#1731 = ORIENTED_EDGE ( 'NONE', *, *, #1911, .F. ) ;
#1732 = PLANE ( 'NONE',  #2425 ) ;
#1733 = LINE ( 'NONE', #1679, #2267 ) ;
#1734 = LINE ( 'NONE', #161, #3344 ) ;
#1735 = ADVANCED_FACE ( 'NONE', ( #1328 ), #279, .T. ) ;
#1736 = ORIENTED_EDGE ( 'NONE', *, *, #823, .F. ) ;
#1737 = DIRECTION ( 'NONE',  ( 0.0000000000000000000, 0.0000000000000000000, 1.000000000000000000 ) ) ;
#1738 = EDGE_CURVE ( 'NONE', #2240, #2504, #802, .T. ) ;
#1739 = AXIS2_PLACEMENT_3D ( 'NONE', #1674, #1158, #3359 ) ;
#1740 = VECTOR ( 'NONE', #3123, 39.37007874015748143 ) ;
#1741 = ORIENTED_EDGE ( 'NONE', *, *, #2651, .T. ) ;
#1742 = VERTEX_POINT ( 'NONE', #2941 ) ;
#1743 = CARTESIAN_POINT ( 'NONE',  ( 0.1417324530478622224, -0.03149606299212598381, 0.1023622047244094474 ) ) ;
#1744 = EDGE_CURVE ( 'NONE', #472, #1149, #2723, .T. ) ;
#1745 = AXIS2_PLACEMENT_3D ( 'NONE', #1131, #3058, #3006 ) ;
#1746 = VECTOR ( 'NONE', #1481, 39.37007874015748143 ) ;
#1747 = ORIENTED_EDGE ( 'NONE', *, *, #1136, .T. ) ;
#1748 = AXIS2_PLACEMENT_3D ( 'NONE', #3320, #1092, #303 ) ;
#1749 = VECTOR ( 'NONE', #1059, 39.37007874015748143 ) ;
#1750 = CARTESIAN_POINT ( 'NONE',  ( -0.1189390950157675347, -0.001605939811570186943, 0.1023622047244094474 ) ) ;
#1751 = DIRECTION ( 'NONE',  ( 0.0000000000000000000, 0.0000000000000000000, 1.000000000000000000 ) ) ;
#1752 = CARTESIAN_POINT ( 'NONE',  ( -0.1255464405159194829, -0.06479646946715768296, -0.08464566929133858497 ) ) ;
#1753 = CARTESIAN_POINT ( 'NONE',  ( 0.1259842519685039353, 0.001910576577067484277, -0.1023622047244094474 ) ) ;
#1754 = MECHANICAL_DESIGN_GEOMETRIC_PRESENTATION_REPRESENTATION (  '', ( #3009 ), #2952 ) ;
#1755 = VERTEX_POINT ( 'NONE', #507 ) ;
#1756 = CARTESIAN_POINT ( 'NONE',  ( -0.08858267716535432601, 0.1377952755905511861, -0.08858267716535432601 ) ) ;
#1757 = LINE ( 'NONE', #1472, #1241 ) ;
#1758 = CIRCLE ( 'NONE', #3523, 0.007874015748031499423 ) ;
#1759 = DIRECTION ( 'NONE',  ( -0.4153637994577553672, -0.8055226371389487827, -0.4226182617407003850 ) ) ;
#1760 = ORIENTED_EDGE ( 'NONE', *, *, #1128, .F. ) ;
#1761 = AXIS2_PLACEMENT_3D ( 'NONE', #3192, #513, #1854 ) ;
#1762 = CIRCLE ( 'NONE', #270, 0.02362204724409448092 ) ;
#1763 = EDGE_CURVE ( 'NONE', #3184, #2964, #1976, .T. ) ;
#1764 = ORIENTED_EDGE ( 'NONE', *, *, #348, .F. ) ;
#1765 = FACE_OUTER_BOUND ( 'NONE', #1444, .T. ) ;
#1766 = DIRECTION ( 'NONE',  ( 0.8887958910435520554, 0.4583032446580521113, 0.0000000000000000000 ) ) ;
#1767 = ADVANCED_FACE ( 'NONE', ( #1903 ), #1066, .T. ) ;
#1768 = DIRECTION ( 'NONE',  ( 0.0000000000000000000, 0.0000000000000000000, 1.000000000000000000 ) ) ;
#1769 = FACE_OUTER_BOUND ( 'NONE', #1010, .T. ) ;
#1770 = DIRECTION ( 'NONE',  ( 0.0000000000000000000, 0.0000000000000000000, -1.000000000000000000 ) ) ;
#1771 = DIRECTION ( 'NONE',  ( 1.000000000000000000, 0.0000000000000000000, 0.0000000000000000000 ) ) ;
#1772 = EDGE_LOOP ( 'NONE', ( #756, #977, #646, #782 ) ) ;
#1773 = CARTESIAN_POINT ( 'NONE',  ( -0.1181102362204724532, 0.03543307086614173179, -0.1023622047244094474 ) ) ;
#1774 = DIRECTION ( 'NONE',  ( 0.0000000000000000000, 0.0000000000000000000, 1.000000000000000000 ) ) ;
#1775 = DIRECTION ( 'NONE',  ( 0.0000000000000000000, 0.0000000000000000000, -1.000000000000000000 ) ) ;
#1776 = ORIENTED_EDGE ( 'NONE', *, *, #2476, .T. ) ;
#1777 = ORIENTED_EDGE ( 'NONE', *, *, #18, .T. ) ;
#1778 = ORIENTED_EDGE ( 'NONE', *, *, #2265, .T. ) ;
#1779 = CARTESIAN_POINT ( 'NONE',  ( 0.0000000000000000000, 0.1299212598425196763, 0.07283464566929134798 ) ) ;
#1780 = EDGE_CURVE ( 'NONE', #1939, #2266, #1566, .T. ) ;
#1781 = DIRECTION ( 'NONE',  ( 0.0000000000000000000, 1.000000000000000000, 0.0000000000000000000 ) ) ;
#1782 = DIRECTION ( 'NONE',  ( -1.000000000000000000, 0.0000000000000000000, 0.0000000000000000000 ) ) ;
#1783 = CARTESIAN_POINT ( 'NONE',  ( 0.1181102362204724532, 0.03543307086614173179, -0.07480314960629921850 ) ) ;
#1784 = EDGE_CURVE ( 'NONE', #1582, #927, #1028, .T. ) ;
#1785 = ORIENTED_EDGE ( 'NONE', *, *, #2403, .F. ) ;
#1786 = CARTESIAN_POINT ( 'NONE',  ( 0.1181102362204724532, -0.003937007874015747977, 0.04921259842519685318 ) ) ;
#1787 = CARTESIAN_POINT ( 'NONE',  ( 0.1083935435132570846, -0.03220340707415822457, 0.1023622047244094474 ) ) ;
#1788 = CARTESIAN_POINT ( 'NONE',  ( -0.1181102362204724532, 0.02755905511811023584, 0.07480314960629921850 ) ) ;
#1789 = ADVANCED_FACE ( 'NONE', ( #6 ), #3478, .F. ) ;
#1790 = VERTEX_POINT ( 'NONE', #493 ) ;
#1791 = VERTEX_POINT ( 'NONE', #1042 ) ;
#1792 = VERTEX_POINT ( 'NONE', #3220 ) ;
#1793 = DIRECTION ( 'NONE',  ( 0.0000000000000000000, 0.0000000000000000000, 1.000000000000000000 ) ) ;
#1794 = VECTOR ( 'NONE', #2064, 39.37007874015748143 ) ;
#1795 =( LENGTH_UNIT ( ) NAMED_UNIT ( * ) SI_UNIT ( $, .METRE. ) );
#1796 = DIRECTION ( 'NONE',  ( 0.0000000000000000000, 0.0000000000000000000, 1.000000000000000000 ) ) ;
#1797 = CARTESIAN_POINT ( 'NONE',  ( -0.1338584372998307126, -0.03149606299212598381, -0.1023622047244094474 ) ) ;
#1798 = AXIS2_PLACEMENT_3D ( 'NONE', #2999, #1963, #3050 ) ;
#1799 = DIRECTION ( 'NONE',  ( 0.0000000000000000000, 1.000000000000000000, 0.0000000000000000000 ) ) ;
#1800 = VECTOR ( 'NONE', #407, 39.37007874015748143 ) ;
#1801 = ORIENTED_EDGE ( 'NONE', *, *, #3309, .T. ) ;
#1802 = CIRCLE ( 'NONE', #193, 0.007874015748031499423 ) ;
#1803 = AXIS2_PLACEMENT_3D ( 'NONE', #3028, #365, #43 ) ;
#1804 = ADVANCED_FACE ( 'NONE', ( #526 ), #1871, .F. ) ;
#1805 = CARTESIAN_POINT ( 'NONE',  ( 0.08858267716535432601, 0.1496062992125984370, -0.08858267716535432601 ) ) ;
#1806 = CARTESIAN_POINT ( 'NONE',  ( -0.1338584372998307126, -0.03149606299212598381, -0.07480314960629921850 ) ) ;
#1807 = LINE ( 'NONE', #1474, #3111 ) ;
#1808 = AXIS2_PLACEMENT_3D ( 'NONE', #843, #1160, #3301 ) ;
#1809 = ORIENTED_EDGE ( 'NONE', *, *, #2621, .T. ) ;
#1810 = AXIS2_PLACEMENT_3D ( 'NONE', #203, #2365, #1848 ) ;
#1811 = EDGE_CURVE ( 'NONE', #1031, #519, #1176, .T. ) ;
#1812 = AXIS2_PLACEMENT_3D ( 'NONE', #1622, #2112, #752 ) ;
#1813 = VECTOR ( 'NONE', #1782, 39.37007874015748143 ) ;
#1814 = ORIENTED_EDGE ( 'NONE', *, *, #2090, .T. ) ;
#1815 = LINE ( 'NONE', #422, #2146 ) ;
#1816 = SURFACE_SIDE_STYLE ('',( #200 ) ) ;
#1817 = DIRECTION ( 'NONE',  ( -0.8887958910435519444, 0.4583032446580520558, 0.0000000000000000000 ) ) ;
#1818 = DIRECTION ( 'NONE',  ( -1.000000000000000000, 0.0000000000000000000, 0.0000000000000000000 ) ) ;
#1819 =( LENGTH_UNIT ( ) NAMED_UNIT ( * ) SI_UNIT ( $, .METRE. ) );
#1820 = VERTEX_POINT ( 'NONE', #2438 ) ;
#1821 = PLANE ( 'NONE',  #137 ) ;
#1822 = LINE ( 'NONE', #2912, #3013 ) ;
#1823 = CARTESIAN_POINT ( 'NONE',  ( -0.1181102362204724532, 0.1377952755905511861, -0.1122047244094488277 ) ) ;
#1824 = ORIENTED_EDGE ( 'NONE', *, *, #2761, .F. ) ;
#1825 = EDGE_CURVE ( 'NONE', #3210, #3145, #3535, .T. ) ;
#1826 = EDGE_LOOP ( 'NONE', ( #1953, #2678, #3141, #758 ) ) ;
#1827 = VERTEX_POINT ( 'NONE', #3018 ) ;
#1828 = ORIENTED_EDGE ( 'NONE', *, *, #1256, .F. ) ;
#1829 = CARTESIAN_POINT ( 'NONE',  ( -0.1181102362204724532, 0.1299212598425196763, 0.1181102362204724532 ) ) ;
#1830 =( CONVERSION_BASED_UNIT ( 'INCH', #3150 ) LENGTH_UNIT ( ) NAMED_UNIT ( #267 ) );
#1831 = CARTESIAN_POINT ( 'NONE',  ( 0.1259842519685039353, 0.001910576577067484277, 0.1023622047244094474 ) ) ;
#1832 = CARTESIAN_POINT ( 'NONE',  ( 0.1181102362204724532, 0.03543307086614173179, -0.1023622047244094474 ) ) ;
#1833 = DIRECTION ( 'NONE',  ( 0.4153637994577553672, -0.8055226371389487827, 0.4226182617407003850 ) ) ;
#1834 = ORIENTED_EDGE ( 'NONE', *, *, #243, .T. ) ;
#1835 = DIRECTION ( 'NONE',  ( 0.8887958910435519444, -0.4583032446580520558, 0.0000000000000000000 ) ) ;
#1836 = CARTESIAN_POINT ( 'NONE',  ( -0.08858267716535432601, 0.1299212598425196763, -0.1122047244094488139 ) ) ;
#1837 = PLANE ( 'NONE',  #34 ) ;
#1838 = EDGE_LOOP ( 'NONE', ( #1183, #1137, #1400, #448 ) ) ;
#1839 = VERTEX_POINT ( 'NONE', #565 ) ;
#1840 = ORIENTED_EDGE ( 'NONE', *, *, #343, .F. ) ;
#1841 = ADVANCED_FACE ( 'NONE', ( #1657 ), #288, .F. ) ;
#1842 = ORIENTED_EDGE ( 'NONE', *, *, #496, .F. ) ;
#1843 = FACE_OUTER_BOUND ( 'NONE', #2190, .T. ) ;
#1844 = ADVANCED_FACE ( 'NONE', ( #1914 ), #2237, .T. ) ;
#1845 = FILL_AREA_STYLE ('',( #443 ) ) ;
#1846 = DIRECTION ( 'NONE',  ( 0.0000000000000000000, 0.0000000000000000000, 1.000000000000000000 ) ) ;
#1847 = DIRECTION ( 'NONE',  ( -0.4583032446580521113, -0.8887958910435520554, 0.0000000000000000000 ) ) ;
#1848 = DIRECTION ( 'NONE',  ( 0.0000000000000000000, 0.0000000000000000000, -1.000000000000000000 ) ) ;
#1849 = VECTOR ( 'NONE', #2911, 39.37007874015748143 ) ;
#1850 = ORIENTED_EDGE ( 'NONE', *, *, #2392, .F. ) ;
#1851 = AXIS2_PLACEMENT_3D ( 'NONE', #2073, #710, #3202 ) ;
#1852 = VECTOR ( 'NONE', #294, 39.37007874015748143 ) ;
#1853 = DIRECTION ( 'NONE',  ( 0.0000000000000000000, 0.0000000000000000000, 1.000000000000000000 ) ) ;
#1854 = DIRECTION ( 'NONE',  ( 1.000000000000000000, 0.0000000000000000000, 0.0000000000000000000 ) ) ;
#1855 = PLANE ( 'NONE',  #2767 ) ;
#1856 = VECTOR ( 'NONE', #2080, 39.37007874015748143 ) ;
#1857 = CIRCLE ( 'NONE', #1977, 0.06000882974015058630 ) ;
#1858 = CIRCLE ( 'NONE', #1236, 0.005905511811023620231 ) ;
#1859 = CIRCLE ( 'NONE', #3406, 0.07283464566929134798 ) ;
#1860 = ORIENTED_EDGE ( 'NONE', *, *, #2344, .T. ) ;
#1861 = AXIS2_PLACEMENT_3D ( 'NONE', #2386, #2413, #2890 ) ;
#1862 = VERTEX_POINT ( 'NONE', #17 ) ;
#1863 = ORIENTED_EDGE ( 'NONE', *, *, #1302, .F. ) ;
#1864 = PLANE ( 'NONE',  #2768 ) ;
#1865 = AXIS2_PLACEMENT_3D ( 'NONE', #552, #1417, #3319 ) ;
#1866 = UNCERTAINTY_MEASURE_WITH_UNIT (LENGTH_MEASURE( 1.000000000000000082E-05 ), #588, 'distance_accuracy_value', 'NONE');
#1867 = EDGE_CURVE ( 'NONE', #1614, #2903, #2824, .T. ) ;
#1868 = COLOUR_RGB ( '',0.8274509803921568096, 0.8392156862745098200, 0.8274509803921568096 ) ;
#1869 = ORIENTED_EDGE ( 'NONE', *, *, #1896, .F. ) ;
#1870 = SURFACE_STYLE_FILL_AREA ( #1354 ) ;
#1871 = PLANE ( 'NONE',  #1687 ) ;
#1872 = CARTESIAN_POINT ( 'NONE',  ( 0.1408568301426933178, -0.03510474995793744224, -0.1023622047244094474 ) ) ;
#1873 = LINE ( 'NONE', #2909, #3005 ) ;
#1874 = EDGE_CURVE ( 'NONE', #2737, #2734, #346, .T. ) ;
#1875 = ORIENTED_EDGE ( 'NONE', *, *, #1784, .T. ) ;
#1876 = DIRECTION ( 'NONE',  ( 0.0000000000000000000, 0.0000000000000000000, -1.000000000000000000 ) ) ;
#1877 = DIRECTION ( 'NONE',  ( 0.0000000000000000000, 0.0000000000000000000, -1.000000000000000000 ) ) ;
#1878 = PLANE ( 'NONE',  #1007 ) ;
#1879 = CARTESIAN_POINT ( 'NONE',  ( 0.1255464405159194829, -0.06479646946715768296, 0.09251968503937008093 ) ) ;
#1880 = ORIENTED_EDGE ( 'NONE', *, *, #126, .F. ) ;
#1881 = CARTESIAN_POINT ( 'NONE',  ( 0.1259842519685039353, 0.001910576577067480157, 0.1023622047244094474 ) ) ;
#1882 = ORIENTED_EDGE ( 'NONE', *, *, #1238, .T. ) ;
#1883 = PLANE ( 'NONE',  #1232 ) ;
#1884 = ORIENTED_EDGE ( 'NONE', *, *, #3007, .F. ) ;
#1885 = ORIENTED_EDGE ( 'NONE', *, *, #1636, .F. ) ;
#1886 = PLANE ( 'NONE',  #87 ) ;
#1887 = DIRECTION ( 'NONE',  ( 0.4465975813569838526, -0.8947349329975285981, 0.0000000000000000000 ) ) ;
#1888 = CARTESIAN_POINT ( 'NONE',  ( -0.08858267716535432601, 0.1299212598425196763, -0.1122047244094488139 ) ) ;
#1889 = ADVANCED_FACE ( 'NONE', ( #556 ), #3343, .T. ) ;
#1890 = VERTEX_POINT ( 'NONE', #1424 ) ;
#1891 = CARTESIAN_POINT ( 'NONE',  ( -0.08858267716535432601, 0.1377952755905511861, -0.08858267716535432601 ) ) ;
#1892 = DIRECTION ( 'NONE',  ( 0.0000000000000000000, 0.0000000000000000000, -1.000000000000000000 ) ) ;
#1893 = DIRECTION ( 'NONE',  ( 0.0000000000000000000, 0.0000000000000000000, -1.000000000000000000 ) ) ;
#1894 = EDGE_CURVE ( 'NONE', #3237, #3474, #904, .T. ) ;
#1895 = CARTESIAN_POINT ( 'NONE',  ( 0.1255464405159194829, -0.06479646946715768296, 0.1023622047244094474 ) ) ;
#1896 = EDGE_CURVE ( 'NONE', #2077, #2455, #2460, .T. ) ;
#1897 = ORIENTED_EDGE ( 'NONE', *, *, #3026, .T. ) ;
#1898 = CARTESIAN_POINT ( 'NONE',  ( 0.1181102362204724532, 0.1377952755905511861, -0.1181102362204724532 ) ) ;
#1899 = EDGE_LOOP ( 'NONE', ( #635, #2600, #1097, #1103 ) ) ;
#1900 = CARTESIAN_POINT ( 'NONE',  ( 0.0000000000000000000, 0.2755905511811023723, 0.0000000000000000000 ) ) ;
#1901 = ORIENTED_EDGE ( 'NONE', *, *, #1443, .T. ) ;
#1902 = ORIENTED_EDGE ( 'NONE', *, *, #1213, .T. ) ;
#1903 = FACE_OUTER_BOUND ( 'NONE', #2716, .T. ) ;
#1904 =( NAMED_UNIT ( * ) PLANE_ANGLE_UNIT ( ) SI_UNIT ( $, .RADIAN. ) );
#1905 = DIRECTION ( 'NONE',  ( 1.000000000000000000, 0.0000000000000000000, 0.0000000000000000000 ) ) ;
#1906 = ORIENTED_EDGE ( 'NONE', *, *, #2312, .T. ) ;
#1907 = DIRECTION ( 'NONE',  ( 1.000000000000000000, 0.0000000000000000000, 0.0000000000000000000 ) ) ;
#1908 = CARTESIAN_POINT ( 'NONE',  ( 0.1181102362204724532, 0.1377952755905511861, 0.1122047244094488277 ) ) ;
#1909 = DIRECTION ( 'NONE',  ( -0.4465975813569838526, -0.8947349329975285981, 0.0000000000000000000 ) ) ;
#1910 = CIRCLE ( 'NONE', #3216, 0.02362204724409448092 ) ;
#1911 = EDGE_CURVE ( 'NONE', #230, #1576, #1109, .T. ) ;
#1912 = CLOSED_SHELL ( 'NONE', ( #3200, #1717, #1804, #1564, #3305, #2851, #1624, #1395, #3239, #1088, #3526, #1655, #277, #650, #2013 ) ) ;
#1913 = DIRECTION ( 'NONE',  ( 0.0000000000000000000, -1.000000000000000000, 0.0000000000000000000 ) ) ;
#1914 = FACE_OUTER_BOUND ( 'NONE', #2018, .T. ) ;
#1915 = AXIS2_PLACEMENT_3D ( 'NONE', #1141, #2232, #895 ) ;
#1916 = COLOUR_RGB ( '',0.2980392156862745057, 0.2980392156862745057, 0.2980392156862745057 ) ;
#1917 = ORIENTED_EDGE ( 'NONE', *, *, #1955, .T. ) ;
#1918 = EDGE_CURVE ( 'NONE', #77, #1742, #2535, .T. ) ;
#1919 = VECTOR ( 'NONE', #2619, 39.37007874015748854 ) ;
#1920 = VERTEX_POINT ( 'NONE', #2222 ) ;
#1921 = VECTOR ( 'NONE', #1913, 39.37007874015748143 ) ;
#1922 = EDGE_LOOP ( 'NONE', ( #2842, #2118, #663, #3234 ) ) ;
#1923 = CARTESIAN_POINT ( 'NONE',  ( -0.1185480476730569055, -0.06118778250134625923, 0.1023622047244094474 ) ) ;
#1924 = VECTOR ( 'NONE', #3249, 39.37007874015748143 ) ;
#1925 = EDGE_CURVE ( 'NONE', #2180, #2664, #55, .T. ) ;
#1926 = ORIENTED_EDGE ( 'NONE', *, *, #1256, .T. ) ;
#1927 = PRESENTATION_LAYER_ASSIGNMENT (  '', '', ( #2045 ) ) ;
#1928 = DIRECTION ( 'NONE',  ( 0.0000000000000000000, 0.0000000000000000000, 1.000000000000000000 ) ) ;
#1929 = DIRECTION ( 'NONE',  ( 0.0000000000000000000, 0.0000000000000000000, 1.000000000000000000 ) ) ;
#1930 =( NAMED_UNIT ( * ) SI_UNIT ( $, .STERADIAN. ) SOLID_ANGLE_UNIT ( ) );
#1931 = ORIENTED_EDGE ( 'NONE', *, *, #2605, .T. ) ;
#1932 = CARTESIAN_POINT ( 'NONE',  ( -0.1181102362204724532, 0.1377952755905511861, 0.1122047244094488277 ) ) ;
#1933 = CARTESIAN_POINT ( 'NONE',  ( -0.1259842519685039353, 0.001910576577067484277, 0.1023622047244094474 ) ) ;
#1934 = CARTESIAN_POINT ( 'NONE',  ( 0.1189390950157675347, -0.001605939811570186943, 0.1023622047244094474 ) ) ;
#1935 = DIRECTION ( 'NONE',  ( -0.4153637994577553672, -0.8055226371389487827, 0.4226182617407003850 ) ) ;
#1936 = CARTESIAN_POINT ( 'NONE',  ( -0.1181102362204724532, 0.02755905511811023584, -0.07480314960629921850 ) ) ;
#1937 = ADVANCED_FACE ( 'NONE', ( #306 ), #2475, .T. ) ;
#1938 = ORIENTED_EDGE ( 'NONE', *, *, #1262, .T. ) ;
#1939 = VERTEX_POINT ( 'NONE', #2873 ) ;
#1940 = DIRECTION ( 'NONE',  ( 0.0000000000000000000, 1.000000000000000000, 0.0000000000000000000 ) ) ;
#1941 = ADVANCED_FACE ( 'NONE', ( #922 ), #1254, .T. ) ;
#1942 = ORIENTED_EDGE ( 'NONE', *, *, #3095, .T. ) ;
#1943 =( CONVERSION_BASED_UNIT ( 'INCH', #296 ) LENGTH_UNIT ( ) NAMED_UNIT ( #1419 ) );
#1944 = EDGE_CURVE ( 'NONE', #2102, #1890, #3108, .T. ) ;
#1945 = ORIENTED_EDGE ( 'NONE', *, *, #3286, .F. ) ;
#1946 = FACE_OUTER_BOUND ( 'NONE', #1596, .T. ) ;
#1947 = CARTESIAN_POINT ( 'NONE',  ( -0.1417324530478622224, -0.03149606299212598381, -0.07480314960629921850 ) ) ;
#1948 = CARTESIAN_POINT ( 'NONE',  ( -0.1122047244094488277, 0.1299212598425196763, -0.1122047244094488277 ) ) ;
#1949 = ORIENTED_EDGE ( 'NONE', *, *, #2450, .F. ) ;
#1950 = DIRECTION ( 'NONE',  ( 0.0000000000000000000, 0.0000000000000000000, 1.000000000000000000 ) ) ;
#1951 = FILL_AREA_STYLE ('',( #295 ) ) ;
#1952 = VERTEX_POINT ( 'NONE', #3422 ) ;
#1953 = ORIENTED_EDGE ( 'NONE', *, *, #2207, .T. ) ;
#1954 = DIRECTION ( 'NONE',  ( 0.8887958910435519444, -0.4583032446580520558, 0.0000000000000000000 ) ) ;
#1955 = EDGE_CURVE ( 'NONE', #2817, #2230, #2050, .T. ) ;
#1956 = EDGE_LOOP ( 'NONE', ( #2620, #549, #254, #433 ) ) ;
#1957 = EDGE_LOOP ( 'NONE', ( #919, #404, #2432, #765 ) ) ;
#1958 =( NAMED_UNIT ( * ) PLANE_ANGLE_UNIT ( ) SI_UNIT ( $, .RADIAN. ) );
#1959 = DIRECTION ( 'NONE',  ( 0.0000000000000000000, 0.0000000000000000000, 1.000000000000000000 ) ) ;
#1960 = ORIENTED_EDGE ( 'NONE', *, *, #1000, .F. ) ;
#1961 = EDGE_CURVE ( 'NONE', #2316, #1669, #1734, .T. ) ;
#1962 = DIRECTION ( 'NONE',  ( 0.0000000000000000000, -1.000000000000000000, 0.0000000000000000000 ) ) ;
#1963 = DIRECTION ( 'NONE',  ( 0.0000000000000000000, 1.000000000000000000, 0.0000000000000000000 ) ) ;
#1964 = CARTESIAN_POINT ( 'NONE',  ( 0.1259842519685039353, 0.02755905511811023584, 0.07480314960629921850 ) ) ;
#1965 = DIRECTION ( 'NONE',  ( 0.0000000000000000000, 0.0000000000000000000, -1.000000000000000000 ) ) ;
#1966 = CYLINDRICAL_SURFACE ( 'NONE', #884, 0.007874015748031499423 ) ;
#1967 = LINE ( 'NONE', #1881, #2486 ) ;
#1968 = DIRECTION ( 'NONE',  ( 0.0000000000000000000, 1.000000000000000000, 0.0000000000000000000 ) ) ;
#1969 = AXIS2_PLACEMENT_3D ( 'NONE', #610, #920, #1718 ) ;
#1970 = AXIS2_PLACEMENT_3D ( 'NONE', #1497, #2507, #356 ) ;
#1971 = VERTEX_POINT ( 'NONE', #704 ) ;
#1972 = CIRCLE ( 'NONE', #1739, 0.007874015748031499423 ) ;
#1973 = PRESENTATION_LAYER_ASSIGNMENT (  '', '', ( #1517 ) ) ;
#1974 = ORIENTED_EDGE ( 'NONE', *, *, #1488, .T. ) ;
#1975 = CARTESIAN_POINT ( 'NONE',  ( -0.1122047244094488277, 0.1377952755905511861, 0.1122047244094488277 ) ) ;
#1976 = CIRCLE ( 'NONE', #435, 0.007874015748031499423 ) ;
#1977 = AXIS2_PLACEMENT_3D ( 'NONE', #459, #2641, #1549 ) ;
#1978 = ORIENTED_EDGE ( 'NONE', *, *, #2513, .T. ) ;
#1979 = EDGE_LOOP ( 'NONE', ( #3134, #866, #1447, #2055 ) ) ;
#1980 = LINE ( 'NONE', #3372, #772 ) ;
#1981 = CIRCLE ( 'NONE', #323, 0.02362204724409448092 ) ;
#1982 = DIRECTION ( 'NONE',  ( 0.0000000000000000000, 0.0000000000000000000, -1.000000000000000000 ) ) ;
#1983 = AXIS2_PLACEMENT_3D ( 'NONE', #1805, #2078, #2579 ) ;
#1984 = EDGE_CURVE ( 'NONE', #3132, #1111, #938, .T. ) ;
#1985 = ORIENTED_EDGE ( 'NONE', *, *, #283, .T. ) ;
#1986 = CIRCLE ( 'NONE', #1861, 0.02362204724409448092 ) ;
#1987 = CYLINDRICAL_SURFACE ( 'NONE', #2030, 0.005905511811023620231 ) ;
#1988 = LINE ( 'NONE', #2269, #3161 ) ;
#1989 = DIRECTION ( 'NONE',  ( 0.0000000000000000000, 0.0000000000000000000, -1.000000000000000000 ) ) ;
#1990 = CARTESIAN_POINT ( 'NONE',  ( 0.1280139404404702919, -0.04283040298287204423, -0.07501445166377776474 ) ) ;
#1991 = VECTOR ( 'NONE', #998, 39.37007874015748143 ) ;
#1992 = ADVANCED_FACE ( 'NONE', ( #2342 ), #1406, .T. ) ;
#1993 = LINE ( 'NONE', #3076, #1167 ) ;
#1994 = CARTESIAN_POINT ( 'NONE',  ( 0.1185480476730569055, -0.06118778250134625923, -0.08464566929133858497 ) ) ;
#1995 = CARTESIAN_POINT ( 'NONE',  ( 0.1083935435132570846, -0.03220340707415822457, -0.1023622047244094474 ) ) ;
#1996 = ORIENTED_EDGE ( 'NONE', *, *, #991, .F. ) ;
#1997 = CARTESIAN_POINT ( 'NONE',  ( 0.08858267716535432601, 0.1496062992125984370, 0.08858267716535432601 ) ) ;
#1998 = VERTEX_POINT ( 'NONE', #125 ) ;
#1999 = ORIENTED_EDGE ( 'NONE', *, *, #1460, .T. ) ;
#2000 = LINE ( 'NONE', #640, #1340 ) ;
#2001 = ORIENTED_EDGE ( 'NONE', *, *, #681, .T. ) ;
#2002 = EDGE_CURVE ( 'NONE', #2504, #3488, #1802, .T. ) ;
#2003 = CYLINDRICAL_SURFACE ( 'NONE', #312, 0.007874015748031499423 ) ;
#2004 = CARTESIAN_POINT ( 'NONE',  ( 0.1185480476730569055, -0.06118778250134625923, -0.08464566929133858497 ) ) ;
#2005 = CARTESIAN_POINT ( 'NONE',  ( -0.1259842519685039353, 0.001910576577067480157, 0.1023622047244094474 ) ) ;
#2006 = LINE ( 'NONE', #359, #2148 ) ;
#2007 = ORIENTED_EDGE ( 'NONE', *, *, #517, .F. ) ;
#2008 = EDGE_CURVE ( 'NONE', #330, #3145, #2649, .T. ) ;
#2009 = LINE ( 'NONE', #344, #2994 ) ;
#2010 = CARTESIAN_POINT ( 'NONE',  ( -0.1181102362204724532, 0.0000000000000000000, -0.1181102362204724532 ) ) ;
#2011 = DIRECTION ( 'NONE',  ( 0.1936873206075089282, 0.3756213745151028016, -0.9063077870366496036 ) ) ;
#2012 = ORIENTED_EDGE ( 'NONE', *, *, #3245, .F. ) ;
#2013 = ADVANCED_FACE ( 'NONE', ( #2066 ), #3366, .F. ) ;
#2014 = LINE ( 'NONE', #1457, #954 ) ;
#2015 = ORIENTED_EDGE ( 'NONE', *, *, #2403, .T. ) ;
#2016 = ORIENTED_EDGE ( 'NONE', *, *, #251, .F. ) ;
#2017 = CARTESIAN_POINT ( 'NONE',  ( 0.1122047244094488277, 0.0000000000000000000, 0.1122047244094488277 ) ) ;
#2018 = EDGE_LOOP ( 'NONE', ( #2499, #3352, #232, #1974 ) ) ;
#2019 = CARTESIAN_POINT ( 'NONE',  ( 0.1122047244094488277, 0.1377952755905511861, 0.1181102362204724532 ) ) ;
#2020 = LINE ( 'NONE', #2469, #1001 ) ;
#2021 = CARTESIAN_POINT ( 'NONE',  ( 0.08858267716535432601, 0.1377952755905511861, 0.08858267716535432601 ) ) ;
#2022 = DIRECTION ( 'NONE',  ( 0.0000000000000000000, 0.0000000000000000000, 1.000000000000000000 ) ) ;
#2023 = ORIENTED_EDGE ( 'NONE', *, *, #2899, .T. ) ;
#2024 = CARTESIAN_POINT ( 'NONE',  ( 0.1338584372998307126, -0.03149606299212598381, -0.1023622047244094474 ) ) ;
#2025 = DIRECTION ( 'NONE',  ( 0.0000000000000000000, -1.000000000000000000, 0.0000000000000000000 ) ) ;
#2026 = CARTESIAN_POINT ( 'NONE',  ( -0.08858267716535432601, 0.1377952755905511861, 0.08858267716535432601 ) ) ;
#2027 = ADVANCED_FACE ( 'NONE', ( #2308 ), #718, .F. ) ;
#2028 = ORIENTED_EDGE ( 'NONE', *, *, #517, .T. ) ;
#2029 = FACE_OUTER_BOUND ( 'NONE', #389, .T. ) ;
#2030 = AXIS2_PLACEMENT_3D ( 'NONE', #1713, #1962, #1208 ) ;
#2031 = EDGE_CURVE ( 'NONE', #1890, #2436, #1807, .T. ) ;
#2032 = AXIS2_PLACEMENT_3D ( 'NONE', #2866, #2362, #3443 ) ;
#2033 = CIRCLE ( 'NONE', #2650, 0.02362204724409448092 ) ;
#2034 = DIRECTION ( 'NONE',  ( -1.000000000000000000, 0.0000000000000000000, 0.0000000000000000000 ) ) ;
#2035 = CARTESIAN_POINT ( 'NONE',  ( -0.1259842519685039353, 0.001910576577067480157, 0.1023622047244094474 ) ) ;
#2036 = CIRCLE ( 'NONE', #485, 0.007874015748031499423 ) ;
#2037 = EDGE_CURVE ( 'NONE', #1707, #2627, #2860, .T. ) ;
#2038 = VECTOR ( 'NONE', #2977, 39.37007874015748143 ) ;
#2039 = CIRCLE ( 'NONE', #488, 0.005905511811023620231 ) ;
#2040 = VECTOR ( 'NONE', #3369, 39.37007874015748143 ) ;
#2041 = CARTESIAN_POINT ( 'NONE',  ( -0.08858267716535432601, 0.1496062992125984370, 0.08858267716535432601 ) ) ;
#2042 = CARTESIAN_POINT ( 'NONE',  ( -0.1408568301426933178, -0.03510474995793744224, 0.1023622047244094474 ) ) ;
#2043 = LINE ( 'NONE', #424, #2607 ) ;
#2044 = DIRECTION ( 'NONE',  ( 0.0000000000000000000, -1.000000000000000000, 0.0000000000000000000 ) ) ;
#2045 = STYLED_ITEM ( 'NONE', ( #1374 ), #2646 ) ;
#2046 = ORIENTED_EDGE ( 'NONE', *, *, #995, .T. ) ;
#2047 = DIRECTION ( 'NONE',  ( 0.0000000000000000000, 0.0000000000000000000, 1.000000000000000000 ) ) ;
#2048 = DIRECTION ( 'NONE',  ( 0.0000000000000000000, 0.0000000000000000000, -1.000000000000000000 ) ) ;
#2049 = AXIS2_PLACEMENT_3D ( 'NONE', #2674, #225, #1319 ) ;
#2050 = LINE ( 'NONE', #1543, #1919 ) ;
#2051 = ORIENTED_EDGE ( 'NONE', *, *, #2008, .F. ) ;
#2052 = AXIS2_PLACEMENT_3D ( 'NONE', #803, #1847, #2123 ) ;
#2053 = EDGE_CURVE ( 'NONE', #1862, #1255, #2036, .T. ) ;
#2054 = EDGE_CURVE ( 'NONE', #905, #3488, #2846, .T. ) ;
#2055 = ORIENTED_EDGE ( 'NONE', *, *, #329, .T. ) ;
#2056 = LINE ( 'NONE', #1829, #1800 ) ;
#2057 = UNCERTAINTY_MEASURE_WITH_UNIT (LENGTH_MEASURE( 1.000000000000000082E-05 ), #1943, 'distance_accuracy_value', 'NONE');
#2058 = EDGE_CURVE ( 'NONE', #3373, #230, #28, .T. ) ;
#2059 = DIRECTION ( 'NONE',  ( 0.0000000000000000000, 0.0000000000000000000, 1.000000000000000000 ) ) ;
#2060 = DIRECTION ( 'NONE',  ( 0.0000000000000000000, 0.0000000000000000000, -1.000000000000000000 ) ) ;
#2061 = FACE_OUTER_BOUND ( 'NONE', #1455, .T. ) ;
#2062 = CARTESIAN_POINT ( 'NONE',  ( -0.1259842519685039353, 0.001910576577067484277, -0.07480314960629921850 ) ) ;
#2063 = VERTEX_POINT ( 'NONE', #3383 ) ;
#2064 = DIRECTION ( 'NONE',  ( -0.4583032446580520558, -0.8887958910435519444, 0.0000000000000000000 ) ) ;
#2065 = DIRECTION ( 'NONE',  ( 1.000000000000000000, 0.0000000000000000000, 0.0000000000000000000 ) ) ;
#2066 = FACE_OUTER_BOUND ( 'NONE', #1495, .T. ) ;
#2067 = EDGE_LOOP ( 'NONE', ( #10, #3068 ) ) ;
#2068 = EDGE_LOOP ( 'NONE', ( #813, #2956, #835, #1533, #2935, #456, #215, #122, #1801, #3531, #3439 ) ) ;
#2069 = EDGE_LOOP ( 'NONE', ( #1741, #2483, #1037, #1634 ) ) ;
#2070 = CARTESIAN_POINT ( 'NONE',  ( 0.1408568301426933178, -0.03510474995793744224, -0.07480314960629921850 ) ) ;
#2071 = ADVANCED_FACE ( 'NONE', ( #1492 ), #2293, .F. ) ;
#2072 = FILL_AREA_STYLE_COLOUR ( '', #1403 ) ;
#2073 = CARTESIAN_POINT ( 'NONE',  ( -0.1122047244094488277, 0.1299212598425196763, -0.1122047244094488277 ) ) ;
#2074 = DIRECTION ( 'NONE',  ( -0.4465975813569838526, -0.8947349329975285981, 0.0000000000000000000 ) ) ;
#2075 = CARTESIAN_POINT ( 'NONE',  ( -0.08858267716535432601, 0.1496062992125984370, -0.1122047244094488139 ) ) ;
#2076 = ADVANCED_FACE ( 'NONE', ( #2581 ), #1855, .F. ) ;
#2077 = VERTEX_POINT ( 'NONE', #2169 ) ;
#2078 = DIRECTION ( 'NONE',  ( 0.0000000000000000000, 1.000000000000000000, 0.0000000000000000000 ) ) ;
#2079 = DIRECTION ( 'NONE',  ( 0.0000000000000000000, 0.0000000000000000000, 1.000000000000000000 ) ) ;
#2080 = DIRECTION ( 'NONE',  ( 0.0000000000000000000, -1.000000000000000000, 0.0000000000000000000 ) ) ;
#2081 = EDGE_LOOP ( 'NONE', ( #868, #578, #1902, #351 ) ) ;
#2082 = ORIENTED_EDGE ( 'NONE', *, *, #3445, .T. ) ;
#2083 = ORIENTED_EDGE ( 'NONE', *, *, #2031, .F. ) ;
#2084 = LINE ( 'NONE', #965, #3340 ) ;
#2085 = AXIS2_PLACEMENT_3D ( 'NONE', #2787, #71, #1184 ) ;
#2086 = FACE_OUTER_BOUND ( 'NONE', #3198, .T. ) ;
#2087 = CYLINDRICAL_SURFACE ( 'NONE', #393, 0.005905511811023620231 ) ;
#2088 = VECTOR ( 'NONE', #50, 39.37007874015748143 ) ;
#2089 =( NAMED_UNIT ( * ) SI_UNIT ( $, .STERADIAN. ) SOLID_ANGLE_UNIT ( ) );
#2090 = EDGE_CURVE ( 'NONE', #3246, #872, #514, .T. ) ;
#2091 =( GEOMETRIC_REPRESENTATION_CONTEXT ( 3 ) GLOBAL_UNCERTAINTY_ASSIGNED_CONTEXT ( ( #2121 ) ) GLOBAL_UNIT_ASSIGNED_CONTEXT ( ( #1535, #2595, #2865 ) ) REPRESENTATION_CONTEXT ( 'NONE', 'WORKASPACE' ) );
#2092 = EDGE_LOOP ( 'NONE', ( #1006, #3159, #2082, #853 ) ) ;
#2093 = AXIS2_PLACEMENT_3D ( 'NONE', #233, #820, #2647 ) ;
#2094 = CARTESIAN_POINT ( 'NONE',  ( -0.1189390950157675347, -0.001605939811570186943, -0.07480314960629921850 ) ) ;
#2095 = DIRECTION ( 'NONE',  ( 0.0000000000000000000, 1.000000000000000000, 0.0000000000000000000 ) ) ;
#2096 = CARTESIAN_POINT ( 'NONE',  ( 0.1259842519685039353, 0.02755905511811023584, 0.07480314960629921850 ) ) ;
#2097 = EDGE_CURVE ( 'NONE', #521, #364, #2113, .T. ) ;
#2098 = VECTOR ( 'NONE', #2303, 39.37007874015748143 ) ;
#2099 = ORIENTED_EDGE ( 'NONE', *, *, #363, .F. ) ;
#2100 = COLOUR_RGB ( '',0.8313725490196077761, 0.8392156862745098200, 0.8313725490196077761 ) ;
#2101 = CIRCLE ( 'NONE', #1812, 0.005905511811023620231 ) ;
#2102 = VERTEX_POINT ( 'NONE', #1285 ) ;
#2103 = EDGE_LOOP ( 'NONE', ( #484, #503, #1736, #3089 ) ) ;
#2104 = VERTEX_POINT ( 'NONE', #2675 ) ;
#2105 = FACE_OUTER_BOUND ( 'NONE', #2794, .T. ) ;
#2106 = CARTESIAN_POINT ( 'NONE',  ( -0.08858267716535432601, 0.1299212598425196763, -0.08858267716535432601 ) ) ;
#2107 = CARTESIAN_POINT ( 'NONE',  ( 0.1185480476730569055, -0.06118778250134625923, -0.09251968503937008093 ) ) ;
#2108 = FACE_OUTER_BOUND ( 'NONE', #2315, .T. ) ;
#2109 = LINE ( 'NONE', #3189, #153 ) ;
#2110 = ORIENTED_EDGE ( 'NONE', *, *, #1955, .F. ) ;
#2111 = DIRECTION ( 'NONE',  ( -0.4465975813569838526, -0.8947349329975285981, 0.0000000000000000000 ) ) ;
#2112 = DIRECTION ( 'NONE',  ( 0.0000000000000000000, -1.000000000000000000, 0.0000000000000000000 ) ) ;
#2113 = LINE ( 'NONE', #1823, #2145 ) ;
#2114 = VERTEX_POINT ( 'NONE', #2096 ) ;
#2115 = EDGE_CURVE ( 'NONE', #886, #2446, #532, .T. ) ;
#2116 = ORIENTED_EDGE ( 'NONE', *, *, #3445, .F. ) ;
#2117 = EDGE_CURVE ( 'NONE', #800, #3190, #2885, .T. ) ;
#2118 = ORIENTED_EDGE ( 'NONE', *, *, #3367, .F. ) ;
#2119 = ORIENTED_EDGE ( 'NONE', *, *, #1443, .F. ) ;
#2120 = CARTESIAN_POINT ( 'NONE',  ( 0.0000000000000000000, 0.2755905511811023723, 0.0000000000000000000 ) ) ;
#2121 = UNCERTAINTY_MEASURE_WITH_UNIT (LENGTH_MEASURE( 1.000000000000000082E-05 ), #1535, 'distance_accuracy_value', 'NONE');
#2122 = CARTESIAN_POINT ( 'NONE',  ( -0.1122047244094488277, 0.1299212598425196763, -0.1122047244094488277 ) ) ;
#2123 = DIRECTION ( 'NONE',  ( -0.8887958910435519444, 0.4583032446580520558, 0.0000000000000000000 ) ) ;
#2124 = LINE ( 'NONE', #220, #3410 ) ;
#2125 = EDGE_LOOP ( 'NONE', ( #1494, #2695 ) ) ;
#2126 = CARTESIAN_POINT ( 'NONE',  ( 0.08858267716535432601, 0.1181102362204724532, 0.08858267716535432601 ) ) ;
#2127 = DIRECTION ( 'NONE',  ( 0.0000000000000000000, 0.0000000000000000000, 1.000000000000000000 ) ) ;
#2128 = DIRECTION ( 'NONE',  ( 0.0000000000000000000, -1.000000000000000000, 0.0000000000000000000 ) ) ;
#2129 = EDGE_CURVE ( 'NONE', #638, #3132, #1350, .T. ) ;
#2130 = EDGE_LOOP ( 'NONE', ( #1076, #2639, #797, #469 ) ) ;
#2131 = EDGE_LOOP ( 'NONE', ( #1658, #229, #1842, #1764 ) ) ;
#2132 = FACE_BOUND ( 'NONE', #1230, .T. ) ;
#2133 = EDGE_CURVE ( 'NONE', #2588, #2732, #792, .T. ) ;
#2134 = CARTESIAN_POINT ( 'NONE',  ( 0.1259842519685039353, 0.001910576577067484277, 0.07480314960629921850 ) ) ;
#2135 = CARTESIAN_POINT ( 'NONE',  ( -0.1185480476730569055, -0.06118778250134625923, -0.1023622047244094474 ) ) ;
#2136 = LINE ( 'NONE', #2363, #2843 ) ;
#2137 = LENGTH_MEASURE_WITH_UNIT ( LENGTH_MEASURE( 0.02539999999999999897 ), #1819 );
#2138 = AXIS2_PLACEMENT_3D ( 'NONE', #1318, #11, #1090 ) ;
#2139 = EDGE_LOOP ( 'NONE', ( #2981, #2282, #1978, #2810 ) ) ;
#2140 = AXIS2_PLACEMENT_3D ( 'NONE', #857, #2783, #1728 ) ;
#2141 = AXIS2_PLACEMENT_3D ( 'NONE', #1247, #1565, #1013 ) ;
#2142 = FACE_OUTER_BOUND ( 'NONE', #2092, .T. ) ;
#2143 = CARTESIAN_POINT ( 'NONE',  ( 0.1417324530478622224, -0.03149606299212598381, 0.07480314960629921850 ) ) ;
#2144 = CARTESIAN_POINT ( 'NONE',  ( -0.1259842519685039353, 0.001910576577067484277, -0.1023622047244094474 ) ) ;
#2145 = VECTOR ( 'NONE', #2420, 39.37007874015748143 ) ;
#2146 = VECTOR ( 'NONE', #1510, 39.37007874015748143 ) ;
#2147 = DIRECTION ( 'NONE',  ( 0.0000000000000000000, 1.000000000000000000, 0.0000000000000000000 ) ) ;
#2148 = VECTOR ( 'NONE', #2562, 39.37007874015748143 ) ;
#2149 = VECTOR ( 'NONE', #2565, 39.37007874015748143 ) ;
#2150 = ORIENTED_EDGE ( 'NONE', *, *, #427, .T. ) ;
#2151 = CIRCLE ( 'NONE', #1063, 0.007874015748031499423 ) ;
#2152 = ADVANCED_FACE ( 'NONE', ( #753 ), #1837, .T. ) ;
#2153 = ORIENTED_EDGE ( 'NONE', *, *, #562, .F. ) ;
#2154 = DIRECTION ( 'NONE',  ( -2.168404344971010446E-15, -1.000000000000000000, 0.0000000000000000000 ) ) ;
#2155 = VERTEX_POINT ( 'NONE', #2636 ) ;
#2156 = CARTESIAN_POINT ( 'NONE',  ( -0.1259842519685039353, 0.001910576577067480157, 0.07480314960629921850 ) ) ;
#2157 = VECTOR ( 'NONE', #2197, 39.37007874015748143 ) ;
#2158 = AXIS2_PLACEMENT_3D ( 'NONE', #3479, #2648, #2961 ) ;
#2159 = ADVANCED_FACE ( 'NONE', ( #2688 ), #2373, .T. ) ;
#2160 = ORIENTED_EDGE ( 'NONE', *, *, #2129, .T. ) ;
#2161 = DIRECTION ( 'NONE',  ( 0.0000000000000000000, 0.0000000000000000000, 1.000000000000000000 ) ) ;
#2162 = CARTESIAN_POINT ( 'NONE',  ( 0.1338584372998307126, -0.03149606299212598381, 0.1023622047244094474 ) ) ;
#2163 = CARTESIAN_POINT ( 'NONE',  ( -0.1122047244094488277, 0.1377952755905511861, -0.1181102362204724532 ) ) ;
#2164 = DIRECTION ( 'NONE',  ( 1.000000000000000000, 0.0000000000000000000, 0.0000000000000000000 ) ) ;
#2165 = EDGE_LOOP ( 'NONE', ( #1022, #1413, #773, #2333, #3434, #2015, #2679, #2609 ) ) ;
#2166 = EDGE_CURVE ( 'NONE', #276, #221, #1269, .T. ) ;
#2167 = FACE_BOUND ( 'NONE', #2067, .T. ) ;
#2168 = CYLINDRICAL_SURFACE ( 'NONE', #3295, 0.02362204724409448092 ) ;
#2169 = CARTESIAN_POINT ( 'NONE',  ( -0.1185480476730569055, -0.06118778250134625923, -0.09251968503937008093 ) ) ;
#2170 = DIRECTION ( 'NONE',  ( 0.0000000000000000000, 0.0000000000000000000, 1.000000000000000000 ) ) ;
#2171 = VERTEX_POINT ( 'NONE', #2967 ) ;
#2172 = CARTESIAN_POINT ( 'NONE',  ( -0.1259842519685039353, 0.001910576577067480157, -0.1023622047244094474 ) ) ;
#2173 = ORIENTED_EDGE ( 'NONE', *, *, #41, .T. ) ;
#2174 = DIRECTION ( 'NONE',  ( 0.1936873206075088449, 0.3756213745151027461, 0.9063077870366497146 ) ) ;
#2175 = ORIENTED_EDGE ( 'NONE', *, *, #2543, .T. ) ;
#2176 = ORIENTED_EDGE ( 'NONE', *, *, #1199, .F. ) ;
#2177 = CARTESIAN_POINT ( 'NONE',  ( -0.08858267716535432601, 0.1377952755905511861, 0.06496062992125983815 ) ) ;
#2178 = SURFACE_SIDE_STYLE ('',( #281 ) ) ;
#2179 = ADVANCED_FACE ( 'NONE', ( #3484 ), #1878, .F. ) ;
#2180 = VERTEX_POINT ( 'NONE', #2929 ) ;
#2181 = CARTESIAN_POINT ( 'NONE',  ( 0.1338584372998307126, -0.03149606299212598381, -0.1023622047244094474 ) ) ;
#2182 = FACE_OUTER_BOUND ( 'NONE', #2571, .T. ) ;
#2183 = LINE ( 'NONE', #2220, #669 ) ;
#2184 = EDGE_CURVE ( 'NONE', #2217, #1132, #189, .T. ) ;
#2185 = DIRECTION ( 'NONE',  ( 0.0000000000000000000, 0.0000000000000000000, 1.000000000000000000 ) ) ;
#2186 = DIRECTION ( 'NONE',  ( 0.0000000000000000000, 0.0000000000000000000, -1.000000000000000000 ) ) ;
#2187 = ORIENTED_EDGE ( 'NONE', *, *, #3055, .T. ) ;
#2188 = ORIENTED_EDGE ( 'NONE', *, *, #3174, .F. ) ;
#2189 = PLANE ( 'NONE',  #2369 ) ;
#2190 = EDGE_LOOP ( 'NONE', ( #27, #2806, #20, #4, #171, #1685, #750, #332 ) ) ;
#2191 = LINE ( 'NONE', #3273, #3162 ) ;
#2192 = CARTESIAN_POINT ( 'NONE',  ( -0.1185480476730569055, -0.06118778250134625923, -0.08464566929133858497 ) ) ;
#2193 = PRESENTATION_STYLE_ASSIGNMENT (( #2797 ) ) ;
#2194 = EDGE_LOOP ( 'NONE', ( #1148, #1617, #1220, #1071, #2445, #486, #1882, #1257, #3427, #1507, #2398 ) ) ;
#2195 = EDGE_CURVE ( 'NONE', #3307, #1792, #385, .T. ) ;
#2196 = LINE ( 'NONE', #263, #2256 ) ;
#2197 = DIRECTION ( 'NONE',  ( 0.0000000000000000000, 0.0000000000000000000, 1.000000000000000000 ) ) ;
#2198 = LINE ( 'NONE', #859, #3284 ) ;
#2199 = VECTOR ( 'NONE', #3482, 39.37007874015748143 ) ;
#2200 = AXIS2_PLACEMENT_3D ( 'NONE', #2795, #2244, #2034 ) ;
#2201 = EDGE_CURVE ( 'NONE', #1669, #1174, #779, .T. ) ;
#2202 = CARTESIAN_POINT ( 'NONE',  ( 0.1189390950157675347, -0.001605939811570186943, 0.07480314960629921850 ) ) ;
#2203 = CARTESIAN_POINT ( 'NONE',  ( -0.1189390950157675347, -0.001605939811570186943, -0.1023622047244094474 ) ) ;
#2204 = CIRCLE ( 'NONE', #1229, 0.07283464566929134798 ) ;
#2205 = ORIENTED_EDGE ( 'NONE', *, *, #1545, .F. ) ;
#2206 = VECTOR ( 'NONE', #1965, 39.37007874015748143 ) ;
#2207 = EDGE_CURVE ( 'NONE', #3488, #691, #2391, .T. ) ;
#2208 = CIRCLE ( 'NONE', #1054, 0.005905511811023620231 ) ;
#2209 = EDGE_LOOP ( 'NONE', ( #2557, #2531 ) ) ;
#2210 = DIRECTION ( 'NONE',  ( 1.000000000000000000, 0.0000000000000000000, 0.0000000000000000000 ) ) ;
#2211 = EDGE_LOOP ( 'NONE', ( #62, #3446, #3327, #2051 ) ) ;
#2212 = AXIS2_PLACEMENT_3D ( 'NONE', #737, #2048, #1491 ) ;
#2213 =( CONVERSION_BASED_UNIT ( 'INCH', #1119 ) LENGTH_UNIT ( ) NAMED_UNIT ( #1334 ) );
#2214 =( NAMED_UNIT ( * ) PLANE_ANGLE_UNIT ( ) SI_UNIT ( $, .RADIAN. ) );
#2215 = DIRECTION ( 'NONE',  ( 0.8887958910435519444, -0.4583032446580520558, 0.0000000000000000000 ) ) ;
#2216 = VECTOR ( 'NONE', #2074, 39.37007874015748854 ) ;
#2217 = VERTEX_POINT ( 'NONE', #1320 ) ;
#2218 = DIRECTION ( 'NONE',  ( 0.0000000000000000000, 0.0000000000000000000, -1.000000000000000000 ) ) ;
#2219 = LINE ( 'NONE', #83, #787 ) ;
#2220 = CARTESIAN_POINT ( 'NONE',  ( -0.1181102362204724532, 0.0000000000000000000, -0.1181102362204724532 ) ) ;
#2221 = CYLINDRICAL_SURFACE ( 'NONE', #2584, 0.007874015748031499423 ) ;
#2222 = CARTESIAN_POINT ( 'NONE',  ( 0.1181102362204724532, 0.1299212598425196763, -0.1122047244094488277 ) ) ;
#2223 = ADVANCED_FACE ( 'NONE', ( #2401 ), #3497, .T. ) ;
#2224 = ORIENTED_EDGE ( 'NONE', *, *, #388, .T. ) ;
#2225 = ORIENTED_EDGE ( 'NONE', *, *, #2830, .F. ) ;
#2226 = DIRECTION ( 'NONE',  ( 1.000000000000000000, 0.0000000000000000000, 0.0000000000000000000 ) ) ;
#2227 = EDGE_CURVE ( 'NONE', #2790, #2964, #1379, .T. ) ;
#2228 = ORIENTED_EDGE ( 'NONE', *, *, #863, .F. ) ;
#2229 = CARTESIAN_POINT ( 'NONE',  ( 0.0000000000000000000, 0.0000000000000000000, 0.0000000000000000000 ) ) ;
#2230 = VERTEX_POINT ( 'NONE', #52 ) ;
#2231 = DIRECTION ( 'NONE',  ( 0.0000000000000000000, 0.0000000000000000000, -1.000000000000000000 ) ) ;
#2232 = DIRECTION ( 'NONE',  ( 0.0000000000000000000, -1.000000000000000000, 0.0000000000000000000 ) ) ;
#2233 = CARTESIAN_POINT ( 'NONE',  ( 0.1181102362204724532, 0.0000000000000000000, -0.04921259842519685318 ) ) ;
#2234 = DIRECTION ( 'NONE',  ( 0.0000000000000000000, 1.000000000000000000, 0.0000000000000000000 ) ) ;
#2235 = DIRECTION ( 'NONE',  ( 0.8887958910435519444, 0.4583032446580520558, 0.0000000000000000000 ) ) ;
#2236 = CARTESIAN_POINT ( 'NONE',  ( 0.1189390950157675347, -0.001605939811570186943, -0.07480314960629921850 ) ) ;
#2237 = PLANE ( 'NONE',  #3166 ) ;
#2238 = ORIENTED_EDGE ( 'NONE', *, *, #2008, .T. ) ;
#2239 = ADVANCED_FACE ( 'NONE', ( #1362 ), #3037, .F. ) ;
#2240 = VERTEX_POINT ( 'NONE', #1106 ) ;
#2241 = CARTESIAN_POINT ( 'NONE',  ( 0.1417324530478622224, -0.03149606299212598381, -0.1023622047244094474 ) ) ;
#2242 = ORIENTED_EDGE ( 'NONE', *, *, #1738, .F. ) ;
#2243 = EDGE_CURVE ( 'NONE', #129, #2217, #1435, .T. ) ;
#2244 = DIRECTION ( 'NONE',  ( 0.0000000000000000000, 0.0000000000000000000, 1.000000000000000000 ) ) ;
#2245 = FILL_AREA_STYLE_COLOUR ( '', #2473 ) ;
#2246 = CARTESIAN_POINT ( 'NONE',  ( -0.1181102362204724532, 0.001910576577067484277, 0.07480314960629921850 ) ) ;
#2247 = VERTEX_POINT ( 'NONE', #585 ) ;
#2248 = LINE ( 'NONE', #1750, #1740 ) ;
#2249 = CARTESIAN_POINT ( 'NONE',  ( 0.1338584372998307126, -0.03149606299212598381, -0.07480314960629921850 ) ) ;
#2250 = CYLINDRICAL_SURFACE ( 'NONE', #500, 0.007874015748031499423 ) ;
#2251 = DIRECTION ( 'NONE',  ( -0.4153637994577553672, 0.8055226371389487827, 0.4226182617407003850 ) ) ;
#2252 = DIRECTION ( 'NONE',  ( -1.000000000000000000, 0.0000000000000000000, 0.0000000000000000000 ) ) ;
#2253 = CARTESIAN_POINT ( 'NONE',  ( -0.1259842519685039353, 0.02755905511811023584, 0.1023622047244094474 ) ) ;
#2254 = CLOSED_SHELL ( 'NONE', ( #852, #2643, #454, #3114, #3047, #1844, #3218, #3498, #3424, #2742, #371, #653, #1789, #1937, #1421 ) ) ;
#2255 = ORIENTED_EDGE ( 'NONE', *, *, #2719, .F. ) ;
#2256 = VECTOR ( 'NONE', #512, 39.37007874015748143 ) ;
#2257 = AXIS2_PLACEMENT_3D ( 'NONE', #3185, #2882, #130 ) ;
#2258 = VERTEX_POINT ( 'NONE', #1934 ) ;
#2259 = CARTESIAN_POINT ( 'NONE',  ( -0.1255464405159194829, -0.06479646946715768296, -0.09251968503937008093 ) ) ;
#2260 = VECTOR ( 'NONE', #2896, 39.37007874015748143 ) ;
#2261 = EDGE_CURVE ( 'NONE', #2776, #2879, #1647, .T. ) ;
#2262 = ORIENTED_EDGE ( 'NONE', *, *, #918, .F. ) ;
#2263 = CARTESIAN_POINT ( 'NONE',  ( 0.1122047244094488277, 0.1377952755905511861, 0.1122047244094488277 ) ) ;
#2264 = FILL_AREA_STYLE ('',( #2245 ) ) ;
#2265 = EDGE_CURVE ( 'NONE', #3316, #511, #33, .T. ) ;
#2266 = VERTEX_POINT ( 'NONE', #3022 ) ;
#2267 = VECTOR ( 'NONE', #2497, 39.37007874015748143 ) ;
#2268 = CARTESIAN_POINT ( 'NONE',  ( -0.1255464405159194829, -0.06479646946715768296, 0.08464566929133858497 ) ) ;
#2269 = CARTESIAN_POINT ( 'NONE',  ( -0.1409035942525671270, -0.02797954660348830891, 0.1023622047244094474 ) ) ;
#2270 = CARTESIAN_POINT ( 'NONE',  ( -0.08858267716535432601, 0.1377952755905511861, 0.06496062992125983815 ) ) ;
#2271 = CARTESIAN_POINT ( 'NONE',  ( -0.1259842519685039353, 0.001910576577067484277, 0.07480314960629921850 ) ) ;
#2272 = AXIS2_PLACEMENT_3D ( 'NONE', #3248, #2127, #1573 ) ;
#2273 = EDGE_CURVE ( 'NONE', #368, #1188, #342, .T. ) ;
#2274 = ORIENTED_EDGE ( 'NONE', *, *, #3183, .T. ) ;
#2275 = CIRCLE ( 'NONE', #1420, 0.02362204724409448092 ) ;
#2276 = DIRECTION ( 'NONE',  ( 0.0000000000000000000, 0.0000000000000000000, 1.000000000000000000 ) ) ;
#2277 = CARTESIAN_POINT ( 'NONE',  ( -0.1181102362204724532, 0.0000000000000000000, -0.1122047244094488277 ) ) ;
#2278 = CARTESIAN_POINT ( 'NONE',  ( -0.08858267716535432601, 0.1299212598425196763, 0.08858267716535432601 ) ) ;
#2279 = ORIENTED_EDGE ( 'NONE', *, *, #3471, .F. ) ;
#2280 = CARTESIAN_POINT ( 'NONE',  ( 0.08858267716535432601, 0.1299212598425196763, -0.1122047244094488139 ) ) ;
#2281 = EDGE_LOOP ( 'NONE', ( #3419, #2848, #2188, #581, #595, #2973 ) ) ;
#2282 = ORIENTED_EDGE ( 'NONE', *, *, #2289, .T. ) ;
#2283 = DIRECTION ( 'NONE',  ( 0.0000000000000000000, 0.0000000000000000000, 1.000000000000000000 ) ) ;
#2284 = ORIENTED_EDGE ( 'NONE', *, *, #2058, .T. ) ;
#2285 = CARTESIAN_POINT ( 'NONE',  ( 0.1259842519685039353, 0.02755905511811023584, -0.1023622047244094474 ) ) ;
#2286 = DIRECTION ( 'NONE',  ( 0.0000000000000000000, 0.0000000000000000000, 1.000000000000000000 ) ) ;
#2287 = CARTESIAN_POINT ( 'NONE',  ( 0.1181102362204724532, 0.1299212598425196763, -0.1122047244094488277 ) ) ;
#2288 = DIRECTION ( 'NONE',  ( 0.0000000000000000000, 0.0000000000000000000, -1.000000000000000000 ) ) ;
#2289 = EDGE_CURVE ( 'NONE', #2627, #1820, #2198, .T. ) ;
#2290 = VERTEX_POINT ( 'NONE', #265 ) ;
#2291 = DIRECTION ( 'NONE',  ( 0.8887958910435519444, -0.4583032446580520558, 0.0000000000000000000 ) ) ;
#2292 = CARTESIAN_POINT ( 'NONE',  ( -0.08858267716535432601, 0.1496062992125984370, 0.06496062992125983815 ) ) ;
#2293 = CYLINDRICAL_SURFACE ( 'NONE', #3513, 0.02362204724409448092 ) ;
#2294 = EDGE_CURVE ( 'NONE', #364, #1791, #3461, .T. ) ;
#2295 = ORIENTED_EDGE ( 'NONE', *, *, #3442, .F. ) ;
#2296 = CYLINDRICAL_SURFACE ( 'NONE', #548, 0.007874015748031499423 ) ;
#2297 = ORIENTED_EDGE ( 'NONE', *, *, #1944, .F. ) ;
#2298 = ORIENTED_EDGE ( 'NONE', *, *, #1629, .F. ) ;
#2299 = DIRECTION ( 'NONE',  ( 0.0000000000000000000, 0.0000000000000000000, -1.000000000000000000 ) ) ;
#2300 = DIRECTION ( 'NONE',  ( 0.0000000000000000000, 0.0000000000000000000, 1.000000000000000000 ) ) ;
#2301 = CARTESIAN_POINT ( 'NONE',  ( -0.08858267716535432601, 0.1496062992125984370, -0.08858267716535432601 ) ) ;
#2302 = DIRECTION ( 'NONE',  ( 0.0000000000000000000, 0.0000000000000000000, 1.000000000000000000 ) ) ;
#2303 = DIRECTION ( 'NONE',  ( 0.0000000000000000000, -1.000000000000000000, 0.0000000000000000000 ) ) ;
#2304 = EDGE_LOOP ( 'NONE', ( #2549, #1694, #1555, #799 ) ) ;
#2305 = EDGE_CURVE ( 'NONE', #3061, #2748, #321, .T. ) ;
#2306 = CARTESIAN_POINT ( 'NONE',  ( -0.1185480476730569055, -0.06118778250134625923, -0.08464566929133858497 ) ) ;
#2307 = DIRECTION ( 'NONE',  ( 0.0000000000000000000, -1.000000000000000000, 0.0000000000000000000 ) ) ;
#2308 = FACE_OUTER_BOUND ( 'NONE', #1899, .T. ) ;
#2309 = ORIENTED_EDGE ( 'NONE', *, *, #536, .F. ) ;
#2310 = EDGE_CURVE ( 'NONE', #2726, #3425, #1858, .T. ) ;
#2311 = VECTOR ( 'NONE', #415, 39.37007874015748854 ) ;
#2312 = EDGE_CURVE ( 'NONE', #3453, #1582, #1981, .T. ) ;
#2313 = AXIS2_PLACEMENT_3D ( 'NONE', #218, #1373, #762 ) ;
#2314 = VECTOR ( 'NONE', #2796, 39.37007874015748143 ) ;
#2315 = EDGE_LOOP ( 'NONE', ( #657, #3533, #1917, #1611 ) ) ;
#2316 = VERTEX_POINT ( 'NONE', #2494 ) ;
#2317 = DIRECTION ( 'NONE',  ( -0.4583032446580520558, -0.8887958910435519444, 0.0000000000000000000 ) ) ;
#2318 = VECTOR ( 'NONE', #3126, 39.37007874015748143 ) ;
#2319 = CIRCLE ( 'NONE', #1969, 0.007874015748031499423 ) ;
#2320 = CARTESIAN_POINT ( 'NONE',  ( 0.1338584372998307126, -0.03149606299212598381, -0.1023622047244094474 ) ) ;
#2321 = DIRECTION ( 'NONE',  ( 0.0000000000000000000, 1.000000000000000000, 0.0000000000000000000 ) ) ;
#2322 = DIRECTION ( 'NONE',  ( 0.0000000000000000000, 0.0000000000000000000, 1.000000000000000000 ) ) ;
#2323 = PLANE ( 'NONE',  #93 ) ;
#2324 = ORIENTED_EDGE ( 'NONE', *, *, #2133, .F. ) ;
#2325 = DIRECTION ( 'NONE',  ( 0.0000000000000000000, 1.000000000000000000, 0.0000000000000000000 ) ) ;
#2326 = LINE ( 'NONE', #2292, #1991 ) ;
#2327 = AXIS2_PLACEMENT_3D ( 'NONE', #466, #1033, #2984 ) ;
#2328 = DIRECTION ( 'NONE',  ( 0.0000000000000000000, 0.0000000000000000000, 1.000000000000000000 ) ) ;
#2329 = ORIENTED_EDGE ( 'NONE', *, *, #2899, .F. ) ;
#2330 = PRESENTATION_LAYER_ASSIGNMENT (  '', '', ( #334 ) ) ;
#2331 = ADVANCED_FACE ( 'NONE', ( #1661 ), #2745, .T. ) ;
#2332 = ORIENTED_EDGE ( 'NONE', *, *, #3362, .F. ) ;
#2333 = ORIENTED_EDGE ( 'NONE', *, *, #3079, .T. ) ;
#2334 = CARTESIAN_POINT ( 'NONE',  ( -0.1181102362204724532, 0.1377952755905511861, -0.1122047244094488277 ) ) ;
#2335 = EDGE_CURVE ( 'NONE', #2693, #3388, #897, .T. ) ;
#2336 = DIRECTION ( 'NONE',  ( 1.000000000000000000, 0.0000000000000000000, 0.0000000000000000000 ) ) ;
#2337 = DIRECTION ( 'NONE',  ( 0.0000000000000000000, 1.000000000000000000, 0.0000000000000000000 ) ) ;
#2338 = DIRECTION ( 'NONE',  ( 0.0000000000000000000, 0.0000000000000000000, 1.000000000000000000 ) ) ;
#2339 = EDGE_LOOP ( 'NONE', ( #3117, #2242, #1712, #939 ) ) ;
#2340 = FACE_OUTER_BOUND ( 'NONE', #881, .T. ) ;
#2341 = DIRECTION ( 'NONE',  ( -1.000000000000000000, 0.0000000000000000000, 0.0000000000000000000 ) ) ;
#2342 = FACE_OUTER_BOUND ( 'NONE', #2131, .T. ) ;
#2343 = EDGE_LOOP ( 'NONE', ( #1429, #3500, #744, #2356 ) ) ;
#2344 = EDGE_CURVE ( 'NONE', #849, #1255, #877, .T. ) ;
#2345 = ORIENTED_EDGE ( 'NONE', *, *, #3380, .F. ) ;
#2346 = LINE ( 'NONE', #1779, #602 ) ;
#2347 = EDGE_CURVE ( 'NONE', #2732, #1518, #2183, .T. ) ;
#2348 = CARTESIAN_POINT ( 'NONE',  ( 0.1352200082310885954, -0.04603634211220338640, 0.07480314960629921850 ) ) ;
#2349 = LINE ( 'NONE', #2005, #1532 ) ;
#2350 = DIRECTION ( 'NONE',  ( 1.445602896647339903E-16, 0.0000000000000000000, 1.000000000000000000 ) ) ;
#2351 = ORIENTED_EDGE ( 'NONE', *, *, #2294, .F. ) ;
#2352 = DIRECTION ( 'NONE',  ( 0.0000000000000000000, 1.000000000000000000, 0.0000000000000000000 ) ) ;
#2353 = LINE ( 'NONE', #2845, #442 ) ;
#2354 = DIRECTION ( 'NONE',  ( 0.0000000000000000000, -1.000000000000000000, 0.0000000000000000000 ) ) ;
#2355 = VERTEX_POINT ( 'NONE', #3264 ) ;
#2356 = ORIENTED_EDGE ( 'NONE', *, *, #1961, .F. ) ;
#2357 = CARTESIAN_POINT ( 'NONE',  ( -0.08858267716535432601, 0.1377952755905511861, 0.08858267716535432601 ) ) ;
#2358 = ORIENTED_EDGE ( 'NONE', *, *, #2963, .T. ) ;
#2359 = CARTESIAN_POINT ( 'NONE',  ( -0.1328516659854228621, -0.03344851307380460742, 0.1070731206436911498 ) ) ;
#2360 = UNCERTAINTY_MEASURE_WITH_UNIT (LENGTH_MEASURE( 1.000000000000000082E-05 ), #1102, 'distance_accuracy_value', 'NONE');
#2361 = AXIS2_PLACEMENT_3D ( 'NONE', #1209, #2560, #980 ) ;
#2362 = DIRECTION ( 'NONE',  ( 0.0000000000000000000, 0.0000000000000000000, -1.000000000000000000 ) ) ;
#2363 = CARTESIAN_POINT ( 'NONE',  ( 0.08858267716535432601, 0.1377952755905511861, 0.06496062992125983815 ) ) ;
#2364 = AXIS2_PLACEMENT_3D ( 'NONE', #3157, #2011, #3131 ) ;
#2365 = DIRECTION ( 'NONE',  ( 0.0000000000000000000, -1.000000000000000000, 0.0000000000000000000 ) ) ;
#2366 = EDGE_CURVE ( 'NONE', #3278, #590, #826, .T. ) ;
#2367 = ORIENTED_EDGE ( 'NONE', *, *, #148, .T. ) ;
#2368 = AXIS2_PLACEMENT_3D ( 'NONE', #2820, #1187, #649 ) ;
#2369 = AXIS2_PLACEMENT_3D ( 'NONE', #3254, #1633, #1115 ) ;
#2370 = CARTESIAN_POINT ( 'NONE',  ( -0.1181102362204724532, 0.1299212598425196763, -0.1181102362204724532 ) ) ;
#2371 = PLANE ( 'NONE',  #2953 ) ;
#2372 = DIRECTION ( 'NONE',  ( 0.0000000000000000000, 0.0000000000000000000, -1.000000000000000000 ) ) ;
#2373 = TOROIDAL_SURFACE ( 'NONE', #2833, 0.06000882974015058630, 0.003937007874015747977 ) ;
#2374 = ADVANCED_FACE ( 'NONE', ( #3001 ), #2785, .F. ) ;
#2375 = ORIENTED_EDGE ( 'NONE', *, *, #1107, .T. ) ;
#2376 = COLOUR_RGB ( '',0.8313725490196077761, 0.8392156862745098200, 0.8313725490196077761 ) ;
#2377 = CIRCLE ( 'NONE', #205, 0.007874015748031499423 ) ;
#2378 = VERTEX_POINT ( 'NONE', #425 ) ;
#2379 = ORIENTED_EDGE ( 'NONE', *, *, #961, .F. ) ;
#2380 = VECTOR ( 'NONE', #398, 39.37007874015748143 ) ;
#2381 = ORIENTED_EDGE ( 'NONE', *, *, #1175, .F. ) ;
#2382 = CYLINDRICAL_SURFACE ( 'NONE', #2422, 0.007874015748031499423 ) ;
#2383 = LENGTH_MEASURE_WITH_UNIT ( LENGTH_MEASURE( 0.02539999999999999897 ), #1795 );
#2384 = DIRECTION ( 'NONE',  ( 0.0000000000000000000, -1.000000000000000000, 0.0000000000000000000 ) ) ;
#2385 = FACE_OUTER_BOUND ( 'NONE', #2339, .T. ) ;
#2386 = CARTESIAN_POINT ( 'NONE',  ( -0.08858267716535432601, 0.1496062992125984370, -0.08858267716535432601 ) ) ;
#2387 = EDGE_LOOP ( 'NONE', ( #1509, #2863, #1931, #135, #185, #1600, #1346, #2160 ) ) ;
#2388 = ADVANCED_FACE ( 'NONE', ( #120 ), #3140, .F. ) ;
#2389 = DIRECTION ( 'NONE',  ( 0.0000000000000000000, 0.0000000000000000000, -1.000000000000000000 ) ) ;
#2390 = CARTESIAN_POINT ( 'NONE',  ( 0.1122047244094488277, 0.1377952755905511861, -0.1122047244094488277 ) ) ;
#2391 = LINE ( 'NONE', #3208, #1182 ) ;
#2392 = EDGE_CURVE ( 'NONE', #426, #849, #1121, .T. ) ;
#2393 = ORIENTED_EDGE ( 'NONE', *, *, #2227, .F. ) ;
#2394 = VERTEX_POINT ( 'NONE', #1783 ) ;
#2395 = FACE_OUTER_BOUND ( 'NONE', #3011, .T. ) ;
#2396 = LINE ( 'NONE', #836, #771 ) ;
#2397 = DIRECTION ( 'NONE',  ( 0.0000000000000000000, 0.0000000000000000000, 1.000000000000000000 ) ) ;
#2398 = ORIENTED_EDGE ( 'NONE', *, *, #2289, .F. ) ;
#2399 = FACE_BOUND ( 'NONE', #1559, .T. ) ;
#2400 = CARTESIAN_POINT ( 'NONE',  ( 0.1338584372998307126, -0.03149606299212598381, -0.07480314960629921850 ) ) ;
#2401 = FACE_OUTER_BOUND ( 'NONE', #2847, .T. ) ;
#2402 = EDGE_CURVE ( 'NONE', #2180, #1562, #2481, .T. ) ;
#2403 = EDGE_CURVE ( 'NONE', #1089, #2171, #2039, .T. ) ;
#2404 = ORIENTED_EDGE ( 'NONE', *, *, #2195, .F. ) ;
#2405 = CARTESIAN_POINT ( 'NONE',  ( -0.1408568301426933178, -0.03510474995793744224, -0.1023622047244094474 ) ) ;
#2406 = ORIENTED_EDGE ( 'NONE', *, *, #678, .F. ) ;
#2407 = CARTESIAN_POINT ( 'NONE',  ( -0.1181102362204724532, 0.03543307086614173179, -0.07480314960629921850 ) ) ;
#2408 = ORIENTED_EDGE ( 'NONE', *, *, #1488, .F. ) ;
#2409 = EDGE_CURVE ( 'NONE', #2436, #907, #2840, .T. ) ;
#2410 = ORIENTED_EDGE ( 'NONE', *, *, #1984, .T. ) ;
#2411 = DIRECTION ( 'NONE',  ( 0.0000000000000000000, 0.0000000000000000000, 1.000000000000000000 ) ) ;
#2412 = CARTESIAN_POINT ( 'NONE',  ( -0.1408568301426933178, -0.03510474995793744224, -0.1023622047244094474 ) ) ;
#2413 = DIRECTION ( 'NONE',  ( 0.0000000000000000000, 1.000000000000000000, 0.0000000000000000000 ) ) ;
#2414 = AXIS2_PLACEMENT_3D ( 'NONE', #666, #1702, #2276 ) ;
#2415 = VECTOR ( 'NONE', #2300, 39.37007874015748143 ) ;
#2416 = VERTEX_POINT ( 'NONE', #2075 ) ;
#2417 = VECTOR ( 'NONE', #340, 39.37007874015748143 ) ;
#2418 = CARTESIAN_POINT ( 'NONE',  ( 0.1181102362204724532, 0.001910576577067484277, 0.07480314960629921850 ) ) ;
#2419 = CARTESIAN_POINT ( 'NONE',  ( -0.08858267716535432601, 0.1496062992125984370, 0.08858267716535432601 ) ) ;
#2420 = DIRECTION ( 'NONE',  ( 0.0000000000000000000, -1.000000000000000000, 0.0000000000000000000 ) ) ;
#2421 = PRESENTATION_LAYER_ASSIGNMENT (  '', '', ( #1286 ) ) ;
#2422 = AXIS2_PLACEMENT_3D ( 'NONE', #180, #1275, #1615 ) ;
#2423 = DIRECTION ( 'NONE',  ( 1.000000000000000000, 0.0000000000000000000, 0.0000000000000000000 ) ) ;
#2424 = AXIS2_PLACEMENT_3D ( 'NONE', #3193, #1594, #1333 ) ;
#2425 = AXIS2_PLACEMENT_3D ( 'NONE', #878, #3341, #53 ) ;
#2426 = VERTEX_POINT ( 'NONE', #134 ) ;
#2427 = CIRCLE ( 'NONE', #266, 0.003937007874015749712 ) ;
#2428 = DIMENSIONAL_EXPONENTS ( 1.000000000000000000, 0.0000000000000000000, 0.0000000000000000000, 0.0000000000000000000, 0.0000000000000000000, 0.0000000000000000000, 0.0000000000000000000 ) ;
#2429 = EDGE_LOOP ( 'NONE', ( #864, #3499, #2685, #1778, #158, #79 ) ) ;
#2430 = ADVANCED_FACE ( 'NONE', ( #2598 ), #156, .F. ) ;
#2431 = DIRECTION ( 'NONE',  ( -1.000000000000000000, 0.0000000000000000000, 0.0000000000000000000 ) ) ;
#2432 = ORIENTED_EDGE ( 'NONE', *, *, #1811, .T. ) ;
#2433 = CARTESIAN_POINT ( 'NONE',  ( 0.0000000000000000000, 0.1299212598425196763, 0.0000000000000000000 ) ) ;
#2434 = ORIENTED_EDGE ( 'NONE', *, *, #490, .T. ) ;
#2435 = AXIS2_PLACEMENT_3D ( 'NONE', #1703, #633, #124 ) ;
#2436 = VERTEX_POINT ( 'NONE', #3417 ) ;
#2437 = EDGE_CURVE ( 'NONE', #2681, #3278, #1691, .T. ) ;
#2438 = CARTESIAN_POINT ( 'NONE',  ( -0.1352200082310885954, -0.04603634211220338640, -0.07480314960629921850 ) ) ;
#2439 = CARTESIAN_POINT ( 'NONE',  ( 0.1185480476730569055, -0.06118778250134625923, 0.08464566929133858497 ) ) ;
#2440 = ORIENTED_EDGE ( 'NONE', *, *, #413, .F. ) ;
#2441 = DIRECTION ( 'NONE',  ( 1.000000000000000000, 0.0000000000000000000, 0.0000000000000000000 ) ) ;
#2442 = DIRECTION ( 'NONE',  ( 0.0000000000000000000, -1.000000000000000000, 0.0000000000000000000 ) ) ;
#2443 = DIRECTION ( 'NONE',  ( 0.4153637994577553672, 0.8055226371389487827, 0.4226182617407003850 ) ) ;
#2444 = DIRECTION ( 'NONE',  ( 0.0000000000000000000, 0.0000000000000000000, -1.000000000000000000 ) ) ;
#2445 = ORIENTED_EDGE ( 'NONE', *, *, #1918, .T. ) ;
#2446 = VERTEX_POINT ( 'NONE', #2802 ) ;
#2447 = ORIENTED_EDGE ( 'NONE', *, *, #2195, .T. ) ;
#2448 = DIRECTION ( 'NONE',  ( 0.4153637994577553672, 0.8055226371389487827, -0.4226182617407003850 ) ) ;
#2449 = ORIENTED_EDGE ( 'NONE', *, *, #2450, .T. ) ;
#2450 = EDGE_CURVE ( 'NONE', #245, #1293, #2006, .T. ) ;
#2451 = ORIENTED_EDGE ( 'NONE', *, *, #2671, .T. ) ;
#2452 = SURFACE_SIDE_STYLE ('',( #1870 ) ) ;
#2453 = FACE_OUTER_BOUND ( 'NONE', #2875, .T. ) ;
#2454 = EDGE_CURVE ( 'NONE', #3048, #405, #608, .T. ) ;
#2455 = VERTEX_POINT ( 'NONE', #1500 ) ;
#2456 = DIRECTION ( 'NONE',  ( -0.0000000000000000000, 1.000000000000000000, 0.0000000000000000000 ) ) ;
#2457 = LINE ( 'NONE', #12, #616 ) ;
#2458 = CARTESIAN_POINT ( 'NONE',  ( 8.919671568592926781E-18, 0.1299212598425196763, -0.07283464566929134798 ) ) ;
#2459 = DIRECTION ( 'NONE',  ( 0.0000000000000000000, 0.0000000000000000000, -1.000000000000000000 ) ) ;
#2460 = LINE ( 'NONE', #2731, #3222 ) ;
#2461 = ORIENTED_EDGE ( 'NONE', *, *, #1825, .F. ) ;
#2462 = VERTEX_POINT ( 'NONE', #685 ) ;
#2463 = CARTESIAN_POINT ( 'NONE',  ( -0.1181102362204724532, 0.03543307086614173179, -0.1023622047244094474 ) ) ;
#2464 = EDGE_LOOP ( 'NONE', ( #3394, #248, #2663, #3163 ) ) ;
#2465 = CARTESIAN_POINT ( 'NONE',  ( 0.1255464405159194829, -0.06479646946715768296, -0.09251968503937008093 ) ) ;
#2466 = FILL_AREA_STYLE ('',( #1388 ) ) ;
#2467 = FILL_AREA_STYLE_COLOUR ( '', #2100 ) ;
#2468 = ORIENTED_EDGE ( 'NONE', *, *, #3137, .T. ) ;
#2469 = CARTESIAN_POINT ( 'NONE',  ( 0.0000000000000000000, 0.0000000000000000000, 0.04921259842519685318 ) ) ;
#2470 = LINE ( 'NONE', #2493, #3177 ) ;
#2471 = CARTESIAN_POINT ( 'NONE',  ( -0.1255464405159194829, -0.06479646946715768296, 0.09251968503937008093 ) ) ;
#2472 = EDGE_CURVE ( 'NONE', #1827, #1576, #1060, .T. ) ;
#2473 = COLOUR_RGB ( '',0.7921568627450980005, 0.8196078431372548767, 0.9294117647058823817 ) ;
#2474 = CARTESIAN_POINT ( 'NONE',  ( -0.1181102362204724532, 0.1299212598425196763, -0.04921259842519685318 ) ) ;
#2475 = PLANE ( 'NONE',  #1342 ) ;
#2476 = EDGE_CURVE ( 'NONE', #2737, #1939, #3361, .T. ) ;
#2477 = AXIS2_PLACEMENT_3D ( 'NONE', #451, #1203, #1505 ) ;
#2478 = CIRCLE ( 'NONE', #670, 0.07283464566929134798 ) ;
#2479 = VERTEX_POINT ( 'NONE', #3378 ) ;
#2480 = ORIENTED_EDGE ( 'NONE', *, *, #1530, .F. ) ;
#2481 = CIRCLE ( 'NONE', #3115, 0.02362204724409448092 ) ;
#2482 = CIRCLE ( 'NONE', #3003, 0.005905511811023620231 ) ;
#2483 = ORIENTED_EDGE ( 'NONE', *, *, #1554, .F. ) ;
#2484 = DIRECTION ( 'NONE',  ( 0.0000000000000000000, 0.0000000000000000000, 1.000000000000000000 ) ) ;
#2485 = EDGE_LOOP ( 'NONE', ( #976, #1219 ) ) ;
#2486 = VECTOR ( 'NONE', #3092, 39.37007874015748143 ) ;
#2487 = LINE ( 'NONE', #1743, #1746 ) ;
#2488 = DIRECTION ( 'NONE',  ( 0.0000000000000000000, 1.000000000000000000, 0.0000000000000000000 ) ) ;
#2489 = FACE_OUTER_BOUND ( 'NONE', #2130, .T. ) ;
#2490 = AXIS2_PLACEMENT_3D ( 'NONE', #47, #354, #2739 ) ;
#2491 = ORIENTED_EDGE ( 'NONE', *, *, #60, .F. ) ;
#2492 = LINE ( 'NONE', #2004, #2088 ) ;
#2493 = CARTESIAN_POINT ( 'NONE',  ( -0.1259842519685039353, 0.02755905511811023584, 0.1023622047244094474 ) ) ;
#2494 = CARTESIAN_POINT ( 'NONE',  ( 0.08858267716535432601, 0.1496062992125984370, -0.1122047244094488139 ) ) ;
#2495 = ADVANCED_FACE ( 'NONE', ( #412 ), #2323, .T. ) ;
#2496 = CARTESIAN_POINT ( 'NONE',  ( 0.08858267716535432601, 0.1496062992125984370, -0.08858267716535432601 ) ) ;
#2497 = DIRECTION ( 'NONE',  ( 1.445602896647339903E-16, 0.0000000000000000000, 1.000000000000000000 ) ) ;
#2498 = LENGTH_MEASURE_WITH_UNIT ( LENGTH_MEASURE( 0.02539999999999999897 ), #328 );
#2499 = ORIENTED_EDGE ( 'NONE', *, *, #2366, .F. ) ;
#2500 = EDGE_CURVE ( 'NONE', #3425, #886, #3433, .T. ) ;
#2501 = VERTEX_POINT ( 'NONE', #970 ) ;
#2502 = DIRECTION ( 'NONE',  ( 0.0000000000000000000, 1.000000000000000000, 0.0000000000000000000 ) ) ;
#2503 = ORIENTED_EDGE ( 'NONE', *, *, #2543, .F. ) ;
#2504 = VERTEX_POINT ( 'NONE', #645 ) ;
#2505 = DIRECTION ( 'NONE',  ( 0.0000000000000000000, 0.0000000000000000000, 1.000000000000000000 ) ) ;
#2506 = ORIENTED_EDGE ( 'NONE', *, *, #166, .F. ) ;
#2507 = DIRECTION ( 'NONE',  ( 0.0000000000000000000, 0.0000000000000000000, 1.000000000000000000 ) ) ;
#2508 = CARTESIAN_POINT ( 'NONE',  ( -0.1181102362204724532, 0.1377952755905511861, -0.1181102362204724532 ) ) ;
#2509 = CARTESIAN_POINT ( 'NONE',  ( -0.1338584372998307126, -0.03149606299212598381, -0.1023622047244094474 ) ) ;
#2510 = DIRECTION ( 'NONE',  ( 0.0000000000000000000, 0.0000000000000000000, 1.000000000000000000 ) ) ;
#2511 = CARTESIAN_POINT ( 'NONE',  ( -0.1280139404404702919, -0.04283040298287204423, 0.07501445166377776474 ) ) ;
#2512 = DIRECTION ( 'NONE',  ( 0.0000000000000000000, -1.000000000000000000, 0.0000000000000000000 ) ) ;
#2513 = EDGE_CURVE ( 'NONE', #1820, #3293, #1730, .T. ) ;
#2514 = ORIENTED_EDGE ( 'NONE', *, *, #2265, .F. ) ;
#2515 = ORIENTED_EDGE ( 'NONE', *, *, #1456, .T. ) ;
#2516 = LINE ( 'NONE', #76, #2654 ) ;
#2517 = EDGE_CURVE ( 'NONE', #2640, #930, #1469, .T. ) ;
#2518 = ORIENTED_EDGE ( 'NONE', *, *, #1609, .F. ) ;
#2519 = ORIENTED_EDGE ( 'NONE', *, *, #1056, .F. ) ;
#2520 = DIRECTION ( 'NONE',  ( 0.0000000000000000000, 0.0000000000000000000, 1.000000000000000000 ) ) ;
#2521 = EDGE_CURVE ( 'NONE', #1440, #58, #1538, .T. ) ;
#2522 = ORIENTED_EDGE ( 'NONE', *, *, #719, .T. ) ;
#2523 = DIRECTION ( 'NONE',  ( 0.0000000000000000000, 0.0000000000000000000, 1.000000000000000000 ) ) ;
#2524 = DIRECTION ( 'NONE',  ( 0.0000000000000000000, 1.000000000000000000, 0.0000000000000000000 ) ) ;
#2525 = CARTESIAN_POINT ( 'NONE',  ( -0.1185480476730569055, -0.06118778250134625923, 0.09251968503937008093 ) ) ;
#2526 = DIRECTION ( 'NONE',  ( -1.000000000000000000, 0.0000000000000000000, 0.0000000000000000000 ) ) ;
#2527 = FACE_OUTER_BOUND ( 'NONE', #108, .T. ) ;
#2528 = LINE ( 'NONE', #89, #387 ) ;
#2529 = CARTESIAN_POINT ( 'NONE',  ( -0.1189390950157675347, -0.001605939811570186943, 0.1023622047244094474 ) ) ;
#2530 = AXIS2_PLACEMENT_3D ( 'NONE', #647, #1422, #2252 ) ;
#2531 = ORIENTED_EDGE ( 'NONE', *, *, #1168, .T. ) ;
#2532 = AXIS2_PLACEMENT_3D ( 'NONE', #2706, #790, #1876 ) ;
#2533 =( GEOMETRIC_REPRESENTATION_CONTEXT ( 3 ) GLOBAL_UNCERTAINTY_ASSIGNED_CONTEXT ( ( #656 ) ) GLOBAL_UNIT_ASSIGNED_CONTEXT ( ( #1830, #460, #2921 ) ) REPRESENTATION_CONTEXT ( 'NONE', 'WORKASPACE' ) );
#2534 = CARTESIAN_POINT ( 'NONE',  ( 0.1122047244094488277, 0.1299212598425196763, 0.1181102362204724532 ) ) ;
#2535 = CIRCLE ( 'NONE', #1519, 0.007874015748031499423 ) ;
#2536 = AXIS2_PLACEMENT_3D ( 'NONE', #3148, #708, #1793 ) ;
#2537 = EDGE_CURVE ( 'NONE', #3425, #988, #1873, .T. ) ;
#2538 = DIRECTION ( 'NONE',  ( -0.8887958910435519444, -0.4583032446580520558, 0.0000000000000000000 ) ) ;
#2539 = CARTESIAN_POINT ( 'NONE',  ( 0.1408568301426933178, -0.03510474995793744224, 0.07480314960629921850 ) ) ;
#2540 = VECTOR ( 'NONE', #1833, 39.37007874015748143 ) ;
#2541 = ORIENTED_EDGE ( 'NONE', *, *, #2651, .F. ) ;
#2542 = VECTOR ( 'NONE', #3342, 39.37007874015748143 ) ;
#2543 = EDGE_CURVE ( 'NONE', #2416, #2991, #1986, .T. ) ;
#2544 = CARTESIAN_POINT ( 'NONE',  ( 0.1181102362204724532, 0.03543307086614173179, -0.07480314960629921850 ) ) ;
#2545 = CARTESIAN_POINT ( 'NONE',  ( 0.08858267716535432601, 0.1496062992125984370, 0.1122047244094488139 ) ) ;
#2546 = DIRECTION ( 'NONE',  ( -0.8887958910435520554, 0.4583032446580521113, 0.0000000000000000000 ) ) ;
#2547 = CARTESIAN_POINT ( 'NONE',  ( -0.1409035942525671270, -0.02797954660348830891, -0.1023622047244094474 ) ) ;
#2548 = VECTOR ( 'NONE', #450, 39.37007874015748143 ) ;
#2549 = ORIENTED_EDGE ( 'NONE', *, *, #388, .F. ) ;
#2550 = AXIS2_PLACEMENT_3D ( 'NONE', #981, #2546, #1468 ) ;
#2551 = CARTESIAN_POINT ( 'NONE',  ( 0.1181102362204724532, 0.1299212598425196763, 0.1122047244094488277 ) ) ;
#2552 = DIRECTION ( 'NONE',  ( 1.000000000000000000, 0.0000000000000000000, 0.0000000000000000000 ) ) ;
#2553 = DIRECTION ( 'NONE',  ( 0.0000000000000000000, 1.000000000000000000, 0.0000000000000000000 ) ) ;
#2554 = ORIENTED_EDGE ( 'NONE', *, *, #408, .F. ) ;
#2555 = CARTESIAN_POINT ( 'NONE',  ( 0.1408568301426933178, -0.03510474995793744224, 0.07480314960629921850 ) ) ;
#2556 = VERTEX_POINT ( 'NONE', #1316 ) ;
#2557 = ORIENTED_EDGE ( 'NONE', *, *, #1056, .T. ) ;
#2558 = CARTESIAN_POINT ( 'NONE',  ( -0.1181102362204724532, 0.1299212598425196763, -0.1122047244094488277 ) ) ;
#2559 = DIRECTION ( 'NONE',  ( 0.0000000000000000000, -1.000000000000000000, 0.0000000000000000000 ) ) ;
#2560 = DIRECTION ( 'NONE',  ( 0.0000000000000000000, 1.000000000000000000, 0.0000000000000000000 ) ) ;
#2561 = DIRECTION ( 'NONE',  ( 0.0000000000000000000, 1.000000000000000000, 0.0000000000000000000 ) ) ;
#2562 = DIRECTION ( 'NONE',  ( 0.0000000000000000000, 0.0000000000000000000, -1.000000000000000000 ) ) ;
#2563 = EDGE_CURVE ( 'NONE', #971, #1742, #170, .T. ) ;
#2564 = ORIENTED_EDGE ( 'NONE', *, *, #1506, .T. ) ;
#2565 = DIRECTION ( 'NONE',  ( 0.0000000000000000000, -1.000000000000000000, 0.0000000000000000000 ) ) ;
#2566 = DIRECTION ( 'NONE',  ( 0.0000000000000000000, 1.000000000000000000, 0.0000000000000000000 ) ) ;
#2567 = DIRECTION ( 'NONE',  ( 0.0000000000000000000, -1.000000000000000000, 0.0000000000000000000 ) ) ;
#2568 = EDGE_CURVE ( 'NONE', #1562, #2180, #728, .T. ) ;
#2569 = ORIENTED_EDGE ( 'NONE', *, *, #899, .T. ) ;
#2570 = ORIENTED_EDGE ( 'NONE', *, *, #3374, .T. ) ;
#2571 = EDGE_LOOP ( 'NONE', ( #2515, #1938, #2891, #349, #1884, #378, #726, #2262, #2173, #3209, #115 ) ) ;
#2572 = CARTESIAN_POINT ( 'NONE',  ( 0.1259842519685039353, 0.001910576577067480157, -0.1023622047244094474 ) ) ;
#2573 = CARTESIAN_POINT ( 'NONE',  ( 0.0000000000000000000, 0.1299212598425196763, 0.0000000000000000000 ) ) ;
#2574 = DIRECTION ( 'NONE',  ( 0.0000000000000000000, 0.0000000000000000000, 1.000000000000000000 ) ) ;
#2575 = CARTESIAN_POINT ( 'NONE',  ( 0.1282216153882259901, -0.04242765514639196961, -0.07480314960629921850 ) ) ;
#2576 = DIRECTION ( 'NONE',  ( 1.000000000000000000, 0.0000000000000000000, 0.0000000000000000000 ) ) ;
#2577 = EDGE_LOOP ( 'NONE', ( #2698, #1760, #1291, #2153 ) ) ;
#2578 = ADVANCED_FACE ( 'NONE', ( #1068 ), #712, .F. ) ;
#2579 = DIRECTION ( 'NONE',  ( 0.0000000000000000000, 0.0000000000000000000, 1.000000000000000000 ) ) ;
#2580 = DIRECTION ( 'NONE',  ( 0.0000000000000000000, 0.0000000000000000000, -1.000000000000000000 ) ) ;
#2581 = FACE_OUTER_BOUND ( 'NONE', #2194, .T. ) ;
#2582 = ORIENTED_EDGE ( 'NONE', *, *, #1110, .F. ) ;
#2583 = EDGE_CURVE ( 'NONE', #1792, #3307, #1292, .T. ) ;
#2584 = AXIS2_PLACEMENT_3D ( 'NONE', #2969, #2690, #3524 ) ;
#2585 = CLOSED_SHELL ( 'NONE', ( #1036, #1941, #3404, #1767, #3260, #1672, #2900, #1204, #3090, #2430, #2027, #2152, #2076, #36, #2179 ) ) ;
#2586 = VECTOR ( 'NONE', #3124, 39.37007874015748143 ) ;
#2587 = AXIS2_PLACEMENT_3D ( 'NONE', #2666, #3169, #1027 ) ;
#2588 = VERTEX_POINT ( 'NONE', #3465 ) ;
#2589 = EDGE_LOOP ( 'NONE', ( #384, #1245 ) ) ;
#2590 = CARTESIAN_POINT ( 'NONE',  ( 0.1259842519685039353, 0.02755905511811023584, 0.1023622047244094474 ) ) ;
#2591 = MECHANICAL_DESIGN_GEOMETRIC_PRESENTATION_REPRESENTATION (  '', ( #1286 ), #1231 ) ;
#2592 = CIRCLE ( 'NONE', #1803, 0.02362204724409448092 ) ;
#2593 = AXIS2_PLACEMENT_3D ( 'NONE', #1451, #2288, #2526 ) ;
#2594 = VECTOR ( 'NONE', #1214, 39.37007874015748143 ) ;
#2595 =( NAMED_UNIT ( * ) PLANE_ANGLE_UNIT ( ) SI_UNIT ( $, .RADIAN. ) );
#2596 = CARTESIAN_POINT ( 'NONE',  ( -0.1259842519685039353, 0.001910576577067480157, 0.1023622047244094474 ) ) ;
#2597 = CARTESIAN_POINT ( 'NONE',  ( 0.08858267716535432601, 0.1299212598425196763, 0.1122047244094488139 ) ) ;
#2598 = FACE_OUTER_BOUND ( 'NONE', #1330, .T. ) ;
#2599 = PRESENTATION_LAYER_ASSIGNMENT (  '', '', ( #3009 ) ) ;
#2600 = ORIENTED_EDGE ( 'NONE', *, *, #14, .F. ) ;
#2601 = DIRECTION ( 'NONE',  ( 0.0000000000000000000, 0.0000000000000000000, -1.000000000000000000 ) ) ;
#2602 = LINE ( 'NONE', #2894, #2548 ) ;
#2603 = AXIS2_PLACEMENT_3D ( 'NONE', #3051, #858, #3360 ) ;
#2604 = DIRECTION ( 'NONE',  ( 1.000000000000000000, 0.0000000000000000000, 0.0000000000000000000 ) ) ;
#2605 = EDGE_CURVE ( 'NONE', #521, #1311, #235, .T. ) ;
#2606 = EDGE_LOOP ( 'NONE', ( #1317, #1558, #1344, #1266 ) ) ;
#2607 = VECTOR ( 'NONE', #3416, 39.37007874015748143 ) ;
#2608 = EDGE_CURVE ( 'NONE', #1614, #850, #2943, .T. ) ;
#2609 = ORIENTED_EDGE ( 'NONE', *, *, #1550, .T. ) ;
#2610 = ORIENTED_EDGE ( 'NONE', *, *, #2243, .T. ) ;
#2611 = DIRECTION ( 'NONE',  ( 0.0000000000000000000, -1.000000000000000000, 0.0000000000000000000 ) ) ;
#2612 = CARTESIAN_POINT ( 'NONE',  ( -0.1189390950157675347, -0.001605939811570186943, -0.1023622047244094474 ) ) ;
#2613 = CYLINDRICAL_SURFACE ( 'NONE', #2821, 0.007874015748031499423 ) ;
#2614 = CARTESIAN_POINT ( 'NONE',  ( -0.1181102362204724532, 0.001910576577067484277, -0.1023622047244094474 ) ) ;
#2615 = SURFACE_SIDE_STYLE ('',( #1589 ) ) ;
#2616 = ORIENTED_EDGE ( 'NONE', *, *, #557, .T. ) ;
#2617 = LINE ( 'NONE', #172, #1794 ) ;
#2618 = FACE_OUTER_BOUND ( 'NONE', #3182, .T. ) ;
#2619 = DIRECTION ( 'NONE',  ( 0.4465975813569838526, -0.8947349329975285981, 0.0000000000000000000 ) ) ;
#2620 = ORIENTED_EDGE ( 'NONE', *, *, #961, .T. ) ;
#2621 = EDGE_CURVE ( 'NONE', #3371, #2077, #1553, .T. ) ;
#2622 = ORIENTED_EDGE ( 'NONE', *, *, #211, .T. ) ;
#2623 = MANIFOLD_SOLID_BREP ( 'Imported3', #1681 ) ;
#2624 = EDGE_LOOP ( 'NONE', ( #1430, #1304, #754, #1996, #1840, #739, #394, #2284, #1441, #2916, #3179 ) ) ;
#2625 = FACE_OUTER_BOUND ( 'NONE', #1364, .T. ) ;
#2626 = EDGE_CURVE ( 'NONE', #3205, #3371, #2109, .T. ) ;
#2627 = VERTEX_POINT ( 'NONE', #1030 ) ;
#2628 = CARTESIAN_POINT ( 'NONE',  ( -0.1122047244094488277, 0.0000000000000000000, -0.1181102362204724532 ) ) ;
#2629 = EDGE_CURVE ( 'NONE', #1212, #3306, #2124, .T. ) ;
#2630 = LINE ( 'NONE', #2042, #2586 ) ;
#2631 = LINE ( 'NONE', #2439, #1361 ) ;
#2632 = DIRECTION ( 'NONE',  ( 0.4153637994577553672, -0.8055226371389487827, 0.4226182617407003850 ) ) ;
#2633 = ORIENTED_EDGE ( 'NONE', *, *, #2808, .T. ) ;
#2634 = DIRECTION ( 'NONE',  ( 0.0000000000000000000, 1.000000000000000000, -2.168404344971010446E-15 ) ) ;
#2635 = CARTESIAN_POINT ( 'NONE',  ( 0.1338584372998307126, -0.03149606299212598381, -0.07480314960629921850 ) ) ;
#2636 = CARTESIAN_POINT ( 'NONE',  ( -0.08858267716535432601, 0.1377952755905511861, -0.1122047244094488139 ) ) ;
#2637 = EDGE_LOOP ( 'NONE', ( #880, #1731, #458, #2622 ) ) ;
#2638 = VERTEX_POINT ( 'NONE', #509 ) ;
#2639 = ORIENTED_EDGE ( 'NONE', *, *, #474, .F. ) ;
#2640 = VERTEX_POINT ( 'NONE', #8 ) ;
#2641 = DIRECTION ( 'NONE',  ( 0.0000000000000000000, 1.000000000000000000, 0.0000000000000000000 ) ) ;
#2642 = CIRCLE ( 'NONE', #2032, 0.007874015748031499423 ) ;
#2643 = ADVANCED_FACE ( 'NONE', ( #2489 ), #65, .T. ) ;
#2644 = AXIS2_PLACEMENT_3D ( 'NONE', #627, #2231, #2559 ) ;
#2645 = DIRECTION ( 'NONE',  ( 0.0000000000000000000, 0.0000000000000000000, 1.000000000000000000 ) ) ;
#2646 = MANIFOLD_SOLID_BREP ( 'Imported6', #2254 ) ;
#2647 = DIRECTION ( 'NONE',  ( 0.0000000000000000000, 0.0000000000000000000, -1.000000000000000000 ) ) ;
#2648 = DIRECTION ( 'NONE',  ( 0.8887958910435520554, 0.4583032446580521113, 0.0000000000000000000 ) ) ;
#2649 = CIRCLE ( 'NONE', #1116, 0.02362204724409448092 ) ;
#2650 = AXIS2_PLACEMENT_3D ( 'NONE', #2106, #1670, #2161 ) ;
#2651 = EDGE_CURVE ( 'NONE', #691, #3298, #1122, .T. ) ;
#2652 = ORIENTED_EDGE ( 'NONE', *, *, #1035, .F. ) ;
#2653 = AXIS2_PLACEMENT_3D ( 'NONE', #934, #2338, #982 ) ;
#2654 = VECTOR ( 'NONE', #3308, 39.37007874015748143 ) ;
#2655 = CARTESIAN_POINT ( 'NONE',  ( -0.1417324530478622224, -0.03149606299212598381, 0.1023622047244094474 ) ) ;
#2656 = CYLINDRICAL_SURFACE ( 'NONE', #2718, 0.007874015748031499423 ) ;
#2657 = CARTESIAN_POINT ( 'NONE',  ( 0.08858267716535432601, 0.1299212598425196763, -0.08858267716535432601 ) ) ;
#2658 = MECHANICAL_DESIGN_GEOMETRIC_PRESENTATION_REPRESENTATION (  '', ( #2045 ), #3120 ) ;
#2659 = EDGE_CURVE ( 'NONE', #2240, #905, #38, .T. ) ;
#2660 = CIRCLE ( 'NONE', #2435, 0.02362204724409448092 ) ;
#2661 = CIRCLE ( 'NONE', #3127, 0.007874015748031499423 ) ;
#2662 = ORIENTED_EDGE ( 'NONE', *, *, #3265, .T. ) ;
#2663 = ORIENTED_EDGE ( 'NONE', *, *, #3265, .F. ) ;
#2664 = VERTEX_POINT ( 'NONE', #1154 ) ;
#2665 = CARTESIAN_POINT ( 'NONE',  ( 0.08858267716535432601, 0.1377952755905511861, 0.08858267716535432601 ) ) ;
#2666 = CARTESIAN_POINT ( 'NONE',  ( 0.1181102362204724532, 0.1299212598425196763, -0.1181102362204724532 ) ) ;
#2667 = MANIFOLD_SOLID_BREP ( 'Imported5', #26 ) ;
#2668 = DIRECTION ( 'NONE',  ( 0.0000000000000000000, 0.0000000000000000000, -1.000000000000000000 ) ) ;
#2669 = DIRECTION ( 'NONE',  ( -0.0000000000000000000, 1.000000000000000000, 0.0000000000000000000 ) ) ;
#2670 = DIRECTION ( 'NONE',  ( 0.8887958910435519444, 0.4583032446580520558, 0.0000000000000000000 ) ) ;
#2671 = EDGE_CURVE ( 'NONE', #2426, #1616, #3259, .T. ) ;
#2672 = ORIENTED_EDGE ( 'NONE', *, *, #2968, .F. ) ;
#2673 = CARTESIAN_POINT ( 'NONE',  ( -0.1181102362204724532, 0.1299212598425196763, -0.1181102362204724532 ) ) ;
#2674 = CARTESIAN_POINT ( 'NONE',  ( -0.08858267716535432601, 0.1377952755905511861, 0.08858267716535432601 ) ) ;
#2675 = CARTESIAN_POINT ( 'NONE',  ( -0.1282216153882259901, -0.04242765514639196961, 0.07480314960629921850 ) ) ;
#2676 = EDGE_CURVE ( 'NONE', #2964, #1820, #2779, .T. ) ;
#2677 = EDGE_CURVE ( 'NONE', #2697, #307, #297, .T. ) ;
#2678 = ORIENTED_EDGE ( 'NONE', *, *, #1677, .F. ) ;
#2679 = ORIENTED_EDGE ( 'NONE', *, *, #452, .F. ) ;
#2680 = FACE_BOUND ( 'NONE', #3456, .T. ) ;
#2681 = VERTEX_POINT ( 'NONE', #2246 ) ;
#2682 = DIRECTION ( 'NONE',  ( 0.0000000000000000000, 0.0000000000000000000, -1.000000000000000000 ) ) ;
#2683 = LINE ( 'NONE', #2412, #44 ) ;
#2684 = CARTESIAN_POINT ( 'NONE',  ( 0.0000000000000000000, 0.1299212598425196763, 0.0000000000000000000 ) ) ;
#2685 = ORIENTED_EDGE ( 'NONE', *, *, #848, .F. ) ;
#2686 = CARTESIAN_POINT ( 'NONE',  ( 0.0000000000000000000, 0.1299212598425196763, 0.0000000000000000000 ) ) ;
#2687 = FACE_OUTER_BOUND ( 'NONE', #273, .T. ) ;
#2688 = FACE_OUTER_BOUND ( 'NONE', #2577, .T. ) ;
#2689 = EDGE_CURVE ( 'NONE', #2378, #1650, #2151, .T. ) ;
#2690 = DIRECTION ( 'NONE',  ( 0.0000000000000000000, 0.0000000000000000000, 1.000000000000000000 ) ) ;
#2691 = ORIENTED_EDGE ( 'NONE', *, *, #1128, .T. ) ;
#2692 = EDGE_CURVE ( 'NONE', #511, #2627, #2738, .T. ) ;
#2693 = VERTEX_POINT ( 'NONE', #1994 ) ;
#2694 = CARTESIAN_POINT ( 'NONE',  ( 0.0000000000000000000, 0.1299212598425196763, 0.07283464566929134798 ) ) ;
#2695 = ORIENTED_EDGE ( 'NONE', *, *, #979, .F. ) ;
#2696 = CARTESIAN_POINT ( 'NONE',  ( 0.0000000000000000000, 0.1377952755905511861, 0.0000000000000000000 ) ) ;
#2697 = VERTEX_POINT ( 'NONE', #1613 ) ;
#2698 = ORIENTED_EDGE ( 'NONE', *, *, #2736, .F. ) ;
#2699 = DIRECTION ( 'NONE',  ( 0.0000000000000000000, 0.0000000000000000000, -1.000000000000000000 ) ) ;
#2700 = DIRECTION ( 'NONE',  ( 0.4583032446580521113, -0.8887958910435520554, 0.0000000000000000000 ) ) ;
#2701 = CARTESIAN_POINT ( 'NONE',  ( -0.1555118110236220763, 0.003937007874015747977, 0.04921259842519685318 ) ) ;
#2702 = VECTOR ( 'NONE', #2983, 39.37007874015748143 ) ;
#2703 = VERTEX_POINT ( 'NONE', #2694 ) ;
#2704 = VECTOR ( 'NONE', #3035, 39.37007874015748143 ) ;
#2705 = AXIS2_PLACEMENT_3D ( 'NONE', #2864, #1766, #1534 ) ;
#2706 = CARTESIAN_POINT ( 'NONE',  ( 0.08858267716535432601, 0.1377952755905511861, 0.08858267716535432601 ) ) ;
#2707 = FACE_OUTER_BOUND ( 'NONE', #3016, .T. ) ;
#2708 = DIRECTION ( 'NONE',  ( -0.8887958910435519444, -0.4583032446580520558, 0.0000000000000000000 ) ) ;
#2709 = VECTOR ( 'NONE', #111, 39.37007874015748143 ) ;
#2710 = AXIS2_PLACEMENT_3D ( 'NONE', #1900, #522, #2990 ) ;
#2711 = LINE ( 'NONE', #3457, #1693 ) ;
#2712 = VECTOR ( 'NONE', #70, 39.37007874015748143 ) ;
#2713 = EDGE_CURVE ( 'NONE', #3132, #439, #1437, .T. ) ;
#2714 = ORIENTED_EDGE ( 'NONE', *, *, #2713, .F. ) ;
#2715 = AXIS2_PLACEMENT_3D ( 'NONE', #3528, #2512, #1423 ) ;
#2716 = EDGE_LOOP ( 'NONE', ( #3357, #1869, #3328, #299 ) ) ;
#2717 = LINE ( 'NONE', #2407, #1749 ) ;
#2718 = AXIS2_PLACEMENT_3D ( 'NONE', #264, #1091, #2928 ) ;
#2719 = EDGE_CURVE ( 'NONE', #850, #1164, #612, .T. ) ;
#2720 = AXIS2_PLACEMENT_3D ( 'NONE', #763, #3188, #748 ) ;
#2721 = EDGE_LOOP ( 'NONE', ( #2001, #3240, #1079, #3196 ) ) ;
#2722 = DIRECTION ( 'NONE',  ( 0.0000000000000000000, -1.000000000000000000, 0.0000000000000000000 ) ) ;
#2723 = LINE ( 'NONE', #1314, #90 ) ;
#2724 = DIRECTION ( 'NONE',  ( 0.0000000000000000000, 0.0000000000000000000, 1.000000000000000000 ) ) ;
#2725 = SURFACE_STYLE_FILL_AREA ( #804 ) ;
#2726 = VERTEX_POINT ( 'NONE', #326 ) ;
#2727 = PLANE ( 'NONE',  #1227 ) ;
#2728 = CARTESIAN_POINT ( 'NONE',  ( -0.1255464405159194829, -0.06479646946715768296, -0.1023622047244094474 ) ) ;
#2729 = CARTESIAN_POINT ( 'NONE',  ( 0.08858267716535432601, 0.1377952755905511861, -0.08858267716535432601 ) ) ;
#2730 = CYLINDRICAL_SURFACE ( 'NONE', #1061, 0.005905511811023620231 ) ;
#2731 = CARTESIAN_POINT ( 'NONE',  ( -0.1185480476730569055, -0.06118778250134625923, -0.09251968503937008093 ) ) ;
#2732 = VERTEX_POINT ( 'NONE', #2277 ) ;
#2733 = EDGE_CURVE ( 'NONE', #2809, #2780, #815, .T. ) ;
#2734 = VERTEX_POINT ( 'NONE', #247 ) ;
#2735 = DIRECTION ( 'NONE',  ( 0.0000000000000000000, 0.0000000000000000000, -1.000000000000000000 ) ) ;
#2736 = EDGE_CURVE ( 'NONE', #1569, #529, #2427, .T. ) ;
#2737 = VERTEX_POINT ( 'NONE', #1162 ) ;
#2738 = LINE ( 'NONE', #879, #903 ) ;
#2739 = DIRECTION ( 'NONE',  ( 1.000000000000000000, 0.0000000000000000000, 0.0000000000000000000 ) ) ;
#2740 = DIRECTION ( 'NONE',  ( 0.4583032446580520558, -0.8887958910435519444, 0.0000000000000000000 ) ) ;
#2741 = ORIENTED_EDGE ( 'NONE', *, *, #2925, .F. ) ;
#2742 = ADVANCED_FACE ( 'NONE', ( #2804 ), #1345, .F. ) ;
#2743 = DIRECTION ( 'NONE',  ( 1.000000000000000000, 0.0000000000000000000, 0.0000000000000000000 ) ) ;
#2744 = CARTESIAN_POINT ( 'NONE',  ( 0.1255464405159194829, -0.06479646946715768296, 0.09251968503937008093 ) ) ;
#2745 = CYLINDRICAL_SURFACE ( 'NONE', #1748, 0.005905511811023620231 ) ;
#2746 = DIRECTION ( 'NONE',  ( 0.0000000000000000000, 0.0000000000000000000, -1.000000000000000000 ) ) ;
#2747 = DIRECTION ( 'NONE',  ( 0.0000000000000000000, -1.000000000000000000, 0.0000000000000000000 ) ) ;
#2748 = VERTEX_POINT ( 'NONE', #520 ) ;
#2749 = EDGE_LOOP ( 'NONE', ( #1689, #1194, #1942, #2279 ) ) ;
#2750 = CARTESIAN_POINT ( 'NONE',  ( 0.0000000000000000000, 0.1377952755905511861, 0.0000000000000000000 ) ) ;
#2751 = ORIENTED_EDGE ( 'NONE', *, *, #1064, .F. ) ;
#2752 = CARTESIAN_POINT ( 'NONE',  ( 0.1185480476730569055, -0.06118778250134625923, 0.08464566929133858497 ) ) ;
#2753 = LENGTH_MEASURE_WITH_UNIT ( LENGTH_MEASURE( 0.02539999999999999897 ), #547 );
#2754 = ADVANCED_FACE ( 'NONE', ( #345 ), #921, .T. ) ;
#2755 = EDGE_LOOP ( 'NONE', ( #3349, #617, #3019, #1081 ) ) ;
#2756 = DIRECTION ( 'NONE',  ( 0.0000000000000000000, -1.000000000000000000, 0.0000000000000000000 ) ) ;
#2757 = CARTESIAN_POINT ( 'NONE',  ( -0.08858267716535432601, 0.1299212598425196763, 0.06496062992125983815 ) ) ;
#2758 = VECTOR ( 'NONE', #2325, 39.37007874015748143 ) ;
#2759 = CARTESIAN_POINT ( 'NONE',  ( -0.1338584372998307126, -0.03149606299212598381, -0.1023622047244094474 ) ) ;
#2760 = COLOUR_RGB ( '',0.8313725490196077761, 0.8392156862745098200, 0.8313725490196077761 ) ;
#2761 = EDGE_CURVE ( 'NONE', #2355, #192, #1733, .T. ) ;
#2762 = VECTOR ( 'NONE', #2286, 39.37007874015748143 ) ;
#2763 =( GEOMETRIC_REPRESENTATION_CONTEXT ( 3 ) GLOBAL_UNCERTAINTY_ASSIGNED_CONTEXT ( ( #3215 ) ) GLOBAL_UNIT_ASSIGNED_CONTEXT ( ( #2213, #1084, #1327 ) ) REPRESENTATION_CONTEXT ( 'NONE', 'WORKASPACE' ) );
#2764 = CARTESIAN_POINT ( 'NONE',  ( -0.1338584372998307126, -0.03149606299212598381, -0.1023622047244094474 ) ) ;
#2765 = CARTESIAN_POINT ( 'NONE',  ( 0.08858267716535432601, 0.1299212598425196763, 0.08858267716535432601 ) ) ;
#2766 = CARTESIAN_POINT ( 'NONE',  ( 0.0000000000000000000, 0.1299212598425196763, 0.0000000000000000000 ) ) ;
#2767 = AXIS2_PLACEMENT_3D ( 'NONE', #2951, #1893, #2354 ) ;
#2768 = AXIS2_PLACEMENT_3D ( 'NONE', #2433, #3214, #1599 ) ;
#2769 = ORIENTED_EDGE ( 'NONE', *, *, #1527, .T. ) ;
#2770 = AXIS2_PLACEMENT_3D ( 'NONE', #1948, #1676, #1126 ) ;
#2771 = AXIS2_PLACEMENT_3D ( 'NONE', #3023, #2459, #3250 ) ;
#2772 = ORIENTED_EDGE ( 'NONE', *, *, #2454, .T. ) ;
#2773 = LINE ( 'NONE', #2555, #146 ) ;
#2774 = VERTEX_POINT ( 'NONE', #2172 ) ;
#2775 = VECTOR ( 'NONE', #3300, 39.37007874015748143 ) ;
#2776 = VERTEX_POINT ( 'NONE', #1078 ) ;
#2777 = LINE ( 'NONE', #99, #1117 ) ;
#2778 =( LENGTH_UNIT ( ) NAMED_UNIT ( * ) SI_UNIT ( $, .METRE. ) );
#2779 = LINE ( 'NONE', #1411, #1695 ) ;
#2780 = VERTEX_POINT ( 'NONE', #72 ) ;
#2781 = EDGE_CURVE ( 'NONE', #3261, #944, #361, .T. ) ;
#2782 = DIRECTION ( 'NONE',  ( 0.0000000000000000000, -1.000000000000000000, 0.0000000000000000000 ) ) ;
#2783 = DIRECTION ( 'NONE',  ( -0.1936873206075089282, 0.3756213745151028016, -0.9063077870366496036 ) ) ;
#2784 = DIRECTION ( 'NONE',  ( -0.8887958910435519444, -0.4583032446580520558, 0.0000000000000000000 ) ) ;
#2785 = CYLINDRICAL_SURFACE ( 'NONE', #1635, 0.02362204724409448092 ) ;
#2786 = EDGE_CURVE ( 'NONE', #40, #1293, #611, .T. ) ;
#2787 = CARTESIAN_POINT ( 'NONE',  ( -0.08858267716535432601, 0.1377952755905511861, -0.08858267716535432601 ) ) ;
#2788 = LINE ( 'NONE', #1145, #2542 ) ;
#2789 = SURFACE_STYLE_USAGE ( .BOTH. , #1438 ) ;
#2790 = VERTEX_POINT ( 'NONE', #2405 ) ;
#2791 = EDGE_CURVE ( 'NONE', #800, #470, #2528, .T. ) ;
#2792 = EDGE_LOOP ( 'NONE', ( #1114, #1404, #1243, #1612 ) ) ;
#2793 = CARTESIAN_POINT ( 'NONE',  ( 0.1122047244094488277, 0.1299212598425196763, -0.1122047244094488277 ) ) ;
#2794 = EDGE_LOOP ( 'NONE', ( #1706, #714, #3253, #1156 ) ) ;
#2795 = CARTESIAN_POINT ( 'NONE',  ( 0.1259842519685039353, 0.001910576577067484277, 0.1023622047244094474 ) ) ;
#2796 = DIRECTION ( 'NONE',  ( 0.0000000000000000000, 0.0000000000000000000, -1.000000000000000000 ) ) ;
#2797 = SURFACE_STYLE_USAGE ( .BOTH. , #1086 ) ;
#2798 = EDGE_LOOP ( 'NONE', ( #391, #3256, #3173, #1152 ) ) ;
#2799 = LINE ( 'NONE', #3358, #2822 ) ;
#2800 = FACE_OUTER_BOUND ( 'NONE', #2081, .T. ) ;
#2801 = CARTESIAN_POINT ( 'NONE',  ( 0.1408568301426933178, -0.03510474995793744224, -0.1023622047244094474 ) ) ;
#2802 = CARTESIAN_POINT ( 'NONE',  ( 0.1122047244094488277, 0.0000000000000000000, 0.1181102362204724532 ) ) ;
#2803 = DIRECTION ( 'NONE',  ( -1.000000000000000000, 0.0000000000000000000, 0.0000000000000000000 ) ) ;
#2804 = FACE_OUTER_BOUND ( 'NONE', #1826, .T. ) ;
#2805 = EDGE_CURVE ( 'NONE', #2970, #563, #380, .T. ) ;
#2806 = ORIENTED_EDGE ( 'NONE', *, *, #1700, .T. ) ;
#2807 = DIRECTION ( 'NONE',  ( 0.4583032446580520558, -0.8887958910435519444, 0.0000000000000000000 ) ) ;
#2808 = EDGE_CURVE ( 'NONE', #2258, #924, #2788, .T. ) ;
#2809 = VERTEX_POINT ( 'NONE', #2236 ) ;
#2810 = ORIENTED_EDGE ( 'NONE', *, *, #1093, .T. ) ;
#2811 = DIRECTION ( 'NONE',  ( -1.000000000000000000, 0.0000000000000000000, 0.0000000000000000000 ) ) ;
#2812 = ORIENTED_EDGE ( 'NONE', *, *, #1302, .T. ) ;
#2813 = LINE ( 'NONE', #3317, #1050 ) ;
#2814 = CARTESIAN_POINT ( 'NONE',  ( -0.1352200082310885954, -0.04603634211220338640, 0.07480314960629921850 ) ) ;
#2815 = CARTESIAN_POINT ( 'NONE',  ( 0.1181102362204724532, 0.1299212598425196763, -0.1181102362204724532 ) ) ;
#2816 = CARTESIAN_POINT ( 'NONE',  ( -0.1352200082310885954, -0.04603634211220338640, -0.07480314960629921850 ) ) ;
#2817 = VERTEX_POINT ( 'NONE', #3322 ) ;
#2818 = CARTESIAN_POINT ( 'NONE',  ( 0.1181102362204724532, 0.1299212598425196763, 0.1122047244094488277 ) ) ;
#2819 = CARTESIAN_POINT ( 'NONE',  ( 0.1189390950157675347, -0.001605939811570186943, -0.07480314960629921850 ) ) ;
#2820 = CARTESIAN_POINT ( 'NONE',  ( -0.1338584372998307126, -0.03149606299212598381, -0.1023622047244094474 ) ) ;
#2821 = AXIS2_PLACEMENT_3D ( 'NONE', #1831, #697, #2922 ) ;
#2822 = VECTOR ( 'NONE', #914, 39.37007874015748143 ) ;
#2823 = ORIENTED_EDGE ( 'NONE', *, *, #781, .F. ) ;
#2824 = CIRCLE ( 'NONE', #1745, 0.02362204724409448092 ) ;
#2825 = EDGE_CURVE ( 'NONE', #2817, #276, #1967, .T. ) ;
#2826 = AXIS2_PLACEMENT_3D ( 'NONE', #1725, #2811, #945 ) ;
#2827 = DIRECTION ( 'NONE',  ( 0.0000000000000000000, 1.000000000000000000, 0.0000000000000000000 ) ) ;
#2828 = VECTOR ( 'NONE', #226, 39.37007874015748854 ) ;
#2829 = AXIS2_PLACEMENT_3D ( 'NONE', #926, #3096, #94 ) ;
#2830 = EDGE_CURVE ( 'NONE', #1569, #1792, #2972, .T. ) ;
#2831 = ORIENTED_EDGE ( 'NONE', *, *, #713, .F. ) ;
#2832 = DIRECTION ( 'NONE',  ( 0.0000000000000000000, -1.000000000000000000, 0.0000000000000000000 ) ) ;
#2833 = AXIS2_PLACEMENT_3D ( 'NONE', #467, #3470, #3449 ) ;
#2834 = ORIENTED_EDGE ( 'NONE', *, *, #2201, .F. ) ;
#2835 = COLOUR_RGB ( '',0.8313725490196077761, 0.8392156862745098200, 0.8313725490196077761 ) ;
#2836 = EDGE_CURVE ( 'NONE', #1839, #1212, #2660, .T. ) ;
#2837 = CARTESIAN_POINT ( 'NONE',  ( -0.1255464405159194829, -0.06479646946715768296, 0.09251968503937008093 ) ) ;
#2838 = CARTESIAN_POINT ( 'NONE',  ( 0.1338584372998307126, -0.03149606299212598381, 0.1023622047244094474 ) ) ;
#2839 = DIRECTION ( 'NONE',  ( -1.000000000000000000, 0.0000000000000000000, 2.168404344971010347E-16 ) ) ;
#2840 = LINE ( 'NONE', #950, #2318 ) ;
#2841 = CIRCLE ( 'NONE', #844, 0.005905511811023620231 ) ;
#2842 = ORIENTED_EDGE ( 'NONE', *, *, #3137, .F. ) ;
#2843 = VECTOR ( 'NONE', #1015, 39.37007874015748143 ) ;
#2844 = LINE ( 'NONE', #1678, #537 ) ;
#2845 = CARTESIAN_POINT ( 'NONE',  ( -0.1181102362204724532, 0.1299212598425196763, 0.1122047244094488277 ) ) ;
#2846 = LINE ( 'NONE', #403, #2260 ) ;
#2847 = EDGE_LOOP ( 'NONE', ( #468, #1828, #3472, #1483 ) ) ;
#2848 = ORIENTED_EDGE ( 'NONE', *, *, #2677, .T. ) ;
#2849 = LINE ( 'NONE', #3083, #593 ) ;
#2850 = FACE_OUTER_BOUND ( 'NONE', #839, .T. ) ;
#2851 = ADVANCED_FACE ( 'NONE', ( #3396 ), #3421, .T. ) ;
#2852 = FACE_OUTER_BOUND ( 'NONE', #75, .T. ) ;
#2853 = CARTESIAN_POINT ( 'NONE',  ( -0.1122047244094488277, 0.1377952755905511861, -0.1122047244094488277 ) ) ;
#2854 = FACE_OUTER_BOUND ( 'NONE', #1979, .T. ) ;
#2855 = CARTESIAN_POINT ( 'NONE',  ( -0.1555118110236220763, 0.003937007874015747977, -0.04921259842519685318 ) ) ;
#2856 = EDGE_CURVE ( 'NONE', #3246, #1939, #3436, .T. ) ;
#2857 = VERTEX_POINT ( 'NONE', #956 ) ;
#2858 = CARTESIAN_POINT ( 'NONE',  ( -0.1338584372998307126, -0.03149606299212598381, 0.07480314960629921850 ) ) ;
#2859 = CARTESIAN_POINT ( 'NONE',  ( 0.1122047244094488277, 0.0000000000000000000, -0.1181102362204724532 ) ) ;
#2860 = LINE ( 'NONE', #417, #2709 ) ;
#2861 = ORIENTED_EDGE ( 'NONE', *, *, #2207, .F. ) ;
#2862 = ORIENTED_EDGE ( 'NONE', *, *, #2090, .F. ) ;
#2863 = ORIENTED_EDGE ( 'NONE', *, *, #1651, .T. ) ;
#2864 = CARTESIAN_POINT ( 'NONE',  ( -0.1408568301426933178, -0.03510474995793744224, 0.1023622047244094474 ) ) ;
#2865 =( NAMED_UNIT ( * ) SI_UNIT ( $, .STERADIAN. ) SOLID_ANGLE_UNIT ( ) );
#2866 = CARTESIAN_POINT ( 'NONE',  ( 0.1338584372998307126, -0.03149606299212598381, -0.1023622047244094474 ) ) ;
#2867 = LINE ( 'NONE', #1514, #909 ) ;
#2868 = DIRECTION ( 'NONE',  ( 0.0000000000000000000, 0.0000000000000000000, 1.000000000000000000 ) ) ;
#2869 = EDGE_CURVE ( 'NONE', #2556, #2664, #3067, .T. ) ;
#2870 = ORIENTED_EDGE ( 'NONE', *, *, #2677, .F. ) ;
#2871 = LINE ( 'NONE', #1572, #311 ) ;
#2872 = CARTESIAN_POINT ( 'NONE',  ( 0.1189390950157675347, -0.001605939811570186943, 0.1023622047244094474 ) ) ;
#2873 = CARTESIAN_POINT ( 'NONE',  ( 0.1181102362204724532, 0.003937007874015747977, -0.04921259842519685318 ) ) ;
#2874 = EDGE_CURVE ( 'NONE', #930, #3184, #1758, .T. ) ;
#2875 = EDGE_LOOP ( 'NONE', ( #3010, #2503, #2023, #1834 ) ) ;
#2876 = VECTOR ( 'NONE', #139, 39.37007874015748143 ) ;
#2877 = AXIS2_PLACEMENT_3D ( 'NONE', #2263, #1724, #3354 ) ;
#2878 =( GEOMETRIC_REPRESENTATION_CONTEXT ( 3 ) GLOBAL_UNCERTAINTY_ASSIGNED_CONTEXT ( ( #3507 ) ) GLOBAL_UNIT_ASSIGNED_CONTEXT ( ( #3312, #1958, #596 ) ) REPRESENTATION_CONTEXT ( 'NONE', 'WORKASPACE' ) );
#2879 = VERTEX_POINT ( 'NONE', #3107 ) ;
#2880 = ADVANCED_BREP_SHAPE_REPRESENTATION ( 'CUI_DEVICES_TS02-66-70-BK-260-SCR-D', ( #222, #300, #2623, #242, #2667, #2646, #157 ), #212 ) ;
#2881 = ORIENTED_EDGE ( 'NONE', *, *, #2476, .F. ) ;
#2882 = DIRECTION ( 'NONE',  ( 0.0000000000000000000, 0.0000000000000000000, 1.000000000000000000 ) ) ;
#2883 = COLOUR_RGB ( '',0.7921568627450980005, 0.8196078431372548767, 0.9294117647058823817 ) ;
#2884 = AXIS2_PLACEMENT_3D ( 'NONE', #1667, #1940, #2484 ) ;
#2885 = CIRCLE ( 'NONE', #1577, 0.007874015748031499423 ) ;
#2886 = CIRCLE ( 'NONE', #1335, 0.007874015748031499423 ) ;
#2887 = DIRECTION ( 'NONE',  ( 0.0000000000000000000, -1.000000000000000000, 0.0000000000000000000 ) ) ;
#2888 = CARTESIAN_POINT ( 'NONE',  ( -0.1338584372998307126, -0.03149606299212598381, 0.1023622047244094474 ) ) ;
#2889 = CARTESIAN_POINT ( 'NONE',  ( 0.1181102362204724532, 0.1377952755905511861, 0.1181102362204724532 ) ) ;
#2890 = DIRECTION ( 'NONE',  ( 0.0000000000000000000, 0.0000000000000000000, 1.000000000000000000 ) ) ;
#2891 = ORIENTED_EDGE ( 'NONE', *, *, #3133, .F. ) ;
#2892 = ADVANCED_FACE ( 'NONE', ( #703 ), #1253, .F. ) ;
#2893 = DIRECTION ( 'NONE',  ( 0.0000000000000000000, -1.000000000000000000, 0.0000000000000000000 ) ) ;
#2894 = CARTESIAN_POINT ( 'NONE',  ( -0.08858267716535432601, 0.1496062992125984370, -0.1122047244094488139 ) ) ;
#2895 = AXIS2_PLACEMENT_3D ( 'NONE', #2390, #825, #1892 ) ;
#2896 = DIRECTION ( 'NONE',  ( 0.0000000000000000000, 0.0000000000000000000, -1.000000000000000000 ) ) ;
#2897 = ORIENTED_EDGE ( 'NONE', *, *, #2201, .T. ) ;
#2898 = AXIS2_PLACEMENT_3D ( 'NONE', #257, #1602, #1818 ) ;
#2899 = EDGE_CURVE ( 'NONE', #2416, #3486, #2602, .T. ) ;
#2900 = ADVANCED_FACE ( 'NONE', ( #3448 ), #160, .T. ) ;
#2901 = ORIENTED_EDGE ( 'NONE', *, *, #3174, .T. ) ;
#2902 = CARTESIAN_POINT ( 'NONE',  ( -0.1409035942525671270, -0.02797954660348830891, -0.07480314960629921850 ) ) ;
#2903 = VERTEX_POINT ( 'NONE', #985 ) ;
#2904 = DIRECTION ( 'NONE',  ( 0.4153637994577553672, -0.8055226371389487827, -0.4226182617407003850 ) ) ;
#2905 = PRODUCT_DEFINITION_CONTEXT ( 'detailed design', #1539, 'design' ) ;
#2906 = FACE_OUTER_BOUND ( 'NONE', #289, .T. ) ;
#2907 = FACE_OUTER_BOUND ( 'NONE', #3450, .T. ) ;
#2908 = CARTESIAN_POINT ( 'NONE',  ( -0.1181102362204724532, 0.03543307086614173179, 0.1023622047244094474 ) ) ;
#2909 = CARTESIAN_POINT ( 'NONE',  ( -0.1181102362204724532, 0.1299212598425196763, 0.1181102362204724532 ) ) ;
#2910 = ORIENTED_EDGE ( 'NONE', *, *, #942, .F. ) ;
#2911 = DIRECTION ( 'NONE',  ( -0.4583032446580520558, -0.8887958910435519444, 0.0000000000000000000 ) ) ;
#2912 = CARTESIAN_POINT ( 'NONE',  ( -0.1259842519685039353, 0.02755905511811023584, -0.07480314960629921850 ) ) ;
#2913 = DIRECTION ( 'NONE',  ( 0.8887958910435519444, 0.4583032446580520558, 0.0000000000000000000 ) ) ;
#2914 = EDGE_LOOP ( 'NONE', ( #3324, #164, #651, #2150 ) ) ;
#2915 = EDGE_CURVE ( 'NONE', #1742, #589, #1822, .T. ) ;
#2916 = ORIENTED_EDGE ( 'NONE', *, *, #848, .T. ) ;
#2917 = ORIENTED_EDGE ( 'NONE', *, *, #1426, .T. ) ;
#2918 = EDGE_LOOP ( 'NONE', ( #818, #523 ) ) ;
#2919 = CARTESIAN_POINT ( 'NONE',  ( -0.1338584372998307126, -0.03149606299212598381, -0.07480314960629921850 ) ) ;
#2920 = EDGE_CURVE ( 'NONE', #2290, #330, #1757, .T. ) ;
#2921 =( NAMED_UNIT ( * ) SI_UNIT ( $, .STERADIAN. ) SOLID_ANGLE_UNIT ( ) );
#2922 = DIRECTION ( 'NONE',  ( 1.000000000000000000, 0.0000000000000000000, 0.0000000000000000000 ) ) ;
#2923 = LINE ( 'NONE', #2163, #619 ) ;
#2924 = CARTESIAN_POINT ( 'NONE',  ( -0.1259842519685039353, 0.02755905511811023584, -0.1023622047244094474 ) ) ;
#2925 = EDGE_CURVE ( 'NONE', #1562, #2556, #2326, .T. ) ;
#2926 = EDGE_LOOP ( 'NONE', ( #2582, #2367, #1531, #910 ) ) ;
#2927 = CARTESIAN_POINT ( 'NONE',  ( 0.08858267716535432601, 0.1377952755905511861, 0.1122047244094488139 ) ) ;
#2928 = DIRECTION ( 'NONE',  ( -1.000000000000000000, 0.0000000000000000000, 0.0000000000000000000 ) ) ;
#2929 = CARTESIAN_POINT ( 'NONE',  ( -0.08858267716535432601, 0.1496062992125984370, 0.1122047244094488139 ) ) ;
#2930 = ORIENTED_EDGE ( 'NONE', *, *, #1175, .T. ) ;
#2931 = ORIENTED_EDGE ( 'NONE', *, *, #562, .T. ) ;
#2932 = ADVANCED_FACE ( 'NONE', ( #3143 ), #3382, .F. ) ;
#2933 = ORIENTED_EDGE ( 'NONE', *, *, #2982, .F. ) ;
#2934 = VECTOR ( 'NONE', #2782, 39.37007874015748143 ) ;
#2935 = ORIENTED_EDGE ( 'NONE', *, *, #2689, .F. ) ;
#2936 = DIRECTION ( 'NONE',  ( 0.0000000000000000000, -1.000000000000000000, 0.0000000000000000000 ) ) ;
#2937 = AXIS2_PLACEMENT_3D ( 'NONE', #2853, #1781, #1485 ) ;
#2938 = STYLED_ITEM ( 'NONE', ( #967 ), #242 ) ;
#2939 = ADVANCED_FACE ( 'NONE', ( #2618 ), #973, .T. ) ;
#2940 = PRESENTATION_STYLE_ASSIGNMENT (( #3430 ) ) ;
#2941 = CARTESIAN_POINT ( 'NONE',  ( -0.1259842519685039353, 0.02755905511811023584, -0.07480314960629921850 ) ) ;
#2942 = DIRECTION ( 'NONE',  ( 0.4583032446580520558, -0.8887958910435519444, 0.0000000000000000000 ) ) ;
#2943 = LINE ( 'NONE', #463, #1353 ) ;
#2944 = VECTOR ( 'NONE', #2827, 39.37007874015748143 ) ;
#2945 = EDGE_LOOP ( 'NONE', ( #3135, #620, #1863, #3045, #862, #2541, #2861, #128, #1324, #206, #3194 ) ) ;
#2946 = AXIS2_PLACEMENT_3D ( 'NONE', #3104, #699, #2576 ) ;
#2947 = EDGE_CURVE ( 'NONE', #40, #2114, #2377, .T. ) ;
#2948 = VECTOR ( 'NONE', #2389, 39.37007874015748143 ) ;
#2949 = DIRECTION ( 'NONE',  ( 0.0000000000000000000, 0.0000000000000000000, 1.000000000000000000 ) ) ;
#2950 = DIRECTION ( 'NONE',  ( 0.0000000000000000000, 0.0000000000000000000, -1.000000000000000000 ) ) ;
#2951 = CARTESIAN_POINT ( 'NONE',  ( -0.1259842519685039353, 0.001910576577067484277, -0.07480314960629921850 ) ) ;
#2952 =( GEOMETRIC_REPRESENTATION_CONTEXT ( 3 ) GLOBAL_UNCERTAINTY_ASSIGNED_CONTEXT ( ( #3412 ) ) GLOBAL_UNIT_ASSIGNED_CONTEXT ( ( #786, #764, #2089 ) ) REPRESENTATION_CONTEXT ( 'NONE', 'WORKASPACE' ) );
#2953 = AXIS2_PLACEMENT_3D ( 'NONE', #1593, #1020, #1073 ) ;
#2954 = VECTOR ( 'NONE', #1278, 39.37007874015748143 ) ;
#2955 = EDGE_LOOP ( 'NONE', ( #2228, #1326, #671, #2652 ) ) ;
#2956 = ORIENTED_EDGE ( 'NONE', *, *, #2184, .T. ) ;
#2957 = DIRECTION ( 'NONE',  ( 0.0000000000000000000, 0.0000000000000000000, 1.000000000000000000 ) ) ;
#2958 = ORIENTED_EDGE ( 'NONE', *, *, #2808, .F. ) ;
#2959 = FACE_OUTER_BOUND ( 'NONE', #2343, .T. ) ;
#2960 = DIRECTION ( 'NONE',  ( -0.8887958910435520554, 0.4583032446580521113, 0.0000000000000000000 ) ) ;
#2961 = DIRECTION ( 'NONE',  ( 0.0000000000000000000, 0.0000000000000000000, -1.000000000000000000 ) ) ;
#2962 = CARTESIAN_POINT ( 'NONE',  ( -0.1328516659854228621, -0.03344851307380460742, -0.1070731206436911498 ) ) ;
#2963 = EDGE_CURVE ( 'NONE', #192, #2726, #2353, .T. ) ;
#2964 = VERTEX_POINT ( 'NONE', #402 ) ;
#2965 = FACE_OUTER_BOUND ( 'NONE', #2281, .T. ) ;
#2966 = FACE_OUTER_BOUND ( 'NONE', #2792, .T. ) ;
#2967 = CARTESIAN_POINT ( 'NONE',  ( 0.1122047244094488277, 0.1299212598425196763, 0.1181102362204724532 ) ) ;
#2968 = EDGE_CURVE ( 'NONE', #195, #2988, #2841, .T. ) ;
#2969 = CARTESIAN_POINT ( 'NONE',  ( 0.1259842519685039353, 0.001910576577067484277, -0.1023622047244094474 ) ) ;
#2970 = VERTEX_POINT ( 'NONE', #2859 ) ;
#2971 = ORIENTED_EDGE ( 'NONE', *, *, #322, .T. ) ;
#2972 = LINE ( 'NONE', #902, #1529 ) ;
#2973 = ORIENTED_EDGE ( 'NONE', *, *, #3471, .T. ) ;
#2974 = CARTESIAN_POINT ( 'NONE',  ( 0.1255464405159194829, -0.06479646946715768296, -0.09251968503937008093 ) ) ;
#2975 = ORIENTED_EDGE ( 'NONE', *, *, #631, .F. ) ;
#2976 = ORIENTED_EDGE ( 'NONE', *, *, #1705, .F. ) ;
#2977 = DIRECTION ( 'NONE',  ( -1.000000000000000000, 0.0000000000000000000, 0.0000000000000000000 ) ) ;
#2978 = DIRECTION ( 'NONE',  ( 0.0000000000000000000, 0.0000000000000000000, -1.000000000000000000 ) ) ;
#2979 = DIRECTION ( 'NONE',  ( -0.8887958910435519444, 0.4583032446580520558, 0.0000000000000000000 ) ) ;
#2980 = SURFACE_STYLE_USAGE ( .BOTH. , #2178 ) ;
#2981 = ORIENTED_EDGE ( 'NONE', *, *, #2037, .T. ) ;
#2982 = EDGE_CURVE ( 'NONE', #1971, #1890, #140, .T. ) ;
#2983 = DIRECTION ( 'NONE',  ( 0.4583032446580520558, -0.8887958910435519444, 0.0000000000000000000 ) ) ;
#2984 = DIRECTION ( 'NONE',  ( 0.0000000000000000000, -1.000000000000000000, 0.0000000000000000000 ) ) ;
#2985 = CARTESIAN_POINT ( 'NONE',  ( -0.1181102362204724532, 0.0000000000000000000, 0.1181102362204724532 ) ) ;
#2986 = ADVANCED_FACE ( 'NONE', ( #1284 ), #3469, .T. ) ;
#2987 = DIRECTION ( 'NONE',  ( 0.0000000000000000000, 0.0000000000000000000, 1.000000000000000000 ) ) ;
#2988 = VERTEX_POINT ( 'NONE', #1908 ) ;
#2989 = ORIENTED_EDGE ( 'NONE', *, *, #755, .F. ) ;
#2990 = DIRECTION ( 'NONE',  ( 0.0000000000000000000, 0.0000000000000000000, 1.000000000000000000 ) ) ;
#2991 = VERTEX_POINT ( 'NONE', #3483 ) ;
#2992 = ORIENTED_EDGE ( 'NONE', *, *, #740, .F. ) ;
#2993 = FACE_OUTER_BOUND ( 'NONE', #2304, .T. ) ;
#2994 = VECTOR ( 'NONE', #3091, 39.37007874015748143 ) ;
#2995 = AXIS2_PLACEMENT_3D ( 'NONE', #2285, #603, #874 ) ;
#2996 = EDGE_LOOP ( 'NONE', ( #162, #816, #2028, #1401 ) ) ;
#2997 = CIRCLE ( 'NONE', #191, 0.02362204724409448092 ) ;
#2998 = AXIS2_PLACEMENT_3D ( 'NONE', #63, #3329, #2283 ) ;
#2999 = CARTESIAN_POINT ( 'NONE',  ( -0.08858267716535432601, 0.1299212598425196763, -0.08858267716535432601 ) ) ;
#3000 = LINE ( 'NONE', #320, #1476 ) ;
#3001 = FACE_OUTER_BOUND ( 'NONE', #400, .T. ) ;
#3002 = PRODUCT_RELATED_PRODUCT_CATEGORY ( 'part', '', ( #366 ) ) ;
#3003 = AXIS2_PLACEMENT_3D ( 'NONE', #2793, #1428, #908 ) ;
#3004 = PLANE ( 'NONE',  #35 ) ;
#3005 = VECTOR ( 'NONE', #2164, 39.37007874015748143 ) ;
#3006 = DIRECTION ( 'NONE',  ( 0.0000000000000000000, 0.0000000000000000000, 1.000000000000000000 ) ) ;
#3007 = EDGE_CURVE ( 'NONE', #2748, #470, #1357, .T. ) ;
#3008 = ORIENTED_EDGE ( 'NONE', *, *, #614, .T. ) ;
#3009 = STYLED_ITEM ( 'NONE', ( #446 ), #2623 ) ;
#3010 = ORIENTED_EDGE ( 'NONE', *, *, #107, .F. ) ;
#3011 = EDGE_LOOP ( 'NONE', ( #3408, #2451, #2569, #1431 ) ) ;
#3012 = DIRECTION ( 'NONE',  ( 0.0000000000000000000, 0.0000000000000000000, 1.000000000000000000 ) ) ;
#3013 = VECTOR ( 'NONE', #2307, 39.37007874015748143 ) ;
#3014 = ADVANCED_FACE ( 'NONE', ( #2182 ), #3263, .F. ) ;
#3015 = VECTOR ( 'NONE', #933, 39.37007874015748143 ) ;
#3016 = EDGE_LOOP ( 'NONE', ( #1726, #2975, #2564, #151 ) ) ;
#3017 = DIRECTION ( 'NONE',  ( 0.0000000000000000000, 0.0000000000000000000, -1.000000000000000000 ) ) ;
#3018 = CARTESIAN_POINT ( 'NONE',  ( -0.1181102362204724532, 0.001910576577067484277, -0.07480314960629921850 ) ) ;
#3019 = ORIENTED_EDGE ( 'NONE', *, *, #1415, .T. ) ;
#3020 = FACE_BOUND ( 'NONE', #3368, .T. ) ;
#3021 = CARTESIAN_POINT ( 'NONE',  ( 0.1352200082310885954, -0.04603634211220338640, -0.1023622047244094474 ) ) ;
#3022 = CARTESIAN_POINT ( 'NONE',  ( 0.1181102362204724532, 0.003937007874015747977, 0.04921259842519685318 ) ) ;
#3023 = CARTESIAN_POINT ( 'NONE',  ( 0.1181102362204724532, 0.02755905511811023584, -0.07480314960629921850 ) ) ;
#3024 = DIRECTION ( 'NONE',  ( 1.000000000000000000, 0.0000000000000000000, 0.0000000000000000000 ) ) ;
#3025 = ORIENTED_EDGE ( 'NONE', *, *, #1439, .F. ) ;
#3026 = EDGE_CURVE ( 'NONE', #1293, #924, #1701, .T. ) ;
#3027 = ORIENTED_EDGE ( 'NONE', *, *, #1961, .T. ) ;
#3028 = CARTESIAN_POINT ( 'NONE',  ( 0.08858267716535432601, 0.1299212598425196763, -0.08858267716535432601 ) ) ;
#3029 = ORIENTED_EDGE ( 'NONE', *, *, #3007, .T. ) ;
#3030 = ADVANCED_FACE ( 'NONE', ( #3207 ), #2168, .T. ) ;
#3031 = DIRECTION ( 'NONE',  ( 0.0000000000000000000, 0.0000000000000000000, 1.000000000000000000 ) ) ;
#3032 = SURFACE_STYLE_USAGE ( .BOTH. , #24 ) ;
#3033 = DIMENSIONAL_EXPONENTS ( 1.000000000000000000, 0.0000000000000000000, 0.0000000000000000000, 0.0000000000000000000, 0.0000000000000000000, 0.0000000000000000000, 0.0000000000000000000 ) ;
#3034 = ORIENTED_EDGE ( 'NONE', *, *, #2513, .F. ) ;
#3035 = DIRECTION ( 'NONE',  ( 0.0000000000000000000, 0.0000000000000000000, -1.000000000000000000 ) ) ;
#3036 = DIRECTION ( 'NONE',  ( 0.0000000000000000000, 0.0000000000000000000, -1.000000000000000000 ) ) ;
#3037 = PLANE ( 'NONE',  #1808 ) ;
#3038 = EDGE_LOOP ( 'NONE', ( #2404, #316 ) ) ;
#3039 = DIRECTION ( 'NONE',  ( -0.4465975813569838526, -0.8947349329975285981, 0.0000000000000000000 ) ) ;
#3040 = CARTESIAN_POINT ( 'NONE',  ( 7.348962126185390769E-18, 0.2716535433070866312, -0.06000882974015058630 ) ) ;
#3041 = ORIENTED_EDGE ( 'NONE', *, *, #2115, .T. ) ;
#3042 = ORIENTED_EDGE ( 'NONE', *, *, #78, .F. ) ;
#3043 = LINE ( 'NONE', #2259, #260 ) ;
#3044 = ADVANCED_FACE ( 'NONE', ( #188 ), #1360, .T. ) ;
#3045 = ORIENTED_EDGE ( 'NONE', *, *, #2053, .F. ) ;
#3046 = DIRECTION ( 'NONE',  ( -1.000000000000000000, 0.0000000000000000000, 0.0000000000000000000 ) ) ;
#3047 = ADVANCED_FACE ( 'NONE', ( #2687 ), #2371, .T. ) ;
#3048 = VERTEX_POINT ( 'NONE', #2143 ) ;
#3049 = LINE ( 'NONE', #3390, #1399 ) ;
#3050 = DIRECTION ( 'NONE',  ( 0.0000000000000000000, 0.0000000000000000000, 1.000000000000000000 ) ) ;
#3051 = CARTESIAN_POINT ( 'NONE',  ( -0.08858267716535432601, 0.1299212598425196763, -0.08858267716535432601 ) ) ;
#3052 = CIRCLE ( 'NONE', #1983, 0.02362204724409448092 ) ;
#3053 = DIRECTION ( 'NONE',  ( 0.0000000000000000000, 0.0000000000000000000, 1.000000000000000000 ) ) ;
#3054 = AXIS2_PLACEMENT_3D ( 'NONE', #2041, #2887, #3201 ) ;
#3055 = EDGE_CURVE ( 'NONE', #1569, #1790, #3353, .T. ) ;
#3056 = CARTESIAN_POINT ( 'NONE',  ( -0.1417324530478622224, -0.03149606299212598381, -0.1023622047244094474 ) ) ;
#3057 = DIRECTION ( 'NONE',  ( -4.273955692857149504E-18, -0.9993908270190957621, -0.03489949670250103164 ) ) ;
#3058 = DIRECTION ( 'NONE',  ( 0.0000000000000000000, 1.000000000000000000, 0.0000000000000000000 ) ) ;
#3059 = VECTOR ( 'NONE', #3437, 39.37007874015748143 ) ;
#3060 = VECTOR ( 'NONE', #1135, 39.37007874015748143 ) ;
#3061 = VERTEX_POINT ( 'NONE', #531 ) ;
#3062 = AXIS2_PLACEMENT_3D ( 'NONE', #2062, #1211, #1228 ) ;
#3063 = CIRCLE ( 'NONE', #1525, 0.02362204724409448092 ) ;
#3064 = ORIENTED_EDGE ( 'NONE', *, *, #1308, .T. ) ;
#3065 = CARTESIAN_POINT ( 'NONE',  ( -0.1555118110236220763, 0.003937007874015747977, 0.04921259842519685318 ) ) ;
#3066 = AXIS2_PLACEMENT_3D ( 'NONE', #1389, #2505, #1905 ) ;
#3067 = CIRCLE ( 'NONE', #1297, 0.02362204724409448092 ) ;
#3068 = ORIENTED_EDGE ( 'NONE', *, *, #501, .T. ) ;
#3069 = DIRECTION ( 'NONE',  ( 1.000000000000000000, 0.0000000000000000000, 0.0000000000000000000 ) ) ;
#3070 = ORIENTED_EDGE ( 'NONE', *, *, #3473, .T. ) ;
#3071 = LINE ( 'NONE', #1727, #2415 ) ;
#3072 = LINE ( 'NONE', #643, #86 ) ;
#3073 = LINE ( 'NONE', #629, #331 ) ;
#3074 = CARTESIAN_POINT ( 'NONE',  ( -0.1122047244094488277, 0.1377952755905511861, 0.1181102362204724532 ) ) ;
#3075 = EDGE_CURVE ( 'NONE', #3210, #2290, #1584, .T. ) ;
#3076 = CARTESIAN_POINT ( 'NONE',  ( -0.1417324530478622224, -0.03149606299212598381, -0.1023622047244094474 ) ) ;
#3077 = DIRECTION ( 'NONE',  ( 0.0000000000000000000, 0.0000000000000000000, 1.000000000000000000 ) ) ;
#3078 = DIRECTION ( 'NONE',  ( -0.8887958910435519444, -0.4583032446580520558, 0.0000000000000000000 ) ) ;
#3079 = EDGE_CURVE ( 'NONE', #1111, #1920, #2101, .T. ) ;
#3080 = VERTEX_POINT ( 'NONE', #1836 ) ;
#3081 = DIRECTION ( 'NONE',  ( 0.0000000000000000000, 0.0000000000000000000, -1.000000000000000000 ) ) ;
#3082 = ORIENTED_EDGE ( 'NONE', *, *, #3292, .T. ) ;
#3083 = CARTESIAN_POINT ( 'NONE',  ( -0.1259842519685039353, 0.001910576577067480157, -0.1023622047244094474 ) ) ;
#3084 = ORIENTED_EDGE ( 'NONE', *, *, #144, .T. ) ;
#3085 = DIRECTION ( 'NONE',  ( 0.0000000000000000000, 0.0000000000000000000, -1.000000000000000000 ) ) ;
#3086 = DIRECTION ( 'NONE',  ( 0.0000000000000000000, 0.0000000000000000000, -1.000000000000000000 ) ) ;
#3087 = LINE ( 'NONE', #711, #1016 ) ;
#3088 = CARTESIAN_POINT ( 'NONE',  ( -0.1122047244094488277, 0.1299212598425196763, 0.1181102362204724532 ) ) ;
#3089 = ORIENTED_EDGE ( 'NONE', *, *, #2261, .T. ) ;
#3090 = ADVANCED_FACE ( 'NONE', ( #2707 ), #2656, .T. ) ;
#3091 = DIRECTION ( 'NONE',  ( 2.168404344971010446E-15, -1.000000000000000000, 0.0000000000000000000 ) ) ;
#3092 = DIRECTION ( 'NONE',  ( 0.0000000000000000000, 0.0000000000000000000, -1.000000000000000000 ) ) ;
#3093 = CARTESIAN_POINT ( 'NONE',  ( -0.1259842519685039353, 0.001910576577067480157, -0.1023622047244094474 ) ) ;
#3094 = ORIENTED_EDGE ( 'NONE', *, *, #298, .F. ) ;
#3095 = EDGE_CURVE ( 'NONE', #470, #505, #495, .T. ) ;
#3096 = DIRECTION ( 'NONE',  ( -0.1936873206075088449, -0.3756213745151027461, 0.9063077870366497146 ) ) ;
#3097 = ORIENTED_EDGE ( 'NONE', *, *, #3292, .F. ) ;
#3098 = CARTESIAN_POINT ( 'NONE',  ( 0.1181102362204724532, 0.03543307086614173179, 0.07480314960629921850 ) ) ;
#3099 = CARTESIAN_POINT ( 'NONE',  ( 8.919671568592926781E-18, 0.1299212598425196763, -0.07283464566929134798 ) ) ;
#3100 = ORIENTED_EDGE ( 'NONE', *, *, #2830, .T. ) ;
#3101 = DIRECTION ( 'NONE',  ( 0.0000000000000000000, -1.000000000000000000, 0.0000000000000000000 ) ) ;
#3102 = LINE ( 'NONE', #2838, #25 ) ;
#3103 = LINE ( 'NONE', #1729, #1129 ) ;
#3104 = CARTESIAN_POINT ( 'NONE',  ( -0.1338584372998307126, -0.03149606299212598381, 0.1023622047244094474 ) ) ;
#3105 = ORIENTED_EDGE ( 'NONE', *, *, #2500, .T. ) ;
#3106 = CARTESIAN_POINT ( 'NONE',  ( -0.1259842519685039353, 0.001910576577067480157, -0.1023622047244094474 ) ) ;
#3107 = CARTESIAN_POINT ( 'NONE',  ( -0.1122047244094488277, 0.1299212598425196763, 0.1181102362204724532 ) ) ;
#3108 = LINE ( 'NONE', #381, #3059 ) ;
#3109 = VECTOR ( 'NONE', #319, 39.37007874015748143 ) ;
#3110 = ORIENTED_EDGE ( 'NONE', *, *, #41, .F. ) ;
#3111 = VECTOR ( 'NONE', #1759, 39.37007874015748143 ) ;
#3112 = AXIS2_PLACEMENT_3D ( 'NONE', #2017, #2832, #655 ) ;
#3113 = CARTESIAN_POINT ( 'NONE',  ( 0.08858267716535432601, 0.1299212598425196763, 0.06496062992125983815 ) ) ;
#3114 = ADVANCED_FACE ( 'NONE', ( #208 ), #1306, .T. ) ;
#3115 = AXIS2_PLACEMENT_3D ( 'NONE', #106, #3153, #2868 ) ;
#3116 = AXIS2_PLACEMENT_3D ( 'NONE', #1246, #694, #745 ) ;
#3117 = ORIENTED_EDGE ( 'NONE', *, *, #1040, .F. ) ;
#3118 = CARTESIAN_POINT ( 'NONE',  ( -0.1185480476730569055, -0.06118778250134625923, 0.08464566929133858497 ) ) ;
#3119 = DIRECTION ( 'NONE',  ( 0.0000000000000000000, 0.0000000000000000000, -1.000000000000000000 ) ) ;
#3120 =( GEOMETRIC_REPRESENTATION_CONTEXT ( 3 ) GLOBAL_UNCERTAINTY_ASSIGNED_CONTEXT ( ( #2360 ) ) GLOBAL_UNIT_ASSIGNED_CONTEXT ( ( #1102, #855, #3244 ) ) REPRESENTATION_CONTEXT ( 'NONE', 'WORKASPACE' ) );
#3121 = ADVANCED_FACE ( 'NONE', ( #2966 ), #1332, .T. ) ;
#3122 = AXIS2_PLACEMENT_3D ( 'NONE', #2635, #2950, #1607 ) ;
#3123 = DIRECTION ( 'NONE',  ( 0.0000000000000000000, 0.0000000000000000000, -1.000000000000000000 ) ) ;
#3124 = DIRECTION ( 'NONE',  ( 0.4583032446580520558, -0.8887958910435519444, 0.0000000000000000000 ) ) ;
#3125 = DIRECTION ( 'NONE',  ( 0.0000000000000000000, 0.0000000000000000000, 1.000000000000000000 ) ) ;
#3126 = DIRECTION ( 'NONE',  ( 0.8887958910435519444, -0.4583032446580520558, 0.0000000000000000000 ) ) ;
#3127 = AXIS2_PLACEMENT_3D ( 'NONE', #1210, #2302, #1499 ) ;
#3128 = ORIENTED_EDGE ( 'NONE', *, *, #2671, .F. ) ;
#3129 = CARTESIAN_POINT ( 'NONE',  ( 0.08858267716535432601, 0.1299212598425196763, -0.06496062992125983815 ) ) ;
#3130 = CARTESIAN_POINT ( 'NONE',  ( -0.1555118110236220763, -0.003937007874015747977, -0.04921259842519685318 ) ) ;
#3131 = DIRECTION ( 'NONE',  ( -0.9779175499833030472, 0.0000000000000000000, -0.2089910654421710257 ) ) ;
#3132 = VERTEX_POINT ( 'NONE', #1645 ) ;
#3133 = EDGE_CURVE ( 'NONE', #505, #2697, #3000, .T. ) ;
#3134 = ORIENTED_EDGE ( 'NONE', *, *, #975, .T. ) ;
#3135 = ORIENTED_EDGE ( 'NONE', *, *, #298, .T. ) ;
#3136 = PLANE ( 'NONE',  #3116 ) ;
#3137 = EDGE_CURVE ( 'NONE', #2114, #276, #1698, .T. ) ;
#3138 = CARTESIAN_POINT ( 'NONE',  ( -0.1189390950157675347, -0.001605939811570186943, -0.07480314960629921850 ) ) ;
#3139 = DIRECTION ( 'NONE',  ( 0.0000000000000000000, 1.000000000000000000, 0.0000000000000000000 ) ) ;
#3140 = PLANE ( 'NONE',  #2653 ) ;
#3141 = ORIENTED_EDGE ( 'NONE', *, *, #3158, .F. ) ;
#3142 = LINE ( 'NONE', #2655, #2948 ) ;
#3143 = FACE_OUTER_BOUND ( 'NONE', #3494, .T. ) ;
#3144 = DIRECTION ( 'NONE',  ( 0.0000000000000000000, 0.0000000000000000000, 1.000000000000000000 ) ) ;
#3145 = VERTEX_POINT ( 'NONE', #2757 ) ;
#3146 = ORIENTED_EDGE ( 'NONE', *, *, #1605, .F. ) ;
#3147 = ORIENTED_EDGE ( 'NONE', *, *, #3195, .F. ) ;
#3148 = CARTESIAN_POINT ( 'NONE',  ( 0.08858267716535432601, 0.1377952755905511861, -0.08858267716535432601 ) ) ;
#3149 = EDGE_CURVE ( 'NONE', #2970, #872, #3413, .T. ) ;
#3150 = LENGTH_MEASURE_WITH_UNIT ( LENGTH_MEASURE( 0.02539999999999999897 ), #1263 );
#3151 = CARTESIAN_POINT ( 'NONE',  ( 7.830812825951598345E-18, 0.2717909429004035649, -0.06394343929534387905 ) ) ;
#3152 = CARTESIAN_POINT ( 'NONE',  ( -0.1282216153882259901, -0.04242765514639196961, -0.1023622047244094474 ) ) ;
#3153 = DIRECTION ( 'NONE',  ( 0.0000000000000000000, 1.000000000000000000, 0.0000000000000000000 ) ) ;
#3154 = EDGE_CURVE ( 'NONE', #230, #3316, #3073, .T. ) ;
#3155 = VERTEX_POINT ( 'NONE', #2525 ) ;
#3156 = LINE ( 'NONE', #688, #2876 ) ;
#3157 = CARTESIAN_POINT ( 'NONE',  ( 0.1185480476730569055, -0.06118778250134625923, 0.09251968503937008093 ) ) ;
#3158 = EDGE_CURVE ( 'NONE', #905, #1165, #2470, .T. ) ;
#3159 = ORIENTED_EDGE ( 'NONE', *, *, #3362, .T. ) ;
#3160 = VECTOR ( 'NONE', #3039, 39.37007874015748854 ) ;
#3161 = VECTOR ( 'NONE', #3086, 39.37007874015748143 ) ;
#3162 = VECTOR ( 'NONE', #1928, 39.37007874015748143 ) ;
#3163 = ORIENTED_EDGE ( 'NONE', *, *, #2500, .F. ) ;
#3164 = ORIENTED_EDGE ( 'NONE', *, *, #533, .F. ) ;
#3165 = DIRECTION ( 'NONE',  ( -0.4583032446580520558, -0.8887958910435519444, 0.0000000000000000000 ) ) ;
#3166 = AXIS2_PLACEMENT_3D ( 'NONE', #2529, #1397, #2186 ) ;
#3167 = AXIS2_PLACEMENT_3D ( 'NONE', #1080, #1368, #1583 ) ;
#3168 = VECTOR ( 'NONE', #2251, 39.37007874015748143 ) ;
#3169 = DIRECTION ( 'NONE',  ( -1.000000000000000000, 0.0000000000000000000, 2.168404344971010347E-16 ) ) ;
#3170 = DIRECTION ( 'NONE',  ( 0.0000000000000000000, 0.0000000000000000000, 1.000000000000000000 ) ) ;
#3171 = FACE_OUTER_BOUND ( 'NONE', #313, .T. ) ;
#3172 = STYLED_ITEM ( 'NONE', ( #1671 ), #2667 ) ;
#3173 = ORIENTED_EDGE ( 'NONE', *, *, #3079, .F. ) ;
#3174 = EDGE_CURVE ( 'NONE', #290, #307, #2219, .T. ) ;
#3175 = CARTESIAN_POINT ( 'NONE',  ( 0.08858267716535432601, 0.1496062992125984370, -0.06496062992125983815 ) ) ;
#3176 = DIRECTION ( 'NONE',  ( 0.0000000000000000000, 1.000000000000000000, 0.0000000000000000000 ) ) ;
#3177 = VECTOR ( 'NONE', #285, 39.37007874015748143 ) ;
#3178 = CARTESIAN_POINT ( 'NONE',  ( 0.1259842519685039353, 0.001910576577067480157, 0.07480314960629921850 ) ) ;
#3179 = ORIENTED_EDGE ( 'NONE', *, *, #2626, .F. ) ;
#3180 = MECHANICAL_DESIGN_GEOMETRIC_PRESENTATION_REPRESENTATION (  '', ( #334 ), #1244 ) ;
#3181 = EDGE_CURVE ( 'NONE', #2455, #3293, #1378, .T. ) ;
#3182 = EDGE_LOOP ( 'NONE', ( #2175, #693 ) ) ;
#3183 = EDGE_CURVE ( 'NONE', #907, #1971, #1715, .T. ) ;
#3184 = VERTEX_POINT ( 'NONE', #1947 ) ;
#3185 = CARTESIAN_POINT ( 'NONE',  ( -0.1338584372998307126, -0.03149606299212598381, 0.1023622047244094474 ) ) ;
#3186 = UNCERTAINTY_MEASURE_WITH_UNIT (LENGTH_MEASURE( 1.000000000000000082E-05 ), #528, 'distance_accuracy_value', 'NONE');
#3187 = DIRECTION ( 'NONE',  ( 0.0000000000000000000, 1.000000000000000000, 0.0000000000000000000 ) ) ;
#3188 = DIRECTION ( 'NONE',  ( -0.8947349329975287091, -0.4465975813569839081, 0.0000000000000000000 ) ) ;
#3189 = CARTESIAN_POINT ( 'NONE',  ( -0.1083935435132570846, -0.03220340707415822457, -0.1023622047244094474 ) ) ;
#3190 = VERTEX_POINT ( 'NONE', #2801 ) ;
#3191 = CARTESIAN_POINT ( 'NONE',  ( -0.1408568301426933178, -0.03510474995793744224, 0.07480314960629921850 ) ) ;
#3192 = CARTESIAN_POINT ( 'NONE',  ( 0.08858267716535432601, 0.1181102362204724532, -0.08858267716535432601 ) ) ;
#3193 = CARTESIAN_POINT ( 'NONE',  ( 0.1122047244094488277, 0.1377952755905511861, -0.1122047244094488277 ) ) ;
#3194 = ORIENTED_EDGE ( 'NONE', *, *, #2366, .T. ) ;
#3195 = EDGE_CURVE ( 'NONE', #519, #2817, #2457, .T. ) ;
#3196 = ORIENTED_EDGE ( 'NONE', *, *, #631, .T. ) ;
#3197 = ORIENTED_EDGE ( 'NONE', *, *, #2786, .F. ) ;
#3198 = EDGE_LOOP ( 'NONE', ( #1897, #2958, #3290, #2449 ) ) ;
#3199 = DIRECTION ( 'NONE',  ( 0.0000000000000000000, 0.0000000000000000000, 1.000000000000000000 ) ) ;
#3200 = ADVANCED_FACE ( 'NONE', ( #358 ), #916, .T. ) ;
#3201 = DIRECTION ( 'NONE',  ( 0.0000000000000000000, 0.0000000000000000000, -1.000000000000000000 ) ) ;
#3202 = DIRECTION ( 'NONE',  ( 0.0000000000000000000, 0.0000000000000000000, 1.000000000000000000 ) ) ;
#3203 = CARTESIAN_POINT ( 'NONE',  ( -0.1259842519685039353, 0.02755905511811023584, 0.07480314960629921850 ) ) ;
#3204 = CARTESIAN_POINT ( 'NONE',  ( -0.08858267716535432601, 0.1496062992125984370, 0.08858267716535432601 ) ) ;
#3205 = VERTEX_POINT ( 'NONE', #1180 ) ;
#3206 = CARTESIAN_POINT ( 'NONE',  ( 0.08858267716535432601, 0.1299212598425196763, 0.06496062992125983815 ) ) ;
#3207 = FACE_OUTER_BOUND ( 'NONE', #1673, .T. ) ;
#3208 = CARTESIAN_POINT ( 'NONE',  ( -0.1259842519685039353, 0.02755905511811023584, 0.07480314960629921850 ) ) ;
#3209 = ORIENTED_EDGE ( 'NONE', *, *, #1705, .T. ) ;
#3210 = VERTEX_POINT ( 'NONE', #2270 ) ;
#3211 = VECTOR ( 'NONE', #2235, 39.37007874015748143 ) ;
#3212 = EDGE_CURVE ( 'NONE', #2063, #3080, #97, .T. ) ;
#3213 = ORIENTED_EDGE ( 'NONE', *, *, #1262, .F. ) ;
#3214 = DIRECTION ( 'NONE',  ( -0.0000000000000000000, 1.000000000000000000, 0.0000000000000000000 ) ) ;
#3215 = UNCERTAINTY_MEASURE_WITH_UNIT (LENGTH_MEASURE( 1.000000000000000082E-05 ), #2213, 'distance_accuracy_value', 'NONE');
#3216 = AXIS2_PLACEMENT_3D ( 'NONE', #1536, #3187, #1513 ) ;
#3217 = VECTOR ( 'NONE', #1386, 39.37007874015748854 ) ;
#3218 = ADVANCED_FACE ( 'NONE', ( #842 ), #2250, .T. ) ;
#3219 = CARTESIAN_POINT ( 'NONE',  ( 0.08858267716535432601, 0.1496062992125984370, -0.08858267716535432601 ) ) ;
#3220 = CARTESIAN_POINT ( 'NONE',  ( -8.437527159479795937E-18, 0.1299212598425196763, -0.06889763779527559306 ) ) ;
#3221 = CARTESIAN_POINT ( 'NONE',  ( 0.08858267716535432601, 0.1377952755905511861, -0.1122047244094488139 ) ) ;
#3222 = VECTOR ( 'NONE', #3078, 39.37007874015748143 ) ;
#3223 = AXIS2_PLACEMENT_3D ( 'NONE', #333, #113, #1737 ) ;
#3224 = ORIENTED_EDGE ( 'NONE', *, *, #1107, .F. ) ;
#3225 = VECTOR ( 'NONE', #1909, 39.37007874015748854 ) ;
#3226 = AXIS2_PLACEMENT_3D ( 'NONE', #716, #2352, #1252 ) ;
#3227 = CYLINDRICAL_SURFACE ( 'NONE', #2532, 0.02362204724409448092 ) ;
#3228 = CARTESIAN_POINT ( 'NONE',  ( -0.1185480476730569055, -0.06118778250134625923, 0.1023622047244094474 ) ) ;
#3229 = DIRECTION ( 'NONE',  ( 0.0000000000000000000, -1.000000000000000000, 0.0000000000000000000 ) ) ;
#3230 =( GEOMETRIC_REPRESENTATION_CONTEXT ( 3 ) GLOBAL_UNCERTAINTY_ASSIGNED_CONTEXT ( ( #3186 ) ) GLOBAL_UNIT_ASSIGNED_CONTEXT ( ( #528, #1087, #1930 ) ) REPRESENTATION_CONTEXT ( 'NONE', 'WORKASPACE' ) );
#3231 = AXIS2_PLACEMENT_3D ( 'NONE', #2419, #3520, #1393 ) ;
#3232 = DIRECTION ( 'NONE',  ( -2.168404344971010347E-16, 0.0000000000000000000, -1.000000000000000000 ) ) ;
#3233 = AXIS2_PLACEMENT_3D ( 'NONE', #2509, #1159, #3335 ) ;
#3234 = ORIENTED_EDGE ( 'NONE', *, *, #2825, .T. ) ;
#3235 = ORIENTED_EDGE ( 'NONE', *, *, #1276, .F. ) ;
#3236 = DIRECTION ( 'NONE',  ( 0.0000000000000000000, 0.0000000000000000000, 1.000000000000000000 ) ) ;
#3237 = VERTEX_POINT ( 'NONE', #3021 ) ;
#3238 = FACE_OUTER_BOUND ( 'NONE', #2955, .T. ) ;
#3239 = ADVANCED_FACE ( 'NONE', ( #1142 ), #570, .T. ) ;
#3240 = ORIENTED_EDGE ( 'NONE', *, *, #211, .F. ) ;
#3241 = LINE ( 'NONE', #3257, #1002 ) ;
#3242 = DIRECTION ( 'NONE',  ( 0.0000000000000000000, 0.0000000000000000000, -1.000000000000000000 ) ) ;
#3243 = FACE_OUTER_BOUND ( 'NONE', #542, .T. ) ;
#3244 =( NAMED_UNIT ( * ) SI_UNIT ( $, .STERADIAN. ) SOLID_ANGLE_UNIT ( ) );
#3245 = EDGE_CURVE ( 'NONE', #2104, #1440, #51, .T. ) ;
#3246 = VERTEX_POINT ( 'NONE', #2233 ) ;
#3247 = LINE ( 'NONE', #1032, #142 ) ;
#3248 = CARTESIAN_POINT ( 'NONE',  ( 0.1259842519685039353, 0.001910576577067484277, 0.07480314960629921850 ) ) ;
#3249 = DIRECTION ( 'NONE',  ( 1.000000000000000000, 0.0000000000000000000, 0.0000000000000000000 ) ) ;
#3250 = DIRECTION ( 'NONE',  ( -1.000000000000000000, 0.0000000000000000000, 0.0000000000000000000 ) ) ;
#3251 = ORIENTED_EDGE ( 'NONE', *, *, #3442, .T. ) ;
#3252 = CARTESIAN_POINT ( 'NONE',  ( 0.1181102362204724532, 0.03543307086614173179, 0.07480314960629921850 ) ) ;
#3253 = ORIENTED_EDGE ( 'NONE', *, *, #1744, .F. ) ;
#3254 = CARTESIAN_POINT ( 'NONE',  ( 0.1083935435132570846, -0.03220340707415822457, 0.07480314960629921850 ) ) ;
#3255 = ORIENTED_EDGE ( 'NONE', *, *, #2409, .T. ) ;
#3256 = ORIENTED_EDGE ( 'NONE', *, *, #883, .F. ) ;
#3257 = CARTESIAN_POINT ( 'NONE',  ( 0.1189390950157675347, -0.001605939811570186943, -0.1023622047244094474 ) ) ;
#3258 = DIRECTION ( 'NONE',  ( 0.0000000000000000000, 0.0000000000000000000, 1.000000000000000000 ) ) ;
#3259 = LINE ( 'NONE', #1641, #1638 ) ;
#3260 = ADVANCED_FACE ( 'NONE', ( #341 ), #1434, .T. ) ;
#3261 = VERTEX_POINT ( 'NONE', #896 ) ;
#3262 = PLANE ( 'NONE',  #1515 ) ;
#3263 = PLANE ( 'NONE',  #2327 ) ;
#3264 = CARTESIAN_POINT ( 'NONE',  ( -0.1181102362204724532, 0.0000000000000000000, 0.04921259842519685318 ) ) ;
#3265 = EDGE_CURVE ( 'NONE', #886, #192, #100, .T. ) ;
#3266 = LINE ( 'NONE', #1108, #1407 ) ;
#3267 = DIRECTION ( 'NONE',  ( -0.4465975813569838526, 0.8947349329975285981, 0.0000000000000000000 ) ) ;
#3268 = EDGE_CURVE ( 'NONE', #1077, #2501, #1265, .T. ) ;
#3269 = VERTEX_POINT ( 'NONE', #2287 ) ;
#3270 = ORIENTED_EDGE ( 'NONE', *, *, #2344, .F. ) ;
#3271 = PLANE ( 'NONE',  #2710 ) ;
#3272 = ORIENTED_EDGE ( 'NONE', *, *, #2982, .T. ) ;
#3273 = CARTESIAN_POINT ( 'NONE',  ( 0.1259842519685039353, 0.02755905511811023584, -0.1023622047244094474 ) ) ;
#3274 = DIRECTION ( 'NONE',  ( 1.000000000000000000, 0.0000000000000000000, 0.0000000000000000000 ) ) ;
#3275 = LENGTH_MEASURE_WITH_UNIT ( LENGTH_MEASURE( 0.02539999999999999897 ), #2778 );
#3276 = VECTOR ( 'NONE', #2756, 39.37007874015748143 ) ;
#3277 = VECTOR ( 'NONE', #946, 39.37007874015748143 ) ;
#3278 = VERTEX_POINT ( 'NONE', #948 ) ;
#3279 = AXIS2_PLACEMENT_3D ( 'NONE', #2135, #2700, #2978 ) ;
#3280 = PRESENTATION_LAYER_ASSIGNMENT (  '', '', ( #2938 ) ) ;
#3281 = DIRECTION ( 'NONE',  ( -1.000000000000000000, 2.168404344971010446E-15, 0.0000000000000000000 ) ) ;
#3282 = DIRECTION ( 'NONE',  ( 0.0000000000000000000, -1.000000000000000000, 0.0000000000000000000 ) ) ;
#3283 = DIRECTION ( 'NONE',  ( 0.4465975813569838526, -0.8947349329975285981, 0.0000000000000000000 ) ) ;
#3284 = VECTOR ( 'NONE', #2708, 39.37007874015748143 ) ;
#3285 = CONICAL_SURFACE ( 'NONE', #3223, 0.06889763779527559306, 0.03490658503988665340 ) ;
#3286 = EDGE_CURVE ( 'NONE', #355, #2426, #2043, .T. ) ;
#3287 = CARTESIAN_POINT ( 'NONE',  ( 0.1181102362204724532, 0.0000000000000000000, -0.1122047244094488277 ) ) ;
#3288 = VECTOR ( 'NONE', #184, 39.37007874015748143 ) ;
#3289 = DIRECTION ( 'NONE',  ( -0.8947349329975287091, -0.4465975813569839081, 0.0000000000000000000 ) ) ;
#3290 = ORIENTED_EDGE ( 'NONE', *, *, #9, .F. ) ;
#3291 = AXIS2_PLACEMENT_3D ( 'NONE', #2684, #1799, #1567 ) ;
#3292 = EDGE_CURVE ( 'NONE', #1371, #2780, #969, .T. ) ;
#3293 = VERTEX_POINT ( 'NONE', #1752 ) ;
#3294 = FACE_BOUND ( 'NONE', #2125, .T. ) ;
#3295 = AXIS2_PLACEMENT_3D ( 'NONE', #808, #499, #767 ) ;
#3296 = AXIS2_PLACEMENT_3D ( 'NONE', #2701, #2669, #1043 ) ;
#3297 = EDGE_LOOP ( 'NONE', ( #2989, #3146, #960, #1274 ) ) ;
#3298 = VERTEX_POINT ( 'NONE', #133 ) ;
#3299 = LINE ( 'NONE', #1433, #2704 ) ;
#3300 = DIRECTION ( 'NONE',  ( 0.4153637994577553672, 0.8055226371389487827, 0.4226182617407003850 ) ) ;
#3301 = DIRECTION ( 'NONE',  ( 0.0000000000000000000, 1.000000000000000000, 0.0000000000000000000 ) ) ;
#3302 = EDGE_LOOP ( 'NONE', ( #282, #2831, #2099, #2751 ) ) ;
#3303 = CARTESIAN_POINT ( 'NONE',  ( 0.1181102362204724532, 0.1377952755905511861, -0.1181102362204724532 ) ) ;
#3304 = CARTESIAN_POINT ( 'NONE',  ( -0.1083935435132570846, -0.03220340707415822457, 0.07480314960629921850 ) ) ;
#3305 = ADVANCED_FACE ( 'NONE', ( #2061 ), #1486, .T. ) ;
#3306 = VERTEX_POINT ( 'NONE', #2597 ) ;
#3307 = VERTEX_POINT ( 'NONE', #169 ) ;
#3308 = DIRECTION ( 'NONE',  ( 1.000000000000000000, 0.0000000000000000000, 0.0000000000000000000 ) ) ;
#3309 = EDGE_CURVE ( 'NONE', #1165, #1755, #2349, .T. ) ;
#3310 = ORIENTED_EDGE ( 'NONE', *, *, #1426, .F. ) ;
#3311 = ORIENTED_EDGE ( 'NONE', *, *, #2836, .T. ) ;
#3312 =( CONVERSION_BASED_UNIT ( 'INCH', #370 ) LENGTH_UNIT ( ) NAMED_UNIT ( #2428 ) );
#3313 =( NAMED_UNIT ( * ) SI_UNIT ( $, .STERADIAN. ) SOLID_ANGLE_UNIT ( ) );
#3314 =( LENGTH_UNIT ( ) NAMED_UNIT ( * ) SI_UNIT ( $, .METRE. ) );
#3315 = EDGE_CURVE ( 'NONE', #1650, #1581, #3432, .T. ) ;
#3316 = VERTEX_POINT ( 'NONE', #1797 ) ;
#3317 = CARTESIAN_POINT ( 'NONE',  ( 0.1408568301426933178, -0.03510474995793744224, 0.1023622047244094474 ) ) ;
#3318 = CARTESIAN_POINT ( 'NONE',  ( 0.0000000000000000000, 0.1377952755905511861, 0.07283464566929134798 ) ) ;
#3319 = DIRECTION ( 'NONE',  ( 0.0000000000000000000, 0.0000000000000000000, 1.000000000000000000 ) ) ;
#3320 = CARTESIAN_POINT ( 'NONE',  ( -0.1122047244094488277, 0.1377952755905511861, -0.1122047244094488277 ) ) ;
#3321 = DIRECTION ( 'NONE',  ( 0.0000000000000000000, 0.0000000000000000000, 1.000000000000000000 ) ) ;
#3322 = CARTESIAN_POINT ( 'NONE',  ( 0.1259842519685039353, 0.001910576577067480157, 0.1023622047244094474 ) ) ;
#3323 = ORIENTED_EDGE ( 'NONE', *, *, #471, .F. ) ;
#3324 = ORIENTED_EDGE ( 'NONE', *, *, #2805, .T. ) ;
#3325 = DIRECTION ( 'NONE',  ( 0.0000000000000000000, -1.000000000000000000, 0.0000000000000000000 ) ) ;
#3326 = EDGE_CURVE ( 'NONE', #2171, #195, #3087, .T. ) ;
#3327 = ORIENTED_EDGE ( 'NONE', *, *, #1825, .T. ) ;
#3328 = ORIENTED_EDGE ( 'NONE', *, *, #1721, .T. ) ;
#3329 = DIRECTION ( 'NONE',  ( 0.0000000000000000000, 1.000000000000000000, 0.0000000000000000000 ) ) ;
#3330 = DIRECTION ( 'NONE',  ( -0.4153637994577553672, -0.8055226371389487827, -0.4226182617407003850 ) ) ;
#3331 = ORIENTED_EDGE ( 'NONE', *, *, #2805, .F. ) ;
#3332 = ADVANCED_FACE ( 'NONE', ( #2854 ), #3377, .F. ) ;
#3333 = DIRECTION ( 'NONE',  ( -2.168404344971010446E-15, -1.000000000000000000, 0.0000000000000000000 ) ) ;
#3334 = CARTESIAN_POINT ( 'NONE',  ( 0.1409035942525671270, -0.02797954660348830891, -0.1023622047244094474 ) ) ;
#3335 = DIRECTION ( 'NONE',  ( 0.0000000000000000000, 0.0000000000000000000, -1.000000000000000000 ) ) ;
#3336 = VECTOR ( 'NONE', #2893, 39.37007874015748143 ) ;
#3337 = CARTESIAN_POINT ( 'NONE',  ( -0.1408568301426933178, -0.03510474995793744224, -0.1023622047244094474 ) ) ;
#3338 = MECHANICAL_DESIGN_GEOMETRIC_PRESENTATION_REPRESENTATION (  '', ( #1223 ), #2091 ) ;
#3339 = VECTOR ( 'NONE', #154, 39.37007874015748143 ) ;
#3340 = VECTOR ( 'NONE', #2317, 39.37007874015748143 ) ;
#3341 = DIRECTION ( 'NONE',  ( -1.000000000000000000, 0.0000000000000000000, 0.0000000000000000000 ) ) ;
#3342 = DIRECTION ( 'NONE',  ( 0.0000000000000000000, 0.0000000000000000000, -1.000000000000000000 ) ) ;
#3343 = PLANE ( 'NONE',  #1053 ) ;
#3344 = VECTOR ( 'NONE', #1235, 39.37007874015748143 ) ;
#3345 = AXIS2_PLACEMENT_3D ( 'NONE', #2750, #1708, #2226 ) ;
#3346 = ORIENTED_EDGE ( 'NONE', *, *, #3212, .F. ) ;
#3347 = AXIS2_PLACEMENT_3D ( 'NONE', #2657, #210, #1307 ) ;
#3348 = CIRCLE ( 'NONE', #2530, 0.007874015748031499423 ) ;
#3349 = ORIENTED_EDGE ( 'NONE', *, *, #3356, .F. ) ;
#3350 = FACE_OUTER_BOUND ( 'NONE', #2387, .T. ) ;
#3351 = VECTOR ( 'NONE', #2431, 39.37007874015748143 ) ;
#3352 = ORIENTED_EDGE ( 'NONE', *, *, #181, .F. ) ;
#3353 = CIRCLE ( 'NONE', #675, 0.06394343929534389293 ) ;
#3354 = DIRECTION ( 'NONE',  ( 0.0000000000000000000, 0.0000000000000000000, -1.000000000000000000 ) ) ;
#3355 = CARTESIAN_POINT ( 'NONE',  ( -0.1417324530478622224, -0.03149606299212598381, 0.1023622047244094474 ) ) ;
#3356 = EDGE_CURVE ( 'NONE', #2903, #1614, #847, .T. ) ;
#3357 = ORIENTED_EDGE ( 'NONE', *, *, #3181, .F. ) ;
#3358 = CARTESIAN_POINT ( 'NONE',  ( -0.1338584372998307126, -0.03149606299212598381, 0.1023622047244094474 ) ) ;
#3359 = DIRECTION ( 'NONE',  ( 1.000000000000000000, 0.0000000000000000000, 0.0000000000000000000 ) ) ;
#3360 = DIRECTION ( 'NONE',  ( 0.0000000000000000000, 0.0000000000000000000, 1.000000000000000000 ) ) ;
#3361 = LINE ( 'NONE', #2855, #1524 ) ;
#3362 = EDGE_CURVE ( 'NONE', #1212, #1839, #1762, .T. ) ;
#3363 = VERTEX_POINT ( 'NONE', #3392 ) ;
#3364 = CYLINDRICAL_SURFACE ( 'NONE', #609, 0.02362204724409448092 ) ;
#3365 = DIRECTION ( 'NONE',  ( 1.000000000000000000, 0.0000000000000000000, 0.0000000000000000000 ) ) ;
#3366 = PLANE ( 'NONE',  #2364 ) ;
#3367 = EDGE_CURVE ( 'NONE', #519, #2114, #3103, .T. ) ;
#3368 = EDGE_LOOP ( 'NONE', ( #1024, #943 ) ) ;
#3369 = DIRECTION ( 'NONE',  ( 0.0000000000000000000, 0.0000000000000000000, -1.000000000000000000 ) ) ;
#3370 = ORIENTED_EDGE ( 'NONE', *, *, #496, .T. ) ;
#3371 = VERTEX_POINT ( 'NONE', #3152 ) ;
#3372 = CARTESIAN_POINT ( 'NONE',  ( -0.1259842519685039353, 0.02755905511811023584, -0.1023622047244094474 ) ) ;
#3373 = VERTEX_POINT ( 'NONE', #2614 ) ;
#3374 = EDGE_CURVE ( 'NONE', #1111, #1791, #1226, .T. ) ;
#3375 = CARTESIAN_POINT ( 'NONE',  ( -0.1181102362204724532, 0.0000000000000000000, 0.1122047244094488277 ) ) ;
#3376 = CARTESIAN_POINT ( 'NONE',  ( -0.1181102362204724532, 0.1299212598425196763, 0.04921259842519685318 ) ) ;
#3377 = PLANE ( 'NONE',  #1646 ) ;
#3378 = CARTESIAN_POINT ( 'NONE',  ( 0.0000000000000000000, 0.2755905511811023723, 0.06000882974015058630 ) ) ;
#3379 = ORIENTED_EDGE ( 'NONE', *, *, #367, .F. ) ;
#3380 = EDGE_CURVE ( 'NONE', #2155, #3080, #1197, .T. ) ;
#3381 = CARTESIAN_POINT ( 'NONE',  ( 0.1122047244094488277, 0.1299212598425196763, -0.1181102362204724532 ) ) ;
#3382 = PLANE ( 'NONE',  #209 ) ;
#3383 = CARTESIAN_POINT ( 'NONE',  ( -0.08858267716535432601, 0.1299212598425196763, -0.06496062992125983815 ) ) ;
#3384 = ORIENTED_EDGE ( 'NONE', *, *, #1744, .T. ) ;
#3385 = EDGE_CURVE ( 'NONE', #795, #1239, #2661, .T. ) ;
#3386 = DIRECTION ( 'NONE',  ( 0.0000000000000000000, 0.0000000000000000000, -1.000000000000000000 ) ) ;
#3387 = ORIENTED_EDGE ( 'NONE', *, *, #713, .T. ) ;
#3388 = VERTEX_POINT ( 'NONE', #2575 ) ;
#3389 = DIRECTION ( 'NONE',  ( 0.0000000000000000000, -1.000000000000000000, 0.0000000000000000000 ) ) ;
#3390 = CARTESIAN_POINT ( 'NONE',  ( -0.1122047244094488277, 0.1299212598425196763, -0.1181102362204724532 ) ) ;
#3391 = DIRECTION ( 'NONE',  ( 0.0000000000000000000, 1.000000000000000000, 0.0000000000000000000 ) ) ;
#3392 = CARTESIAN_POINT ( 'NONE',  ( 0.1255464405159194829, -0.06479646946715768296, 0.08464566929133858497 ) ) ;
#3393 = DIRECTION ( 'NONE',  ( 0.0000000000000000000, 0.0000000000000000000, 1.000000000000000000 ) ) ;
#3394 = ORIENTED_EDGE ( 'NONE', *, *, #2310, .F. ) ;
#3395 = DIRECTION ( 'NONE',  ( 0.0000000000000000000, 0.0000000000000000000, -1.000000000000000000 ) ) ;
#3396 = FACE_OUTER_BOUND ( 'NONE', #1463, .T. ) ;
#3397 = CARTESIAN_POINT ( 'NONE',  ( 0.1122047244094488277, 0.1377952755905511861, -0.1181102362204724532 ) ) ;
#3398 = AXIS2_PLACEMENT_3D ( 'NONE', #1014, #132, #2060 ) ;
#3399 = EDGE_CURVE ( 'NONE', #3155, #129, #2867, .T. ) ;
#3400 = AXIS2_PLACEMENT_3D ( 'NONE', #5, #2722, #3017 ) ;
#3401 = ORIENTED_EDGE ( 'NONE', *, *, #781, .T. ) ;
#3402 = AXIS2_PLACEMENT_3D ( 'NONE', #2766, #1968, #1454 ) ;
#3403 = VECTOR ( 'NONE', #2904, 39.37007874015748143 ) ;
#3404 = ADVANCED_FACE ( 'NONE', ( #1249 ), #234, .F. ) ;
#3405 = VECTOR ( 'NONE', #630, 39.37007874015748143 ) ;
#3406 = AXIS2_PLACEMENT_3D ( 'NONE', #3541, #1095, #2185 ) ;
#3407 = ORIENTED_EDGE ( 'NONE', *, *, #2521, .T. ) ;
#3408 = ORIENTED_EDGE ( 'NONE', *, *, #3286, .T. ) ;
#3409 = DIRECTION ( 'NONE',  ( 0.0000000000000000000, 1.000000000000000000, 0.0000000000000000000 ) ) ;
#3410 = VECTOR ( 'NONE', #1044, 39.37007874015748143 ) ;
#3411 = ADVANCED_FACE ( 'NONE', ( #3171 ), #3492, .F. ) ;
#3412 = UNCERTAINTY_MEASURE_WITH_UNIT (LENGTH_MEASURE( 1.000000000000000082E-05 ), #786, 'distance_accuracy_value', 'NONE');
#3413 = CIRCLE ( 'NONE', #1865, 0.005905511811023620231 ) ;
#3414 = PLANE ( 'NONE',  #2141 ) ;
#3415 = PLANE ( 'NONE',  #597 ) ;
#3416 = DIRECTION ( 'NONE',  ( 0.4153637994577553672, 0.8055226371389487827, -0.4226182617407003850 ) ) ;
#3417 = CARTESIAN_POINT ( 'NONE',  ( 0.1185480476730569055, -0.06118778250134625923, 0.09251968503937008093 ) ) ;
#3418 = PRODUCT_DEFINITION_FORMATION_WITH_SPECIFIED_SOURCE ( 'ANY', '', #366, .NOT_KNOWN. ) ;
#3419 = ORIENTED_EDGE ( 'NONE', *, *, #3133, .T. ) ;
#3420 = CARTESIAN_POINT ( 'NONE',  ( 8.919671568592926781E-18, 0.1377952755905511861, -0.07283464566929134798 ) ) ;
#3421 = PLANE ( 'NONE',  #1189 ) ;
#3422 = CARTESIAN_POINT ( 'NONE',  ( -0.1181102362204724532, 0.1299212598425196763, 0.1122047244094488277 ) ) ;
#3423 = EDGE_LOOP ( 'NONE', ( #2491, #2519, #3027, #2897 ) ) ;
#3424 = ADVANCED_FACE ( 'NONE', ( #3512 ), #202, .T. ) ;
#3425 = VERTEX_POINT ( 'NONE', #1356 ) ;
#3426 = ADVANCED_FACE ( 'NONE', ( #731 ), #2087, .T. ) ;
#3427 = ORIENTED_EDGE ( 'NONE', *, *, #1763, .T. ) ;
#3428 = CARTESIAN_POINT ( 'NONE',  ( 0.08858267716535432601, 0.1299212598425196763, 0.08858267716535432601 ) ) ;
#3429 = EDGE_CURVE ( 'NONE', #2790, #3205, #2683, .T. ) ;
#3430 = SURFACE_STYLE_USAGE ( .BOTH. , #492 ) ;
#3431 = CARTESIAN_POINT ( 'NONE',  ( 0.1259842519685039353, 0.02755905511811023584, -0.1023622047244094474 ) ) ;
#3432 = LINE ( 'NONE', #105, #2216 ) ;
#3433 = LINE ( 'NONE', #3088, #2098 ) ;
#3434 = ORIENTED_EDGE ( 'NONE', *, *, #975, .F. ) ;
#3435 = CARTESIAN_POINT ( 'NONE',  ( 0.1189390950157675347, -0.001605939811570186943, -0.1023622047244094474 ) ) ;
#3436 = LINE ( 'NONE', #1215, #390 ) ;
#3437 = DIRECTION ( 'NONE',  ( -0.4583032446580520558, -0.8887958910435519444, 0.0000000000000000000 ) ) ;
#3438 = ORIENTED_EDGE ( 'NONE', *, *, #343, .T. ) ;
#3439 = ORIENTED_EDGE ( 'NONE', *, *, #2392, .T. ) ;
#3440 = EDGE_LOOP ( 'NONE', ( #722, #2295, #2351, #175 ) ) ;
#3441 = CARTESIAN_POINT ( 'NONE',  ( -0.1122047244094488277, 0.0000000000000000000, -0.1122047244094488277 ) ) ;
#3442 = EDGE_CURVE ( 'NONE', #1791, #439, #2923, .T. ) ;
#3443 = DIRECTION ( 'NONE',  ( -1.000000000000000000, 0.0000000000000000000, 0.0000000000000000000 ) ) ;
#3444 = DIRECTION ( 'NONE',  ( -0.4465975813569838526, -0.8947349329975285981, 0.0000000000000000000 ) ) ;
#3445 = EDGE_CURVE ( 'NONE', #1839, #1375, #2136, .T. ) ;
#3446 = ORIENTED_EDGE ( 'NONE', *, *, #966, .T. ) ;
#3447 = LINE ( 'NONE', #428, #1049 ) ;
#3448 = FACE_OUTER_BOUND ( 'NONE', #2637, .T. ) ;
#3449 = DIRECTION ( 'NONE',  ( 0.0000000000000000000, 0.0000000000000000000, 1.000000000000000000 ) ) ;
#3450 = EDGE_LOOP ( 'NONE', ( #935, #1637, #3476, #1367 ) ) ;
#3451 = AXIS2_PLACEMENT_3D ( 'NONE', #2301, #3391, #1796 ) ;
#3452 = VECTOR ( 'NONE', #1170, 39.37007874015748143 ) ;
#3453 = VERTEX_POINT ( 'NONE', #3221 ) ;
#3454 = AXIS2_PLACEMENT_3D ( 'NONE', #2686, #569, #2743 ) ;
#3455 = VECTOR ( 'NONE', #2299, 39.37007874015748143 ) ;
#3456 = EDGE_LOOP ( 'NONE', ( #989, #3504 ) ) ;
#3457 = CARTESIAN_POINT ( 'NONE',  ( 0.1181102362204724532, 0.1299212598425196763, 0.1181102362204724532 ) ) ;
#3458 = ORIENTED_EDGE ( 'NONE', *, *, #2856, .T. ) ;
#3459 = DIRECTION ( 'NONE',  ( 0.0000000000000000000, 1.000000000000000000, 0.0000000000000000000 ) ) ;
#3460 = CIRCLE ( 'NONE', #2536, 0.02362204724409448092 ) ;
#3461 = CIRCLE ( 'NONE', #2770, 0.005905511811023620231 ) ;
#3462 = FACE_OUTER_BOUND ( 'NONE', #1270, .T. ) ;
#3463 = CARTESIAN_POINT ( 'NONE',  ( -0.08858267716535432601, 0.1496062992125984370, 0.06496062992125983815 ) ) ;
#3464 = DIRECTION ( 'NONE',  ( 0.0000000000000000000, 1.000000000000000000, 0.0000000000000000000 ) ) ;
#3465 = CARTESIAN_POINT ( 'NONE',  ( -0.1181102362204724532, 0.1299212598425196763, -0.1122047244094488277 ) ) ;
#3466 = PRESENTATION_LAYER_ASSIGNMENT (  '', '', ( #3172 ) ) ;
#3467 = ORIENTED_EDGE ( 'NONE', *, *, #1370, .F. ) ;
#3468 = DIRECTION ( 'NONE',  ( 1.445602896647339903E-16, 0.0000000000000000000, 1.000000000000000000 ) ) ;
#3469 = CYLINDRICAL_SURFACE ( 'NONE', #2895, 0.005905511811023620231 ) ;
#3470 = DIRECTION ( 'NONE',  ( 0.0000000000000000000, 1.000000000000000000, 0.0000000000000000000 ) ) ;
#3471 = EDGE_CURVE ( 'NONE', #3190, #505, #785, .T. ) ;
#3472 = ORIENTED_EDGE ( 'NONE', *, *, #3149, .F. ) ;
#3473 = EDGE_CURVE ( 'NONE', #2664, #2556, #2275, .T. ) ;
#3474 = VERTEX_POINT ( 'NONE', #527 ) ;
#3475 = ORIENTED_EDGE ( 'NONE', *, *, #3268, .F. ) ;
#3476 = ORIENTED_EDGE ( 'NONE', *, *, #413, .T. ) ;
#3477 = CARTESIAN_POINT ( 'NONE',  ( 0.1417324530478622224, -0.03149606299212598381, -0.07480314960629921850 ) ) ;
#3478 = PLANE ( 'NONE',  #1004 ) ;
#3479 = CARTESIAN_POINT ( 'NONE',  ( -0.1408568301426933178, -0.03510474995793744224, -0.1023622047244094474 ) ) ;
#3480 = DIRECTION ( 'NONE',  ( 0.0000000000000000000, 0.0000000000000000000, 1.000000000000000000 ) ) ;
#3481 = ORIENTED_EDGE ( 'NONE', *, *, #1035, .T. ) ;
#3482 = DIRECTION ( 'NONE',  ( 0.0000000000000000000, 0.0000000000000000000, 1.000000000000000000 ) ) ;
#3483 = CARTESIAN_POINT ( 'NONE',  ( -0.08858267716535432601, 0.1496062992125984370, -0.06496062992125983815 ) ) ;
#3484 = FACE_OUTER_BOUND ( 'NONE', #421, .T. ) ;
#3485 = ADVANCED_FACE ( 'NONE', ( #3243 ), #1588, .T. ) ;
#3486 = VERTEX_POINT ( 'NONE', #1888 ) ;
#3487 = EDGE_CURVE ( 'NONE', #3363, #355, #2631, .T. ) ;
#3488 = VERTEX_POINT ( 'NONE', #3203 ) ;
#3489 = DIRECTION ( 'NONE',  ( 0.0000000000000000000, 0.0000000000000000000, -1.000000000000000000 ) ) ;
#3490 = DIRECTION ( 'NONE',  ( 0.4465975813569838526, -0.8947349329975285981, 0.0000000000000000000 ) ) ;
#3491 = CARTESIAN_POINT ( 'NONE',  ( -0.1259842519685039353, 0.001910576577067484277, 0.07480314960629921850 ) ) ;
#3492 = PLANE ( 'NONE',  #3296 ) ;
#3493 = DIRECTION ( 'NONE',  ( 0.0000000000000000000, -1.000000000000000000, 0.0000000000000000000 ) ) ;
#3494 = EDGE_LOOP ( 'NONE', ( #114, #3458, #2881, #2910 ) ) ;
#3495 = FACE_OUTER_BOUND ( 'NONE', #2914, .T. ) ;
#3496 = DIRECTION ( 'NONE',  ( 0.0000000000000000000, 0.0000000000000000000, -1.000000000000000000 ) ) ;
#3497 = CYLINDRICAL_SURFACE ( 'NONE', #840, 0.005905511811023620231 ) ;
#3498 = ADVANCED_FACE ( 'NONE', ( #2385 ), #994, .T. ) ;
#3499 = ORIENTED_EDGE ( 'NONE', *, *, #2621, .F. ) ;
#3500 = ORIENTED_EDGE ( 'NONE', *, *, #60, .T. ) ;
#3501 = VECTOR ( 'NONE', #2444, 39.37007874015748143 ) ;
#3502 = DIRECTION ( 'NONE',  ( -1.000000000000000000, 0.0000000000000000000, 0.0000000000000000000 ) ) ;
#3503 = VECTOR ( 'NONE', #3101, 39.37007874015748143 ) ;
#3504 = ORIENTED_EDGE ( 'NONE', *, *, #1595, .F. ) ;
#3505 = LINE ( 'NONE', #2463, #489 ) ;
#3506 = EDGE_CURVE ( 'NONE', #1998, #2063, #1315, .T. ) ;
#3507 = UNCERTAINTY_MEASURE_WITH_UNIT (LENGTH_MEASURE( 1.000000000000000082E-05 ), #3312, 'distance_accuracy_value', 'NONE');
#3508 = AXIS2_PLACEMENT_3D ( 'NONE', #2673, #2949, #1907 ) ;
#3509 = ORIENTED_EDGE ( 'NONE', *, *, #805, .F. ) ;
#3510 = DIRECTION ( 'NONE',  ( 1.000000000000000000, 0.0000000000000000000, 0.0000000000000000000 ) ) ;
#3511 = DIRECTION ( 'NONE',  ( 0.0000000000000000000, -1.000000000000000000, 0.0000000000000000000 ) ) ;
#3512 = FACE_OUTER_BOUND ( 'NONE', #806, .T. ) ;
#3513 = AXIS2_PLACEMENT_3D ( 'NONE', #2026, #2567, #1216 ) ;
#3514 = DIRECTION ( 'NONE',  ( 0.0000000000000000000, 1.000000000000000000, 0.0000000000000000000 ) ) ;
#3515 = CIRCLE ( 'NONE', #1688, 0.06000882974015058630 ) ;
#3516 = ORIENTED_EDGE ( 'NONE', *, *, #251, .T. ) ;
#3517 = VECTOR ( 'NONE', #377, 39.37007874015748143 ) ;
#3518 = CIRCLE ( 'NONE', #1458, 0.06394343929534389293 ) ;
#3519 = FACE_OUTER_BOUND ( 'NONE', #1508, .T. ) ;
#3520 = DIRECTION ( 'NONE',  ( 0.0000000000000000000, -1.000000000000000000, 0.0000000000000000000 ) ) ;
#3521 = DIRECTION ( 'NONE',  ( 0.0000000000000000000, -1.000000000000000000, 0.0000000000000000000 ) ) ;
#3522 = VECTOR ( 'NONE', #1719, 39.37007874015748854 ) ;
#3523 = AXIS2_PLACEMENT_3D ( 'NONE', #1806, #2079, #2552 ) ;
#3524 = DIRECTION ( 'NONE',  ( 1.000000000000000000, 0.0000000000000000000, 0.0000000000000000000 ) ) ;
#3525 = EDGE_LOOP ( 'NONE', ( #2976, #2176, #338, #1062 ) ) ;
#3526 = ADVANCED_FACE ( 'NONE', ( #2108 ), #494, .F. ) ;
#3527 = ORIENTED_EDGE ( 'NONE', *, *, #3506, .T. ) ;
#3528 = CARTESIAN_POINT ( 'NONE',  ( 0.08858267716535432601, 0.1496062992125984370, -0.08858267716535432601 ) ) ;
#3529 = VERTEX_POINT ( 'NONE', #1832 ) ;
#3530 = CARTESIAN_POINT ( 'NONE',  ( 0.1185480476730569055, -0.06118778250134625923, -0.09251968503937008093 ) ) ;
#3531 = ORIENTED_EDGE ( 'NONE', *, *, #474, .T. ) ;
#3532 = ADVANCED_FACE ( 'NONE', ( #476 ), #854, .T. ) ;
#3533 = ORIENTED_EDGE ( 'NONE', *, *, #2825, .F. ) ;
#3534 =( LENGTH_UNIT ( ) NAMED_UNIT ( * ) SI_UNIT ( $, .METRE. ) );
#3535 = LINE ( 'NONE', #2177, #664 ) ;
#3536 = ORIENTED_EDGE ( 'NONE', *, *, #1199, .T. ) ;
#3537 = EDGE_CURVE ( 'NONE', #988, #1055, #1191, .T. ) ;
#3538 = LINE ( 'NONE', #1331, #2702 ) ;
#3539 = DIRECTION ( 'NONE',  ( 0.0000000000000000000, 0.0000000000000000000, -1.000000000000000000 ) ) ;
#3540 = DIRECTION ( 'NONE',  ( 0.0000000000000000000, 0.0000000000000000000, 1.000000000000000000 ) ) ;
#3541 = CARTESIAN_POINT ( 'NONE',  ( 0.0000000000000000000, 0.1377952755905511861, 0.0000000000000000000 ) ) ;
ENDSEC;
END-ISO-10303-21;
