ISO-10303-21;
HEADER;
FILE_DESCRIPTION (( 'STEP AP203' ),
    '1' );
FILE_NAME ('M-RJE56-188-1X10-REVT1.STEP',
    '2012-09-11T13:56:50',
    ( '' ),
    ( '' ),
    'SwSTEP 2.0',
    'SolidWorks 2012',
    '' );
FILE_SCHEMA (( 'CONFIG_CONTROL_DESIGN' ));
ENDSEC;

DATA;
#1 = EDGE_CURVE ( 'NONE', #9953, #9960, #2313, .T. ) ;
#2 = EDGE_CURVE ( 'NONE', #9953, #9957, #2315, .T. ) ;
#3 = EDGE_CURVE ( 'NONE', #9958, #9957, #2312, .T. ) ;
#4 = EDGE_CURVE ( 'NONE', #9958, #9960, #2314, .T. ) ;
#5 = EDGE_CURVE ( 'NONE', #9959, #9956, #2318, .T. ) ;
#6 = EDGE_CURVE ( 'NONE', #9959, #9954, #2317, .T. ) ;
#7 = EDGE_CURVE ( 'NONE', #9972, #9954, #2320, .T. ) ;
#8 = EDGE_CURVE ( 'NONE', #9972, #9956, #2321, .T. ) ;
#9 = EDGE_CURVE ( 'NONE', #9963, #9976, #2324, .T. ) ;
#10 = EDGE_CURVE ( 'NONE', #9963, #9983, #2323, .T. ) ;
#11 = EDGE_CURVE ( 'NONE', #9966, #9983, #2326, .T. ) ;
#12 = EDGE_CURVE ( 'NONE', #9966, #9976, #2327, .T. ) ;
#13 = EDGE_CURVE ( 'NONE', #9967, #9969, #2330, .T. ) ;
#14 = EDGE_CURVE ( 'NONE', #9967, #9970, #2329, .T. ) ;
#15 = EDGE_CURVE ( 'NONE', #9974, #9970, #2332, .T. ) ;
#16 = EDGE_CURVE ( 'NONE', #9974, #9969, #2333, .T. ) ;
#17 = EDGE_CURVE ( 'NONE', #9964, #9973, #2336, .T. ) ;
#18 = EDGE_CURVE ( 'NONE', #9964, #9965, #2335, .T. ) ;
#19 = EDGE_CURVE ( 'NONE', #9955, #9965, #2338, .T. ) ;
#20 = EDGE_CURVE ( 'NONE', #9955, #9973, #2339, .T. ) ;
#21 = EDGE_CURVE ( 'NONE', #9975, #9968, #2342, .T. ) ;
#22 = EDGE_CURVE ( 'NONE', #9914, #9975, #2341, .T. ) ;
#23 = EDGE_CURVE ( 'NONE', #10382, #9914, #2344, .T. ) ;
#24 = EDGE_CURVE ( 'NONE', #10382, #9968, #2346, .T. ) ;
#25 = EDGE_CURVE ( 'NONE', #9962, #10383, #2348, .T. ) ;
#26 = EDGE_CURVE ( 'NONE', #10384, #9962, #2352, .T. ) ;
#27 = EDGE_CURVE ( 'NONE', #10380, #10384, #2354, .T. ) ;
#28 = EDGE_CURVE ( 'NONE', #10380, #10383, #2350, .T. ) ;
#29 = EDGE_CURVE ( 'NONE', #10381, #9975, #2355, .T. ) ;
#30 = EDGE_CURVE ( 'NONE', #10379, #10381, #2358, .T. ) ;
#31 = EDGE_CURVE ( 'NONE', #10379, #10375, #2357, .T. ) ;
#32 = EDGE_CURVE ( 'NONE', #10375, #10374, #2361, .T. ) ;
#33 = EDGE_CURVE ( 'NONE', #10384, #10374, #2363, .T. ) ;
#34 = EDGE_CURVE ( 'NONE', #9914, #9962, #2365, .T. ) ;
#35 = EDGE_CURVE ( 'NONE', #9913, #10373, #2367, .T. ) ;
#36 = EDGE_CURVE ( 'NONE', #10377, #10373, #2360, .T. ) ;
#37 = EDGE_CURVE ( 'NONE', #10377, #10370, #2369, .T. ) ;
#38 = EDGE_CURVE ( 'NONE', #9913, #10370, #2373, .T. ) ;
#39 = EDGE_CURVE ( 'NONE', #10378, #10372, #2371, .T. ) ;
#40 = EDGE_CURVE ( 'NONE', #10371, #10372, #2375, .T. ) ;
#41 = EDGE_CURVE ( 'NONE', #10371, #10366, #2377, .T. ) ;
#42 = EDGE_CURVE ( 'NONE', #10378, #10366, #2381, .T. ) ;
#43 = EDGE_CURVE ( 'NONE', #10369, #10368, #2379, .T. ) ;
#44 = EDGE_CURVE ( 'NONE', #10367, #10368, #2383, .T. ) ;
#45 = EDGE_CURVE ( 'NONE', #10367, #10362, #2385, .T. ) ;
#46 = EDGE_CURVE ( 'NONE', #10369, #10362, #2389, .T. ) ;
#47 = EDGE_CURVE ( 'NONE', #10365, #10364, #2387, .T. ) ;
#48 = EDGE_CURVE ( 'NONE', #10363, #10364, #2391, .T. ) ;
#49 = EDGE_CURVE ( 'NONE', #10363, #10358, #2393, .T. ) ;
#50 = EDGE_CURVE ( 'NONE', #10237, #10228, #2397, .T. ) ;
#51 = EDGE_CURVE ( 'NONE', #10230, #10237, #2395, .T. ) ;
#52 = EDGE_CURVE ( 'NONE', #10230, #10224, #2401, .T. ) ;
#53 = EDGE_CURVE ( 'NONE', #10231, #10224, #2399, .T. ) ;
#54 = EDGE_CURVE ( 'NONE', #10227, #10309, #2403, .T. ) ;
#55 = EDGE_CURVE ( 'NONE', #10226, #10227, #2405, .T. ) ;
#56 = EDGE_CURVE ( 'NONE', #10226, #10308, #2409, .T. ) ;
#57 = EDGE_CURVE ( 'NONE', #10221, #10338, #2407, .T. ) ;
#58 = EDGE_CURVE ( 'NONE', #10302, #10221, #2411, .T. ) ;
#59 = EDGE_CURVE ( 'NONE', #10222, #10228, #2413, .T. ) ;
#60 = EDGE_CURVE ( 'NONE', #10230, #10222, #2417, .T. ) ;
#61 = EDGE_CURVE ( 'NONE', #10238, #10240, #2419, .T. ) ;
#62 = EDGE_CURVE ( 'NONE', #10229, #10258, #2415, .T. ) ;
#63 = EDGE_CURVE ( 'NONE', #10220, #10229, #2421, .T. ) ;
#64 = EDGE_CURVE ( 'NONE', #10222, #10220, #2423, .T. ) ;
#65 = EDGE_CURVE ( 'NONE', #10227, #10243, #2427, .T. ) ;
#66 = EDGE_CURVE ( 'NONE', #10234, #10239, #2429, .T. ) ;
#67 = EDGE_CURVE ( 'NONE', #10291, #10221, #2425, .T. ) ;
#68 = EDGE_CURVE ( 'NONE', #10223, #10218, #2433, .T. ) ;
#69 = EDGE_CURVE ( 'NONE', #10285, #10223, #2431, .T. ) ;
#70 = EDGE_CURVE ( 'NONE', #10218, #10283, #2435, .T. ) ;
#71 = EDGE_CURVE ( 'NONE', #10280, #10216, #2437, .T. ) ;
#72 = EDGE_CURVE ( 'NONE', #10218, #10216, #2441, .T. ) ;
#73 = EDGE_CURVE ( 'NONE', #10225, #10223, #2443, .T. ) ;
#74 = EDGE_CURVE ( 'NONE', #10225, #10284, #2445, .T. ) ;
#75 = EDGE_CURVE ( 'NONE', #10255, #10256, #2447, .T. ) ;
#76 = EDGE_CURVE ( 'NONE', #10247, #10248, #2439, .T. ) ;
#77 = EDGE_CURVE ( 'NONE', #10214, #10217, #2451, .T. ) ;
#78 = EDGE_CURVE ( 'NONE', #10213, #10214, #2449, .T. ) ;
#79 = EDGE_CURVE ( 'NONE', #10213, #10210, #2453, .T. ) ;
#80 = EDGE_CURVE ( 'NONE', #10219, #10210, #2455, .T. ) ;
#81 = EDGE_CURVE ( 'NONE', #10217, #10219, #2457, .T. ) ;
#82 = EDGE_CURVE ( 'NONE', #10211, #10209, #2459, .T. ) ;
#83 = EDGE_CURVE ( 'NONE', #10212, #10211, #2461, .T. ) ;
#84 = EDGE_CURVE ( 'NONE', #10212, #10205, #2465, .T. ) ;
#85 = EDGE_CURVE ( 'NONE', #10215, #10205, #2463, .T. ) ;
#86 = EDGE_CURVE ( 'NONE', #10209, #10215, #2467, .T. ) ;
#87 = EDGE_CURVE ( 'NONE', #10263, #10264, #2469, .T. ) ;
#88 = EDGE_CURVE ( 'NONE', #10289, #10268, #2473, .T. ) ;
#89 = EDGE_CURVE ( 'NONE', #10204, #10278, #2475, .T. ) ;
#90 = EDGE_CURVE ( 'NONE', #10207, #10204, #2471, .T. ) ;
#91 = EDGE_CURVE ( 'NONE', #10207, #10287, #2477, .T. ) ;
#92 = EDGE_CURVE ( 'NONE', #10203, #10281, #2479, .T. ) ;
#93 = EDGE_CURVE ( 'NONE', #10204, #10203, #2481, .T. ) ;
#94 = EDGE_CURVE ( 'NONE', #10282, #10200, #2485, .T. ) ;
#95 = EDGE_CURVE ( 'NONE', #10203, #10200, #2487, .T. ) ;
#96 = EDGE_CURVE ( 'NONE', #10275, #10270, #2489, .T. ) ;
#97 = EDGE_CURVE ( 'NONE', #10271, #10260, #2483, .T. ) ;
#98 = EDGE_CURVE ( 'NONE', #10273, #10252, #2493, .T. ) ;
#99 = EDGE_CURVE ( 'NONE', #10266, #10244, #2495, .T. ) ;
#100 = EDGE_CURVE ( 'NONE', #10206, #10229, #2497, .T. ) ;
#101 = EDGE_CURVE ( 'NONE', #10199, #10206, #2499, .T. ) ;
#102 = EDGE_CURVE ( 'NONE', #10220, #10199, #2491, .T. ) ;
#103 = EDGE_CURVE ( 'NONE', #10208, #10235, #2503, .T. ) ;
#104 = EDGE_CURVE ( 'NONE', #10374, #10208, #2505, .T. ) ;
#105 = EDGE_CURVE ( 'NONE', #10206, #10316, #2507, .T. ) ;
#106 = EDGE_CURVE ( 'NONE', #10208, #10236, #2509, .T. ) ;
#107 = EDGE_CURVE ( 'NONE', #10233, #10232, #2511, .T. ) ;
#108 = EDGE_CURVE ( 'NONE', #10198, #10224, #2513, .T. ) ;
#109 = EDGE_CURVE ( 'NONE', #10226, #10198, #2515, .T. ) ;
#110 = EDGE_CURVE ( 'NONE', #10291, #10199, #2517, .T. ) ;
#111 = EDGE_CURVE ( 'NONE', #10198, #10343, #2519, .T. ) ;
#112 = EDGE_CURVE ( 'NONE', #10201, #10202, #2521, .T. ) ;
#113 = EDGE_CURVE ( 'NONE', #10201, #10193, #9151, .T. ) ;
#114 = EDGE_CURVE ( 'NONE', #10194, #10193, #2501, .T. ) ;
#115 = EDGE_CURVE ( 'NONE', #10194, #10202, #9152, .T. ) ;
#116 = EDGE_CURVE ( 'NONE', #10196, #10192, #2525, .T. ) ;
#117 = EDGE_CURVE ( 'NONE', #10196, #10189, #9153, .T. ) ;
#118 = EDGE_CURVE ( 'NONE', #10190, #10189, #2524, .T. ) ;
#119 = EDGE_CURVE ( 'NONE', #10190, #10192, #9154, .T. ) ;
#120 = EDGE_CURVE ( 'NONE', #10191, #10209, #2527, .T. ) ;
#121 = EDGE_CURVE ( 'NONE', #10197, #10191, #2528, .T. ) ;
#122 = EDGE_CURVE ( 'NONE', #10211, #10197, #2523, .T. ) ;
#123 = EDGE_CURVE ( 'NONE', #10191, #10188, #2531, .T. ) ;
#124 = EDGE_CURVE ( 'NONE', #10188, #10215, #2533, .T. ) ;
#125 = EDGE_CURVE ( 'NONE', #10205, #10186, #2535, .T. ) ;
#126 = EDGE_CURVE ( 'NONE', #10188, #10186, #2537, .T. ) ;
#127 = EDGE_CURVE ( 'NONE', #10185, #10187, #2539, .T. ) ;
#128 = EDGE_CURVE ( 'NONE', #10195, #10185, #2529, .T. ) ;
#129 = EDGE_CURVE ( 'NONE', #10195, #10180, #2543, .T. ) ;
#130 = EDGE_CURVE ( 'NONE', #10187, #10180, #2541, .T. ) ;
#131 = EDGE_CURVE ( 'NONE', #10185, #10183, #2545, .T. ) ;
#132 = EDGE_CURVE ( 'NONE', #10179, #10187, #2549, .T. ) ;
#133 = EDGE_CURVE ( 'NONE', #10183, #10179, #2551, .T. ) ;
#134 = EDGE_CURVE ( 'NONE', #10178, #10179, #2547, .T. ) ;
#135 = EDGE_CURVE ( 'NONE', #10178, #10176, #2555, .T. ) ;
#136 = EDGE_CURVE ( 'NONE', #10183, #10176, #2557, .T. ) ;
#137 = EDGE_CURVE ( 'NONE', #10178, #10180, #2559, .T. ) ;
#138 = EDGE_CURVE ( 'NONE', #10182, #10177, #2553, .T. ) ;
#139 = EDGE_CURVE ( 'NONE', #10184, #10182, #2561, .T. ) ;
#140 = EDGE_CURVE ( 'NONE', #10174, #10184, #2563, .T. ) ;
#141 = EDGE_CURVE ( 'NONE', #10177, #10174, #2567, .T. ) ;
#142 = EDGE_CURVE ( 'NONE', #10175, #10214, #2565, .T. ) ;
#143 = EDGE_CURVE ( 'NONE', #10173, #10175, #2571, .T. ) ;
#144 = EDGE_CURVE ( 'NONE', #10213, #10173, #2569, .T. ) ;
#145 = EDGE_CURVE ( 'NONE', #10175, #10172, #2575, .T. ) ;
#146 = EDGE_CURVE ( 'NONE', #10172, #10217, #2577, .T. ) ;
#147 = EDGE_CURVE ( 'NONE', #10170, #10219, #2579, .T. ) ;
#148 = EDGE_CURVE ( 'NONE', #10172, #10170, #2581, .T. ) ;
#149 = EDGE_CURVE ( 'NONE', #10169, #10182, #2583, .T. ) ;
#150 = EDGE_CURVE ( 'NONE', #10181, #10169, #2585, .T. ) ;
#151 = EDGE_CURVE ( 'NONE', #10184, #10181, #2587, .T. ) ;
#152 = EDGE_CURVE ( 'NONE', #10169, #10171, #2589, .T. ) ;
#153 = EDGE_CURVE ( 'NONE', #10171, #10177, #2591, .T. ) ;
#154 = EDGE_CURVE ( 'NONE', #10166, #10174, #2593, .T. ) ;
#155 = EDGE_CURVE ( 'NONE', #10171, #10166, #2595, .T. ) ;
#156 = EDGE_CURVE ( 'NONE', #10225, #10216, #2597, .T. ) ;
#157 = EDGE_CURVE ( 'NONE', #10167, #10165, #2573, .T. ) ;
#158 = EDGE_CURVE ( 'NONE', #10168, #10167, #2601, .T. ) ;
#159 = EDGE_CURVE ( 'NONE', #10162, #10168, #2599, .T. ) ;
#160 = EDGE_CURVE ( 'NONE', #10165, #10162, #2605, .T. ) ;
#161 = EDGE_CURVE ( 'NONE', #10163, #10167, #2603, .T. ) ;
#162 = EDGE_CURVE ( 'NONE', #10161, #10163, #2609, .T. ) ;
#163 = EDGE_CURVE ( 'NONE', #10168, #10161, #2607, .T. ) ;
#164 = EDGE_CURVE ( 'NONE', #10160, #10163, #2613, .T. ) ;
#165 = EDGE_CURVE ( 'NONE', #10157, #10160, #2615, .T. ) ;
#166 = EDGE_CURVE ( 'NONE', #10161, #10157, #2611, .T. ) ;
#167 = EDGE_CURVE ( 'NONE', #10158, #10160, #2619, .T. ) ;
#168 = EDGE_CURVE ( 'NONE', #10156, #10158, #2621, .T. ) ;
#169 = EDGE_CURVE ( 'NONE', #10157, #10156, #2623, .T. ) ;
#170 = EDGE_CURVE ( 'NONE', #10252, #10266, #2625, .T. ) ;
#171 = EDGE_CURVE ( 'NONE', #10153, #10273, #2627, .T. ) ;
#172 = EDGE_CURVE ( 'NONE', #10155, #10153, #2629, .T. ) ;
#173 = EDGE_CURVE ( 'NONE', #10159, #10155, #2617, .T. ) ;
#174 = EDGE_CURVE ( 'NONE', #10154, #10159, #2631, .T. ) ;
#175 = EDGE_CURVE ( 'NONE', #10244, #10154, #2633, .T. ) ;
#176 = EDGE_CURVE ( 'NONE', #10170, #10158, #2637, .T. ) ;
#177 = EDGE_CURVE ( 'NONE', #10212, #10210, #2639, .T. ) ;
#178 = EDGE_CURVE ( 'NONE', #10149, #10197, #2641, .T. ) ;
#179 = EDGE_CURVE ( 'NONE', #10150, #10149, #2873, .T. ) ;
#180 = EDGE_CURVE ( 'NONE', #10151, #10150, #2876, .T. ) ;
#181 = EDGE_CURVE ( 'NONE', #10260, #10151, #2872, .T. ) ;
#182 = EDGE_CURVE ( 'NONE', #10270, #10271, #2878, .T. ) ;
#183 = EDGE_CURVE ( 'NONE', #10146, #10275, #2880, .T. ) ;
#184 = EDGE_CURVE ( 'NONE', #10156, #10146, #2882, .T. ) ;
#185 = EDGE_CURVE ( 'NONE', #10164, #10148, #2884, .T. ) ;
#186 = EDGE_CURVE ( 'NONE', #10150, #10164, #2875, .T. ) ;
#187 = EDGE_CURVE ( 'NONE', #10148, #10149, #2888, .T. ) ;
#188 = EDGE_CURVE ( 'NONE', #10143, #10148, #2890, .T. ) ;
#189 = EDGE_CURVE ( 'NONE', #10144, #10143, #2892, .T. ) ;
#190 = EDGE_CURVE ( 'NONE', #10164, #10144, #2886, .T. ) ;
#191 = EDGE_CURVE ( 'NONE', #10147, #10143, #2896, .T. ) ;
#192 = EDGE_CURVE ( 'NONE', #10141, #10147, #2898, .T. ) ;
#193 = EDGE_CURVE ( 'NONE', #10144, #10141, #2894, .T. ) ;
#194 = EDGE_CURVE ( 'NONE', #10152, #10147, #2902, .T. ) ;
#195 = EDGE_CURVE ( 'NONE', #10152, #10138, #2904, .T. ) ;
#196 = EDGE_CURVE ( 'NONE', #10141, #10138, #2906, .T. ) ;
#197 = EDGE_CURVE ( 'NONE', #10207, #10200, #2908, .T. ) ;
#198 = EDGE_CURVE ( 'NONE', #10137, #10154, #2910, .T. ) ;
#199 = EDGE_CURVE ( 'NONE', #10137, #10136, #2912, .T. ) ;
#200 = EDGE_CURVE ( 'NONE', #10146, #10136, #2914, .T. ) ;
#201 = EDGE_CURVE ( 'NONE', #10139, #10151, #2916, .T. ) ;
#202 = EDGE_CURVE ( 'NONE', #10139, #10134, #2918, .T. ) ;
#203 = EDGE_CURVE ( 'NONE', #10153, #10134, #2920, .T. ) ;
#204 = EDGE_CURVE ( 'NONE', #10140, #10145, #2922, .T. ) ;
#205 = EDGE_CURVE ( 'NONE', #10135, #10145, #2900, .T. ) ;
#206 = EDGE_CURVE ( 'NONE', #10132, #10135, #2924, .T. ) ;
#207 = EDGE_CURVE ( 'NONE', #10140, #10132, #2926, .T. ) ;
#208 = EDGE_CURVE ( 'NONE', #10133, #10130, #2928, .T. ) ;
#209 = EDGE_CURVE ( 'NONE', #10131, #10133, #2930, .T. ) ;
#210 = EDGE_CURVE ( 'NONE', #10131, #10126, #2932, .T. ) ;
#211 = EDGE_CURVE ( 'NONE', #10130, #10126, #2934, .T. ) ;
#212 = EDGE_CURVE ( 'NONE', #10129, #10128, #2936, .T. ) ;
#213 = EDGE_CURVE ( 'NONE', #10127, #10129, #2940, .T. ) ;
#214 = EDGE_CURVE ( 'NONE', #10124, #10127, #2938, .T. ) ;
#215 = EDGE_CURVE ( 'NONE', #10128, #10124, #2943, .T. ) ;
#216 = EDGE_CURVE ( 'NONE', #10125, #10129, #2941, .T. ) ;
#217 = EDGE_CURVE ( 'NONE', #10123, #10125, #2946, .T. ) ;
#218 = EDGE_CURVE ( 'NONE', #10127, #10123, #2944, .T. ) ;
#219 = EDGE_CURVE ( 'NONE', #10122, #10125, #2949, .T. ) ;
#220 = EDGE_CURVE ( 'NONE', #10119, #10122, #2950, .T. ) ;
#221 = EDGE_CURVE ( 'NONE', #10123, #10119, #2947, .T. ) ;
#222 = EDGE_CURVE ( 'NONE', #10142, #10122, #2953, .T. ) ;
#223 = EDGE_CURVE ( 'NONE', #10117, #10142, #2954, .T. ) ;
#224 = EDGE_CURVE ( 'NONE', #10119, #10117, #2951, .T. ) ;
#225 = EDGE_CURVE ( 'NONE', #10121, #10142, #2958, .T. ) ;
#226 = EDGE_CURVE ( 'NONE', #10115, #10121, #2960, .T. ) ;
#227 = EDGE_CURVE ( 'NONE', #10117, #10115, #2956, .T. ) ;
#228 = EDGE_CURVE ( 'NONE', #10120, #10121, #2964, .T. ) ;
#229 = EDGE_CURVE ( 'NONE', #10113, #10120, #2966, .T. ) ;
#230 = EDGE_CURVE ( 'NONE', #10115, #10113, #2962, .T. ) ;
#231 = EDGE_CURVE ( 'NONE', #10118, #10120, #2970, .T. ) ;
#232 = EDGE_CURVE ( 'NONE', #10111, #10118, #2972, .T. ) ;
#233 = EDGE_CURVE ( 'NONE', #10113, #10111, #2968, .T. ) ;
#234 = EDGE_CURVE ( 'NONE', #10116, #10118, #2976, .T. ) ;
#235 = EDGE_CURVE ( 'NONE', #10109, #10116, #2978, .T. ) ;
#236 = EDGE_CURVE ( 'NONE', #10111, #10109, #2974, .T. ) ;
#237 = EDGE_CURVE ( 'NONE', #9973, #10116, #2982, .T. ) ;
#238 = EDGE_CURVE ( 'NONE', #10109, #9955, #2984, .T. ) ;
#239 = EDGE_CURVE ( 'NONE', #10107, #9964, #2985, .T. ) ;
#240 = EDGE_CURVE ( 'NONE', #10114, #10107, #2986, .T. ) ;
#241 = EDGE_CURVE ( 'NONE', #9965, #10114, #2980, .T. ) ;
#242 = EDGE_CURVE ( 'NONE', #10108, #10107, #2989, .T. ) ;
#243 = EDGE_CURVE ( 'NONE', #10112, #10108, #2990, .T. ) ;
#244 = EDGE_CURVE ( 'NONE', #10114, #10112, #2987, .T. ) ;
#245 = EDGE_CURVE ( 'NONE', #10106, #10110, #2993, .T. ) ;
#246 = EDGE_CURVE ( 'NONE', #10103, #10106, #2994, .T. ) ;
#247 = EDGE_CURVE ( 'NONE', #10102, #10103, #2991, .T. ) ;
#248 = EDGE_CURVE ( 'NONE', #10110, #10102, #2997, .T. ) ;
#249 = EDGE_CURVE ( 'NONE', #9969, #10106, #2995, .T. ) ;
#250 = EDGE_CURVE ( 'NONE', #10103, #9974, #3000, .T. ) ;
#251 = EDGE_CURVE ( 'NONE', #10101, #9967, #3001, .T. ) ;
#252 = EDGE_CURVE ( 'NONE', #10104, #10101, #3002, .T. ) ;
#253 = EDGE_CURVE ( 'NONE', #9970, #10104, #3003, .T. ) ;
#254 = EDGE_CURVE ( 'NONE', #10110, #10101, #3005, .T. ) ;
#255 = EDGE_CURVE ( 'NONE', #10104, #10102, #3006, .T. ) ;
#256 = EDGE_CURVE ( 'NONE', #10105, #10098, #3007, .T. ) ;
#257 = EDGE_CURVE ( 'NONE', #10097, #10105, #3008, .T. ) ;
#258 = EDGE_CURVE ( 'NONE', #10096, #10097, #2998, .T. ) ;
#259 = EDGE_CURVE ( 'NONE', #10098, #10096, #3011, .T. ) ;
#260 = EDGE_CURVE ( 'NONE', #10099, #10105, #3009, .T. ) ;
#261 = EDGE_CURVE ( 'NONE', #10095, #10099, #3014, .T. ) ;
#262 = EDGE_CURVE ( 'NONE', #10097, #10095, #3012, .T. ) ;
#263 = EDGE_CURVE ( 'NONE', #10094, #10099, #3017, .T. ) ;
#264 = EDGE_CURVE ( 'NONE', #10091, #10094, #3018, .T. ) ;
#265 = EDGE_CURVE ( 'NONE', #10095, #10091, #3015, .T. ) ;
#266 = EDGE_CURVE ( 'NONE', #10100, #10094, #3021, .T. ) ;
#267 = EDGE_CURVE ( 'NONE', #10089, #10100, #3022, .T. ) ;
#268 = EDGE_CURVE ( 'NONE', #10091, #10089, #3019, .T. ) ;
#269 = EDGE_CURVE ( 'NONE', #10093, #10100, #3026, .T. ) ;
#270 = EDGE_CURVE ( 'NONE', #10087, #10093, #3028, .T. ) ;
#271 = EDGE_CURVE ( 'NONE', #10089, #10087, #3024, .T. ) ;
#272 = EDGE_CURVE ( 'NONE', #10092, #10093, #3032, .T. ) ;
#273 = EDGE_CURVE ( 'NONE', #10085, #10092, #3034, .T. ) ;
#274 = EDGE_CURVE ( 'NONE', #10087, #10085, #3030, .T. ) ;
#275 = EDGE_CURVE ( 'NONE', #10090, #10092, #3038, .T. ) ;
#276 = EDGE_CURVE ( 'NONE', #10083, #10090, #3040, .T. ) ;
#277 = EDGE_CURVE ( 'NONE', #10085, #10083, #3036, .T. ) ;
#278 = EDGE_CURVE ( 'NONE', #10088, #10090, #3044, .T. ) ;
#279 = EDGE_CURVE ( 'NONE', #10081, #10088, #3046, .T. ) ;
#280 = EDGE_CURVE ( 'NONE', #10083, #10081, #3042, .T. ) ;
#281 = EDGE_CURVE ( 'NONE', #9976, #10088, #3050, .T. ) ;
#282 = EDGE_CURVE ( 'NONE', #10081, #9966, #3052, .T. ) ;
#283 = EDGE_CURVE ( 'NONE', #10079, #9963, #3053, .T. ) ;
#284 = EDGE_CURVE ( 'NONE', #10086, #10079, #3054, .T. ) ;
#285 = EDGE_CURVE ( 'NONE', #9983, #10086, #3048, .T. ) ;
#286 = EDGE_CURVE ( 'NONE', #10080, #10079, #3057, .T. ) ;
#287 = EDGE_CURVE ( 'NONE', #10084, #10080, #3058, .T. ) ;
#288 = EDGE_CURVE ( 'NONE', #10086, #10084, #3055, .T. ) ;
#289 = EDGE_CURVE ( 'NONE', #9956, #10078, #3061, .T. ) ;
#290 = EDGE_CURVE ( 'NONE', #10076, #9972, #3062, .T. ) ;
#291 = EDGE_CURVE ( 'NONE', #10078, #10076, #3063, .T. ) ;
#292 = EDGE_CURVE ( 'NONE', #10074, #9959, #3059, .T. ) ;
#293 = EDGE_CURVE ( 'NONE', #10073, #10074, #3066, .T. ) ;
#294 = EDGE_CURVE ( 'NONE', #9954, #10073, #3064, .T. ) ;
#295 = EDGE_CURVE ( 'NONE', #10082, #10074, #3069, .T. ) ;
#296 = EDGE_CURVE ( 'NONE', #10077, #10082, #3070, .T. ) ;
#297 = EDGE_CURVE ( 'NONE', #10073, #10077, #3071, .T. ) ;
#298 = EDGE_CURVE ( 'NONE', #10078, #10082, #3073, .T. ) ;
#299 = EDGE_CURVE ( 'NONE', #10077, #10076, #3074, .T. ) ;
#300 = EDGE_CURVE ( 'NONE', #10071, #10075, #3075, .T. ) ;
#301 = EDGE_CURVE ( 'NONE', #10070, #10071, #3076, .T. ) ;
#302 = EDGE_CURVE ( 'NONE', #10068, #10070, #3067, .T. ) ;
#303 = EDGE_CURVE ( 'NONE', #10075, #10068, #3079, .T. ) ;
#304 = EDGE_CURVE ( 'NONE', #10072, #10071, #3077, .T. ) ;
#305 = EDGE_CURVE ( 'NONE', #10067, #10072, #3082, .T. ) ;
#306 = EDGE_CURVE ( 'NONE', #10070, #10067, #3080, .T. ) ;
#307 = EDGE_CURVE ( 'NONE', #10066, #10072, #3085, .T. ) ;
#308 = EDGE_CURVE ( 'NONE', #10063, #10066, #3086, .T. ) ;
#309 = EDGE_CURVE ( 'NONE', #10067, #10063, #3083, .T. ) ;
#310 = EDGE_CURVE ( 'NONE', #10069, #10066, #3089, .T. ) ;
#311 = EDGE_CURVE ( 'NONE', #10061, #10069, #3090, .T. ) ;
#312 = EDGE_CURVE ( 'NONE', #10063, #10061, #3087, .T. ) ;
#313 = EDGE_CURVE ( 'NONE', #10065, #10069, #3094, .T. ) ;
#314 = EDGE_CURVE ( 'NONE', #10059, #10065, #3096, .T. ) ;
#315 = EDGE_CURVE ( 'NONE', #10061, #10059, #3092, .T. ) ;
#316 = EDGE_CURVE ( 'NONE', #10064, #10065, #3100, .T. ) ;
#317 = EDGE_CURVE ( 'NONE', #10057, #10064, #3102, .T. ) ;
#318 = EDGE_CURVE ( 'NONE', #10059, #10057, #3098, .T. ) ;
#319 = EDGE_CURVE ( 'NONE', #10062, #10064, #3106, .T. ) ;
#320 = EDGE_CURVE ( 'NONE', #10056, #10062, #3108, .T. ) ;
#321 = EDGE_CURVE ( 'NONE', #10057, #10056, #3104, .T. ) ;
#322 = EDGE_CURVE ( 'NONE', #10060, #10062, #3112, .T. ) ;
#323 = EDGE_CURVE ( 'NONE', #10054, #10060, #3114, .T. ) ;
#324 = EDGE_CURVE ( 'NONE', #10056, #10054, #3110, .T. ) ;
#325 = EDGE_CURVE ( 'NONE', #9960, #10060, #3118, .T. ) ;
#326 = EDGE_CURVE ( 'NONE', #10054, #9958, #3120, .T. ) ;
#327 = EDGE_CURVE ( 'NONE', #10051, #9953, #3121, .T. ) ;
#328 = EDGE_CURVE ( 'NONE', #10058, #10051, #3122, .T. ) ;
#329 = EDGE_CURVE ( 'NONE', #9957, #10058, #3116, .T. ) ;
#330 = EDGE_CURVE ( 'NONE', #10053, #10051, #3125, .T. ) ;
#331 = EDGE_CURVE ( 'NONE', #10052, #10053, #3126, .T. ) ;
#332 = EDGE_CURVE ( 'NONE', #10058, #10052, #3123, .T. ) ;
#333 = EDGE_CURVE ( 'NONE', #9952, #10050, #3129, .T. ) ;
#334 = EDGE_CURVE ( 'NONE', #10048, #9977, #3127, .T. ) ;
#335 = EDGE_CURVE ( 'NONE', #10050, #10048, #3130, .T. ) ;
#336 = EDGE_CURVE ( 'NONE', #10046, #9949, #3131, .T. ) ;
#337 = EDGE_CURVE ( 'NONE', #10030, #10046, #3134, .T. ) ;
#338 = EDGE_CURVE ( 'NONE', #9961, #10030, #3132, .T. ) ;
#339 = EDGE_CURVE ( 'NONE', #10055, #10046, #3137, .T. ) ;
#340 = EDGE_CURVE ( 'NONE', #10049, #10055, #3138, .T. ) ;
#341 = EDGE_CURVE ( 'NONE', #10030, #10049, #3139, .T. ) ;
#342 = EDGE_CURVE ( 'NONE', #10050, #10055, #3141, .T. ) ;
#343 = EDGE_CURVE ( 'NONE', #10049, #10048, #3142, .T. ) ;
#344 = EDGE_CURVE ( 'NONE', #10032, #10047, #3143, .T. ) ;
#345 = EDGE_CURVE ( 'NONE', #10033, #10032, #3135, .T. ) ;
#346 = EDGE_CURVE ( 'NONE', #10035, #10033, #3144, .T. ) ;
#347 = EDGE_CURVE ( 'NONE', #10047, #10035, #3145, .T. ) ;
#348 = EDGE_CURVE ( 'NONE', #10031, #10032, #3147, .T. ) ;
#349 = EDGE_CURVE ( 'NONE', #10036, #10031, #3150, .T. ) ;
#350 = EDGE_CURVE ( 'NONE', #10033, #10036, #3148, .T. ) ;
#351 = EDGE_CURVE ( 'NONE', #10037, #10031, #3153, .T. ) ;
#352 = EDGE_CURVE ( 'NONE', #10040, #10037, #3154, .T. ) ;
#353 = EDGE_CURVE ( 'NONE', #10036, #10040, #3151, .T. ) ;
#354 = EDGE_CURVE ( 'NONE', #10034, #10037, #3157, .T. ) ;
#355 = EDGE_CURVE ( 'NONE', #10042, #10034, #3158, .T. ) ;
#356 = EDGE_CURVE ( 'NONE', #10040, #10042, #3155, .T. ) ;
#357 = EDGE_CURVE ( 'NONE', #10038, #10034, #3162, .T. ) ;
#358 = EDGE_CURVE ( 'NONE', #10044, #10038, #3164, .T. ) ;
#359 = EDGE_CURVE ( 'NONE', #10042, #10044, #3160, .T. ) ;
#360 = EDGE_CURVE ( 'NONE', #10039, #10038, #3168, .T. ) ;
#361 = EDGE_CURVE ( 'NONE', #10014, #10039, #3170, .T. ) ;
#362 = EDGE_CURVE ( 'NONE', #10044, #10014, #3166, .T. ) ;
#363 = EDGE_CURVE ( 'NONE', #10041, #10039, #3174, .T. ) ;
#364 = EDGE_CURVE ( 'NONE', #10016, #10041, #3176, .T. ) ;
#365 = EDGE_CURVE ( 'NONE', #10014, #10016, #3172, .T. ) ;
#366 = EDGE_CURVE ( 'NONE', #10043, #10041, #3180, .T. ) ;
#367 = EDGE_CURVE ( 'NONE', #10018, #10043, #3182, .T. ) ;
#368 = EDGE_CURVE ( 'NONE', #10016, #10018, #3178, .T. ) ;
#369 = EDGE_CURVE ( 'NONE', #9948, #10043, #3186, .T. ) ;
#370 = EDGE_CURVE ( 'NONE', #10018, #9950, #3188, .T. ) ;
#371 = EDGE_CURVE ( 'NONE', #10020, #9945, #3189, .T. ) ;
#372 = EDGE_CURVE ( 'NONE', #10045, #10020, #3190, .T. ) ;
#373 = EDGE_CURVE ( 'NONE', #9951, #10045, #3184, .T. ) ;
#374 = EDGE_CURVE ( 'NONE', #9944, #10019, #3193, .T. ) ;
#375 = EDGE_CURVE ( 'NONE', #10022, #9946, #3191, .T. ) ;
#376 = EDGE_CURVE ( 'NONE', #10019, #10022, #3194, .T. ) ;
#377 = EDGE_CURVE ( 'NONE', #10023, #9941, #3195, .T. ) ;
#378 = EDGE_CURVE ( 'NONE', #10024, #10023, #3198, .T. ) ;
#379 = EDGE_CURVE ( 'NONE', #9947, #10024, #3196, .T. ) ;
#380 = EDGE_CURVE ( 'NONE', #10021, #10023, #3201, .T. ) ;
#381 = EDGE_CURVE ( 'NONE', #10017, #10021, #3202, .T. ) ;
#382 = EDGE_CURVE ( 'NONE', #10024, #10017, #3203, .T. ) ;
#383 = ORIENTED_EDGE ( 'NONE', *, *, #80, .F. ) ;
#384 = ORIENTED_EDGE ( 'NONE', *, *, #81, .F. ) ;
#385 = ORIENTED_EDGE ( 'NONE', *, *, #82, .F. ) ;
#386 = ORIENTED_EDGE ( 'NONE', *, *, #83, .F. ) ;
#387 = ORIENTED_EDGE ( 'NONE', *, *, #84, .T. ) ;
#388 = ORIENTED_EDGE ( 'NONE', *, *, #85, .F. ) ;
#389 = ORIENTED_EDGE ( 'NONE', *, *, #86, .F. ) ;
#390 = ORIENTED_EDGE ( 'NONE', *, *, #87, .F. ) ;
#391 = ORIENTED_EDGE ( 'NONE', *, *, #9205, .T. ) ;
#392 = ORIENTED_EDGE ( 'NONE', *, *, #9709, .T. ) ;
#393 = ORIENTED_EDGE ( 'NONE', *, *, #9708, .T. ) ;
#394 = ORIENTED_EDGE ( 'NONE', *, *, #9697, .T. ) ;
#395 = ORIENTED_EDGE ( 'NONE', *, *, #9704, .T. ) ;
#396 = ORIENTED_EDGE ( 'NONE', *, *, #88, .F. ) ;
#397 = ORIENTED_EDGE ( 'NONE', *, *, #9699, .T. ) ;
#398 = ORIENTED_EDGE ( 'NONE', *, *, #89, .F. ) ;
#399 = ORIENTED_EDGE ( 'NONE', *, *, #90, .F. ) ;
#400 = ORIENTED_EDGE ( 'NONE', *, *, #91, .T. ) ;
#401 = ORIENTED_EDGE ( 'NONE', *, *, #9694, .T. ) ;
#402 = ORIENTED_EDGE ( 'NONE', *, *, #9693, .T. ) ;
#403 = ORIENTED_EDGE ( 'NONE', *, *, #92, .F. ) ;
#404 = ORIENTED_EDGE ( 'NONE', *, *, #93, .F. ) ;
#405 = ORIENTED_EDGE ( 'NONE', *, *, #89, .T. ) ;
#406 = ORIENTED_EDGE ( 'NONE', *, *, #92, .T. ) ;
#407 = ORIENTED_EDGE ( 'NONE', *, *, #9692, .T. ) ;
#408 = ORIENTED_EDGE ( 'NONE', *, *, #94, .T. ) ;
#409 = ORIENTED_EDGE ( 'NONE', *, *, #95, .F. ) ;
#410 = ORIENTED_EDGE ( 'NONE', *, *, #96, .F. ) ;
#411 = ORIENTED_EDGE ( 'NONE', *, *, #9702, .T. ) ;
#412 = ORIENTED_EDGE ( 'NONE', *, *, #9695, .T. ) ;
#413 = ORIENTED_EDGE ( 'NONE', *, *, #9701, .T. ) ;
#414 = ORIENTED_EDGE ( 'NONE', *, *, #9711, .T. ) ;
#415 = ORIENTED_EDGE ( 'NONE', *, *, #9207, .T. ) ;
#416 = ORIENTED_EDGE ( 'NONE', *, *, #97, .F. ) ;
#417 = ORIENTED_EDGE ( 'NONE', *, *, #9706, .T. ) ;
#418 = ORIENTED_EDGE ( 'NONE', *, *, #9214, .T. ) ;
#419 = ORIENTED_EDGE ( 'NONE', *, *, #9217, .T. ) ;
#420 = ORIENTED_EDGE ( 'NONE', *, *, #98, .F. ) ;
#421 = ORIENTED_EDGE ( 'NONE', *, *, #9209, .T. ) ;
#422 = ORIENTED_EDGE ( 'NONE', *, *, #9224, .T. ) ;
#423 = ORIENTED_EDGE ( 'NONE', *, *, #9227, .T. ) ;
#424 = ORIENTED_EDGE ( 'NONE', *, *, #99, .F. ) ;
#425 = ORIENTED_EDGE ( 'NONE', *, *, #9219, .T. ) ;
#426 = ORIENTED_EDGE ( 'NONE', *, *, #9680, .F. ) ;
#427 = ORIENTED_EDGE ( 'NONE', *, *, #9243, .T. ) ;
#428 = ORIENTED_EDGE ( 'NONE', *, *, #9639, .F. ) ;
#429 = ORIENTED_EDGE ( 'NONE', *, *, #9601, .F. ) ;
#430 = ORIENTED_EDGE ( 'NONE', *, *, #9677, .F. ) ;
#431 = ORIENTED_EDGE ( 'NONE', *, *, #9241, .T. ) ;
#432 = ORIENTED_EDGE ( 'NONE', *, *, #9636, .F. ) ;
#433 = ORIENTED_EDGE ( 'NONE', *, *, #9279, .F. ) ;
#434 = ORIENTED_EDGE ( 'NONE', *, *, #9674, .F. ) ;
#435 = ORIENTED_EDGE ( 'NONE', *, *, #9239, .T. ) ;
#436 = ORIENTED_EDGE ( 'NONE', *, *, #9633, .F. ) ;
#437 = ORIENTED_EDGE ( 'NONE', *, *, #9275, .F. ) ;
#438 = ORIENTED_EDGE ( 'NONE', *, *, #9671, .F. ) ;
#439 = ORIENTED_EDGE ( 'NONE', *, *, #9237, .T. ) ;
#440 = ORIENTED_EDGE ( 'NONE', *, *, #9630, .F. ) ;
#441 = ORIENTED_EDGE ( 'NONE', *, *, #9271, .F. ) ;
#442 = ORIENTED_EDGE ( 'NONE', *, *, #9668, .F. ) ;
#443 = ORIENTED_EDGE ( 'NONE', *, *, #9235, .T. ) ;
#444 = ORIENTED_EDGE ( 'NONE', *, *, #9627, .F. ) ;
#445 = ORIENTED_EDGE ( 'NONE', *, *, #49, .F. ) ;
#446 = ORIENTED_EDGE ( 'NONE', *, *, #9665, .F. ) ;
#447 = ORIENTED_EDGE ( 'NONE', *, *, #9233, .T. ) ;
#448 = ORIENTED_EDGE ( 'NONE', *, *, #9624, .F. ) ;
#449 = ORIENTED_EDGE ( 'NONE', *, *, #45, .F. ) ;
#450 = ORIENTED_EDGE ( 'NONE', *, *, #9662, .F. ) ;
#451 = ORIENTED_EDGE ( 'NONE', *, *, #9231, .T. ) ;
#452 = ORIENTED_EDGE ( 'NONE', *, *, #9621, .F. ) ;
#453 = ORIENTED_EDGE ( 'NONE', *, *, #41, .F. ) ;
#454 = ORIENTED_EDGE ( 'NONE', *, *, #9659, .F. ) ;
#455 = ORIENTED_EDGE ( 'NONE', *, *, #9229, .T. ) ;
#456 = ORIENTED_EDGE ( 'NONE', *, *, #9618, .F. ) ;
#457 = ORIENTED_EDGE ( 'NONE', *, *, #37, .F. ) ;
#458 = ORIENTED_EDGE ( 'NONE', *, *, #63, .T. ) ;
#459 = ORIENTED_EDGE ( 'NONE', *, *, #100, .F. ) ;
#460 = ORIENTED_EDGE ( 'NONE', *, *, #101, .F. ) ;
#461 = ORIENTED_EDGE ( 'NONE', *, *, #102, .F. ) ;
#462 = ORIENTED_EDGE ( 'NONE', *, *, #103, .F. ) ;
#463 = ORIENTED_EDGE ( 'NONE', *, *, #104, .F. ) ;
#464 = ORIENTED_EDGE ( 'NONE', *, *, #32, .F. ) ;
#465 = ORIENTED_EDGE ( 'NONE', *, *, #9245, .T. ) ;
#466 = ORIENTED_EDGE ( 'NONE', *, *, #9246, .T. ) ;
#467 = ORIENTED_EDGE ( 'NONE', *, *, #105, .F. ) ;
#468 = ORIENTED_EDGE ( 'NONE', *, *, #100, .T. ) ;
#469 = ORIENTED_EDGE ( 'NONE', *, *, #62, .T. ) ;
#470 = ORIENTED_EDGE ( 'NONE', *, *, #9248, .T. ) ;
#471 = ORIENTED_EDGE ( 'NONE', *, *, #9258, .T. ) ;
#472 = ORIENTED_EDGE ( 'NONE', *, *, #103, .T. ) ;
#473 = ORIENTED_EDGE ( 'NONE', *, *, #9257, .T. ) ;
#474 = ORIENTED_EDGE ( 'NONE', *, *, #9253, .T. ) ;
#475 = ORIENTED_EDGE ( 'NONE', *, *, #61, .T. ) ;
#476 = ORIENTED_EDGE ( 'NONE', *, *, #9256, .T. ) ;
#477 = ORIENTED_EDGE ( 'NONE', *, *, #106, .F. ) ;
#478 = ORIENTED_EDGE ( 'NONE', *, *, #66, .T. ) ;
#479 = ORIENTED_EDGE ( 'NONE', *, *, #9264, .T. ) ;
#480 = ORIENTED_EDGE ( 'NONE', *, *, #107, .F. ) ;
#481 = ORIENTED_EDGE ( 'NONE', *, *, #9260, .T. ) ;
#482 = ORIENTED_EDGE ( 'NONE', *, *, #55, .T. ) ;
#483 = ORIENTED_EDGE ( 'NONE', *, *, #65, .T. ) ;
#484 = ORIENTED_EDGE ( 'NONE', *, *, #9266, .T. ) ;
#485 = ORIENTED_EDGE ( 'NONE', *, *, #53, .T. ) ;
#486 = ORIENTED_EDGE ( 'NONE', *, *, #108, .F. ) ;
#487 = ORIENTED_EDGE ( 'NONE', *, *, #109, .F. ) ;
#488 = ORIENTED_EDGE ( 'NONE', *, *, #110, .F. ) ;
#489 = ORIENTED_EDGE ( 'NONE', *, *, #67, .T. ) ;
#490 = ORIENTED_EDGE ( 'NONE', *, *, #57, .T. ) ;
#491 = ORIENTED_EDGE ( 'NONE', *, *, #9605, .F. ) ;
#492 = ORIENTED_EDGE ( 'NONE', *, *, #111, .F. ) ;
#493 = ORIENTED_EDGE ( 'NONE', *, *, #108, .T. ) ;
#494 = ORIENTED_EDGE ( 'NONE', *, *, #52, .F. ) ;
#495 = ORIENTED_EDGE ( 'NONE', *, *, #60, .T. ) ;
#496 = ORIENTED_EDGE ( 'NONE', *, *, #64, .T. ) ;
#497 = ORIENTED_EDGE ( 'NONE', *, *, #102, .T. ) ;
#498 = ORIENTED_EDGE ( 'NONE', *, *, #112, .F. ) ;
#499 = ORIENTED_EDGE ( 'NONE', *, *, #113, .T. ) ;
#500 = ORIENTED_EDGE ( 'NONE', *, *, #114, .F. ) ;
#501 = ORIENTED_EDGE ( 'NONE', *, *, #115, .T. ) ;
#502 = ORIENTED_EDGE ( 'NONE', *, *, #116, .F. ) ;
#503 = ORIENTED_EDGE ( 'NONE', *, *, #117, .T. ) ;
#504 = ORIENTED_EDGE ( 'NONE', *, *, #118, .F. ) ;
#505 = ORIENTED_EDGE ( 'NONE', *, *, #119, .T. ) ;
#506 = ORIENTED_EDGE ( 'NONE', *, *, #120, .F. ) ;
#507 = ORIENTED_EDGE ( 'NONE', *, *, #121, .F. ) ;
#508 = ORIENTED_EDGE ( 'NONE', *, *, #122, .F. ) ;
#509 = ORIENTED_EDGE ( 'NONE', *, *, #82, .T. ) ;
#510 = ORIENTED_EDGE ( 'NONE', *, *, #123, .F. ) ;
#511 = ORIENTED_EDGE ( 'NONE', *, *, #120, .T. ) ;
#512 = ORIENTED_EDGE ( 'NONE', *, *, #86, .T. ) ;
#513 = ORIENTED_EDGE ( 'NONE', *, *, #124, .F. ) ;
#514 = ORIENTED_EDGE ( 'NONE', *, *, #124, .T. ) ;
#515 = ORIENTED_EDGE ( 'NONE', *, *, #85, .T. ) ;
#516 = ORIENTED_EDGE ( 'NONE', *, *, #125, .T. ) ;
#517 = ORIENTED_EDGE ( 'NONE', *, *, #126, .F. ) ;
#518 = ORIENTED_EDGE ( 'NONE', *, *, #127, .F. ) ;
#519 = ORIENTED_EDGE ( 'NONE', *, *, #128, .F. ) ;
#520 = ORIENTED_EDGE ( 'NONE', *, *, #129, .T. ) ;
#521 = ORIENTED_EDGE ( 'NONE', *, *, #130, .F. ) ;
#522 = ORIENTED_EDGE ( 'NONE', *, *, #131, .F. ) ;
#523 = ORIENTED_EDGE ( 'NONE', *, *, #127, .T. ) ;
#524 = ORIENTED_EDGE ( 'NONE', *, *, #132, .F. ) ;
#525 = ORIENTED_EDGE ( 'NONE', *, *, #133, .F. ) ;
#526 = ORIENTED_EDGE ( 'NONE', *, *, #133, .T. ) ;
#527 = ORIENTED_EDGE ( 'NONE', *, *, #134, .F. ) ;
#528 = ORIENTED_EDGE ( 'NONE', *, *, #135, .T. ) ;
#529 = ORIENTED_EDGE ( 'NONE', *, *, #136, .F. ) ;
#530 = ORIENTED_EDGE ( 'NONE', *, *, #132, .T. ) ;
#531 = ORIENTED_EDGE ( 'NONE', *, *, #130, .T. ) ;
#532 = ORIENTED_EDGE ( 'NONE', *, *, #137, .F. ) ;
#533 = ORIENTED_EDGE ( 'NONE', *, *, #134, .T. ) ;
#534 = ORIENTED_EDGE ( 'NONE', *, *, #138, .F. ) ;
#535 = ORIENTED_EDGE ( 'NONE', *, *, #139, .F. ) ;
#536 = ORIENTED_EDGE ( 'NONE', *, *, #140, .F. ) ;
#537 = ORIENTED_EDGE ( 'NONE', *, *, #141, .F. ) ;
#538 = ORIENTED_EDGE ( 'NONE', *, *, #142, .F. ) ;
#539 = ORIENTED_EDGE ( 'NONE', *, *, #143, .F. ) ;
#540 = ORIENTED_EDGE ( 'NONE', *, *, #144, .F. ) ;
#541 = ORIENTED_EDGE ( 'NONE', *, *, #78, .T. ) ;
#542 = ORIENTED_EDGE ( 'NONE', *, *, #145, .F. ) ;
#543 = ORIENTED_EDGE ( 'NONE', *, *, #142, .T. ) ;
#544 = ORIENTED_EDGE ( 'NONE', *, *, #77, .T. ) ;
#545 = ORIENTED_EDGE ( 'NONE', *, *, #146, .F. ) ;
#546 = ORIENTED_EDGE ( 'NONE', *, *, #146, .T. ) ;
#547 = ORIENTED_EDGE ( 'NONE', *, *, #81, .T. ) ;
#548 = ORIENTED_EDGE ( 'NONE', *, *, #147, .F. ) ;
#549 = ORIENTED_EDGE ( 'NONE', *, *, #148, .F. ) ;
#550 = ORIENTED_EDGE ( 'NONE', *, *, #149, .F. ) ;
#551 = ORIENTED_EDGE ( 'NONE', *, *, #150, .F. ) ;
#552 = ORIENTED_EDGE ( 'NONE', *, *, #151, .F. ) ;
#553 = ORIENTED_EDGE ( 'NONE', *, *, #139, .T. ) ;
#554 = ORIENTED_EDGE ( 'NONE', *, *, #152, .F. ) ;
#555 = ORIENTED_EDGE ( 'NONE', *, *, #149, .T. ) ;
#556 = ORIENTED_EDGE ( 'NONE', *, *, #138, .T. ) ;
#557 = ORIENTED_EDGE ( 'NONE', *, *, #153, .F. ) ;
#558 = ORIENTED_EDGE ( 'NONE', *, *, #153, .T. ) ;
#559 = ORIENTED_EDGE ( 'NONE', *, *, #141, .T. ) ;
#560 = ORIENTED_EDGE ( 'NONE', *, *, #154, .F. ) ;
#561 = ORIENTED_EDGE ( 'NONE', *, *, #155, .F. ) ;
#562 = ORIENTED_EDGE ( 'NONE', *, *, #156, .F. ) ;
#563 = ORIENTED_EDGE ( 'NONE', *, *, #73, .T. ) ;
#564 = ORIENTED_EDGE ( 'NONE', *, *, #68, .T. ) ;
#565 = ORIENTED_EDGE ( 'NONE', *, *, #72, .T. ) ;
#566 = ORIENTED_EDGE ( 'NONE', *, *, #157, .F. ) ;
#567 = ORIENTED_EDGE ( 'NONE', *, *, #158, .F. ) ;
#568 = ORIENTED_EDGE ( 'NONE', *, *, #159, .F. ) ;
#569 = ORIENTED_EDGE ( 'NONE', *, *, #160, .F. ) ;
#570 = ORIENTED_EDGE ( 'NONE', *, *, #161, .F. ) ;
#571 = ORIENTED_EDGE ( 'NONE', *, *, #162, .F. ) ;
#572 = ORIENTED_EDGE ( 'NONE', *, *, #163, .F. ) ;
#573 = ORIENTED_EDGE ( 'NONE', *, *, #158, .T. ) ;
#574 = ORIENTED_EDGE ( 'NONE', *, *, #164, .F. ) ;
#575 = ORIENTED_EDGE ( 'NONE', *, *, #165, .F. ) ;
#576 = ORIENTED_EDGE ( 'NONE', *, *, #166, .F. ) ;
#577 = ORIENTED_EDGE ( 'NONE', *, *, #162, .T. ) ;
#578 = ORIENTED_EDGE ( 'NONE', *, *, #165, .T. ) ;
#579 = ORIENTED_EDGE ( 'NONE', *, *, #167, .F. ) ;
#580 = ORIENTED_EDGE ( 'NONE', *, *, #168, .F. ) ;
#581 = ORIENTED_EDGE ( 'NONE', *, *, #169, .F. ) ;
#582 = ORIENTED_EDGE ( 'NONE', *, *, #9226, .F. ) ;
#583 = ORIENTED_EDGE ( 'NONE', *, *, #76, .T. ) ;
#584 = ORIENTED_EDGE ( 'NONE', *, *, #9220, .F. ) ;
#585 = ORIENTED_EDGE ( 'NONE', *, *, #170, .F. ) ;
#586 = ORIENTED_EDGE ( 'NONE', *, *, #9216, .F. ) ;
#587 = ORIENTED_EDGE ( 'NONE', *, *, #75, .T. ) ;
#588 = ORIENTED_EDGE ( 'NONE', *, *, #9210, .F. ) ;
#589 = ORIENTED_EDGE ( 'NONE', *, *, #171, .F. ) ;
#590 = ORIENTED_EDGE ( 'NONE', *, *, #172, .F. ) ;
#591 = ORIENTED_EDGE ( 'NONE', *, *, #173, .F. ) ;
#592 = ORIENTED_EDGE ( 'NONE', *, *, #174, .F. ) ;
#593 = ORIENTED_EDGE ( 'NONE', *, *, #175, .F. ) ;
#594 = ORIENTED_EDGE ( 'NONE', *, *, #176, .F. ) ;
#595 = ORIENTED_EDGE ( 'NONE', *, *, #147, .T. ) ;
#596 = ORIENTED_EDGE ( 'NONE', *, *, #80, .T. ) ;
#597 = ORIENTED_EDGE ( 'NONE', *, *, #177, .F. ) ;
#598 = ORIENTED_EDGE ( 'NONE', *, *, #83, .T. ) ;
#599 = ORIENTED_EDGE ( 'NONE', *, *, #122, .T. ) ;
#600 = ORIENTED_EDGE ( 'NONE', *, *, #178, .F. ) ;
#601 = ORIENTED_EDGE ( 'NONE', *, *, #179, .F. ) ;
#602 = ORIENTED_EDGE ( 'NONE', *, *, #180, .F. ) ;
#603 = ORIENTED_EDGE ( 'NONE', *, *, #181, .F. ) ;
#604 = ORIENTED_EDGE ( 'NONE', *, *, #9206, .F. ) ;
#605 = ORIENTED_EDGE ( 'NONE', *, *, #87, .T. ) ;
#606 = ORIENTED_EDGE ( 'NONE', *, *, #9707, .F. ) ;
#607 = ORIENTED_EDGE ( 'NONE', *, *, #182, .F. ) ;
#608 = ORIENTED_EDGE ( 'NONE', *, *, #9700, .F. ) ;
#609 = ORIENTED_EDGE ( 'NONE', *, *, #88, .T. ) ;
#610 = ORIENTED_EDGE ( 'NONE', *, *, #9703, .F. ) ;
#611 = ORIENTED_EDGE ( 'NONE', *, *, #183, .F. ) ;
#612 = ORIENTED_EDGE ( 'NONE', *, *, #184, .F. ) ;
#613 = ORIENTED_EDGE ( 'NONE', *, *, #168, .T. ) ;
#614 = ORIENTED_EDGE ( 'NONE', *, *, #185, .F. ) ;
#615 = ORIENTED_EDGE ( 'NONE', *, *, #186, .F. ) ;
#616 = ORIENTED_EDGE ( 'NONE', *, *, #179, .T. ) ;
#617 = ORIENTED_EDGE ( 'NONE', *, *, #187, .F. ) ;
#618 = ORIENTED_EDGE ( 'NONE', *, *, #188, .F. ) ;
#619 = ORIENTED_EDGE ( 'NONE', *, *, #189, .F. ) ;
#620 = ORIENTED_EDGE ( 'NONE', *, *, #190, .F. ) ;
#621 = ORIENTED_EDGE ( 'NONE', *, *, #185, .T. ) ;
#622 = ORIENTED_EDGE ( 'NONE', *, *, #191, .F. ) ;
#623 = ORIENTED_EDGE ( 'NONE', *, *, #192, .F. ) ;
#624 = ORIENTED_EDGE ( 'NONE', *, *, #193, .F. ) ;
#625 = ORIENTED_EDGE ( 'NONE', *, *, #189, .T. ) ;
#626 = ORIENTED_EDGE ( 'NONE', *, *, #194, .F. ) ;
#627 = ORIENTED_EDGE ( 'NONE', *, *, #195, .T. ) ;
#628 = ORIENTED_EDGE ( 'NONE', *, *, #196, .F. ) ;
#629 = ORIENTED_EDGE ( 'NONE', *, *, #192, .T. ) ;
#630 = ORIENTED_EDGE ( 'NONE', *, *, #93, .T. ) ;
#631 = ORIENTED_EDGE ( 'NONE', *, *, #95, .T. ) ;
#632 = ORIENTED_EDGE ( 'NONE', *, *, #197, .F. ) ;
#633 = ORIENTED_EDGE ( 'NONE', *, *, #90, .T. ) ;
#634 = ORIENTED_EDGE ( 'NONE', *, *, #111, .T. ) ;
#635 = ORIENTED_EDGE ( 'NONE', *, *, #9683, .F. ) ;
#636 = ORIENTED_EDGE ( 'NONE', *, *, #110, .T. ) ;
#637 = ORIENTED_EDGE ( 'NONE', *, *, #101, .T. ) ;
#638 = ORIENTED_EDGE ( 'NONE', *, *, #105, .T. ) ;
#639 = ORIENTED_EDGE ( 'NONE', *, *, #9646, .F. ) ;
#640 = ORIENTED_EDGE ( 'NONE', *, *, #104, .T. ) ;
#641 = ORIENTED_EDGE ( 'NONE', *, *, #106, .T. ) ;
#642 = ORIENTED_EDGE ( 'NONE', *, *, #9255, .F. ) ;
#643 = ORIENTED_EDGE ( 'NONE', *, *, #9650, .F. ) ;
#644 = ORIENTED_EDGE ( 'NONE', *, *, #9261, .F. ) ;
#645 = ORIENTED_EDGE ( 'NONE', *, *, #107, .T. ) ;
#646 = ORIENTED_EDGE ( 'NONE', *, *, #9263, .F. ) ;
#647 = ORIENTED_EDGE ( 'NONE', *, *, #9654, .F. ) ;
#648 = ORIENTED_EDGE ( 'NONE', *, *, #56, .F. ) ;
#649 = ORIENTED_EDGE ( 'NONE', *, *, #109, .T. ) ;
#650 = ORIENTED_EDGE ( 'NONE', *, *, #198, .F. ) ;
#651 = ORIENTED_EDGE ( 'NONE', *, *, #199, .T. ) ;
#652 = ORIENTED_EDGE ( 'NONE', *, *, #200, .F. ) ;
#653 = ORIENTED_EDGE ( 'NONE', *, *, #183, .T. ) ;
#654 = ORIENTED_EDGE ( 'NONE', *, *, #96, .T. ) ;
#655 = ORIENTED_EDGE ( 'NONE', *, *, #182, .T. ) ;
#656 = ORIENTED_EDGE ( 'NONE', *, *, #97, .T. ) ;
#657 = ORIENTED_EDGE ( 'NONE', *, *, #181, .T. ) ;
#658 = ORIENTED_EDGE ( 'NONE', *, *, #201, .F. ) ;
#659 = ORIENTED_EDGE ( 'NONE', *, *, #202, .T. ) ;
#660 = ORIENTED_EDGE ( 'NONE', *, *, #203, .F. ) ;
#661 = ORIENTED_EDGE ( 'NONE', *, *, #171, .T. ) ;
#662 = ORIENTED_EDGE ( 'NONE', *, *, #98, .T. ) ;
#663 = ORIENTED_EDGE ( 'NONE', *, *, #170, .T. ) ;
#664 = ORIENTED_EDGE ( 'NONE', *, *, #99, .T. ) ;
#665 = ORIENTED_EDGE ( 'NONE', *, *, #175, .T. ) ;
#666 = ORIENTED_EDGE ( 'NONE', *, *, #204, .T. ) ;
#667 = ORIENTED_EDGE ( 'NONE', *, *, #205, .F. ) ;
#668 = ORIENTED_EDGE ( 'NONE', *, *, #206, .F. ) ;
#669 = ORIENTED_EDGE ( 'NONE', *, *, #207, .F. ) ;
#670 = ORIENTED_EDGE ( 'NONE', *, *, #208, .F. ) ;
#671 = ORIENTED_EDGE ( 'NONE', *, *, #209, .F. ) ;
#672 = ORIENTED_EDGE ( 'NONE', *, *, #210, .T. ) ;
#673 = ORIENTED_EDGE ( 'NONE', *, *, #211, .F. ) ;
#674 = ORIENTED_EDGE ( 'NONE', *, *, #212, .F. ) ;
#675 = ORIENTED_EDGE ( 'NONE', *, *, #213, .F. ) ;
#676 = ORIENTED_EDGE ( 'NONE', *, *, #214, .F. ) ;
#677 = ORIENTED_EDGE ( 'NONE', *, *, #215, .F. ) ;
#678 = ORIENTED_EDGE ( 'NONE', *, *, #216, .F. ) ;
#679 = ORIENTED_EDGE ( 'NONE', *, *, #217, .F. ) ;
#680 = ORIENTED_EDGE ( 'NONE', *, *, #218, .F. ) ;
#681 = ORIENTED_EDGE ( 'NONE', *, *, #213, .T. ) ;
#682 = ORIENTED_EDGE ( 'NONE', *, *, #219, .F. ) ;
#683 = ORIENTED_EDGE ( 'NONE', *, *, #220, .F. ) ;
#684 = ORIENTED_EDGE ( 'NONE', *, *, #221, .F. ) ;
#685 = ORIENTED_EDGE ( 'NONE', *, *, #217, .T. ) ;
#686 = ORIENTED_EDGE ( 'NONE', *, *, #222, .F. ) ;
#687 = ORIENTED_EDGE ( 'NONE', *, *, #223, .F. ) ;
#688 = ORIENTED_EDGE ( 'NONE', *, *, #224, .F. ) ;
#689 = ORIENTED_EDGE ( 'NONE', *, *, #220, .T. ) ;
#690 = ORIENTED_EDGE ( 'NONE', *, *, #225, .F. ) ;
#691 = ORIENTED_EDGE ( 'NONE', *, *, #226, .F. ) ;
#692 = ORIENTED_EDGE ( 'NONE', *, *, #227, .F. ) ;
#693 = ORIENTED_EDGE ( 'NONE', *, *, #223, .T. ) ;
#694 = ORIENTED_EDGE ( 'NONE', *, *, #228, .F. ) ;
#695 = ORIENTED_EDGE ( 'NONE', *, *, #229, .F. ) ;
#696 = ORIENTED_EDGE ( 'NONE', *, *, #230, .F. ) ;
#697 = ORIENTED_EDGE ( 'NONE', *, *, #226, .T. ) ;
#698 = ORIENTED_EDGE ( 'NONE', *, *, #231, .F. ) ;
#699 = ORIENTED_EDGE ( 'NONE', *, *, #232, .F. ) ;
#700 = ORIENTED_EDGE ( 'NONE', *, *, #233, .F. ) ;
#701 = ORIENTED_EDGE ( 'NONE', *, *, #229, .T. ) ;
#702 = ORIENTED_EDGE ( 'NONE', *, *, #234, .F. ) ;
#703 = ORIENTED_EDGE ( 'NONE', *, *, #235, .F. ) ;
#704 = ORIENTED_EDGE ( 'NONE', *, *, #236, .F. ) ;
#705 = ORIENTED_EDGE ( 'NONE', *, *, #232, .T. ) ;
#706 = ORIENTED_EDGE ( 'NONE', *, *, #237, .F. ) ;
#707 = ORIENTED_EDGE ( 'NONE', *, *, #20, .F. ) ;
#708 = ORIENTED_EDGE ( 'NONE', *, *, #238, .F. ) ;
#709 = ORIENTED_EDGE ( 'NONE', *, *, #235, .T. ) ;
#710 = ORIENTED_EDGE ( 'NONE', *, *, #18, .F. ) ;
#711 = ORIENTED_EDGE ( 'NONE', *, *, #239, .F. ) ;
#712 = ORIENTED_EDGE ( 'NONE', *, *, #240, .F. ) ;
#713 = ORIENTED_EDGE ( 'NONE', *, *, #241, .F. ) ;
#714 = ORIENTED_EDGE ( 'NONE', *, *, #242, .F. ) ;
#715 = ORIENTED_EDGE ( 'NONE', *, *, #243, .F. ) ;
#716 = ORIENTED_EDGE ( 'NONE', *, *, #244, .F. ) ;
#717 = ORIENTED_EDGE ( 'NONE', *, *, #240, .T. ) ;
#718 = ORIENTED_EDGE ( 'NONE', *, *, #245, .F. ) ;
#719 = ORIENTED_EDGE ( 'NONE', *, *, #246, .F. ) ;
#720 = ORIENTED_EDGE ( 'NONE', *, *, #247, .F. ) ;
#721 = ORIENTED_EDGE ( 'NONE', *, *, #248, .F. ) ;
#722 = ORIENTED_EDGE ( 'NONE', *, *, #249, .F. ) ;
#723 = ORIENTED_EDGE ( 'NONE', *, *, #16, .F. ) ;
#724 = ORIENTED_EDGE ( 'NONE', *, *, #250, .F. ) ;
#725 = ORIENTED_EDGE ( 'NONE', *, *, #246, .T. ) ;
#726 = ORIENTED_EDGE ( 'NONE', *, *, #14, .F. ) ;
#727 = ORIENTED_EDGE ( 'NONE', *, *, #251, .F. ) ;
#728 = ORIENTED_EDGE ( 'NONE', *, *, #252, .F. ) ;
#729 = ORIENTED_EDGE ( 'NONE', *, *, #253, .F. ) ;
#730 = ORIENTED_EDGE ( 'NONE', *, *, #254, .F. ) ;
#731 = ORIENTED_EDGE ( 'NONE', *, *, #248, .T. ) ;
#732 = ORIENTED_EDGE ( 'NONE', *, *, #255, .F. ) ;
#733 = ORIENTED_EDGE ( 'NONE', *, *, #252, .T. ) ;
#734 = ORIENTED_EDGE ( 'NONE', *, *, #256, .F. ) ;
#735 = ORIENTED_EDGE ( 'NONE', *, *, #257, .F. ) ;
#736 = ORIENTED_EDGE ( 'NONE', *, *, #258, .F. ) ;
#737 = ORIENTED_EDGE ( 'NONE', *, *, #259, .F. ) ;
#738 = ORIENTED_EDGE ( 'NONE', *, *, #260, .F. ) ;
#739 = ORIENTED_EDGE ( 'NONE', *, *, #261, .F. ) ;
#740 = ORIENTED_EDGE ( 'NONE', *, *, #262, .F. ) ;
#741 = ORIENTED_EDGE ( 'NONE', *, *, #257, .T. ) ;
#742 = ORIENTED_EDGE ( 'NONE', *, *, #263, .F. ) ;
#743 = ORIENTED_EDGE ( 'NONE', *, *, #264, .F. ) ;
#744 = ORIENTED_EDGE ( 'NONE', *, *, #265, .F. ) ;
#745 = ORIENTED_EDGE ( 'NONE', *, *, #261, .T. ) ;
#746 = ORIENTED_EDGE ( 'NONE', *, *, #266, .F. ) ;
#747 = ORIENTED_EDGE ( 'NONE', *, *, #267, .F. ) ;
#748 = ORIENTED_EDGE ( 'NONE', *, *, #268, .F. ) ;
#749 = ORIENTED_EDGE ( 'NONE', *, *, #264, .T. ) ;
#750 = ORIENTED_EDGE ( 'NONE', *, *, #269, .F. ) ;
#751 = ORIENTED_EDGE ( 'NONE', *, *, #270, .F. ) ;
#752 = ORIENTED_EDGE ( 'NONE', *, *, #271, .F. ) ;
#753 = ORIENTED_EDGE ( 'NONE', *, *, #267, .T. ) ;
#754 = ORIENTED_EDGE ( 'NONE', *, *, #272, .F. ) ;
#755 = ORIENTED_EDGE ( 'NONE', *, *, #273, .F. ) ;
#756 = ORIENTED_EDGE ( 'NONE', *, *, #274, .F. ) ;
#757 = ORIENTED_EDGE ( 'NONE', *, *, #270, .T. ) ;
#758 = ORIENTED_EDGE ( 'NONE', *, *, #275, .F. ) ;
#759 = ORIENTED_EDGE ( 'NONE', *, *, #276, .F. ) ;
#760 = ORIENTED_EDGE ( 'NONE', *, *, #277, .F. ) ;
#761 = ORIENTED_EDGE ( 'NONE', *, *, #273, .T. ) ;
#762 = ORIENTED_EDGE ( 'NONE', *, *, #278, .F. ) ;
#763 = ORIENTED_EDGE ( 'NONE', *, *, #279, .F. ) ;
#764 = ORIENTED_EDGE ( 'NONE', *, *, #280, .F. ) ;
#765 = ORIENTED_EDGE ( 'NONE', *, *, #276, .T. ) ;
#766 = ORIENTED_EDGE ( 'NONE', *, *, #281, .F. ) ;
#767 = ORIENTED_EDGE ( 'NONE', *, *, #12, .F. ) ;
#768 = ORIENTED_EDGE ( 'NONE', *, *, #282, .F. ) ;
#769 = ORIENTED_EDGE ( 'NONE', *, *, #279, .T. ) ;
#770 = ORIENTED_EDGE ( 'NONE', *, *, #10, .F. ) ;
#771 = ORIENTED_EDGE ( 'NONE', *, *, #283, .F. ) ;
#772 = ORIENTED_EDGE ( 'NONE', *, *, #284, .F. ) ;
#773 = ORIENTED_EDGE ( 'NONE', *, *, #285, .F. ) ;
#774 = ORIENTED_EDGE ( 'NONE', *, *, #286, .F. ) ;
#775 = ORIENTED_EDGE ( 'NONE', *, *, #287, .F. ) ;
#776 = ORIENTED_EDGE ( 'NONE', *, *, #288, .F. ) ;
#777 = ORIENTED_EDGE ( 'NONE', *, *, #284, .T. ) ;
#778 = ORIENTED_EDGE ( 'NONE', *, *, #289, .F. ) ;
#779 = ORIENTED_EDGE ( 'NONE', *, *, #8, .F. ) ;
#780 = ORIENTED_EDGE ( 'NONE', *, *, #290, .F. ) ;
#781 = ORIENTED_EDGE ( 'NONE', *, *, #291, .F. ) ;
#782 = ORIENTED_EDGE ( 'NONE', *, *, #6, .F. ) ;
#783 = ORIENTED_EDGE ( 'NONE', *, *, #292, .F. ) ;
#784 = ORIENTED_EDGE ( 'NONE', *, *, #293, .F. ) ;
#785 = ORIENTED_EDGE ( 'NONE', *, *, #294, .F. ) ;
#786 = ORIENTED_EDGE ( 'NONE', *, *, #295, .F. ) ;
#787 = ORIENTED_EDGE ( 'NONE', *, *, #296, .F. ) ;
#788 = ORIENTED_EDGE ( 'NONE', *, *, #297, .F. ) ;
#789 = ORIENTED_EDGE ( 'NONE', *, *, #293, .T. ) ;
#790 = ORIENTED_EDGE ( 'NONE', *, *, #298, .F. ) ;
#791 = ORIENTED_EDGE ( 'NONE', *, *, #291, .T. ) ;
#792 = ORIENTED_EDGE ( 'NONE', *, *, #299, .F. ) ;
#793 = ORIENTED_EDGE ( 'NONE', *, *, #296, .T. ) ;
#794 = ORIENTED_EDGE ( 'NONE', *, *, #300, .F. ) ;
#795 = ORIENTED_EDGE ( 'NONE', *, *, #301, .F. ) ;
#796 = ORIENTED_EDGE ( 'NONE', *, *, #302, .F. ) ;
#797 = ORIENTED_EDGE ( 'NONE', *, *, #303, .F. ) ;
#798 = ORIENTED_EDGE ( 'NONE', *, *, #304, .F. ) ;
#799 = ORIENTED_EDGE ( 'NONE', *, *, #305, .F. ) ;
#800 = ORIENTED_EDGE ( 'NONE', *, *, #306, .F. ) ;
#801 = ORIENTED_EDGE ( 'NONE', *, *, #301, .T. ) ;
#802 = ORIENTED_EDGE ( 'NONE', *, *, #307, .F. ) ;
#803 = ORIENTED_EDGE ( 'NONE', *, *, #308, .F. ) ;
#804 = ORIENTED_EDGE ( 'NONE', *, *, #309, .F. ) ;
#805 = ORIENTED_EDGE ( 'NONE', *, *, #305, .T. ) ;
#806 = ORIENTED_EDGE ( 'NONE', *, *, #310, .F. ) ;
#807 = ORIENTED_EDGE ( 'NONE', *, *, #311, .F. ) ;
#808 = ORIENTED_EDGE ( 'NONE', *, *, #312, .F. ) ;
#809 = ORIENTED_EDGE ( 'NONE', *, *, #308, .T. ) ;
#810 = ORIENTED_EDGE ( 'NONE', *, *, #313, .F. ) ;
#811 = ORIENTED_EDGE ( 'NONE', *, *, #314, .F. ) ;
#812 = ORIENTED_EDGE ( 'NONE', *, *, #315, .F. ) ;
#813 = ORIENTED_EDGE ( 'NONE', *, *, #311, .T. ) ;
#814 = ORIENTED_EDGE ( 'NONE', *, *, #316, .F. ) ;
#815 = ORIENTED_EDGE ( 'NONE', *, *, #317, .F. ) ;
#816 = ORIENTED_EDGE ( 'NONE', *, *, #318, .F. ) ;
#817 = ORIENTED_EDGE ( 'NONE', *, *, #314, .T. ) ;
#818 = ORIENTED_EDGE ( 'NONE', *, *, #319, .F. ) ;
#819 = ORIENTED_EDGE ( 'NONE', *, *, #320, .F. ) ;
#820 = ORIENTED_EDGE ( 'NONE', *, *, #321, .F. ) ;
#821 = ORIENTED_EDGE ( 'NONE', *, *, #317, .T. ) ;
#822 = ORIENTED_EDGE ( 'NONE', *, *, #322, .F. ) ;
#823 = ORIENTED_EDGE ( 'NONE', *, *, #323, .F. ) ;
#824 = ORIENTED_EDGE ( 'NONE', *, *, #324, .F. ) ;
#825 = ORIENTED_EDGE ( 'NONE', *, *, #320, .T. ) ;
#826 = ORIENTED_EDGE ( 'NONE', *, *, #325, .F. ) ;
#827 = ORIENTED_EDGE ( 'NONE', *, *, #4, .F. ) ;
#828 = ORIENTED_EDGE ( 'NONE', *, *, #326, .F. ) ;
#829 = ORIENTED_EDGE ( 'NONE', *, *, #323, .T. ) ;
#830 = ORIENTED_EDGE ( 'NONE', *, *, #2, .F. ) ;
#831 = ORIENTED_EDGE ( 'NONE', *, *, #327, .F. ) ;
#832 = ORIENTED_EDGE ( 'NONE', *, *, #328, .F. ) ;
#833 = ORIENTED_EDGE ( 'NONE', *, *, #329, .F. ) ;
#834 = ORIENTED_EDGE ( 'NONE', *, *, #330, .F. ) ;
#835 = ORIENTED_EDGE ( 'NONE', *, *, #331, .F. ) ;
#836 = ORIENTED_EDGE ( 'NONE', *, *, #332, .F. ) ;
#837 = ORIENTED_EDGE ( 'NONE', *, *, #328, .T. ) ;
#838 = ORIENTED_EDGE ( 'NONE', *, *, #333, .F. ) ;
#839 = ORIENTED_EDGE ( 'NONE', *, *, #9727, .F. ) ;
#840 = ORIENTED_EDGE ( 'NONE', *, *, #334, .F. ) ;
#841 = ORIENTED_EDGE ( 'NONE', *, *, #335, .F. ) ;
#842 = ORIENTED_EDGE ( 'NONE', *, *, #9725, .F. ) ;
#843 = ORIENTED_EDGE ( 'NONE', *, *, #336, .F. ) ;
#844 = ORIENTED_EDGE ( 'NONE', *, *, #337, .F. ) ;
#845 = ORIENTED_EDGE ( 'NONE', *, *, #338, .F. ) ;
#846 = ORIENTED_EDGE ( 'NONE', *, *, #339, .F. ) ;
#847 = ORIENTED_EDGE ( 'NONE', *, *, #340, .F. ) ;
#848 = ORIENTED_EDGE ( 'NONE', *, *, #341, .F. ) ;
#849 = ORIENTED_EDGE ( 'NONE', *, *, #337, .T. ) ;
#850 = ORIENTED_EDGE ( 'NONE', *, *, #342, .F. ) ;
#851 = ORIENTED_EDGE ( 'NONE', *, *, #335, .T. ) ;
#852 = ORIENTED_EDGE ( 'NONE', *, *, #343, .F. ) ;
#853 = ORIENTED_EDGE ( 'NONE', *, *, #340, .T. ) ;
#854 = ORIENTED_EDGE ( 'NONE', *, *, #344, .F. ) ;
#855 = ORIENTED_EDGE ( 'NONE', *, *, #345, .F. ) ;
#856 = ORIENTED_EDGE ( 'NONE', *, *, #346, .F. ) ;
#857 = ORIENTED_EDGE ( 'NONE', *, *, #347, .F. ) ;
#858 = ORIENTED_EDGE ( 'NONE', *, *, #348, .F. ) ;
#859 = ORIENTED_EDGE ( 'NONE', *, *, #349, .F. ) ;
#860 = ORIENTED_EDGE ( 'NONE', *, *, #350, .F. ) ;
#861 = ORIENTED_EDGE ( 'NONE', *, *, #345, .T. ) ;
#862 = ORIENTED_EDGE ( 'NONE', *, *, #351, .F. ) ;
#863 = ORIENTED_EDGE ( 'NONE', *, *, #352, .F. ) ;
#864 = ORIENTED_EDGE ( 'NONE', *, *, #353, .F. ) ;
#865 = ORIENTED_EDGE ( 'NONE', *, *, #349, .T. ) ;
#866 = ORIENTED_EDGE ( 'NONE', *, *, #354, .F. ) ;
#867 = ORIENTED_EDGE ( 'NONE', *, *, #355, .F. ) ;
#868 = ORIENTED_EDGE ( 'NONE', *, *, #356, .F. ) ;
#869 = ORIENTED_EDGE ( 'NONE', *, *, #352, .T. ) ;
#870 = ORIENTED_EDGE ( 'NONE', *, *, #357, .F. ) ;
#871 = ORIENTED_EDGE ( 'NONE', *, *, #358, .F. ) ;
#872 = ORIENTED_EDGE ( 'NONE', *, *, #359, .F. ) ;
#873 = ORIENTED_EDGE ( 'NONE', *, *, #355, .T. ) ;
#874 = ORIENTED_EDGE ( 'NONE', *, *, #360, .F. ) ;
#875 = ORIENTED_EDGE ( 'NONE', *, *, #361, .F. ) ;
#876 = ORIENTED_EDGE ( 'NONE', *, *, #362, .F. ) ;
#877 = ORIENTED_EDGE ( 'NONE', *, *, #358, .T. ) ;
#878 = ORIENTED_EDGE ( 'NONE', *, *, #363, .F. ) ;
#879 = ORIENTED_EDGE ( 'NONE', *, *, #364, .F. ) ;
#880 = ORIENTED_EDGE ( 'NONE', *, *, #365, .F. ) ;
#881 = ORIENTED_EDGE ( 'NONE', *, *, #361, .T. ) ;
#882 = ORIENTED_EDGE ( 'NONE', *, *, #366, .F. ) ;
#883 = ORIENTED_EDGE ( 'NONE', *, *, #367, .F. ) ;
#884 = ORIENTED_EDGE ( 'NONE', *, *, #368, .F. ) ;
#885 = ORIENTED_EDGE ( 'NONE', *, *, #364, .T. ) ;
#886 = ORIENTED_EDGE ( 'NONE', *, *, #369, .F. ) ;
#887 = ORIENTED_EDGE ( 'NONE', *, *, #9723, .F. ) ;
#888 = ORIENTED_EDGE ( 'NONE', *, *, #370, .F. ) ;
#889 = ORIENTED_EDGE ( 'NONE', *, *, #367, .T. ) ;
#890 = ORIENTED_EDGE ( 'NONE', *, *, #9721, .F. ) ;
#891 = ORIENTED_EDGE ( 'NONE', *, *, #371, .F. ) ;
#892 = ORIENTED_EDGE ( 'NONE', *, *, #372, .F. ) ;
#893 = ORIENTED_EDGE ( 'NONE', *, *, #373, .F. ) ;
#894 = ORIENTED_EDGE ( 'NONE', *, *, #374, .F. ) ;
#895 = ORIENTED_EDGE ( 'NONE', *, *, #9719, .F. ) ;
#896 = ORIENTED_EDGE ( 'NONE', *, *, #375, .F. ) ;
#897 = ORIENTED_EDGE ( 'NONE', *, *, #376, .F. ) ;
#898 = ORIENTED_EDGE ( 'NONE', *, *, #9717, .F. ) ;
#899 = ORIENTED_EDGE ( 'NONE', *, *, #377, .F. ) ;
#900 = ORIENTED_EDGE ( 'NONE', *, *, #378, .F. ) ;
#901 = ORIENTED_EDGE ( 'NONE', *, *, #379, .F. ) ;
#902 = ORIENTED_EDGE ( 'NONE', *, *, #380, .F. ) ;
#903 = ORIENTED_EDGE ( 'NONE', *, *, #381, .F. ) ;
#904 = ORIENTED_EDGE ( 'NONE', *, *, #382, .F. ) ;
#905 = ORIENTED_EDGE ( 'NONE', *, *, #378, .T. ) ;
#906 = ORIENTED_EDGE ( 'NONE', *, *, #967, .F. ) ;
#907 = ORIENTED_EDGE ( 'NONE', *, *, #376, .T. ) ;
#908 = ORIENTED_EDGE ( 'NONE', *, *, #968, .F. ) ;
#909 = ORIENTED_EDGE ( 'NONE', *, *, #381, .T. ) ;
#910 = ORIENTED_EDGE ( 'NONE', *, *, #969, .F. ) ;
#911 = ORIENTED_EDGE ( 'NONE', *, *, #970, .F. ) ;
#912 = ORIENTED_EDGE ( 'NONE', *, *, #971, .F. ) ;
#913 = ORIENTED_EDGE ( 'NONE', *, *, #372, .T. ) ;
#914 = ORIENTED_EDGE ( 'NONE', *, *, #972, .F. ) ;
#915 = ORIENTED_EDGE ( 'NONE', *, *, #973, .F. ) ;
#916 = ORIENTED_EDGE ( 'NONE', *, *, #974, .F. ) ;
#917 = ORIENTED_EDGE ( 'NONE', *, *, #975, .F. ) ;
#918 = ORIENTED_EDGE ( 'NONE', *, *, #9713, .F. ) ;
#919 = ORIENTED_EDGE ( 'NONE', *, *, #976, .F. ) ;
#920 = ORIENTED_EDGE ( 'NONE', *, *, #975, .T. ) ;
#921 = ORIENTED_EDGE ( 'NONE', *, *, #977, .F. ) ;
#922 = ORIENTED_EDGE ( 'NONE', *, *, #978, .F. ) ;
#923 = ORIENTED_EDGE ( 'NONE', *, *, #9715, .T. ) ;
#924 = ORIENTED_EDGE ( 'NONE', *, *, #979, .F. ) ;
#925 = ORIENTED_EDGE ( 'NONE', *, *, #980, .F. ) ;
#926 = ORIENTED_EDGE ( 'NONE', *, *, #981, .F. ) ;
#927 = ORIENTED_EDGE ( 'NONE', *, *, #980, .T. ) ;
#928 = ORIENTED_EDGE ( 'NONE', *, *, #982, .F. ) ;
#929 = ORIENTED_EDGE ( 'NONE', *, *, #983, .F. ) ;
#930 = ORIENTED_EDGE ( 'NONE', *, *, #984, .F. ) ;
#931 = ORIENTED_EDGE ( 'NONE', *, *, #983, .T. ) ;
#932 = ORIENTED_EDGE ( 'NONE', *, *, #985, .F. ) ;
#933 = ORIENTED_EDGE ( 'NONE', *, *, #986, .F. ) ;
#934 = ORIENTED_EDGE ( 'NONE', *, *, #987, .F. ) ;
#935 = ORIENTED_EDGE ( 'NONE', *, *, #986, .T. ) ;
#936 = ORIENTED_EDGE ( 'NONE', *, *, #988, .F. ) ;
#937 = ORIENTED_EDGE ( 'NONE', *, *, #989, .F. ) ;
#938 = ORIENTED_EDGE ( 'NONE', *, *, #990, .F. ) ;
#939 = ORIENTED_EDGE ( 'NONE', *, *, #989, .T. ) ;
#940 = ORIENTED_EDGE ( 'NONE', *, *, #991, .F. ) ;
#941 = ORIENTED_EDGE ( 'NONE', *, *, #992, .F. ) ;
#942 = ORIENTED_EDGE ( 'NONE', *, *, #993, .F. ) ;
#943 = ORIENTED_EDGE ( 'NONE', *, *, #992, .T. ) ;
#944 = ORIENTED_EDGE ( 'NONE', *, *, #994, .F. ) ;
#945 = ORIENTED_EDGE ( 'NONE', *, *, #995, .F. ) ;
#946 = ORIENTED_EDGE ( 'NONE', *, *, #996, .F. ) ;
#947 = ORIENTED_EDGE ( 'NONE', *, *, #995, .T. ) ;
#948 = ORIENTED_EDGE ( 'NONE', *, *, #997, .F. ) ;
#949 = ORIENTED_EDGE ( 'NONE', *, *, #998, .F. ) ;
#950 = ORIENTED_EDGE ( 'NONE', *, *, #999, .F. ) ;
#951 = ORIENTED_EDGE ( 'NONE', *, *, #998, .T. ) ;
#952 = ORIENTED_EDGE ( 'NONE', *, *, #1000, .F. ) ;
#953 = ORIENTED_EDGE ( 'NONE', *, *, #1001, .F. ) ;
#954 = ORIENTED_EDGE ( 'NONE', *, *, #1002, .F. ) ;
#955 = ORIENTED_EDGE ( 'NONE', *, *, #9177, .F. ) ;
#956 = ORIENTED_EDGE ( 'NONE', *, *, #1003, .F. ) ;
#957 = ORIENTED_EDGE ( 'NONE', *, *, #1004, .F. ) ;
#958 = ORIENTED_EDGE ( 'NONE', *, *, #1005, .F. ) ;
#959 = ORIENTED_EDGE ( 'NONE', *, *, #1004, .T. ) ;
#960 = ORIENTED_EDGE ( 'NONE', *, *, #1006, .F. ) ;
#961 = ORIENTED_EDGE ( 'NONE', *, *, #1007, .F. ) ;
#962 = ORIENTED_EDGE ( 'NONE', *, *, #1008, .F. ) ;
#963 = ORIENTED_EDGE ( 'NONE', *, *, #1007, .T. ) ;
#964 = ORIENTED_EDGE ( 'NONE', *, *, #1009, .F. ) ;
#965 = ORIENTED_EDGE ( 'NONE', *, *, #1010, .F. ) ;
#966 = ORIENTED_EDGE ( 'NONE', *, *, #9196, .F. ) ;
#967 = EDGE_CURVE ( 'NONE', #10019, #10021, #3199, .T. ) ;
#968 = EDGE_CURVE ( 'NONE', #10017, #10022, #3205, .T. ) ;
#969 = EDGE_CURVE ( 'NONE', #10026, #10020, #3207, .T. ) ;
#970 = EDGE_CURVE ( 'NONE', #10027, #10026, #3208, .T. ) ;
#971 = EDGE_CURVE ( 'NONE', #10045, #10027, #3206, .T. ) ;
#972 = EDGE_CURVE ( 'NONE', #10015, #10028, #3211, .T. ) ;
#973 = EDGE_CURVE ( 'NONE', #9998, #10015, #3209, .T. ) ;
#974 = EDGE_CURVE ( 'NONE', #9999, #9998, #3212, .T. ) ;
#975 = EDGE_CURVE ( 'NONE', #10028, #9999, #3213, .T. ) ;
#976 = EDGE_CURVE ( 'NONE', #10028, #9937, #3215, .T. ) ;
#977 = EDGE_CURVE ( 'NONE', #9943, #9999, #3218, .T. ) ;
#978 = EDGE_CURVE ( 'NONE', #9940, #10001, #3219, .T. ) ;
#979 = EDGE_CURVE ( 'NONE', #10025, #9942, #3220, .T. ) ;
#980 = EDGE_CURVE ( 'NONE', #10001, #10025, #3221, .T. ) ;
#981 = EDGE_CURVE ( 'NONE', #10001, #10002, #3216, .T. ) ;
#982 = EDGE_CURVE ( 'NONE', #10004, #10025, #3224, .T. ) ;
#983 = EDGE_CURVE ( 'NONE', #10002, #10004, #3226, .T. ) ;
#984 = EDGE_CURVE ( 'NONE', #10002, #10029, #3222, .T. ) ;
#985 = EDGE_CURVE ( 'NONE', #10006, #10004, #3230, .T. ) ;
#986 = EDGE_CURVE ( 'NONE', #10029, #10006, #3232, .T. ) ;
#987 = EDGE_CURVE ( 'NONE', #10029, #10000, #3228, .T. ) ;
#988 = EDGE_CURVE ( 'NONE', #10008, #10006, #3236, .T. ) ;
#989 = EDGE_CURVE ( 'NONE', #10000, #10008, #3238, .T. ) ;
#990 = EDGE_CURVE ( 'NONE', #10000, #10003, #3234, .T. ) ;
#991 = EDGE_CURVE ( 'NONE', #10010, #10008, #3242, .T. ) ;
#992 = EDGE_CURVE ( 'NONE', #10003, #10010, #3244, .T. ) ;
#993 = EDGE_CURVE ( 'NONE', #10003, #10005, #3240, .T. ) ;
#994 = EDGE_CURVE ( 'NONE', #10012, #10010, #3248, .T. ) ;
#995 = EDGE_CURVE ( 'NONE', #10005, #10012, #3250, .T. ) ;
#996 = EDGE_CURVE ( 'NONE', #10005, #10007, #3246, .T. ) ;
#997 = EDGE_CURVE ( 'NONE', #9982, #10012, #3254, .T. ) ;
#998 = EDGE_CURVE ( 'NONE', #10007, #9982, #3255, .T. ) ;
#999 = EDGE_CURVE ( 'NONE', #10007, #10009, #3252, .T. ) ;
#1000 = EDGE_CURVE ( 'NONE', #9984, #9982, #3258, .T. ) ;
#1001 = EDGE_CURVE ( 'NONE', #10009, #9984, #3259, .T. ) ;
#1002 = EDGE_CURVE ( 'NONE', #9936, #10011, #3256, .T. ) ;
#1003 = EDGE_CURVE ( 'NONE', #9986, #9938, #3260, .T. ) ;
#1004 = EDGE_CURVE ( 'NONE', #10011, #9986, #3262, .T. ) ;
#1005 = EDGE_CURVE ( 'NONE', #10011, #10013, #3263, .T. ) ;
#1006 = EDGE_CURVE ( 'NONE', #9989, #9986, #3266, .T. ) ;
#1007 = EDGE_CURVE ( 'NONE', #10013, #9989, #3267, .T. ) ;
#1008 = EDGE_CURVE ( 'NONE', #10013, #9990, #3264, .T. ) ;
#1009 = EDGE_CURVE ( 'NONE', #9985, #9989, #3270, .T. ) ;
#1010 = EDGE_CURVE ( 'NONE', #9990, #9985, #3271, .T. ) ;
#1011 = EDGE_CURVE ( 'NONE', #9990, #9933, #3268, .T. ) ;
#1012 = EDGE_CURVE ( 'NONE', #9939, #9985, #3274, .T. ) ;
#1013 = EDGE_CURVE ( 'NONE', #10009, #9987, #3275, .T. ) ;
#1014 = EDGE_CURVE ( 'NONE', #9991, #9984, #3276, .T. ) ;
#1015 = EDGE_CURVE ( 'NONE', #9987, #9991, #3277, .T. ) ;
#1016 = EDGE_CURVE ( 'NONE', #9994, #9981, #3272, .T. ) ;
#1017 = EDGE_CURVE ( 'NONE', #9992, #9994, #3278, .T. ) ;
#1018 = EDGE_CURVE ( 'NONE', #9995, #9992, #3280, .T. ) ;
#1019 = EDGE_CURVE ( 'NONE', #9981, #9995, #3281, .T. ) ;
#1020 = EDGE_CURVE ( 'NONE', #9981, #9929, #3283, .T. ) ;
#1021 = EDGE_CURVE ( 'NONE', #9935, #9995, #3286, .T. ) ;
#1022 = EDGE_CURVE ( 'NONE', #9932, #9997, #3287, .T. ) ;
#1023 = EDGE_CURVE ( 'NONE', #9993, #9934, #3288, .T. ) ;
#1024 = EDGE_CURVE ( 'NONE', #9997, #9993, #3289, .T. ) ;
#1025 = EDGE_CURVE ( 'NONE', #9997, #9777, #3284, .T. ) ;
#1026 = EDGE_CURVE ( 'NONE', #9775, #9993, #3292, .T. ) ;
#1027 = EDGE_CURVE ( 'NONE', #9777, #9775, #3294, .T. ) ;
#1028 = EDGE_CURVE ( 'NONE', #9777, #9978, #3290, .T. ) ;
#1029 = EDGE_CURVE ( 'NONE', #9773, #9775, #3298, .T. ) ;
#1030 = EDGE_CURVE ( 'NONE', #9978, #9773, #3300, .T. ) ;
#1031 = EDGE_CURVE ( 'NONE', #9978, #9996, #3296, .T. ) ;
#1032 = EDGE_CURVE ( 'NONE', #9771, #9773, #3304, .T. ) ;
#1033 = EDGE_CURVE ( 'NONE', #9996, #9771, #3306, .T. ) ;
#1034 = EDGE_CURVE ( 'NONE', #9996, #9776, #3302, .T. ) ;
#1035 = EDGE_CURVE ( 'NONE', #9769, #9771, #3310, .T. ) ;
#1036 = EDGE_CURVE ( 'NONE', #9776, #9769, #3312, .T. ) ;
#1037 = EDGE_CURVE ( 'NONE', #9776, #9774, #3308, .T. ) ;
#1038 = EDGE_CURVE ( 'NONE', #9767, #9769, #3316, .T. ) ;
#1039 = EDGE_CURVE ( 'NONE', #9774, #9767, #3318, .T. ) ;
#1040 = EDGE_CURVE ( 'NONE', #9774, #9772, #3314, .T. ) ;
#1041 = EDGE_CURVE ( 'NONE', #9765, #9767, #3322, .T. ) ;
#1042 = EDGE_CURVE ( 'NONE', #9772, #9765, #3323, .T. ) ;
#1043 = EDGE_CURVE ( 'NONE', #9772, #9770, #3320, .T. ) ;
#1044 = EDGE_CURVE ( 'NONE', #9980, #9765, #3326, .T. ) ;
#1045 = EDGE_CURVE ( 'NONE', #9770, #9980, #3327, .T. ) ;
#1046 = EDGE_CURVE ( 'NONE', #9768, #9988, #3324, .T. ) ;
#1047 = EDGE_CURVE ( 'NONE', #9766, #9768, #3328, .T. ) ;
#1048 = EDGE_CURVE ( 'NONE', #9792, #9766, #3330, .T. ) ;
#1049 = EDGE_CURVE ( 'NONE', #9988, #9792, #3331, .T. ) ;
#1050 = EDGE_CURVE ( 'NONE', #9988, #9793, #3333, .T. ) ;
#1051 = EDGE_CURVE ( 'NONE', #9789, #9792, #3336, .T. ) ;
#1052 = EDGE_CURVE ( 'NONE', #9793, #9789, #3337, .T. ) ;
#1053 = EDGE_CURVE ( 'NONE', #9793, #9925, #3334, .T. ) ;
#1054 = EDGE_CURVE ( 'NONE', #9931, #9789, #3340, .T. ) ;
#1055 = EDGE_CURVE ( 'NONE', #9928, #9768, #3341, .T. ) ;
#1056 = EDGE_CURVE ( 'NONE', #9766, #9930, #3342, .T. ) ;
#1057 = EDGE_CURVE ( 'NONE', #9770, #9790, #3343, .T. ) ;
#1058 = EDGE_CURVE ( 'NONE', #9979, #9980, #3344, .T. ) ;
#1059 = EDGE_CURVE ( 'NONE', #9790, #9979, #3345, .T. ) ;
#1060 = EDGE_CURVE ( 'NONE', #9788, #9787, #3338, .T. ) ;
#1061 = EDGE_CURVE ( 'NONE', #9791, #9788, #3346, .T. ) ;
#1062 = EDGE_CURVE ( 'NONE', #9784, #9791, #3348, .T. ) ;
#1063 = EDGE_CURVE ( 'NONE', #9787, #9784, #3349, .T. ) ;
#1064 = EDGE_CURVE ( 'NONE', #9787, #9921, #3351, .T. ) ;
#1065 = EDGE_CURVE ( 'NONE', #9927, #9784, #3354, .T. ) ;
#1066 = EDGE_CURVE ( 'NONE', #9924, #9782, #3355, .T. ) ;
#1067 = EDGE_CURVE ( 'NONE', #9786, #9926, #3356, .T. ) ;
#1068 = EDGE_CURVE ( 'NONE', #9782, #9786, #3357, .T. ) ;
#1069 = EDGE_CURVE ( 'NONE', #9782, #9781, #3352, .T. ) ;
#1070 = EDGE_CURVE ( 'NONE', #9779, #9786, #3360, .T. ) ;
#1071 = EDGE_CURVE ( 'NONE', #9781, #9779, #3362, .T. ) ;
#1072 = EDGE_CURVE ( 'NONE', #9781, #9785, #3358, .T. ) ;
#1073 = EDGE_CURVE ( 'NONE', #9809, #9779, #3366, .T. ) ;
#1074 = EDGE_CURVE ( 'NONE', #9785, #9809, #3368, .T. ) ;
#1075 = EDGE_CURVE ( 'NONE', #9785, #9783, #3364, .T. ) ;
#1076 = EDGE_CURVE ( 'NONE', #9807, #9809, #3372, .T. ) ;
#1077 = EDGE_CURVE ( 'NONE', #9783, #9807, #3374, .T. ) ;
#1078 = EDGE_CURVE ( 'NONE', #9783, #9780, #3370, .T. ) ;
#1079 = EDGE_CURVE ( 'NONE', #9805, #9807, #3378, .T. ) ;
#1080 = EDGE_CURVE ( 'NONE', #9780, #9805, #3380, .T. ) ;
#1081 = EDGE_CURVE ( 'NONE', #9780, #9778, #3376, .T. ) ;
#1082 = EDGE_CURVE ( 'NONE', #9803, #9805, #3384, .T. ) ;
#1083 = EDGE_CURVE ( 'NONE', #9778, #9803, #3386, .T. ) ;
#1084 = EDGE_CURVE ( 'NONE', #9778, #9808, #3382, .T. ) ;
#1085 = EDGE_CURVE ( 'NONE', #9801, #9803, #3390, .T. ) ;
#1086 = EDGE_CURVE ( 'NONE', #9808, #9801, #3391, .T. ) ;
#1087 = EDGE_CURVE ( 'NONE', #9808, #9806, #3388, .T. ) ;
#1088 = EDGE_CURVE ( 'NONE', #9799, #9801, #3394, .T. ) ;
#1089 = EDGE_CURVE ( 'NONE', #9806, #9799, #3395, .T. ) ;
#1090 = EDGE_CURVE ( 'NONE', #9804, #9800, #3392, .T. ) ;
#1091 = EDGE_CURVE ( 'NONE', #9802, #9804, #3396, .T. ) ;
#1092 = EDGE_CURVE ( 'NONE', #9796, #9802, #3398, .T. ) ;
#1093 = EDGE_CURVE ( 'NONE', #9800, #9796, #3399, .T. ) ;
#1094 = EDGE_CURVE ( 'NONE', #9800, #9797, #3401, .T. ) ;
#1095 = EDGE_CURVE ( 'NONE', #9825, #9796, #3404, .T. ) ;
#1096 = EDGE_CURVE ( 'NONE', #9797, #9825, #3405, .T. ) ;
#1097 = EDGE_CURVE ( 'NONE', #9797, #9971, #3402, .T. ) ;
#1098 = EDGE_CURVE ( 'NONE', #9923, #9825, #3408, .T. ) ;
#1099 = EDGE_CURVE ( 'NONE', #9920, #9804, #3409, .T. ) ;
#1100 = EDGE_CURVE ( 'NONE', #9802, #9922, #3410, .T. ) ;
#1101 = EDGE_CURVE ( 'NONE', #9806, #9794, #3411, .T. ) ;
#1102 = EDGE_CURVE ( 'NONE', #9798, #9799, #3412, .T. ) ;
#1103 = EDGE_CURVE ( 'NONE', #9794, #9798, #3413, .T. ) ;
#1104 = EDGE_CURVE ( 'NONE', #9824, #9823, #3406, .T. ) ;
#1105 = EDGE_CURVE ( 'NONE', #9795, #9824, #3414, .T. ) ;
#1106 = EDGE_CURVE ( 'NONE', #9820, #9795, #3416, .T. ) ;
#1107 = EDGE_CURVE ( 'NONE', #9823, #9820, #3418, .T. ) ;
#1108 = EDGE_CURVE ( 'NONE', #9821, #9818, #3420, .T. ) ;
#1109 = EDGE_CURVE ( 'NONE', #9821, #10201, #3422, .T. ) ;
#1110 = EDGE_CURVE ( 'NONE', #10202, #9818, #3425, .T. ) ;
#1111 = EDGE_CURVE ( 'NONE', #10194, #10193, #3427, .T. ) ;
#1112 = EDGE_CURVE ( 'NONE', #9819, #9816, #3424, .T. ) ;
#1113 = EDGE_CURVE ( 'NONE', #9816, #9819, #3429, .T. ) ;
#1114 = EDGE_CURVE ( 'NONE', #9814, #9817, #3431, .T. ) ;
#1115 = EDGE_CURVE ( 'NONE', #9817, #9814, #3433, .T. ) ;
#1116 = EDGE_CURVE ( 'NONE', #9812, #9813, #3434, .T. ) ;
#1117 = EDGE_CURVE ( 'NONE', #9812, #10190, #3436, .T. ) ;
#1118 = EDGE_CURVE ( 'NONE', #10189, #9813, #3438, .T. ) ;
#1119 = EDGE_CURVE ( 'NONE', #10196, #10192, #3440, .T. ) ;
#1120 = EDGE_CURVE ( 'NONE', #9815, #10176, #3437, .T. ) ;
#1121 = EDGE_CURVE ( 'NONE', #9810, #9815, #3444, .T. ) ;
#1122 = EDGE_CURVE ( 'NONE', #10152, #9810, #3442, .T. ) ;
#1123 = EDGE_CURVE ( 'NONE', #10195, #10186, #3446, .T. ) ;
#1124 = EDGE_CURVE ( 'NONE', #9841, #10181, #3450, .T. ) ;
#1125 = EDGE_CURVE ( 'NONE', #9815, #9841, #3452, .T. ) ;
#1126 = EDGE_CURVE ( 'NONE', #10166, #10173, #3454, .T. ) ;
#1127 = EDGE_CURVE ( 'NONE', #9839, #10165, #4320, .T. ) ;
#1128 = EDGE_CURVE ( 'NONE', #9841, #9839, #4319, .T. ) ;
#1129 = EDGE_CURVE ( 'NONE', #9837, #10162, #4322, .T. ) ;
#1130 = EDGE_CURVE ( 'NONE', #9839, #9837, #4324, .T. ) ;
#1131 = EDGE_CURVE ( 'NONE', #10225, #10136, #4326, .T. ) ;
#1132 = EDGE_CURVE ( 'NONE', #9837, #10216, #4328, .T. ) ;
#1133 = EDGE_CURVE ( 'NONE', #9838, #10159, #4330, .T. ) ;
#1134 = EDGE_CURVE ( 'NONE', #10137, #9838, #4332, .T. ) ;
#1135 = EDGE_CURVE ( 'NONE', #9822, #10155, #4334, .T. ) ;
#1136 = EDGE_CURVE ( 'NONE', #9838, #9822, #4336, .T. ) ;
#1137 = EDGE_CURVE ( 'NONE', #9822, #10134, #4338, .T. ) ;
#1138 = EDGE_CURVE ( 'NONE', #10139, #10200, #4340, .T. ) ;
#1139 = EDGE_CURVE ( 'NONE', #9836, #10138, #4342, .T. ) ;
#1140 = EDGE_CURVE ( 'NONE', #10207, #9836, #4344, .T. ) ;
#1141 = EDGE_CURVE ( 'NONE', #9836, #9810, #4346, .T. ) ;
#1142 = EDGE_CURVE ( 'NONE', #9840, #10132, #4348, .T. ) ;
#1143 = EDGE_CURVE ( 'NONE', #9835, #9840, #4350, .T. ) ;
#1144 = EDGE_CURVE ( 'NONE', #10140, #9835, #4355, .T. ) ;
#1145 = EDGE_CURVE ( 'NONE', #9811, #10135, #4352, .T. ) ;
#1146 = EDGE_CURVE ( 'NONE', #9840, #9811, #4357, .T. ) ;
#1147 = EDGE_CURVE ( 'NONE', #9834, #10145, #4359, .T. ) ;
#1148 = EDGE_CURVE ( 'NONE', #9811, #9834, #4361, .T. ) ;
#1149 = EDGE_CURVE ( 'NONE', #9834, #9835, #4363, .T. ) ;
#1150 = EDGE_CURVE ( 'NONE', #9832, #9831, #4365, .T. ) ;
#1151 = EDGE_CURVE ( 'NONE', #10131, #9832, #4354, .T. ) ;
#1152 = EDGE_CURVE ( 'NONE', #9831, #10133, #4367, .T. ) ;
#1153 = EDGE_CURVE ( 'NONE', #9831, #9827, #4371, .T. ) ;
#1154 = EDGE_CURVE ( 'NONE', #9827, #10130, #4373, .T. ) ;
#1155 = EDGE_CURVE ( 'NONE', #9827, #9833, #4375, .T. ) ;
#1156 = EDGE_CURVE ( 'NONE', #9833, #10126, #4377, .T. ) ;
#1157 = EDGE_CURVE ( 'NONE', #9833, #9832, #4379, .T. ) ;
#1158 = EDGE_CURVE ( 'NONE', #9857, #10108, #4381, .T. ) ;
#1159 = EDGE_CURVE ( 'NONE', #9830, #9857, #4383, .T. ) ;
#1160 = EDGE_CURVE ( 'NONE', #10112, #9830, #4369, .T. ) ;
#1161 = EDGE_CURVE ( 'NONE', #9829, #10128, #4387, .T. ) ;
#1162 = EDGE_CURVE ( 'NONE', #9857, #9829, #4389, .T. ) ;
#1163 = EDGE_CURVE ( 'NONE', #9828, #10124, #4391, .T. ) ;
#1164 = EDGE_CURVE ( 'NONE', #9829, #9828, #4393, .T. ) ;
#1165 = EDGE_CURVE ( 'NONE', #9828, #9830, #4395, .T. ) ;
#1166 = EDGE_CURVE ( 'NONE', #9854, #10080, #4397, .T. ) ;
#1167 = EDGE_CURVE ( 'NONE', #9856, #9854, #4399, .T. ) ;
#1168 = EDGE_CURVE ( 'NONE', #10084, #9856, #4385, .T. ) ;
#1169 = EDGE_CURVE ( 'NONE', #9853, #10098, #4403, .T. ) ;
#1170 = EDGE_CURVE ( 'NONE', #9854, #9853, #4405, .T. ) ;
#1171 = EDGE_CURVE ( 'NONE', #9855, #10096, #4407, .T. ) ;
#1172 = EDGE_CURVE ( 'NONE', #9853, #9855, #4409, .T. ) ;
#1173 = EDGE_CURVE ( 'NONE', #9855, #9856, #4411, .T. ) ;
#1174 = EDGE_CURVE ( 'NONE', #9850, #10053, #4413, .T. ) ;
#1175 = EDGE_CURVE ( 'NONE', #9852, #9850, #4415, .T. ) ;
#1176 = EDGE_CURVE ( 'NONE', #10052, #9852, #4401, .T. ) ;
#1177 = EDGE_CURVE ( 'NONE', #9849, #10075, #4419, .T. ) ;
#1178 = EDGE_CURVE ( 'NONE', #9850, #9849, #4421, .T. ) ;
#1179 = EDGE_CURVE ( 'NONE', #9851, #10068, #4423, .T. ) ;
#1180 = EDGE_CURVE ( 'NONE', #9849, #9851, #4425, .T. ) ;
#1181 = EDGE_CURVE ( 'NONE', #9851, #9852, #4427, .T. ) ;
#1182 = EDGE_CURVE ( 'NONE', #9847, #10047, #4429, .T. ) ;
#1183 = EDGE_CURVE ( 'NONE', #9845, #9847, #4431, .T. ) ;
#1184 = EDGE_CURVE ( 'NONE', #10026, #9845, #4417, .T. ) ;
#1185 = EDGE_CURVE ( 'NONE', #9826, #10035, #4435, .T. ) ;
#1186 = EDGE_CURVE ( 'NONE', #9847, #9826, #4437, .T. ) ;
#1187 = EDGE_CURVE ( 'NONE', #9848, #10027, #4439, .T. ) ;
#1188 = EDGE_CURVE ( 'NONE', #9826, #9848, #4441, .T. ) ;
#1189 = EDGE_CURVE ( 'NONE', #9848, #9845, #4443, .T. ) ;
#1190 = EDGE_CURVE ( 'NONE', #9846, #9998, #4445, .T. ) ;
#1191 = EDGE_CURVE ( 'NONE', #9873, #9846, #4447, .T. ) ;
#1192 = EDGE_CURVE ( 'NONE', #9991, #9873, #4433, .T. ) ;
#1193 = EDGE_CURVE ( 'NONE', #9844, #10015, #4451, .T. ) ;
#1194 = EDGE_CURVE ( 'NONE', #9846, #9844, #4453, .T. ) ;
#1195 = EDGE_CURVE ( 'NONE', #9871, #9987, #4455, .T. ) ;
#1196 = EDGE_CURVE ( 'NONE', #9844, #9871, #4457, .T. ) ;
#1197 = EDGE_CURVE ( 'NONE', #9871, #9873, #4459, .T. ) ;
#1198 = EDGE_CURVE ( 'NONE', #9842, #9992, #4461, .T. ) ;
#1199 = EDGE_CURVE ( 'NONE', #9872, #9842, #4463, .T. ) ;
#1200 = EDGE_CURVE ( 'NONE', #9979, #9872, #4449, .T. ) ;
#1201 = EDGE_CURVE ( 'NONE', #9870, #9994, #4467, .T. ) ;
#1202 = EDGE_CURVE ( 'NONE', #9842, #9870, #4469, .T. ) ;
#1203 = EDGE_CURVE ( 'NONE', #9867, #9790, #4471, .T. ) ;
#1204 = EDGE_CURVE ( 'NONE', #9870, #9867, #4473, .T. ) ;
#1205 = EDGE_CURVE ( 'NONE', #9867, #9872, #4475, .T. ) ;
#1206 = EDGE_CURVE ( 'NONE', #9843, #9791, #4477, .T. ) ;
#1207 = EDGE_CURVE ( 'NONE', #9868, #9843, #4479, .T. ) ;
#1208 = EDGE_CURVE ( 'NONE', #9798, #9868, #4465, .T. ) ;
#1209 = EDGE_CURVE ( 'NONE', #9866, #9788, #4483, .T. ) ;
#1210 = EDGE_CURVE ( 'NONE', #9843, #9866, #4485, .T. ) ;
#1211 = EDGE_CURVE ( 'NONE', #9863, #9794, #4487, .T. ) ;
#1212 = EDGE_CURVE ( 'NONE', #9866, #9863, #4489, .T. ) ;
#1213 = EDGE_CURVE ( 'NONE', #9863, #9868, #4491, .T. ) ;
#1214 = EDGE_CURVE ( 'NONE', #9862, #9820, #4493, .T. ) ;
#1215 = EDGE_CURVE ( 'NONE', #9861, #9862, #4495, .T. ) ;
#1216 = EDGE_CURVE ( 'NONE', #9823, #9861, #4481, .T. ) ;
#1217 = EDGE_CURVE ( 'NONE', #9865, #9795, #4499, .T. ) ;
#1218 = EDGE_CURVE ( 'NONE', #9862, #9865, #4501, .T. ) ;
#1219 = EDGE_CURVE ( 'NONE', #9864, #9824, #4503, .T. ) ;
#1220 = EDGE_CURVE ( 'NONE', #9865, #9864, #4505, .T. ) ;
#1221 = EDGE_CURVE ( 'NONE', #9864, #9861, #4507, .T. ) ;
#1222 = ORIENTED_EDGE ( 'NONE', *, *, #1011, .F. ) ;
#1223 = ORIENTED_EDGE ( 'NONE', *, *, #1010, .T. ) ;
#1224 = ORIENTED_EDGE ( 'NONE', *, *, #1012, .F. ) ;
#1225 = ORIENTED_EDGE ( 'NONE', *, *, #1013, .F. ) ;
#1226 = ORIENTED_EDGE ( 'NONE', *, *, #1001, .T. ) ;
#1227 = ORIENTED_EDGE ( 'NONE', *, *, #1014, .F. ) ;
#1228 = ORIENTED_EDGE ( 'NONE', *, *, #1015, .F. ) ;
#1229 = ORIENTED_EDGE ( 'NONE', *, *, #1016, .F. ) ;
#1230 = ORIENTED_EDGE ( 'NONE', *, *, #1017, .F. ) ;
#1231 = ORIENTED_EDGE ( 'NONE', *, *, #1018, .F. ) ;
#1232 = ORIENTED_EDGE ( 'NONE', *, *, #1019, .F. ) ;
#1233 = ORIENTED_EDGE ( 'NONE', *, *, #9198, .F. ) ;
#1234 = ORIENTED_EDGE ( 'NONE', *, *, #1020, .F. ) ;
#1235 = ORIENTED_EDGE ( 'NONE', *, *, #1019, .T. ) ;
#1236 = ORIENTED_EDGE ( 'NONE', *, *, #1021, .F. ) ;
#1237 = ORIENTED_EDGE ( 'NONE', *, *, #1022, .F. ) ;
#1238 = ORIENTED_EDGE ( 'NONE', *, *, #9201, .T. ) ;
#1239 = ORIENTED_EDGE ( 'NONE', *, *, #1023, .F. ) ;
#1240 = ORIENTED_EDGE ( 'NONE', *, *, #1024, .F. ) ;
#1241 = ORIENTED_EDGE ( 'NONE', *, *, #1025, .F. ) ;
#1242 = ORIENTED_EDGE ( 'NONE', *, *, #1024, .T. ) ;
#1243 = ORIENTED_EDGE ( 'NONE', *, *, #1026, .F. ) ;
#1244 = ORIENTED_EDGE ( 'NONE', *, *, #1027, .F. ) ;
#1245 = ORIENTED_EDGE ( 'NONE', *, *, #1028, .F. ) ;
#1246 = ORIENTED_EDGE ( 'NONE', *, *, #1027, .T. ) ;
#1247 = ORIENTED_EDGE ( 'NONE', *, *, #1029, .F. ) ;
#1248 = ORIENTED_EDGE ( 'NONE', *, *, #1030, .F. ) ;
#1249 = ORIENTED_EDGE ( 'NONE', *, *, #1031, .F. ) ;
#1250 = ORIENTED_EDGE ( 'NONE', *, *, #1030, .T. ) ;
#1251 = ORIENTED_EDGE ( 'NONE', *, *, #1032, .F. ) ;
#1252 = ORIENTED_EDGE ( 'NONE', *, *, #1033, .F. ) ;
#1253 = ORIENTED_EDGE ( 'NONE', *, *, #1034, .F. ) ;
#1254 = ORIENTED_EDGE ( 'NONE', *, *, #1033, .T. ) ;
#1255 = ORIENTED_EDGE ( 'NONE', *, *, #1035, .F. ) ;
#1256 = ORIENTED_EDGE ( 'NONE', *, *, #1036, .F. ) ;
#1257 = ORIENTED_EDGE ( 'NONE', *, *, #1037, .F. ) ;
#1258 = ORIENTED_EDGE ( 'NONE', *, *, #1036, .T. ) ;
#1259 = ORIENTED_EDGE ( 'NONE', *, *, #1038, .F. ) ;
#1260 = ORIENTED_EDGE ( 'NONE', *, *, #1039, .F. ) ;
#1261 = ORIENTED_EDGE ( 'NONE', *, *, #1040, .F. ) ;
#1262 = ORIENTED_EDGE ( 'NONE', *, *, #1039, .T. ) ;
#1263 = ORIENTED_EDGE ( 'NONE', *, *, #1041, .F. ) ;
#1264 = ORIENTED_EDGE ( 'NONE', *, *, #1042, .F. ) ;
#1265 = ORIENTED_EDGE ( 'NONE', *, *, #1043, .F. ) ;
#1266 = ORIENTED_EDGE ( 'NONE', *, *, #1042, .T. ) ;
#1267 = ORIENTED_EDGE ( 'NONE', *, *, #1044, .F. ) ;
#1268 = ORIENTED_EDGE ( 'NONE', *, *, #1045, .F. ) ;
#1269 = ORIENTED_EDGE ( 'NONE', *, *, #1046, .F. ) ;
#1270 = ORIENTED_EDGE ( 'NONE', *, *, #1047, .F. ) ;
#1271 = ORIENTED_EDGE ( 'NONE', *, *, #1048, .F. ) ;
#1272 = ORIENTED_EDGE ( 'NONE', *, *, #1049, .F. ) ;
#1273 = ORIENTED_EDGE ( 'NONE', *, *, #1050, .F. ) ;
#1274 = ORIENTED_EDGE ( 'NONE', *, *, #1049, .T. ) ;
#1275 = ORIENTED_EDGE ( 'NONE', *, *, #1051, .F. ) ;
#1276 = ORIENTED_EDGE ( 'NONE', *, *, #1052, .F. ) ;
#1277 = ORIENTED_EDGE ( 'NONE', *, *, #9200, .F. ) ;
#1278 = ORIENTED_EDGE ( 'NONE', *, *, #1053, .F. ) ;
#1279 = ORIENTED_EDGE ( 'NONE', *, *, #1052, .T. ) ;
#1280 = ORIENTED_EDGE ( 'NONE', *, *, #1054, .F. ) ;
#1281 = ORIENTED_EDGE ( 'NONE', *, *, #1055, .F. ) ;
#1282 = ORIENTED_EDGE ( 'NONE', *, *, #9199, .T. ) ;
#1283 = ORIENTED_EDGE ( 'NONE', *, *, #1056, .F. ) ;
#1284 = ORIENTED_EDGE ( 'NONE', *, *, #1047, .T. ) ;
#1285 = ORIENTED_EDGE ( 'NONE', *, *, #1057, .F. ) ;
#1286 = ORIENTED_EDGE ( 'NONE', *, *, #1045, .T. ) ;
#1287 = ORIENTED_EDGE ( 'NONE', *, *, #1058, .F. ) ;
#1288 = ORIENTED_EDGE ( 'NONE', *, *, #1059, .F. ) ;
#1289 = ORIENTED_EDGE ( 'NONE', *, *, #1060, .F. ) ;
#1290 = ORIENTED_EDGE ( 'NONE', *, *, #1061, .F. ) ;
#1291 = ORIENTED_EDGE ( 'NONE', *, *, #1062, .F. ) ;
#1292 = ORIENTED_EDGE ( 'NONE', *, *, #1063, .F. ) ;
#1293 = ORIENTED_EDGE ( 'NONE', *, *, #9190, .F. ) ;
#1294 = ORIENTED_EDGE ( 'NONE', *, *, #1064, .F. ) ;
#1295 = ORIENTED_EDGE ( 'NONE', *, *, #1063, .T. ) ;
#1296 = ORIENTED_EDGE ( 'NONE', *, *, #1065, .F. ) ;
#1297 = ORIENTED_EDGE ( 'NONE', *, *, #1066, .F. ) ;
#1298 = ORIENTED_EDGE ( 'NONE', *, *, #9192, .T. ) ;
#1299 = ORIENTED_EDGE ( 'NONE', *, *, #1067, .F. ) ;
#1300 = ORIENTED_EDGE ( 'NONE', *, *, #1068, .F. ) ;
#1301 = ORIENTED_EDGE ( 'NONE', *, *, #1069, .F. ) ;
#1302 = ORIENTED_EDGE ( 'NONE', *, *, #1068, .T. ) ;
#1303 = ORIENTED_EDGE ( 'NONE', *, *, #1070, .F. ) ;
#1304 = ORIENTED_EDGE ( 'NONE', *, *, #1071, .F. ) ;
#1305 = ORIENTED_EDGE ( 'NONE', *, *, #1072, .F. ) ;
#1306 = ORIENTED_EDGE ( 'NONE', *, *, #1071, .T. ) ;
#1307 = ORIENTED_EDGE ( 'NONE', *, *, #1073, .F. ) ;
#1308 = ORIENTED_EDGE ( 'NONE', *, *, #1074, .F. ) ;
#1309 = ORIENTED_EDGE ( 'NONE', *, *, #1075, .F. ) ;
#1310 = ORIENTED_EDGE ( 'NONE', *, *, #1074, .T. ) ;
#1311 = ORIENTED_EDGE ( 'NONE', *, *, #1076, .F. ) ;
#1312 = ORIENTED_EDGE ( 'NONE', *, *, #1077, .F. ) ;
#1313 = ORIENTED_EDGE ( 'NONE', *, *, #1078, .F. ) ;
#1314 = ORIENTED_EDGE ( 'NONE', *, *, #1077, .T. ) ;
#1315 = ORIENTED_EDGE ( 'NONE', *, *, #1079, .F. ) ;
#1316 = ORIENTED_EDGE ( 'NONE', *, *, #1080, .F. ) ;
#1317 = ORIENTED_EDGE ( 'NONE', *, *, #1081, .F. ) ;
#1318 = ORIENTED_EDGE ( 'NONE', *, *, #1080, .T. ) ;
#1319 = ORIENTED_EDGE ( 'NONE', *, *, #1082, .F. ) ;
#1320 = ORIENTED_EDGE ( 'NONE', *, *, #1083, .F. ) ;
#1321 = ORIENTED_EDGE ( 'NONE', *, *, #1084, .F. ) ;
#1322 = ORIENTED_EDGE ( 'NONE', *, *, #1083, .T. ) ;
#1323 = ORIENTED_EDGE ( 'NONE', *, *, #1085, .F. ) ;
#1324 = ORIENTED_EDGE ( 'NONE', *, *, #1086, .F. ) ;
#1325 = ORIENTED_EDGE ( 'NONE', *, *, #1087, .F. ) ;
#1326 = ORIENTED_EDGE ( 'NONE', *, *, #1086, .T. ) ;
#1327 = ORIENTED_EDGE ( 'NONE', *, *, #1088, .F. ) ;
#1328 = ORIENTED_EDGE ( 'NONE', *, *, #1089, .F. ) ;
#1329 = ORIENTED_EDGE ( 'NONE', *, *, #1090, .F. ) ;
#1330 = ORIENTED_EDGE ( 'NONE', *, *, #1091, .F. ) ;
#1331 = ORIENTED_EDGE ( 'NONE', *, *, #1092, .F. ) ;
#1332 = ORIENTED_EDGE ( 'NONE', *, *, #1093, .F. ) ;
#1333 = ORIENTED_EDGE ( 'NONE', *, *, #1094, .F. ) ;
#1334 = ORIENTED_EDGE ( 'NONE', *, *, #1093, .T. ) ;
#1335 = ORIENTED_EDGE ( 'NONE', *, *, #1095, .F. ) ;
#1336 = ORIENTED_EDGE ( 'NONE', *, *, #1096, .F. ) ;
#1337 = ORIENTED_EDGE ( 'NONE', *, *, #9186, .F. ) ;
#1338 = ORIENTED_EDGE ( 'NONE', *, *, #1097, .F. ) ;
#1339 = ORIENTED_EDGE ( 'NONE', *, *, #1096, .T. ) ;
#1340 = ORIENTED_EDGE ( 'NONE', *, *, #1098, .F. ) ;
#1341 = ORIENTED_EDGE ( 'NONE', *, *, #1099, .F. ) ;
#1342 = ORIENTED_EDGE ( 'NONE', *, *, #9188, .T. ) ;
#1343 = ORIENTED_EDGE ( 'NONE', *, *, #1100, .F. ) ;
#1344 = ORIENTED_EDGE ( 'NONE', *, *, #1091, .T. ) ;
#1345 = ORIENTED_EDGE ( 'NONE', *, *, #1101, .F. ) ;
#1346 = ORIENTED_EDGE ( 'NONE', *, *, #1089, .T. ) ;
#1347 = ORIENTED_EDGE ( 'NONE', *, *, #1102, .F. ) ;
#1348 = ORIENTED_EDGE ( 'NONE', *, *, #1103, .F. ) ;
#1349 = ORIENTED_EDGE ( 'NONE', *, *, #1104, .F. ) ;
#1350 = ORIENTED_EDGE ( 'NONE', *, *, #1105, .F. ) ;
#1351 = ORIENTED_EDGE ( 'NONE', *, *, #1106, .F. ) ;
#1352 = ORIENTED_EDGE ( 'NONE', *, *, #1107, .F. ) ;
#1353 = ORIENTED_EDGE ( 'NONE', *, *, #1108, .F. ) ;
#1354 = ORIENTED_EDGE ( 'NONE', *, *, #1109, .T. ) ;
#1355 = ORIENTED_EDGE ( 'NONE', *, *, #112, .T. ) ;
#1356 = ORIENTED_EDGE ( 'NONE', *, *, #1110, .T. ) ;
#1357 = ORIENTED_EDGE ( 'NONE', *, *, #1111, .F. ) ;
#1358 = ORIENTED_EDGE ( 'NONE', *, *, #114, .T. ) ;
#1359 = ORIENTED_EDGE ( 'NONE', *, *, #1112, .F. ) ;
#1360 = ORIENTED_EDGE ( 'NONE', *, *, #1113, .F. ) ;
#1361 = ORIENTED_EDGE ( 'NONE', *, *, #1114, .F. ) ;
#1362 = ORIENTED_EDGE ( 'NONE', *, *, #1115, .F. ) ;
#1363 = ORIENTED_EDGE ( 'NONE', *, *, #1116, .F. ) ;
#1364 = ORIENTED_EDGE ( 'NONE', *, *, #1117, .T. ) ;
#1365 = ORIENTED_EDGE ( 'NONE', *, *, #118, .T. ) ;
#1366 = ORIENTED_EDGE ( 'NONE', *, *, #1118, .T. ) ;
#1367 = ORIENTED_EDGE ( 'NONE', *, *, #1119, .F. ) ;
#1368 = ORIENTED_EDGE ( 'NONE', *, *, #116, .T. ) ;
#1369 = ORIENTED_EDGE ( 'NONE', *, *, #131, .T. ) ;
#1370 = ORIENTED_EDGE ( 'NONE', *, *, #136, .T. ) ;
#1371 = ORIENTED_EDGE ( 'NONE', *, *, #1120, .F. ) ;
#1372 = ORIENTED_EDGE ( 'NONE', *, *, #1121, .F. ) ;
#1373 = ORIENTED_EDGE ( 'NONE', *, *, #1122, .F. ) ;
#1374 = ORIENTED_EDGE ( 'NONE', *, *, #194, .T. ) ;
#1375 = ORIENTED_EDGE ( 'NONE', *, *, #191, .T. ) ;
#1376 = ORIENTED_EDGE ( 'NONE', *, *, #188, .T. ) ;
#1377 = ORIENTED_EDGE ( 'NONE', *, *, #187, .T. ) ;
#1378 = ORIENTED_EDGE ( 'NONE', *, *, #178, .T. ) ;
#1379 = ORIENTED_EDGE ( 'NONE', *, *, #121, .T. ) ;
#1380 = ORIENTED_EDGE ( 'NONE', *, *, #123, .T. ) ;
#1381 = ORIENTED_EDGE ( 'NONE', *, *, #126, .T. ) ;
#1382 = ORIENTED_EDGE ( 'NONE', *, *, #1123, .F. ) ;
#1383 = ORIENTED_EDGE ( 'NONE', *, *, #128, .T. ) ;
#1384 = ORIENTED_EDGE ( 'NONE', *, *, #1124, .F. ) ;
#1385 = ORIENTED_EDGE ( 'NONE', *, *, #1125, .F. ) ;
#1386 = ORIENTED_EDGE ( 'NONE', *, *, #1120, .T. ) ;
#1387 = ORIENTED_EDGE ( 'NONE', *, *, #135, .F. ) ;
#1388 = ORIENTED_EDGE ( 'NONE', *, *, #137, .T. ) ;
#1389 = ORIENTED_EDGE ( 'NONE', *, *, #129, .F. ) ;
#1390 = ORIENTED_EDGE ( 'NONE', *, *, #1123, .T. ) ;
#1391 = ORIENTED_EDGE ( 'NONE', *, *, #125, .F. ) ;
#1392 = ORIENTED_EDGE ( 'NONE', *, *, #84, .F. ) ;
#1393 = ORIENTED_EDGE ( 'NONE', *, *, #177, .T. ) ;
#1394 = ORIENTED_EDGE ( 'NONE', *, *, #79, .F. ) ;
#1395 = ORIENTED_EDGE ( 'NONE', *, *, #144, .T. ) ;
#1396 = ORIENTED_EDGE ( 'NONE', *, *, #1126, .F. ) ;
#1397 = ORIENTED_EDGE ( 'NONE', *, *, #154, .T. ) ;
#1398 = ORIENTED_EDGE ( 'NONE', *, *, #140, .T. ) ;
#1399 = ORIENTED_EDGE ( 'NONE', *, *, #151, .T. ) ;
#1400 = ORIENTED_EDGE ( 'NONE', *, *, #152, .T. ) ;
#1401 = ORIENTED_EDGE ( 'NONE', *, *, #155, .T. ) ;
#1402 = ORIENTED_EDGE ( 'NONE', *, *, #1126, .T. ) ;
#1403 = ORIENTED_EDGE ( 'NONE', *, *, #143, .T. ) ;
#1404 = ORIENTED_EDGE ( 'NONE', *, *, #145, .T. ) ;
#1405 = ORIENTED_EDGE ( 'NONE', *, *, #148, .T. ) ;
#1406 = ORIENTED_EDGE ( 'NONE', *, *, #176, .T. ) ;
#1407 = ORIENTED_EDGE ( 'NONE', *, *, #167, .T. ) ;
#1408 = ORIENTED_EDGE ( 'NONE', *, *, #164, .T. ) ;
#1409 = ORIENTED_EDGE ( 'NONE', *, *, #161, .T. ) ;
#1410 = ORIENTED_EDGE ( 'NONE', *, *, #157, .T. ) ;
#1411 = ORIENTED_EDGE ( 'NONE', *, *, #1127, .F. ) ;
#1412 = ORIENTED_EDGE ( 'NONE', *, *, #1128, .F. ) ;
#1413 = ORIENTED_EDGE ( 'NONE', *, *, #1124, .T. ) ;
#1414 = ORIENTED_EDGE ( 'NONE', *, *, #150, .T. ) ;
#1415 = ORIENTED_EDGE ( 'NONE', *, *, #160, .T. ) ;
#1416 = ORIENTED_EDGE ( 'NONE', *, *, #1129, .F. ) ;
#1417 = ORIENTED_EDGE ( 'NONE', *, *, #1130, .F. ) ;
#1418 = ORIENTED_EDGE ( 'NONE', *, *, #1127, .T. ) ;
#1419 = ORIENTED_EDGE ( 'NONE', *, *, #166, .T. ) ;
#1420 = ORIENTED_EDGE ( 'NONE', *, *, #169, .T. ) ;
#1421 = ORIENTED_EDGE ( 'NONE', *, *, #184, .T. ) ;
#1422 = ORIENTED_EDGE ( 'NONE', *, *, #200, .T. ) ;
#1423 = ORIENTED_EDGE ( 'NONE', *, *, #1131, .F. ) ;
#1424 = ORIENTED_EDGE ( 'NONE', *, *, #156, .T. ) ;
#1425 = ORIENTED_EDGE ( 'NONE', *, *, #1132, .F. ) ;
#1426 = ORIENTED_EDGE ( 'NONE', *, *, #1129, .T. ) ;
#1427 = ORIENTED_EDGE ( 'NONE', *, *, #159, .T. ) ;
#1428 = ORIENTED_EDGE ( 'NONE', *, *, #163, .T. ) ;
#1429 = ORIENTED_EDGE ( 'NONE', *, *, #174, .T. ) ;
#1430 = ORIENTED_EDGE ( 'NONE', *, *, #1133, .F. ) ;
#1431 = ORIENTED_EDGE ( 'NONE', *, *, #1134, .F. ) ;
#1432 = ORIENTED_EDGE ( 'NONE', *, *, #198, .T. ) ;
#1433 = ORIENTED_EDGE ( 'NONE', *, *, #173, .T. ) ;
#1434 = ORIENTED_EDGE ( 'NONE', *, *, #1135, .F. ) ;
#1435 = ORIENTED_EDGE ( 'NONE', *, *, #1136, .F. ) ;
#1436 = ORIENTED_EDGE ( 'NONE', *, *, #1133, .T. ) ;
#1437 = ORIENTED_EDGE ( 'NONE', *, *, #172, .T. ) ;
#1438 = ORIENTED_EDGE ( 'NONE', *, *, #203, .T. ) ;
#1439 = ORIENTED_EDGE ( 'NONE', *, *, #1137, .F. ) ;
#1440 = ORIENTED_EDGE ( 'NONE', *, *, #1135, .T. ) ;
#1441 = ORIENTED_EDGE ( 'NONE', *, *, #1138, .F. ) ;
#1442 = ORIENTED_EDGE ( 'NONE', *, *, #201, .T. ) ;
#1443 = ORIENTED_EDGE ( 'NONE', *, *, #180, .T. ) ;
#1444 = ORIENTED_EDGE ( 'NONE', *, *, #186, .T. ) ;
#1445 = ORIENTED_EDGE ( 'NONE', *, *, #190, .T. ) ;
#1446 = ORIENTED_EDGE ( 'NONE', *, *, #193, .T. ) ;
#1447 = ORIENTED_EDGE ( 'NONE', *, *, #196, .T. ) ;
#1448 = ORIENTED_EDGE ( 'NONE', *, *, #1139, .F. ) ;
#1449 = ORIENTED_EDGE ( 'NONE', *, *, #1140, .F. ) ;
#1450 = ORIENTED_EDGE ( 'NONE', *, *, #197, .T. ) ;
#1451 = ORIENTED_EDGE ( 'NONE', *, *, #195, .F. ) ;
#1452 = ORIENTED_EDGE ( 'NONE', *, *, #1122, .T. ) ;
#1453 = ORIENTED_EDGE ( 'NONE', *, *, #1141, .F. ) ;
#1454 = ORIENTED_EDGE ( 'NONE', *, *, #1139, .T. ) ;
#1455 = ORIENTED_EDGE ( 'NONE', *, *, #207, .T. ) ;
#1456 = ORIENTED_EDGE ( 'NONE', *, *, #1142, .F. ) ;
#1457 = ORIENTED_EDGE ( 'NONE', *, *, #1143, .F. ) ;
#1458 = ORIENTED_EDGE ( 'NONE', *, *, #1144, .F. ) ;
#1459 = ORIENTED_EDGE ( 'NONE', *, *, #206, .T. ) ;
#1460 = ORIENTED_EDGE ( 'NONE', *, *, #1145, .F. ) ;
#1461 = ORIENTED_EDGE ( 'NONE', *, *, #1146, .F. ) ;
#1462 = ORIENTED_EDGE ( 'NONE', *, *, #1142, .T. ) ;
#1463 = ORIENTED_EDGE ( 'NONE', *, *, #205, .T. ) ;
#1464 = ORIENTED_EDGE ( 'NONE', *, *, #1147, .F. ) ;
#1465 = ORIENTED_EDGE ( 'NONE', *, *, #1148, .F. ) ;
#1466 = ORIENTED_EDGE ( 'NONE', *, *, #1145, .T. ) ;
#1467 = ORIENTED_EDGE ( 'NONE', *, *, #204, .F. ) ;
#1468 = ORIENTED_EDGE ( 'NONE', *, *, #1144, .T. ) ;
#1469 = ORIENTED_EDGE ( 'NONE', *, *, #1149, .F. ) ;
#1470 = ORIENTED_EDGE ( 'NONE', *, *, #1147, .T. ) ;
#1471 = ORIENTED_EDGE ( 'NONE', *, *, #1150, .F. ) ;
#1472 = ORIENTED_EDGE ( 'NONE', *, *, #1151, .F. ) ;
#1473 = ORIENTED_EDGE ( 'NONE', *, *, #209, .T. ) ;
#1474 = ORIENTED_EDGE ( 'NONE', *, *, #1152, .F. ) ;
#1475 = ORIENTED_EDGE ( 'NONE', *, *, #1153, .F. ) ;
#1476 = ORIENTED_EDGE ( 'NONE', *, *, #1152, .T. ) ;
#1477 = ORIENTED_EDGE ( 'NONE', *, *, #208, .T. ) ;
#1478 = ORIENTED_EDGE ( 'NONE', *, *, #1154, .F. ) ;
#1479 = ORIENTED_EDGE ( 'NONE', *, *, #1155, .F. ) ;
#1480 = ORIENTED_EDGE ( 'NONE', *, *, #1154, .T. ) ;
#1481 = ORIENTED_EDGE ( 'NONE', *, *, #211, .T. ) ;
#1482 = ORIENTED_EDGE ( 'NONE', *, *, #1156, .F. ) ;
#1483 = ORIENTED_EDGE ( 'NONE', *, *, #1157, .F. ) ;
#1484 = ORIENTED_EDGE ( 'NONE', *, *, #1156, .T. ) ;
#1485 = ORIENTED_EDGE ( 'NONE', *, *, #210, .F. ) ;
#1486 = ORIENTED_EDGE ( 'NONE', *, *, #1151, .T. ) ;
#1487 = ORIENTED_EDGE ( 'NONE', *, *, #1158, .F. ) ;
#1488 = ORIENTED_EDGE ( 'NONE', *, *, #1159, .F. ) ;
#1489 = ORIENTED_EDGE ( 'NONE', *, *, #1160, .F. ) ;
#1490 = ORIENTED_EDGE ( 'NONE', *, *, #243, .T. ) ;
#1491 = ORIENTED_EDGE ( 'NONE', *, *, #245, .T. ) ;
#1492 = ORIENTED_EDGE ( 'NONE', *, *, #254, .T. ) ;
#1493 = ORIENTED_EDGE ( 'NONE', *, *, #251, .T. ) ;
#1494 = ORIENTED_EDGE ( 'NONE', *, *, #13, .T. ) ;
#1495 = ORIENTED_EDGE ( 'NONE', *, *, #249, .T. ) ;
#1496 = ORIENTED_EDGE ( 'NONE', *, *, #219, .T. ) ;
#1497 = ORIENTED_EDGE ( 'NONE', *, *, #216, .T. ) ;
#1498 = ORIENTED_EDGE ( 'NONE', *, *, #212, .T. ) ;
#1499 = ORIENTED_EDGE ( 'NONE', *, *, #1161, .F. ) ;
#1500 = ORIENTED_EDGE ( 'NONE', *, *, #1162, .F. ) ;
#1501 = ORIENTED_EDGE ( 'NONE', *, *, #1158, .T. ) ;
#1502 = ORIENTED_EDGE ( 'NONE', *, *, #242, .T. ) ;
#1503 = ORIENTED_EDGE ( 'NONE', *, *, #239, .T. ) ;
#1504 = ORIENTED_EDGE ( 'NONE', *, *, #17, .T. ) ;
#1505 = ORIENTED_EDGE ( 'NONE', *, *, #237, .T. ) ;
#1506 = ORIENTED_EDGE ( 'NONE', *, *, #234, .T. ) ;
#1507 = ORIENTED_EDGE ( 'NONE', *, *, #231, .T. ) ;
#1508 = ORIENTED_EDGE ( 'NONE', *, *, #228, .T. ) ;
#1509 = ORIENTED_EDGE ( 'NONE', *, *, #225, .T. ) ;
#1510 = ORIENTED_EDGE ( 'NONE', *, *, #222, .T. ) ;
#1511 = ORIENTED_EDGE ( 'NONE', *, *, #1161, .T. ) ;
#1512 = ORIENTED_EDGE ( 'NONE', *, *, #215, .T. ) ;
#1513 = ORIENTED_EDGE ( 'NONE', *, *, #1163, .F. ) ;
#1514 = ORIENTED_EDGE ( 'NONE', *, *, #1164, .F. ) ;
#1515 = ORIENTED_EDGE ( 'NONE', *, *, #15, .T. ) ;
#1516 = ORIENTED_EDGE ( 'NONE', *, *, #253, .T. ) ;
#1517 = ORIENTED_EDGE ( 'NONE', *, *, #255, .T. ) ;
#1518 = ORIENTED_EDGE ( 'NONE', *, *, #247, .T. ) ;
#1519 = ORIENTED_EDGE ( 'NONE', *, *, #250, .T. ) ;
#1520 = ORIENTED_EDGE ( 'NONE', *, *, #244, .T. ) ;
#1521 = ORIENTED_EDGE ( 'NONE', *, *, #1160, .T. ) ;
#1522 = ORIENTED_EDGE ( 'NONE', *, *, #1165, .F. ) ;
#1523 = ORIENTED_EDGE ( 'NONE', *, *, #1163, .T. ) ;
#1524 = ORIENTED_EDGE ( 'NONE', *, *, #214, .T. ) ;
#1525 = ORIENTED_EDGE ( 'NONE', *, *, #218, .T. ) ;
#1526 = ORIENTED_EDGE ( 'NONE', *, *, #221, .T. ) ;
#1527 = ORIENTED_EDGE ( 'NONE', *, *, #224, .T. ) ;
#1528 = ORIENTED_EDGE ( 'NONE', *, *, #227, .T. ) ;
#1529 = ORIENTED_EDGE ( 'NONE', *, *, #230, .T. ) ;
#1530 = ORIENTED_EDGE ( 'NONE', *, *, #233, .T. ) ;
#1531 = ORIENTED_EDGE ( 'NONE', *, *, #236, .T. ) ;
#1532 = ORIENTED_EDGE ( 'NONE', *, *, #238, .T. ) ;
#1533 = ORIENTED_EDGE ( 'NONE', *, *, #19, .T. ) ;
#1534 = ORIENTED_EDGE ( 'NONE', *, *, #241, .T. ) ;
#1535 = ORIENTED_EDGE ( 'NONE', *, *, #1166, .F. ) ;
#1536 = ORIENTED_EDGE ( 'NONE', *, *, #1167, .F. ) ;
#1537 = ORIENTED_EDGE ( 'NONE', *, *, #1168, .F. ) ;
#1538 = ORIENTED_EDGE ( 'NONE', *, *, #287, .T. ) ;
#1539 = ORIENTED_EDGE ( 'NONE', *, *, #289, .T. ) ;
#1540 = ORIENTED_EDGE ( 'NONE', *, *, #298, .T. ) ;
#1541 = ORIENTED_EDGE ( 'NONE', *, *, #295, .T. ) ;
#1542 = ORIENTED_EDGE ( 'NONE', *, *, #292, .T. ) ;
#1543 = ORIENTED_EDGE ( 'NONE', *, *, #5, .T. ) ;
#1544 = ORIENTED_EDGE ( 'NONE', *, *, #263, .T. ) ;
#1545 = ORIENTED_EDGE ( 'NONE', *, *, #260, .T. ) ;
#1546 = ORIENTED_EDGE ( 'NONE', *, *, #256, .T. ) ;
#1547 = ORIENTED_EDGE ( 'NONE', *, *, #1169, .F. ) ;
#1548 = ORIENTED_EDGE ( 'NONE', *, *, #1170, .F. ) ;
#1549 = ORIENTED_EDGE ( 'NONE', *, *, #1166, .T. ) ;
#1550 = ORIENTED_EDGE ( 'NONE', *, *, #286, .T. ) ;
#1551 = ORIENTED_EDGE ( 'NONE', *, *, #283, .T. ) ;
#1552 = ORIENTED_EDGE ( 'NONE', *, *, #9, .T. ) ;
#1553 = ORIENTED_EDGE ( 'NONE', *, *, #281, .T. ) ;
#1554 = ORIENTED_EDGE ( 'NONE', *, *, #278, .T. ) ;
#1555 = ORIENTED_EDGE ( 'NONE', *, *, #275, .T. ) ;
#1556 = ORIENTED_EDGE ( 'NONE', *, *, #272, .T. ) ;
#1557 = ORIENTED_EDGE ( 'NONE', *, *, #269, .T. ) ;
#1558 = ORIENTED_EDGE ( 'NONE', *, *, #266, .T. ) ;
#1559 = ORIENTED_EDGE ( 'NONE', *, *, #1169, .T. ) ;
#1560 = ORIENTED_EDGE ( 'NONE', *, *, #259, .T. ) ;
#1561 = ORIENTED_EDGE ( 'NONE', *, *, #1171, .F. ) ;
#1562 = ORIENTED_EDGE ( 'NONE', *, *, #1172, .F. ) ;
#1563 = ORIENTED_EDGE ( 'NONE', *, *, #297, .T. ) ;
#1564 = ORIENTED_EDGE ( 'NONE', *, *, #299, .T. ) ;
#1565 = ORIENTED_EDGE ( 'NONE', *, *, #290, .T. ) ;
#1566 = ORIENTED_EDGE ( 'NONE', *, *, #7, .T. ) ;
#1567 = ORIENTED_EDGE ( 'NONE', *, *, #294, .T. ) ;
#1568 = ORIENTED_EDGE ( 'NONE', *, *, #288, .T. ) ;
#1569 = ORIENTED_EDGE ( 'NONE', *, *, #1168, .T. ) ;
#1570 = ORIENTED_EDGE ( 'NONE', *, *, #1173, .F. ) ;
#1571 = ORIENTED_EDGE ( 'NONE', *, *, #1171, .T. ) ;
#1572 = ORIENTED_EDGE ( 'NONE', *, *, #258, .T. ) ;
#1573 = ORIENTED_EDGE ( 'NONE', *, *, #262, .T. ) ;
#1574 = ORIENTED_EDGE ( 'NONE', *, *, #265, .T. ) ;
#1575 = ORIENTED_EDGE ( 'NONE', *, *, #268, .T. ) ;
#1576 = ORIENTED_EDGE ( 'NONE', *, *, #271, .T. ) ;
#1577 = ORIENTED_EDGE ( 'NONE', *, *, #274, .T. ) ;
#1578 = ORIENTED_EDGE ( 'NONE', *, *, #277, .T. ) ;
#1579 = ORIENTED_EDGE ( 'NONE', *, *, #280, .T. ) ;
#1580 = ORIENTED_EDGE ( 'NONE', *, *, #282, .T. ) ;
#1581 = ORIENTED_EDGE ( 'NONE', *, *, #11, .T. ) ;
#1582 = ORIENTED_EDGE ( 'NONE', *, *, #285, .T. ) ;
#1583 = ORIENTED_EDGE ( 'NONE', *, *, #1174, .F. ) ;
#1584 = ORIENTED_EDGE ( 'NONE', *, *, #1175, .F. ) ;
#1585 = ORIENTED_EDGE ( 'NONE', *, *, #1176, .F. ) ;
#1586 = ORIENTED_EDGE ( 'NONE', *, *, #331, .T. ) ;
#1587 = ORIENTED_EDGE ( 'NONE', *, *, #333, .T. ) ;
#1588 = ORIENTED_EDGE ( 'NONE', *, *, #342, .T. ) ;
#1589 = ORIENTED_EDGE ( 'NONE', *, *, #339, .T. ) ;
#1590 = ORIENTED_EDGE ( 'NONE', *, *, #336, .T. ) ;
#1591 = ORIENTED_EDGE ( 'NONE', *, *, #9724, .T. ) ;
#1592 = ORIENTED_EDGE ( 'NONE', *, *, #307, .T. ) ;
#1593 = ORIENTED_EDGE ( 'NONE', *, *, #304, .T. ) ;
#1594 = ORIENTED_EDGE ( 'NONE', *, *, #300, .T. ) ;
#1595 = ORIENTED_EDGE ( 'NONE', *, *, #1177, .F. ) ;
#1596 = ORIENTED_EDGE ( 'NONE', *, *, #1178, .F. ) ;
#1597 = ORIENTED_EDGE ( 'NONE', *, *, #1174, .T. ) ;
#1598 = ORIENTED_EDGE ( 'NONE', *, *, #330, .T. ) ;
#1599 = ORIENTED_EDGE ( 'NONE', *, *, #327, .T. ) ;
#1600 = ORIENTED_EDGE ( 'NONE', *, *, #1, .T. ) ;
#1601 = ORIENTED_EDGE ( 'NONE', *, *, #325, .T. ) ;
#1602 = ORIENTED_EDGE ( 'NONE', *, *, #322, .T. ) ;
#1603 = ORIENTED_EDGE ( 'NONE', *, *, #319, .T. ) ;
#1604 = ORIENTED_EDGE ( 'NONE', *, *, #316, .T. ) ;
#1605 = ORIENTED_EDGE ( 'NONE', *, *, #313, .T. ) ;
#1606 = ORIENTED_EDGE ( 'NONE', *, *, #310, .T. ) ;
#1607 = ORIENTED_EDGE ( 'NONE', *, *, #1177, .T. ) ;
#1608 = ORIENTED_EDGE ( 'NONE', *, *, #303, .T. ) ;
#1609 = ORIENTED_EDGE ( 'NONE', *, *, #1179, .F. ) ;
#1610 = ORIENTED_EDGE ( 'NONE', *, *, #1180, .F. ) ;
#1611 = ORIENTED_EDGE ( 'NONE', *, *, #341, .T. ) ;
#1612 = ORIENTED_EDGE ( 'NONE', *, *, #343, .T. ) ;
#1613 = ORIENTED_EDGE ( 'NONE', *, *, #334, .T. ) ;
#1614 = ORIENTED_EDGE ( 'NONE', *, *, #9726, .T. ) ;
#1615 = ORIENTED_EDGE ( 'NONE', *, *, #338, .T. ) ;
#1616 = ORIENTED_EDGE ( 'NONE', *, *, #332, .T. ) ;
#1617 = ORIENTED_EDGE ( 'NONE', *, *, #1176, .T. ) ;
#1618 = ORIENTED_EDGE ( 'NONE', *, *, #1181, .F. ) ;
#1619 = ORIENTED_EDGE ( 'NONE', *, *, #1179, .T. ) ;
#1620 = ORIENTED_EDGE ( 'NONE', *, *, #302, .T. ) ;
#1621 = ORIENTED_EDGE ( 'NONE', *, *, #306, .T. ) ;
#1622 = ORIENTED_EDGE ( 'NONE', *, *, #309, .T. ) ;
#1623 = ORIENTED_EDGE ( 'NONE', *, *, #312, .T. ) ;
#1624 = ORIENTED_EDGE ( 'NONE', *, *, #315, .T. ) ;
#1625 = ORIENTED_EDGE ( 'NONE', *, *, #318, .T. ) ;
#1626 = ORIENTED_EDGE ( 'NONE', *, *, #321, .T. ) ;
#1627 = ORIENTED_EDGE ( 'NONE', *, *, #324, .T. ) ;
#1628 = ORIENTED_EDGE ( 'NONE', *, *, #326, .T. ) ;
#1629 = ORIENTED_EDGE ( 'NONE', *, *, #3, .T. ) ;
#1630 = ORIENTED_EDGE ( 'NONE', *, *, #329, .T. ) ;
#1631 = ORIENTED_EDGE ( 'NONE', *, *, #374, .T. ) ;
#1632 = ORIENTED_EDGE ( 'NONE', *, *, #967, .T. ) ;
#1633 = ORIENTED_EDGE ( 'NONE', *, *, #380, .T. ) ;
#1634 = ORIENTED_EDGE ( 'NONE', *, *, #377, .T. ) ;
#1635 = ORIENTED_EDGE ( 'NONE', *, *, #9716, .T. ) ;
#1636 = ORIENTED_EDGE ( 'NONE', *, *, #351, .T. ) ;
#1637 = ORIENTED_EDGE ( 'NONE', *, *, #348, .T. ) ;
#1638 = ORIENTED_EDGE ( 'NONE', *, *, #344, .T. ) ;
#1639 = ORIENTED_EDGE ( 'NONE', *, *, #1182, .F. ) ;
#1640 = ORIENTED_EDGE ( 'NONE', *, *, #1183, .F. ) ;
#1641 = ORIENTED_EDGE ( 'NONE', *, *, #1184, .F. ) ;
#1642 = ORIENTED_EDGE ( 'NONE', *, *, #969, .T. ) ;
#1643 = ORIENTED_EDGE ( 'NONE', *, *, #371, .T. ) ;
#1644 = ORIENTED_EDGE ( 'NONE', *, *, #9720, .T. ) ;
#1645 = ORIENTED_EDGE ( 'NONE', *, *, #369, .T. ) ;
#1646 = ORIENTED_EDGE ( 'NONE', *, *, #366, .T. ) ;
#1647 = ORIENTED_EDGE ( 'NONE', *, *, #363, .T. ) ;
#1648 = ORIENTED_EDGE ( 'NONE', *, *, #360, .T. ) ;
#1649 = ORIENTED_EDGE ( 'NONE', *, *, #357, .T. ) ;
#1650 = ORIENTED_EDGE ( 'NONE', *, *, #354, .T. ) ;
#1651 = ORIENTED_EDGE ( 'NONE', *, *, #1182, .T. ) ;
#1652 = ORIENTED_EDGE ( 'NONE', *, *, #347, .T. ) ;
#1653 = ORIENTED_EDGE ( 'NONE', *, *, #1185, .F. ) ;
#1654 = ORIENTED_EDGE ( 'NONE', *, *, #1186, .F. ) ;
#1655 = ORIENTED_EDGE ( 'NONE', *, *, #382, .T. ) ;
#1656 = ORIENTED_EDGE ( 'NONE', *, *, #968, .T. ) ;
#1657 = ORIENTED_EDGE ( 'NONE', *, *, #375, .T. ) ;
#1658 = ORIENTED_EDGE ( 'NONE', *, *, #9718, .T. ) ;
#1659 = ORIENTED_EDGE ( 'NONE', *, *, #379, .T. ) ;
#1660 = ORIENTED_EDGE ( 'NONE', *, *, #971, .T. ) ;
#1661 = ORIENTED_EDGE ( 'NONE', *, *, #1187, .F. ) ;
#1662 = ORIENTED_EDGE ( 'NONE', *, *, #1188, .F. ) ;
#1663 = ORIENTED_EDGE ( 'NONE', *, *, #1185, .T. ) ;
#1664 = ORIENTED_EDGE ( 'NONE', *, *, #346, .T. ) ;
#1665 = ORIENTED_EDGE ( 'NONE', *, *, #350, .T. ) ;
#1666 = ORIENTED_EDGE ( 'NONE', *, *, #353, .T. ) ;
#1667 = ORIENTED_EDGE ( 'NONE', *, *, #356, .T. ) ;
#1668 = ORIENTED_EDGE ( 'NONE', *, *, #359, .T. ) ;
#1669 = ORIENTED_EDGE ( 'NONE', *, *, #362, .T. ) ;
#1670 = ORIENTED_EDGE ( 'NONE', *, *, #365, .T. ) ;
#1671 = ORIENTED_EDGE ( 'NONE', *, *, #368, .T. ) ;
#1672 = ORIENTED_EDGE ( 'NONE', *, *, #370, .T. ) ;
#1673 = ORIENTED_EDGE ( 'NONE', *, *, #9722, .T. ) ;
#1674 = ORIENTED_EDGE ( 'NONE', *, *, #373, .T. ) ;
#1675 = ORIENTED_EDGE ( 'NONE', *, *, #1184, .T. ) ;
#1676 = ORIENTED_EDGE ( 'NONE', *, *, #1189, .F. ) ;
#1677 = ORIENTED_EDGE ( 'NONE', *, *, #1187, .T. ) ;
#1678 = ORIENTED_EDGE ( 'NONE', *, *, #970, .T. ) ;
#1679 = ORIENTED_EDGE ( 'NONE', *, *, #1003, .T. ) ;
#1680 = ORIENTED_EDGE ( 'NONE', *, *, #9202, .T. ) ;
#1681 = ORIENTED_EDGE ( 'NONE', *, *, #1012, .T. ) ;
#1682 = ORIENTED_EDGE ( 'NONE', *, *, #1009, .T. ) ;
#1683 = ORIENTED_EDGE ( 'NONE', *, *, #1006, .T. ) ;
#1684 = ORIENTED_EDGE ( 'NONE', *, *, #974, .T. ) ;
#1685 = ORIENTED_EDGE ( 'NONE', *, *, #1190, .F. ) ;
#1686 = ORIENTED_EDGE ( 'NONE', *, *, #1191, .F. ) ;
#1687 = ORIENTED_EDGE ( 'NONE', *, *, #1192, .F. ) ;
#1688 = ORIENTED_EDGE ( 'NONE', *, *, #1014, .T. ) ;
#1689 = ORIENTED_EDGE ( 'NONE', *, *, #1000, .T. ) ;
#1690 = ORIENTED_EDGE ( 'NONE', *, *, #997, .T. ) ;
#1691 = ORIENTED_EDGE ( 'NONE', *, *, #994, .T. ) ;
#1692 = ORIENTED_EDGE ( 'NONE', *, *, #991, .T. ) ;
#1693 = ORIENTED_EDGE ( 'NONE', *, *, #988, .T. ) ;
#1694 = ORIENTED_EDGE ( 'NONE', *, *, #985, .T. ) ;
#1695 = ORIENTED_EDGE ( 'NONE', *, *, #982, .T. ) ;
#1696 = ORIENTED_EDGE ( 'NONE', *, *, #979, .T. ) ;
#1697 = ORIENTED_EDGE ( 'NONE', *, *, #9714, .T. ) ;
#1698 = ORIENTED_EDGE ( 'NONE', *, *, #977, .T. ) ;
#1699 = ORIENTED_EDGE ( 'NONE', *, *, #1193, .F. ) ;
#1700 = ORIENTED_EDGE ( 'NONE', *, *, #1194, .F. ) ;
#1701 = ORIENTED_EDGE ( 'NONE', *, *, #1190, .T. ) ;
#1702 = ORIENTED_EDGE ( 'NONE', *, *, #973, .T. ) ;
#1703 = ORIENTED_EDGE ( 'NONE', *, *, #1008, .T. ) ;
#1704 = ORIENTED_EDGE ( 'NONE', *, *, #1011, .T. ) ;
#1705 = ORIENTED_EDGE ( 'NONE', *, *, #9203, .T. ) ;
#1706 = ORIENTED_EDGE ( 'NONE', *, *, #1002, .T. ) ;
#1707 = ORIENTED_EDGE ( 'NONE', *, *, #1005, .T. ) ;
#1708 = ORIENTED_EDGE ( 'NONE', *, *, #996, .T. ) ;
#1709 = ORIENTED_EDGE ( 'NONE', *, *, #999, .T. ) ;
#1710 = ORIENTED_EDGE ( 'NONE', *, *, #1013, .T. ) ;
#1711 = ORIENTED_EDGE ( 'NONE', *, *, #1195, .F. ) ;
#1712 = ORIENTED_EDGE ( 'NONE', *, *, #1196, .F. ) ;
#1713 = ORIENTED_EDGE ( 'NONE', *, *, #1193, .T. ) ;
#1714 = ORIENTED_EDGE ( 'NONE', *, *, #972, .T. ) ;
#1715 = ORIENTED_EDGE ( 'NONE', *, *, #976, .T. ) ;
#1716 = ORIENTED_EDGE ( 'NONE', *, *, #9712, .T. ) ;
#1717 = ORIENTED_EDGE ( 'NONE', *, *, #978, .T. ) ;
#1718 = ORIENTED_EDGE ( 'NONE', *, *, #981, .T. ) ;
#1719 = ORIENTED_EDGE ( 'NONE', *, *, #984, .T. ) ;
#1720 = ORIENTED_EDGE ( 'NONE', *, *, #987, .T. ) ;
#1721 = ORIENTED_EDGE ( 'NONE', *, *, #990, .T. ) ;
#1722 = ORIENTED_EDGE ( 'NONE', *, *, #993, .T. ) ;
#1723 = ORIENTED_EDGE ( 'NONE', *, *, #1195, .T. ) ;
#1724 = ORIENTED_EDGE ( 'NONE', *, *, #1015, .T. ) ;
#1725 = ORIENTED_EDGE ( 'NONE', *, *, #1192, .T. ) ;
#1726 = ORIENTED_EDGE ( 'NONE', *, *, #1197, .F. ) ;
#1727 = ORIENTED_EDGE ( 'NONE', *, *, #1056, .T. ) ;
#1728 = ORIENTED_EDGE ( 'NONE', *, *, #9194, .T. ) ;
#1729 = ORIENTED_EDGE ( 'NONE', *, *, #1054, .T. ) ;
#1730 = ORIENTED_EDGE ( 'NONE', *, *, #1051, .T. ) ;
#1731 = ORIENTED_EDGE ( 'NONE', *, *, #1048, .T. ) ;
#1732 = ORIENTED_EDGE ( 'NONE', *, *, #1018, .T. ) ;
#1733 = ORIENTED_EDGE ( 'NONE', *, *, #1198, .F. ) ;
#1734 = ORIENTED_EDGE ( 'NONE', *, *, #1199, .F. ) ;
#1735 = ORIENTED_EDGE ( 'NONE', *, *, #1200, .F. ) ;
#1736 = ORIENTED_EDGE ( 'NONE', *, *, #1058, .T. ) ;
#1737 = ORIENTED_EDGE ( 'NONE', *, *, #1044, .T. ) ;
#1738 = ORIENTED_EDGE ( 'NONE', *, *, #1041, .T. ) ;
#1739 = ORIENTED_EDGE ( 'NONE', *, *, #1038, .T. ) ;
#1740 = ORIENTED_EDGE ( 'NONE', *, *, #1035, .T. ) ;
#1741 = ORIENTED_EDGE ( 'NONE', *, *, #1032, .T. ) ;
#1742 = ORIENTED_EDGE ( 'NONE', *, *, #1029, .T. ) ;
#1743 = ORIENTED_EDGE ( 'NONE', *, *, #1026, .T. ) ;
#1744 = ORIENTED_EDGE ( 'NONE', *, *, #1023, .T. ) ;
#1745 = ORIENTED_EDGE ( 'NONE', *, *, #9204, .T. ) ;
#1746 = ORIENTED_EDGE ( 'NONE', *, *, #1021, .T. ) ;
#1747 = ORIENTED_EDGE ( 'NONE', *, *, #1201, .F. ) ;
#1748 = ORIENTED_EDGE ( 'NONE', *, *, #1202, .F. ) ;
#1749 = ORIENTED_EDGE ( 'NONE', *, *, #1198, .T. ) ;
#1750 = ORIENTED_EDGE ( 'NONE', *, *, #1017, .T. ) ;
#1751 = ORIENTED_EDGE ( 'NONE', *, *, #1053, .T. ) ;
#1752 = ORIENTED_EDGE ( 'NONE', *, *, #9193, .T. ) ;
#1753 = ORIENTED_EDGE ( 'NONE', *, *, #1055, .T. ) ;
#1754 = ORIENTED_EDGE ( 'NONE', *, *, #1046, .T. ) ;
#1755 = ORIENTED_EDGE ( 'NONE', *, *, #1050, .T. ) ;
#1756 = ORIENTED_EDGE ( 'NONE', *, *, #1040, .T. ) ;
#1757 = ORIENTED_EDGE ( 'NONE', *, *, #1043, .T. ) ;
#1758 = ORIENTED_EDGE ( 'NONE', *, *, #1057, .T. ) ;
#1759 = ORIENTED_EDGE ( 'NONE', *, *, #1203, .F. ) ;
#1760 = ORIENTED_EDGE ( 'NONE', *, *, #1204, .F. ) ;
#1761 = ORIENTED_EDGE ( 'NONE', *, *, #1201, .T. ) ;
#1762 = ORIENTED_EDGE ( 'NONE', *, *, #1016, .T. ) ;
#1763 = ORIENTED_EDGE ( 'NONE', *, *, #1020, .T. ) ;
#1764 = ORIENTED_EDGE ( 'NONE', *, *, #9197, .T. ) ;
#1765 = ORIENTED_EDGE ( 'NONE', *, *, #1022, .T. ) ;
#1766 = ORIENTED_EDGE ( 'NONE', *, *, #1025, .T. ) ;
#1767 = ORIENTED_EDGE ( 'NONE', *, *, #1028, .T. ) ;
#1768 = ORIENTED_EDGE ( 'NONE', *, *, #1031, .T. ) ;
#1769 = ORIENTED_EDGE ( 'NONE', *, *, #1034, .T. ) ;
#1770 = ORIENTED_EDGE ( 'NONE', *, *, #1037, .T. ) ;
#1771 = ORIENTED_EDGE ( 'NONE', *, *, #1203, .T. ) ;
#1772 = ORIENTED_EDGE ( 'NONE', *, *, #1059, .T. ) ;
#1773 = ORIENTED_EDGE ( 'NONE', *, *, #1200, .T. ) ;
#1774 = ORIENTED_EDGE ( 'NONE', *, *, #1205, .F. ) ;
#1775 = ORIENTED_EDGE ( 'NONE', *, *, #1100, .T. ) ;
#1776 = ORIENTED_EDGE ( 'NONE', *, *, #9187, .T. ) ;
#1777 = ORIENTED_EDGE ( 'NONE', *, *, #1098, .T. ) ;
#1778 = ORIENTED_EDGE ( 'NONE', *, *, #1095, .T. ) ;
#1779 = ORIENTED_EDGE ( 'NONE', *, *, #1092, .T. ) ;
#1780 = ORIENTED_EDGE ( 'NONE', *, *, #1062, .T. ) ;
#1781 = ORIENTED_EDGE ( 'NONE', *, *, #1206, .F. ) ;
#1782 = ORIENTED_EDGE ( 'NONE', *, *, #1207, .F. ) ;
#1783 = ORIENTED_EDGE ( 'NONE', *, *, #1208, .F. ) ;
#1784 = ORIENTED_EDGE ( 'NONE', *, *, #1102, .T. ) ;
#1785 = ORIENTED_EDGE ( 'NONE', *, *, #1088, .T. ) ;
#1786 = ORIENTED_EDGE ( 'NONE', *, *, #1085, .T. ) ;
#1787 = ORIENTED_EDGE ( 'NONE', *, *, #1082, .T. ) ;
#1788 = ORIENTED_EDGE ( 'NONE', *, *, #1079, .T. ) ;
#1789 = ORIENTED_EDGE ( 'NONE', *, *, #1076, .T. ) ;
#1790 = ORIENTED_EDGE ( 'NONE', *, *, #1073, .T. ) ;
#1791 = ORIENTED_EDGE ( 'NONE', *, *, #1070, .T. ) ;
#1792 = ORIENTED_EDGE ( 'NONE', *, *, #1067, .T. ) ;
#1793 = ORIENTED_EDGE ( 'NONE', *, *, #9191, .T. ) ;
#1794 = ORIENTED_EDGE ( 'NONE', *, *, #1065, .T. ) ;
#1795 = ORIENTED_EDGE ( 'NONE', *, *, #1209, .F. ) ;
#1796 = ORIENTED_EDGE ( 'NONE', *, *, #1210, .F. ) ;
#1797 = ORIENTED_EDGE ( 'NONE', *, *, #1206, .T. ) ;
#1798 = ORIENTED_EDGE ( 'NONE', *, *, #1061, .T. ) ;
#1799 = ORIENTED_EDGE ( 'NONE', *, *, #1097, .T. ) ;
#1800 = ORIENTED_EDGE ( 'NONE', *, *, #9195, .T. ) ;
#1801 = ORIENTED_EDGE ( 'NONE', *, *, #1099, .T. ) ;
#1802 = ORIENTED_EDGE ( 'NONE', *, *, #1090, .T. ) ;
#1803 = ORIENTED_EDGE ( 'NONE', *, *, #1094, .T. ) ;
#1804 = ORIENTED_EDGE ( 'NONE', *, *, #1084, .T. ) ;
#1805 = ORIENTED_EDGE ( 'NONE', *, *, #1087, .T. ) ;
#1806 = EDGE_CURVE ( 'NONE', #9860, #9859, #4497, .T. ) ;
#1807 = EDGE_CURVE ( 'NONE', #9821, #9860, #4511, .T. ) ;
#1808 = EDGE_CURVE ( 'NONE', #9859, #9818, #4512, .T. ) ;
#1809 = EDGE_CURVE ( 'NONE', #9859, #9860, #4514, .T. ) ;
#1810 = EDGE_CURVE ( 'NONE', #9858, #9889, #4516, .T. ) ;
#1811 = EDGE_CURVE ( 'NONE', #9816, #9858, #4509, .T. ) ;
#1812 = EDGE_CURVE ( 'NONE', #9889, #9819, #4519, .T. ) ;
#1813 = EDGE_CURVE ( 'NONE', #9889, #9858, #4521, .T. ) ;
#1814 = EDGE_CURVE ( 'NONE', #9887, #9885, #4523, .T. ) ;
#1815 = EDGE_CURVE ( 'NONE', #9817, #9887, #4518, .T. ) ;
#1816 = EDGE_CURVE ( 'NONE', #9885, #9814, #4526, .T. ) ;
#1817 = EDGE_CURVE ( 'NONE', #9885, #9887, #4528, .T. ) ;
#1818 = EDGE_CURVE ( 'NONE', #9883, #9888, #4530, .T. ) ;
#1819 = EDGE_CURVE ( 'NONE', #9812, #9883, #4525, .T. ) ;
#1820 = EDGE_CURVE ( 'NONE', #9888, #9813, #4533, .T. ) ;
#1821 = EDGE_CURVE ( 'NONE', #9888, #9883, #4535, .T. ) ;
#1822 = EDGE_CURVE ( 'NONE', #9886, #9881, #4537, .T. ) ;
#1823 = EDGE_CURVE ( 'NONE', #9884, #9886, #4532, .T. ) ;
#1824 = EDGE_CURVE ( 'NONE', #9880, #9884, #4539, .T. ) ;
#1825 = EDGE_CURVE ( 'NONE', #9881, #9880, #4541, .T. ) ;
#1826 = EDGE_CURVE ( 'NONE', #9882, #9886, #4543, .T. ) ;
#1827 = EDGE_CURVE ( 'NONE', #9869, #9882, #4547, .T. ) ;
#1828 = EDGE_CURVE ( 'NONE', #9884, #9869, #4545, .T. ) ;
#1829 = EDGE_CURVE ( 'NONE', #9877, #9882, #4551, .T. ) ;
#1830 = EDGE_CURVE ( 'NONE', #9875, #9877, #4553, .T. ) ;
#1831 = EDGE_CURVE ( 'NONE', #9869, #9875, #4549, .T. ) ;
#1832 = EDGE_CURVE ( 'NONE', #9879, #9877, #4556, .T. ) ;
#1833 = EDGE_CURVE ( 'NONE', #9905, #9879, #4557, .T. ) ;
#1834 = EDGE_CURVE ( 'NONE', #9875, #9905, #4554, .T. ) ;
#1835 = EDGE_CURVE ( 'NONE', #9878, #9879, #4560, .T. ) ;
#1836 = EDGE_CURVE ( 'NONE', #9903, #9878, #4561, .T. ) ;
#1837 = EDGE_CURVE ( 'NONE', #9905, #9903, #4558, .T. ) ;
#1838 = EDGE_CURVE ( 'NONE', #9876, #9878, #4564, .T. ) ;
#1839 = EDGE_CURVE ( 'NONE', #9901, #9876, #4565, .T. ) ;
#1840 = EDGE_CURVE ( 'NONE', #9903, #9901, #4562, .T. ) ;
#1841 = EDGE_CURVE ( 'NONE', #9874, #9876, #4569, .T. ) ;
#1842 = EDGE_CURVE ( 'NONE', #9899, #9874, #4571, .T. ) ;
#1843 = EDGE_CURVE ( 'NONE', #9901, #9899, #4567, .T. ) ;
#1844 = EDGE_CURVE ( 'NONE', #9904, #9874, #4575, .T. ) ;
#1845 = EDGE_CURVE ( 'NONE', #9897, #9904, #4577, .T. ) ;
#1846 = EDGE_CURVE ( 'NONE', #9899, #9897, #4573, .T. ) ;
#1847 = EDGE_CURVE ( 'NONE', #9902, #9904, #4581, .T. ) ;
#1848 = EDGE_CURVE ( 'NONE', #9895, #9902, #4583, .T. ) ;
#1849 = EDGE_CURVE ( 'NONE', #9897, #9895, #4579, .T. ) ;
#1850 = EDGE_CURVE ( 'NONE', #9900, #9902, #4587, .T. ) ;
#1851 = EDGE_CURVE ( 'NONE', #9893, #9900, #4589, .T. ) ;
#1852 = EDGE_CURVE ( 'NONE', #9895, #9893, #4585, .T. ) ;
#1853 = EDGE_CURVE ( 'NONE', #9917, #9900, #4593, .T. ) ;
#1854 = EDGE_CURVE ( 'NONE', #9893, #9912, #4595, .T. ) ;
#1855 = EDGE_CURVE ( 'NONE', #9891, #9919, #4596, .T. ) ;
#1856 = EDGE_CURVE ( 'NONE', #9898, #9891, #4597, .T. ) ;
#1857 = EDGE_CURVE ( 'NONE', #9910, #9898, #4591, .T. ) ;
#1858 = EDGE_CURVE ( 'NONE', #9892, #9891, #4600, .T. ) ;
#1859 = EDGE_CURVE ( 'NONE', #9896, #9892, #4601, .T. ) ;
#1860 = EDGE_CURVE ( 'NONE', #9898, #9896, #4602, .T. ) ;
#1861 = EDGE_CURVE ( 'NONE', #9881, #9892, #4604, .T. ) ;
#1862 = EDGE_CURVE ( 'NONE', #9896, #9880, #4605, .T. ) ;
#1863 = EDGE_CURVE ( 'NONE', #9909, #9894, #4607, .T. ) ;
#1864 = EDGE_CURVE ( 'NONE', #9908, #9909, #4598, .T. ) ;
#1865 = EDGE_CURVE ( 'NONE', #9907, #9908, #4609, .T. ) ;
#1866 = EDGE_CURVE ( 'NONE', #9894, #9907, #4610, .T. ) ;
#1867 = EDGE_CURVE ( 'NONE', #9890, #9909, #4612, .T. ) ;
#1868 = EDGE_CURVE ( 'NONE', #9906, #9890, #4615, .T. ) ;
#1869 = EDGE_CURVE ( 'NONE', #9908, #9906, #4613, .T. ) ;
#1870 = EDGE_CURVE ( 'NONE', #9890, #9911, #4618, .T. ) ;
#1871 = EDGE_CURVE ( 'NONE', #9918, #9894, #4619, .T. ) ;
#1872 = EDGE_CURVE ( 'NONE', #9915, #9906, #4620, .T. ) ;
#1873 = EDGE_CURVE ( 'NONE', #9907, #9916, #4621, .T. ) ;
#1874 = AXIS2_PLACEMENT_3D ( 'NONE', #8850, #8849, #8853 ) ;
#1875 = AXIS2_PLACEMENT_3D ( 'NONE', #8857, #8858, #8859 ) ;
#1876 = AXIS2_PLACEMENT_3D ( 'NONE', #8861, #8862, #8863 ) ;
#1877 = AXIS2_PLACEMENT_3D ( 'NONE', #8867, #8868, #8869 ) ;
#1878 = AXIS2_PLACEMENT_3D ( 'NONE', #8871, #8872, #8873 ) ;
#1879 = AXIS2_PLACEMENT_3D ( 'NONE', #8877, #8878, #8879 ) ;
#1880 = AXIS2_PLACEMENT_3D ( 'NONE', #8881, #8882, #8883 ) ;
#1881 = AXIS2_PLACEMENT_3D ( 'NONE', #8887, #8888, #8889 ) ;
#1882 = AXIS2_PLACEMENT_3D ( 'NONE', #8891, #8892, #8893 ) ;
#1883 = AXIS2_PLACEMENT_3D ( 'NONE', #8898, #8899, #8900 ) ;
#1884 = AXIS2_PLACEMENT_3D ( 'NONE', #8911, #8912, #8913 ) ;
#1885 = AXIS2_PLACEMENT_3D ( 'NONE', #8917, #8918, #8919 ) ;
#1886 = AXIS2_PLACEMENT_3D ( 'NONE', #8923, #8924, #8925 ) ;
#1887 = AXIS2_PLACEMENT_3D ( 'NONE', #2706, #2707, #2708 ) ;
#1888 = AXIS2_PLACEMENT_3D ( 'NONE', #2713, #2714, #2715 ) ;
#1889 = AXIS2_PLACEMENT_3D ( 'NONE', #2720, #2721, #2722 ) ;
#1890 = AXIS2_PLACEMENT_3D ( 'NONE', #2729, #2730, #2731 ) ;
#1891 = AXIS2_PLACEMENT_3D ( 'NONE', #3503, #3504, #3505 ) ;
#1892 = AXIS2_PLACEMENT_3D ( 'NONE', #3508, #3509, #3510 ) ;
#1893 = AXIS2_PLACEMENT_3D ( 'NONE', #3512, #3513, #3514 ) ;
#1894 = AXIS2_PLACEMENT_3D ( 'NONE', #3517, #3518, #3519 ) ;
#1895 = AXIS2_PLACEMENT_3D ( 'NONE', #3521, #3522, #3523 ) ;
#1896 = AXIS2_PLACEMENT_3D ( 'NONE', #3527, #3528, #3529 ) ;
#1897 = AXIS2_PLACEMENT_3D ( 'NONE', #3556, #3557, #3558 ) ;
#1898 = AXIS2_PLACEMENT_3D ( 'NONE', #3561, #3562, #3563 ) ;
#1899 = AXIS2_PLACEMENT_3D ( 'NONE', #3564, #3565, #3566 ) ;
#1900 = AXIS2_PLACEMENT_3D ( 'NONE', #3569, #3570, #3571 ) ;
#1901 = AXIS2_PLACEMENT_3D ( 'NONE', #3572, #3573, #3574 ) ;
#1902 = AXIS2_PLACEMENT_3D ( 'NONE', #3577, #3578, #3579 ) ;
#1903 = AXIS2_PLACEMENT_3D ( 'NONE', #3581, #3582, #3583 ) ;
#1904 = AXIS2_PLACEMENT_3D ( 'NONE', #3585, #3586, #3587 ) ;
#1905 = AXIS2_PLACEMENT_3D ( 'NONE', #3588, #3589, #3590 ) ;
#1906 = AXIS2_PLACEMENT_3D ( 'NONE', #3593, #3594, #3595 ) ;
#1907 = AXIS2_PLACEMENT_3D ( 'NONE', #3596, #3597, #3598 ) ;
#1908 = AXIS2_PLACEMENT_3D ( 'NONE', #3599, #3600, #3601 ) ;
#1909 = AXIS2_PLACEMENT_3D ( 'NONE', #3602, #3603, #3604 ) ;
#1910 = AXIS2_PLACEMENT_3D ( 'NONE', #3607, #3608, #3609 ) ;
#1911 = AXIS2_PLACEMENT_3D ( 'NONE', #3611, #3612, #3613 ) ;
#1912 = AXIS2_PLACEMENT_3D ( 'NONE', #3616, #3617, #3618 ) ;
#1913 = AXIS2_PLACEMENT_3D ( 'NONE', #3620, #3621, #3622 ) ;
#1914 = AXIS2_PLACEMENT_3D ( 'NONE', #3625, #3626, #3627 ) ;
#1915 = AXIS2_PLACEMENT_3D ( 'NONE', #3629, #3630, #3631 ) ;
#1916 = AXIS2_PLACEMENT_3D ( 'NONE', #3635, #3636, #3637 ) ;
#1917 = AXIS2_PLACEMENT_3D ( 'NONE', #3667, #3668, #3669 ) ;
#1918 = AXIS2_PLACEMENT_3D ( 'NONE', #3672, #3673, #3674 ) ;
#1919 = AXIS2_PLACEMENT_3D ( 'NONE', #3675, #3676, #3677 ) ;
#1920 = AXIS2_PLACEMENT_3D ( 'NONE', #3680, #3681, #3682 ) ;
#1921 = AXIS2_PLACEMENT_3D ( 'NONE', #3683, #3684, #3685 ) ;
#1922 = AXIS2_PLACEMENT_3D ( 'NONE', #3686, #3687, #3688 ) ;
#1923 = AXIS2_PLACEMENT_3D ( 'NONE', #3691, #3692, #3693 ) ;
#1924 = AXIS2_PLACEMENT_3D ( 'NONE', #3695, #3696, #3697 ) ;
#1925 = AXIS2_PLACEMENT_3D ( 'NONE', #3699, #3700, #3701 ) ;
#1926 = AXIS2_PLACEMENT_3D ( 'NONE', #3704, #3705, #3706 ) ;
#1927 = AXIS2_PLACEMENT_3D ( 'NONE', #3707, #3708, #3709 ) ;
#1928 = AXIS2_PLACEMENT_3D ( 'NONE', #3710, #3711, #3712 ) ;
#1929 = AXIS2_PLACEMENT_3D ( 'NONE', #3713, #3714, #3715 ) ;
#1930 = AXIS2_PLACEMENT_3D ( 'NONE', #3718, #3719, #3720 ) ;
#1931 = AXIS2_PLACEMENT_3D ( 'NONE', #3722, #3723, #3724 ) ;
#1932 = AXIS2_PLACEMENT_3D ( 'NONE', #3727, #3728, #3729 ) ;
#1933 = AXIS2_PLACEMENT_3D ( 'NONE', #3731, #3732, #3733 ) ;
#1934 = AXIS2_PLACEMENT_3D ( 'NONE', #3736, #3737, #3738 ) ;
#1935 = AXIS2_PLACEMENT_3D ( 'NONE', #3740, #3741, #3742 ) ;
#1936 = AXIS2_PLACEMENT_3D ( 'NONE', #3746, #3747, #3748 ) ;
#1937 = AXIS2_PLACEMENT_3D ( 'NONE', #3775, #3776, #3777 ) ;
#1938 = AXIS2_PLACEMENT_3D ( 'NONE', #3780, #3781, #3782 ) ;
#1939 = AXIS2_PLACEMENT_3D ( 'NONE', #3783, #3784, #3785 ) ;
#1940 = AXIS2_PLACEMENT_3D ( 'NONE', #3788, #3789, #3790 ) ;
#1941 = AXIS2_PLACEMENT_3D ( 'NONE', #3792, #3793, #3794 ) ;
#1942 = AXIS2_PLACEMENT_3D ( 'NONE', #3796, #3797, #3798 ) ;
#1943 = AXIS2_PLACEMENT_3D ( 'NONE', #3799, #3800, #3801 ) ;
#1944 = AXIS2_PLACEMENT_3D ( 'NONE', #3803, #3804, #3805 ) ;
#1945 = AXIS2_PLACEMENT_3D ( 'NONE', #3807, #3808, #3809 ) ;
#1946 = AXIS2_PLACEMENT_3D ( 'NONE', #3812, #3813, #3814 ) ;
#1947 = AXIS2_PLACEMENT_3D ( 'NONE', #3815, #3816, #3817 ) ;
#1948 = AXIS2_PLACEMENT_3D ( 'NONE', #3818, #3819, #3820 ) ;
#1949 = AXIS2_PLACEMENT_3D ( 'NONE', #3821, #3822, #3823 ) ;
#1950 = AXIS2_PLACEMENT_3D ( 'NONE', #3825, #3826, #3827 ) ;
#1951 = AXIS2_PLACEMENT_3D ( 'NONE', #3829, #3830, #3831 ) ;
#1952 = AXIS2_PLACEMENT_3D ( 'NONE', #3835, #3836, #3837 ) ;
#1953 = AXIS2_PLACEMENT_3D ( 'NONE', #3839, #3840, #3841 ) ;
#1954 = AXIS2_PLACEMENT_3D ( 'NONE', #3844, #3845, #3846 ) ;
#1955 = AXIS2_PLACEMENT_3D ( 'NONE', #3848, #3849, #3850 ) ;
#1956 = AXIS2_PLACEMENT_3D ( 'NONE', #3854, #3855, #3856 ) ;
#1957 = AXIS2_PLACEMENT_3D ( 'NONE', #3883, #3884, #3885 ) ;
#1958 = AXIS2_PLACEMENT_3D ( 'NONE', #3888, #3889, #3890 ) ;
#1959 = AXIS2_PLACEMENT_3D ( 'NONE', #3892, #3893, #3894 ) ;
#1960 = AXIS2_PLACEMENT_3D ( 'NONE', #3896, #3897, #3898 ) ;
#1961 = AXIS2_PLACEMENT_3D ( 'NONE', #3899, #3900, #3901 ) ;
#1962 = AXIS2_PLACEMENT_3D ( 'NONE', #3903, #3904, #3905 ) ;
#1963 = AXIS2_PLACEMENT_3D ( 'NONE', #3907, #3908, #3909 ) ;
#1964 = AXIS2_PLACEMENT_3D ( 'NONE', #3912, #3913, #3914 ) ;
#1965 = AXIS2_PLACEMENT_3D ( 'NONE', #3915, #3916, #3917 ) ;
#1966 = AXIS2_PLACEMENT_3D ( 'NONE', #3918, #3919, #3920 ) ;
#1967 = AXIS2_PLACEMENT_3D ( 'NONE', #3921, #3922, #3923 ) ;
#1968 = AXIS2_PLACEMENT_3D ( 'NONE', #3926, #3927, #3928 ) ;
#1969 = AXIS2_PLACEMENT_3D ( 'NONE', #3929, #3930, #3931 ) ;
#1970 = AXIS2_PLACEMENT_3D ( 'NONE', #3933, #3934, #3935 ) ;
#1971 = AXIS2_PLACEMENT_3D ( 'NONE', #3937, #3938, #3939 ) ;
#1972 = AXIS2_PLACEMENT_3D ( 'NONE', #3942, #3943, #3944 ) ;
#1973 = AXIS2_PLACEMENT_3D ( 'NONE', #3945, #3946, #3947 ) ;
#1974 = AXIS2_PLACEMENT_3D ( 'NONE', #3948, #3949, #3950 ) ;
#1975 = AXIS2_PLACEMENT_3D ( 'NONE', #3953, #3954, #3955 ) ;
#1976 = AXIS2_PLACEMENT_3D ( 'NONE', #3958, #3959, #3960 ) ;
#1977 = AXIS2_PLACEMENT_3D ( 'NONE', #3991, #3992, #3993 ) ;
#1978 = AXIS2_PLACEMENT_3D ( 'NONE', #3994, #3995, #3996 ) ;
#1979 = AXIS2_PLACEMENT_3D ( 'NONE', #3999, #4000, #4001 ) ;
#1980 = AXIS2_PLACEMENT_3D ( 'NONE', #4002, #4003, #4004 ) ;
#1981 = AXIS2_PLACEMENT_3D ( 'NONE', #4006, #4007, #4008 ) ;
#1982 = AXIS2_PLACEMENT_3D ( 'NONE', #4010, #4011, #4012 ) ;
#1983 = AXIS2_PLACEMENT_3D ( 'NONE', #4015, #4016, #4017 ) ;
#1984 = AXIS2_PLACEMENT_3D ( 'NONE', #4018, #4019, #4020 ) ;
#1985 = AXIS2_PLACEMENT_3D ( 'NONE', #4023, #4024, #4025 ) ;
#1986 = AXIS2_PLACEMENT_3D ( 'NONE', #4026, #4027, #4028 ) ;
#1987 = AXIS2_PLACEMENT_3D ( 'NONE', #4029, #4030, #4031 ) ;
#1988 = AXIS2_PLACEMENT_3D ( 'NONE', #4032, #4033, #4034 ) ;
#1989 = AXIS2_PLACEMENT_3D ( 'NONE', #4037, #4038, #4039 ) ;
#1990 = AXIS2_PLACEMENT_3D ( 'NONE', #4040, #4041, #4042 ) ;
#1991 = AXIS2_PLACEMENT_3D ( 'NONE', #4045, #4046, #4047 ) ;
#1992 = AXIS2_PLACEMENT_3D ( 'NONE', #4050, #4051, #4052 ) ;
#1993 = AXIS2_PLACEMENT_3D ( 'NONE', #4053, #4054, #4055 ) ;
#1994 = AXIS2_PLACEMENT_3D ( 'NONE', #4056, #4057, #4058 ) ;
#1995 = AXIS2_PLACEMENT_3D ( 'NONE', #4061, #4062, #4063 ) ;
#1996 = AXIS2_PLACEMENT_3D ( 'NONE', #4066, #4067, #4068 ) ;
#1997 = AXIS2_PLACEMENT_3D ( 'NONE', #4099, #4100, #4101 ) ;
#1998 = AXIS2_PLACEMENT_3D ( 'NONE', #4102, #4103, #4104 ) ;
#1999 = AXIS2_PLACEMENT_3D ( 'NONE', #4107, #4108, #4109 ) ;
#2000 = AXIS2_PLACEMENT_3D ( 'NONE', #4110, #4111, #4112 ) ;
#2001 = AXIS2_PLACEMENT_3D ( 'NONE', #4115, #4116, #4117 ) ;
#2002 = AXIS2_PLACEMENT_3D ( 'NONE', #4120, #4121, #4122 ) ;
#2003 = AXIS2_PLACEMENT_3D ( 'NONE', #4125, #4126, #4127 ) ;
#2004 = AXIS2_PLACEMENT_3D ( 'NONE', #4128, #4129, #4130 ) ;
#2005 = AXIS2_PLACEMENT_3D ( 'NONE', #4131, #4132, #4133 ) ;
#2006 = AXIS2_PLACEMENT_3D ( 'NONE', #4134, #4135, #4136 ) ;
#2007 = AXIS2_PLACEMENT_3D ( 'NONE', #4137, #4138, #4139 ) ;
#2008 = AXIS2_PLACEMENT_3D ( 'NONE', #4140, #4141, #4142 ) ;
#2009 = AXIS2_PLACEMENT_3D ( 'NONE', #4145, #4146, #4147 ) ;
#2010 = AXIS2_PLACEMENT_3D ( 'NONE', #4148, #4149, #4150 ) ;
#2011 = AXIS2_PLACEMENT_3D ( 'NONE', #4153, #4154, #4155 ) ;
#2012 = AXIS2_PLACEMENT_3D ( 'NONE', #4158, #4159, #4160 ) ;
#2013 = AXIS2_PLACEMENT_3D ( 'NONE', #4161, #4162, #4163 ) ;
#2014 = AXIS2_PLACEMENT_3D ( 'NONE', #4164, #4165, #4166 ) ;
#2015 = AXIS2_PLACEMENT_3D ( 'NONE', #4169, #4170, #4171 ) ;
#2016 = AXIS2_PLACEMENT_3D ( 'NONE', #4174, #4175, #4176 ) ;
#2017 = AXIS2_PLACEMENT_3D ( 'NONE', #4207, #4208, #4209 ) ;
#2018 = AXIS2_PLACEMENT_3D ( 'NONE', #4210, #4211, #4212 ) ;
#2019 = AXIS2_PLACEMENT_3D ( 'NONE', #4215, #4216, #4217 ) ;
#2020 = AXIS2_PLACEMENT_3D ( 'NONE', #4218, #4219, #4220 ) ;
#2021 = AXIS2_PLACEMENT_3D ( 'NONE', #4223, #4224, #4225 ) ;
#2022 = AXIS2_PLACEMENT_3D ( 'NONE', #4228, #4229, #4230 ) ;
#2023 = AXIS2_PLACEMENT_3D ( 'NONE', #4233, #4234, #4235 ) ;
#2024 = AXIS2_PLACEMENT_3D ( 'NONE', #4236, #4237, #4238 ) ;
#2025 = AXIS2_PLACEMENT_3D ( 'NONE', #4239, #4240, #4241 ) ;
#2026 = AXIS2_PLACEMENT_3D ( 'NONE', #4242, #4243, #4244 ) ;
#2027 = AXIS2_PLACEMENT_3D ( 'NONE', #4245, #4246, #4247 ) ;
#2028 = AXIS2_PLACEMENT_3D ( 'NONE', #4248, #4249, #4250 ) ;
#2029 = AXIS2_PLACEMENT_3D ( 'NONE', #4253, #4254, #4255 ) ;
#2030 = AXIS2_PLACEMENT_3D ( 'NONE', #4258, #4259, #4260 ) ;
#2031 = AXIS2_PLACEMENT_3D ( 'NONE', #4270, #4271, #4272 ) ;
#2032 = AXIS2_PLACEMENT_3D ( 'NONE', #4280, #4281, #4282 ) ;
#2033 = AXIS2_PLACEMENT_3D ( 'NONE', #4285, #4286, #4287 ) ;
#2034 = AXIS2_PLACEMENT_3D ( 'NONE', #4290, #4291, #4292 ) ;
#2035 = AXIS2_PLACEMENT_3D ( 'NONE', #5086, #5087, #5088 ) ;
#2036 = AXIS2_PLACEMENT_3D ( 'NONE', #5095, #5096, #5097 ) ;
#2037 = AXIS2_PLACEMENT_3D ( 'NONE', #5104, #5105, #5106 ) ;
#2038 = AXIS2_PLACEMENT_3D ( 'NONE', #5114, #5115, #5116 ) ;
#2039 = AXIS2_PLACEMENT_3D ( 'NONE', #5135, #5136, #5137 ) ;
#2040 = AXIS2_PLACEMENT_3D ( 'NONE', #5140, #5141, #5142 ) ;
#2041 = AXIS2_PLACEMENT_3D ( 'NONE', #5143, #5144, #5145 ) ;
#2042 = AXIS2_PLACEMENT_3D ( 'NONE', #5148, #5149, #5150 ) ;
#2043 = AXIS2_PLACEMENT_3D ( 'NONE', #5152, #5153, #5154 ) ;
#2044 = AXIS2_PLACEMENT_3D ( 'NONE', #5158, #5159, #5160 ) ;
#2045 = AXIS2_PLACEMENT_3D ( 'NONE', #5187, #5188, #5189 ) ;
#2046 = AXIS2_PLACEMENT_3D ( 'NONE', #5192, #5193, #5194 ) ;
#2047 = AXIS2_PLACEMENT_3D ( 'NONE', #5195, #5196, #5197 ) ;
#2048 = AXIS2_PLACEMENT_3D ( 'NONE', #5200, #5201, #5202 ) ;
#2049 = AXIS2_PLACEMENT_3D ( 'NONE', #5205, #5206, #5207 ) ;
#2050 = AXIS2_PLACEMENT_3D ( 'NONE', #5209, #5210, #5211 ) ;
#2051 = AXIS2_PLACEMENT_3D ( 'NONE', #5215, #5216, #5217 ) ;
#2052 = AXIS2_PLACEMENT_3D ( 'NONE', #5221, #5222, #5223 ) ;
#2053 = AXIS2_PLACEMENT_3D ( 'NONE', #5225, #5226, #5227 ) ;
#2054 = AXIS2_PLACEMENT_3D ( 'NONE', #5228, #5229, #5230 ) ;
#2055 = AXIS2_PLACEMENT_3D ( 'NONE', #5231, #5232, #5233 ) ;
#2056 = AXIS2_PLACEMENT_3D ( 'NONE', #5235, #5236, #5237 ) ;
#2057 = AXIS2_PLACEMENT_3D ( 'NONE', #5240, #5241, #5242 ) ;
#2058 = AXIS2_PLACEMENT_3D ( 'NONE', #5244, #5245, #5246 ) ;
#2059 = ORIENTED_EDGE ( 'NONE', *, *, #1101, .T. ) ;
#2060 = ORIENTED_EDGE ( 'NONE', *, *, #1211, .F. ) ;
#2061 = ORIENTED_EDGE ( 'NONE', *, *, #1212, .F. ) ;
#2062 = ORIENTED_EDGE ( 'NONE', *, *, #1209, .T. ) ;
#2063 = ORIENTED_EDGE ( 'NONE', *, *, #1060, .T. ) ;
#2064 = ORIENTED_EDGE ( 'NONE', *, *, #1064, .T. ) ;
#2065 = ORIENTED_EDGE ( 'NONE', *, *, #9189, .T. ) ;
#2066 = ORIENTED_EDGE ( 'NONE', *, *, #1066, .T. ) ;
#2067 = ORIENTED_EDGE ( 'NONE', *, *, #1069, .T. ) ;
#2068 = ORIENTED_EDGE ( 'NONE', *, *, #1072, .T. ) ;
#2069 = ORIENTED_EDGE ( 'NONE', *, *, #1075, .T. ) ;
#2070 = ORIENTED_EDGE ( 'NONE', *, *, #1078, .T. ) ;
#2071 = ORIENTED_EDGE ( 'NONE', *, *, #1081, .T. ) ;
#2072 = ORIENTED_EDGE ( 'NONE', *, *, #1211, .T. ) ;
#2073 = ORIENTED_EDGE ( 'NONE', *, *, #1103, .T. ) ;
#2074 = ORIENTED_EDGE ( 'NONE', *, *, #1208, .T. ) ;
#2075 = ORIENTED_EDGE ( 'NONE', *, *, #1213, .F. ) ;
#2076 = ORIENTED_EDGE ( 'NONE', *, *, #1107, .T. ) ;
#2077 = ORIENTED_EDGE ( 'NONE', *, *, #1214, .F. ) ;
#2078 = ORIENTED_EDGE ( 'NONE', *, *, #1215, .F. ) ;
#2079 = ORIENTED_EDGE ( 'NONE', *, *, #1216, .F. ) ;
#2080 = ORIENTED_EDGE ( 'NONE', *, *, #1106, .T. ) ;
#2081 = ORIENTED_EDGE ( 'NONE', *, *, #1217, .F. ) ;
#2082 = ORIENTED_EDGE ( 'NONE', *, *, #1218, .F. ) ;
#2083 = ORIENTED_EDGE ( 'NONE', *, *, #1214, .T. ) ;
#2084 = ORIENTED_EDGE ( 'NONE', *, *, #1105, .T. ) ;
#2085 = ORIENTED_EDGE ( 'NONE', *, *, #1219, .F. ) ;
#2086 = ORIENTED_EDGE ( 'NONE', *, *, #1220, .F. ) ;
#2087 = ORIENTED_EDGE ( 'NONE', *, *, #1217, .T. ) ;
#2088 = ORIENTED_EDGE ( 'NONE', *, *, #1104, .T. ) ;
#2089 = ORIENTED_EDGE ( 'NONE', *, *, #1216, .T. ) ;
#2090 = ORIENTED_EDGE ( 'NONE', *, *, #1221, .F. ) ;
#2091 = ORIENTED_EDGE ( 'NONE', *, *, #1219, .T. ) ;
#2092 = ORIENTED_EDGE ( 'NONE', *, *, #1806, .F. ) ;
#2093 = ORIENTED_EDGE ( 'NONE', *, *, #1807, .F. ) ;
#2094 = ORIENTED_EDGE ( 'NONE', *, *, #1108, .T. ) ;
#2095 = ORIENTED_EDGE ( 'NONE', *, *, #1808, .F. ) ;
#2096 = ORIENTED_EDGE ( 'NONE', *, *, #1110, .F. ) ;
#2097 = ORIENTED_EDGE ( 'NONE', *, *, #115, .F. ) ;
#2098 = ORIENTED_EDGE ( 'NONE', *, *, #1111, .T. ) ;
#2099 = ORIENTED_EDGE ( 'NONE', *, *, #113, .F. ) ;
#2100 = ORIENTED_EDGE ( 'NONE', *, *, #1109, .F. ) ;
#2101 = ORIENTED_EDGE ( 'NONE', *, *, #1807, .T. ) ;
#2102 = ORIENTED_EDGE ( 'NONE', *, *, #1809, .F. ) ;
#2103 = ORIENTED_EDGE ( 'NONE', *, *, #1808, .T. ) ;
#2104 = ORIENTED_EDGE ( 'NONE', *, *, #1810, .F. ) ;
#2105 = ORIENTED_EDGE ( 'NONE', *, *, #1811, .F. ) ;
#2106 = ORIENTED_EDGE ( 'NONE', *, *, #1113, .T. ) ;
#2107 = ORIENTED_EDGE ( 'NONE', *, *, #1812, .F. ) ;
#2108 = ORIENTED_EDGE ( 'NONE', *, *, #1813, .F. ) ;
#2109 = ORIENTED_EDGE ( 'NONE', *, *, #1812, .T. ) ;
#2110 = ORIENTED_EDGE ( 'NONE', *, *, #1112, .T. ) ;
#2111 = ORIENTED_EDGE ( 'NONE', *, *, #1811, .T. ) ;
#2112 = ORIENTED_EDGE ( 'NONE', *, *, #1814, .F. ) ;
#2113 = ORIENTED_EDGE ( 'NONE', *, *, #1815, .F. ) ;
#2114 = ORIENTED_EDGE ( 'NONE', *, *, #1115, .T. ) ;
#2115 = ORIENTED_EDGE ( 'NONE', *, *, #1816, .F. ) ;
#2116 = ORIENTED_EDGE ( 'NONE', *, *, #1816, .T. ) ;
#2117 = ORIENTED_EDGE ( 'NONE', *, *, #1114, .T. ) ;
#2118 = ORIENTED_EDGE ( 'NONE', *, *, #1815, .T. ) ;
#2119 = ORIENTED_EDGE ( 'NONE', *, *, #1817, .F. ) ;
#2120 = ORIENTED_EDGE ( 'NONE', *, *, #1818, .F. ) ;
#2121 = ORIENTED_EDGE ( 'NONE', *, *, #1819, .F. ) ;
#2122 = ORIENTED_EDGE ( 'NONE', *, *, #1116, .T. ) ;
#2123 = ORIENTED_EDGE ( 'NONE', *, *, #1820, .F. ) ;
#2124 = ORIENTED_EDGE ( 'NONE', *, *, #119, .F. ) ;
#2125 = ORIENTED_EDGE ( 'NONE', *, *, #1117, .F. ) ;
#2126 = ORIENTED_EDGE ( 'NONE', *, *, #1819, .T. ) ;
#2127 = ORIENTED_EDGE ( 'NONE', *, *, #1821, .F. ) ;
#2128 = ORIENTED_EDGE ( 'NONE', *, *, #1820, .T. ) ;
#2129 = ORIENTED_EDGE ( 'NONE', *, *, #1118, .F. ) ;
#2130 = ORIENTED_EDGE ( 'NONE', *, *, #117, .F. ) ;
#2131 = ORIENTED_EDGE ( 'NONE', *, *, #1119, .T. ) ;
#2132 = ORIENTED_EDGE ( 'NONE', *, *, #1818, .T. ) ;
#2133 = ORIENTED_EDGE ( 'NONE', *, *, #1821, .T. ) ;
#2134 = ORIENTED_EDGE ( 'NONE', *, *, #1814, .T. ) ;
#2135 = ORIENTED_EDGE ( 'NONE', *, *, #1817, .T. ) ;
#2136 = ORIENTED_EDGE ( 'NONE', *, *, #1810, .T. ) ;
#2137 = ORIENTED_EDGE ( 'NONE', *, *, #1813, .T. ) ;
#2138 = ORIENTED_EDGE ( 'NONE', *, *, #1806, .T. ) ;
#2139 = ORIENTED_EDGE ( 'NONE', *, *, #1809, .T. ) ;
#2140 = ORIENTED_EDGE ( 'NONE', *, *, #1220, .T. ) ;
#2141 = ORIENTED_EDGE ( 'NONE', *, *, #1221, .T. ) ;
#2142 = ORIENTED_EDGE ( 'NONE', *, *, #1215, .T. ) ;
#2143 = ORIENTED_EDGE ( 'NONE', *, *, #1218, .T. ) ;
#2144 = ORIENTED_EDGE ( 'NONE', *, *, #1822, .F. ) ;
#2145 = ORIENTED_EDGE ( 'NONE', *, *, #1823, .F. ) ;
#2146 = ORIENTED_EDGE ( 'NONE', *, *, #1824, .F. ) ;
#2147 = ORIENTED_EDGE ( 'NONE', *, *, #1825, .F. ) ;
#2148 = ORIENTED_EDGE ( 'NONE', *, *, #1212, .T. ) ;
#2149 = ORIENTED_EDGE ( 'NONE', *, *, #1213, .T. ) ;
#2150 = ORIENTED_EDGE ( 'NONE', *, *, #1207, .T. ) ;
#2151 = ORIENTED_EDGE ( 'NONE', *, *, #1210, .T. ) ;
#2152 = ORIENTED_EDGE ( 'NONE', *, *, #1204, .T. ) ;
#2153 = ORIENTED_EDGE ( 'NONE', *, *, #1205, .T. ) ;
#2154 = ORIENTED_EDGE ( 'NONE', *, *, #1199, .T. ) ;
#2155 = ORIENTED_EDGE ( 'NONE', *, *, #1202, .T. ) ;
#2156 = ORIENTED_EDGE ( 'NONE', *, *, #1196, .T. ) ;
#2157 = ORIENTED_EDGE ( 'NONE', *, *, #1197, .T. ) ;
#2158 = ORIENTED_EDGE ( 'NONE', *, *, #1191, .T. ) ;
#2159 = ORIENTED_EDGE ( 'NONE', *, *, #1194, .T. ) ;
#2160 = ORIENTED_EDGE ( 'NONE', *, *, #1188, .T. ) ;
#2161 = ORIENTED_EDGE ( 'NONE', *, *, #1189, .T. ) ;
#2162 = ORIENTED_EDGE ( 'NONE', *, *, #1183, .T. ) ;
#2163 = ORIENTED_EDGE ( 'NONE', *, *, #1186, .T. ) ;
#2164 = ORIENTED_EDGE ( 'NONE', *, *, #1180, .T. ) ;
#2165 = ORIENTED_EDGE ( 'NONE', *, *, #1181, .T. ) ;
#2166 = ORIENTED_EDGE ( 'NONE', *, *, #1175, .T. ) ;
#2167 = ORIENTED_EDGE ( 'NONE', *, *, #1178, .T. ) ;
#2168 = ORIENTED_EDGE ( 'NONE', *, *, #1172, .T. ) ;
#2169 = ORIENTED_EDGE ( 'NONE', *, *, #1173, .T. ) ;
#2170 = ORIENTED_EDGE ( 'NONE', *, *, #1167, .T. ) ;
#2171 = ORIENTED_EDGE ( 'NONE', *, *, #1170, .T. ) ;
#2172 = ORIENTED_EDGE ( 'NONE', *, *, #1164, .T. ) ;
#2173 = ORIENTED_EDGE ( 'NONE', *, *, #1165, .T. ) ;
#2174 = ORIENTED_EDGE ( 'NONE', *, *, #1159, .T. ) ;
#2175 = ORIENTED_EDGE ( 'NONE', *, *, #1162, .T. ) ;
#2176 = ORIENTED_EDGE ( 'NONE', *, *, #1155, .T. ) ;
#2177 = ORIENTED_EDGE ( 'NONE', *, *, #1157, .T. ) ;
#2178 = ORIENTED_EDGE ( 'NONE', *, *, #1150, .T. ) ;
#2179 = ORIENTED_EDGE ( 'NONE', *, *, #1153, .T. ) ;
#2180 = ORIENTED_EDGE ( 'NONE', *, *, #1148, .T. ) ;
#2181 = ORIENTED_EDGE ( 'NONE', *, *, #1149, .T. ) ;
#2182 = ORIENTED_EDGE ( 'NONE', *, *, #1143, .T. ) ;
#2183 = ORIENTED_EDGE ( 'NONE', *, *, #1146, .T. ) ;
#2184 = ORIENTED_EDGE ( 'NONE', *, *, #1140, .T. ) ;
#2185 = ORIENTED_EDGE ( 'NONE', *, *, #1141, .T. ) ;
#2186 = ORIENTED_EDGE ( 'NONE', *, *, #1121, .T. ) ;
#2187 = ORIENTED_EDGE ( 'NONE', *, *, #1125, .T. ) ;
#2188 = ORIENTED_EDGE ( 'NONE', *, *, #1128, .T. ) ;
#2189 = ORIENTED_EDGE ( 'NONE', *, *, #1130, .T. ) ;
#2190 = ORIENTED_EDGE ( 'NONE', *, *, #1132, .T. ) ;
#2191 = ORIENTED_EDGE ( 'NONE', *, *, #71, .F. ) ;
#2192 = ORIENTED_EDGE ( 'NONE', *, *, #9689, .F. ) ;
#2193 = ORIENTED_EDGE ( 'NONE', *, *, #74, .F. ) ;
#2194 = ORIENTED_EDGE ( 'NONE', *, *, #1131, .T. ) ;
#2195 = ORIENTED_EDGE ( 'NONE', *, *, #199, .F. ) ;
#2196 = ORIENTED_EDGE ( 'NONE', *, *, #1134, .T. ) ;
#2197 = ORIENTED_EDGE ( 'NONE', *, *, #1136, .T. ) ;
#2198 = ORIENTED_EDGE ( 'NONE', *, *, #1137, .T. ) ;
#2199 = ORIENTED_EDGE ( 'NONE', *, *, #202, .F. ) ;
#2200 = ORIENTED_EDGE ( 'NONE', *, *, #1138, .T. ) ;
#2201 = ORIENTED_EDGE ( 'NONE', *, *, #94, .F. ) ;
#2202 = ORIENTED_EDGE ( 'NONE', *, *, #9691, .F. ) ;
#2203 = ORIENTED_EDGE ( 'NONE', *, *, #91, .F. ) ;
#2204 = ORIENTED_EDGE ( 'NONE', *, *, #1826, .F. ) ;
#2205 = ORIENTED_EDGE ( 'NONE', *, *, #1827, .F. ) ;
#2206 = ORIENTED_EDGE ( 'NONE', *, *, #1828, .F. ) ;
#2207 = ORIENTED_EDGE ( 'NONE', *, *, #1823, .T. ) ;
#2208 = ORIENTED_EDGE ( 'NONE', *, *, #1829, .F. ) ;
#2209 = ORIENTED_EDGE ( 'NONE', *, *, #1830, .F. ) ;
#2210 = ORIENTED_EDGE ( 'NONE', *, *, #1831, .F. ) ;
#2211 = ORIENTED_EDGE ( 'NONE', *, *, #1827, .T. ) ;
#2212 = ORIENTED_EDGE ( 'NONE', *, *, #1832, .F. ) ;
#2213 = ORIENTED_EDGE ( 'NONE', *, *, #1833, .F. ) ;
#2214 = ORIENTED_EDGE ( 'NONE', *, *, #1834, .F. ) ;
#2215 = ORIENTED_EDGE ( 'NONE', *, *, #1830, .T. ) ;
#2216 = ORIENTED_EDGE ( 'NONE', *, *, #1835, .F. ) ;
#2217 = ORIENTED_EDGE ( 'NONE', *, *, #1836, .F. ) ;
#2218 = ORIENTED_EDGE ( 'NONE', *, *, #1837, .F. ) ;
#2219 = ORIENTED_EDGE ( 'NONE', *, *, #1833, .T. ) ;
#2220 = ORIENTED_EDGE ( 'NONE', *, *, #1838, .F. ) ;
#2221 = ORIENTED_EDGE ( 'NONE', *, *, #1839, .F. ) ;
#2222 = ORIENTED_EDGE ( 'NONE', *, *, #1840, .F. ) ;
#2223 = ORIENTED_EDGE ( 'NONE', *, *, #1836, .T. ) ;
#2224 = ORIENTED_EDGE ( 'NONE', *, *, #1841, .F. ) ;
#2225 = ORIENTED_EDGE ( 'NONE', *, *, #1842, .F. ) ;
#2226 = ORIENTED_EDGE ( 'NONE', *, *, #1843, .F. ) ;
#2227 = ORIENTED_EDGE ( 'NONE', *, *, #1839, .T. ) ;
#2228 = ORIENTED_EDGE ( 'NONE', *, *, #1844, .F. ) ;
#2229 = ORIENTED_EDGE ( 'NONE', *, *, #1845, .F. ) ;
#2230 = ORIENTED_EDGE ( 'NONE', *, *, #1846, .F. ) ;
#2231 = ORIENTED_EDGE ( 'NONE', *, *, #1842, .T. ) ;
#2232 = ORIENTED_EDGE ( 'NONE', *, *, #1847, .F. ) ;
#2233 = ORIENTED_EDGE ( 'NONE', *, *, #1848, .F. ) ;
#2234 = ORIENTED_EDGE ( 'NONE', *, *, #1849, .F. ) ;
#2235 = ORIENTED_EDGE ( 'NONE', *, *, #1845, .T. ) ;
#2236 = ORIENTED_EDGE ( 'NONE', *, *, #1850, .F. ) ;
#2237 = ORIENTED_EDGE ( 'NONE', *, *, #1851, .F. ) ;
#2238 = ORIENTED_EDGE ( 'NONE', *, *, #1852, .F. ) ;
#2239 = ORIENTED_EDGE ( 'NONE', *, *, #1848, .T. ) ;
#2240 = ORIENTED_EDGE ( 'NONE', *, *, #1853, .F. ) ;
#2241 = ORIENTED_EDGE ( 'NONE', *, *, #9184, .F. ) ;
#2242 = ORIENTED_EDGE ( 'NONE', *, *, #1854, .F. ) ;
#2243 = ORIENTED_EDGE ( 'NONE', *, *, #1851, .T. ) ;
#2244 = ORIENTED_EDGE ( 'NONE', *, *, #9178, .F. ) ;
#2245 = ORIENTED_EDGE ( 'NONE', *, *, #1855, .F. ) ;
#2246 = ORIENTED_EDGE ( 'NONE', *, *, #1856, .F. ) ;
#2247 = ORIENTED_EDGE ( 'NONE', *, *, #1857, .F. ) ;
#2248 = ORIENTED_EDGE ( 'NONE', *, *, #1858, .F. ) ;
#2249 = ORIENTED_EDGE ( 'NONE', *, *, #1859, .F. ) ;
#2250 = ORIENTED_EDGE ( 'NONE', *, *, #1860, .F. ) ;
#2251 = ORIENTED_EDGE ( 'NONE', *, *, #1856, .T. ) ;
#2252 = ORIENTED_EDGE ( 'NONE', *, *, #1861, .F. ) ;
#2253 = ORIENTED_EDGE ( 'NONE', *, *, #1825, .T. ) ;
#2254 = ORIENTED_EDGE ( 'NONE', *, *, #1862, .F. ) ;
#2255 = ORIENTED_EDGE ( 'NONE', *, *, #1859, .T. ) ;
#2256 = ORIENTED_EDGE ( 'NONE', *, *, #1863, .F. ) ;
#2257 = ORIENTED_EDGE ( 'NONE', *, *, #1864, .F. ) ;
#2258 = ORIENTED_EDGE ( 'NONE', *, *, #1865, .F. ) ;
#2259 = ORIENTED_EDGE ( 'NONE', *, *, #1866, .F. ) ;
#2260 = ORIENTED_EDGE ( 'NONE', *, *, #1867, .F. ) ;
#2261 = ORIENTED_EDGE ( 'NONE', *, *, #1868, .F. ) ;
#2262 = ORIENTED_EDGE ( 'NONE', *, *, #1869, .F. ) ;
#2263 = ORIENTED_EDGE ( 'NONE', *, *, #1864, .T. ) ;
#2264 = ORIENTED_EDGE ( 'NONE', *, *, #9180, .F. ) ;
#2265 = ORIENTED_EDGE ( 'NONE', *, *, #1870, .F. ) ;
#2266 = ORIENTED_EDGE ( 'NONE', *, *, #1867, .T. ) ;
#2267 = ORIENTED_EDGE ( 'NONE', *, *, #1863, .T. ) ;
#2268 = ORIENTED_EDGE ( 'NONE', *, *, #1871, .F. ) ;
#2269 = ORIENTED_EDGE ( 'NONE', *, *, #1835, .T. ) ;
#2270 = ORIENTED_EDGE ( 'NONE', *, *, #1832, .T. ) ;
#2271 = ORIENTED_EDGE ( 'NONE', *, *, #1829, .T. ) ;
#2272 = ORIENTED_EDGE ( 'NONE', *, *, #1826, .T. ) ;
#2273 = ORIENTED_EDGE ( 'NONE', *, *, #1822, .T. ) ;
#2274 = ORIENTED_EDGE ( 'NONE', *, *, #1861, .T. ) ;
#2275 = ORIENTED_EDGE ( 'NONE', *, *, #1858, .T. ) ;
#2276 = ORIENTED_EDGE ( 'NONE', *, *, #1855, .T. ) ;
#2277 = ORIENTED_EDGE ( 'NONE', *, *, #9179, .T. ) ;
#2278 = ORIENTED_EDGE ( 'NONE', *, *, #1853, .T. ) ;
#2279 = ORIENTED_EDGE ( 'NONE', *, *, #1850, .T. ) ;
#2280 = ORIENTED_EDGE ( 'NONE', *, *, #1847, .T. ) ;
#2281 = ORIENTED_EDGE ( 'NONE', *, *, #1844, .T. ) ;
#2282 = ORIENTED_EDGE ( 'NONE', *, *, #1841, .T. ) ;
#2283 = ORIENTED_EDGE ( 'NONE', *, *, #1838, .T. ) ;
#2284 = ORIENTED_EDGE ( 'NONE', *, *, #1872, .F. ) ;
#2285 = ORIENTED_EDGE ( 'NONE', *, *, #9181, .F. ) ;
#2286 = ORIENTED_EDGE ( 'NONE', *, *, #1873, .F. ) ;
#2287 = ORIENTED_EDGE ( 'NONE', *, *, #1865, .T. ) ;
#2288 = ORIENTED_EDGE ( 'NONE', *, *, #1869, .T. ) ;
#2289 = ORIENTED_EDGE ( 'NONE', *, *, #1860, .T. ) ;
#2290 = ORIENTED_EDGE ( 'NONE', *, *, #1862, .T. ) ;
#2291 = ORIENTED_EDGE ( 'NONE', *, *, #1824, .T. ) ;
#2292 = ORIENTED_EDGE ( 'NONE', *, *, #1828, .T. ) ;
#2293 = ORIENTED_EDGE ( 'NONE', *, *, #1831, .T. ) ;
#2294 = ORIENTED_EDGE ( 'NONE', *, *, #1834, .T. ) ;
#2295 = ORIENTED_EDGE ( 'NONE', *, *, #1837, .T. ) ;
#2296 = ORIENTED_EDGE ( 'NONE', *, *, #1840, .T. ) ;
#2297 = ORIENTED_EDGE ( 'NONE', *, *, #1843, .T. ) ;
#2298 = ORIENTED_EDGE ( 'NONE', *, *, #1846, .T. ) ;
#2299 = ORIENTED_EDGE ( 'NONE', *, *, #1849, .T. ) ;
#2300 = ORIENTED_EDGE ( 'NONE', *, *, #1852, .T. ) ;
#2301 = ORIENTED_EDGE ( 'NONE', *, *, #1854, .T. ) ;
#2302 = ORIENTED_EDGE ( 'NONE', *, *, #9185, .T. ) ;
#2303 = ORIENTED_EDGE ( 'NONE', *, *, #1857, .T. ) ;
#2304 = ORIENTED_EDGE ( 'NONE', *, *, #1870, .T. ) ;
#2305 = ORIENTED_EDGE ( 'NONE', *, *, #9182, .F. ) ;
#2306 = ORIENTED_EDGE ( 'NONE', *, *, #1872, .T. ) ;
#2307 = ORIENTED_EDGE ( 'NONE', *, *, #1868, .T. ) ;
#2308 = ORIENTED_EDGE ( 'NONE', *, *, #9183, .F. ) ;
#2309 = ORIENTED_EDGE ( 'NONE', *, *, #1871, .T. ) ;
#2310 = ORIENTED_EDGE ( 'NONE', *, *, #1866, .T. ) ;
#2311 = ORIENTED_EDGE ( 'NONE', *, *, #1873, .T. ) ;
#2312 = CIRCLE ( 'NONE', #1875, 1.500000000000000000 ) ;
#2313 = CIRCLE ( 'NONE', #1874, 1.500000000000000000 ) ;
#2314 = LINE ( 'NONE', #8856, #2319 ) ;
#2315 = LINE ( 'NONE', #8851, #2316 ) ;
#2316 = VECTOR ( 'NONE', #8852, 1000.000000000000000 ) ;
#2317 = LINE ( 'NONE', #8860, #2322 ) ;
#2318 = CIRCLE ( 'NONE', #1876, 1.300000000000000300 ) ;
#2319 = VECTOR ( 'NONE', #8854, 1000.000000000000000 ) ;
#2320 = CIRCLE ( 'NONE', #1877, 1.300000000000000300 ) ;
#2321 = LINE ( 'NONE', #8866, #2325 ) ;
#2322 = VECTOR ( 'NONE', #8855, 1000.000000000000000 ) ;
#2323 = LINE ( 'NONE', #8870, #2328 ) ;
#2324 = CIRCLE ( 'NONE', #1878, 1.500000000000000000 ) ;
#2325 = VECTOR ( 'NONE', #8864, 1000.000000000000000 ) ;
#2326 = CIRCLE ( 'NONE', #1879, 1.500000000000000000 ) ;
#2327 = LINE ( 'NONE', #8876, #2331 ) ;
#2328 = VECTOR ( 'NONE', #8865, 1000.000000000000000 ) ;
#2329 = LINE ( 'NONE', #8880, #2334 ) ;
#2330 = CIRCLE ( 'NONE', #1880, 1.300000000000000000 ) ;
#2331 = VECTOR ( 'NONE', #8874, 1000.000000000000000 ) ;
#2332 = CIRCLE ( 'NONE', #1881, 1.300000000000000000 ) ;
#2333 = LINE ( 'NONE', #8886, #2337 ) ;
#2334 = VECTOR ( 'NONE', #8875, 1000.000000000000000 ) ;
#2335 = LINE ( 'NONE', #8890, #2340 ) ;
#2336 = CIRCLE ( 'NONE', #1882, 1.500000000000000000 ) ;
#2337 = VECTOR ( 'NONE', #8884, 1000.000000000000000 ) ;
#2338 = CIRCLE ( 'NONE', #1883, 1.500000000000000000 ) ;
#2339 = LINE ( 'NONE', #8897, #2343 ) ;
#2340 = VECTOR ( 'NONE', #8885, 1000.000000000000000 ) ;
#2341 = LINE ( 'NONE', #8896, #2347 ) ;
#2342 = LINE ( 'NONE', #8901, #2345 ) ;
#2343 = VECTOR ( 'NONE', #8894, 1000.000000000000000 ) ;
#2344 = LINE ( 'NONE', #8895, #2349 ) ;
#2345 = VECTOR ( 'NONE', #8903, 1000.000000000000000 ) ;
#2346 = LINE ( 'NONE', #8902, #2351 ) ;
#2347 = VECTOR ( 'NONE', #8904, 1000.000000000000100 ) ;
#2348 = LINE ( 'NONE', #8905, #2353 ) ;
#2349 = VECTOR ( 'NONE', #8906, 1000.000000000000000 ) ;
#2350 = CIRCLE ( 'NONE', #1885, 0.9999999999999974500 ) ;
#2351 = VECTOR ( 'NONE', #8908, 1000.000000000000100 ) ;
#2352 = CIRCLE ( 'NONE', #1884, 0.9999999999999974500 ) ;
#2353 = VECTOR ( 'NONE', #8910, 1000.000000000000000 ) ;
#2354 = LINE ( 'NONE', #8909, #2356 ) ;
#2355 = LINE ( 'NONE', #8916, #2359 ) ;
#2356 = VECTOR ( 'NONE', #8907, 1000.000000000000000 ) ;
#2357 = LINE ( 'NONE', #8922, #2362 ) ;
#2358 = CIRCLE ( 'NONE', #1886, 0.7999999999999986000 ) ;
#2359 = VECTOR ( 'NONE', #8914, 1000.000000000000100 ) ;
#2360 = LINE ( 'NONE', #8920, #2372 ) ;
#2361 = LINE ( 'NONE', #8926, #2364 ) ;
#2362 = VECTOR ( 'NONE', #8915, 1000.000000000000200 ) ;
#2363 = LINE ( 'NONE', #8928, #2366 ) ;
#2364 = VECTOR ( 'NONE', #8927, 1000.000000000000000 ) ;
#2365 = LINE ( 'NONE', #8930, #2368 ) ;
#2366 = VECTOR ( 'NONE', #8929, 1000.000000000000100 ) ;
#2367 = LINE ( 'NONE', #8932, #2370 ) ;
#2368 = VECTOR ( 'NONE', #8931, 1000.000000000000100 ) ;
#2369 = LINE ( 'NONE', #8921, #2374 ) ;
#2370 = VECTOR ( 'NONE', #8934, 1000.000000000000000 ) ;
#2371 = LINE ( 'NONE', #8933, #2378 ) ;
#2372 = VECTOR ( 'NONE', #8935, 1000.000000000000200 ) ;
#2373 = LINE ( 'NONE', #8938, #2376 ) ;
#2374 = VECTOR ( 'NONE', #8937, 1000.000000000000000 ) ;
#2375 = LINE ( 'NONE', #8936, #2380 ) ;
#2376 = VECTOR ( 'NONE', #8940, 1000.000000000000200 ) ;
#2377 = LINE ( 'NONE', #8939, #2382 ) ;
#2378 = VECTOR ( 'NONE', #8941, 1000.000000000000000 ) ;
#2379 = LINE ( 'NONE', #8942, #2386 ) ;
#2380 = VECTOR ( 'NONE', #8943, 1000.000000000000200 ) ;
#2381 = LINE ( 'NONE', #8946, #2384 ) ;
#2382 = VECTOR ( 'NONE', #8945, 1000.000000000000000 ) ;
#2383 = LINE ( 'NONE', #8944, #2388 ) ;
#2384 = VECTOR ( 'NONE', #8948, 1000.000000000000200 ) ;
#2385 = LINE ( 'NONE', #8947, #2390 ) ;
#2386 = VECTOR ( 'NONE', #8949, 1000.000000000000000 ) ;
#2387 = LINE ( 'NONE', #7827, #2394 ) ;
#2388 = VECTOR ( 'NONE', #7826, 1000.000000000000200 ) ;
#2389 = LINE ( 'NONE', #7895, #2392 ) ;
#2390 = VECTOR ( 'NONE', #7824, 1000.000000000000000 ) ;
#2391 = LINE ( 'NONE', #7825, #2396 ) ;
#2392 = VECTOR ( 'NONE', #7893, 1000.000000000000200 ) ;
#2393 = LINE ( 'NONE', #7894, #2398 ) ;
#2394 = VECTOR ( 'NONE', #7892, 1000.000000000000000 ) ;
#2395 = LINE ( 'NONE', #7891, #2402 ) ;
#2396 = VECTOR ( 'NONE', #7890, 1000.000000000000200 ) ;
#2397 = LINE ( 'NONE', #7887, #2400 ) ;
#2398 = VECTOR ( 'NONE', #7888, 1000.000000000000000 ) ;
#2399 = LINE ( 'NONE', #7889, #2406 ) ;
#2400 = VECTOR ( 'NONE', #7885, 1000.000000000000000 ) ;
#2401 = LINE ( 'NONE', #7883, #2404 ) ;
#2402 = VECTOR ( 'NONE', #7884, 1000.000000000000000 ) ;
#2403 = LINE ( 'NONE', #7886, #2408 ) ;
#2404 = VECTOR ( 'NONE', #7881, 1000.000000000000000 ) ;
#2405 = LINE ( 'NONE', #7882, #2410 ) ;
#2406 = VECTOR ( 'NONE', #7880, 1000.000000000000000 ) ;
#2407 = LINE ( 'NONE', #7879, #2414 ) ;
#2408 = VECTOR ( 'NONE', #7878, 1000.000000000000000 ) ;
#2409 = LINE ( 'NONE', #7875, #2412 ) ;
#2410 = VECTOR ( 'NONE', #7876, 1000.000000000000000 ) ;
#2411 = LINE ( 'NONE', #7877, #2416 ) ;
#2412 = VECTOR ( 'NONE', #7873, 1000.000000000000000 ) ;
#2413 = LINE ( 'NONE', #7874, #2418 ) ;
#2414 = VECTOR ( 'NONE', #7872, 1000.000000000000000 ) ;
#2415 = LINE ( 'NONE', #7871, #2424 ) ;
#2416 = VECTOR ( 'NONE', #7870, 1000.000000000000200 ) ;
#2417 = LINE ( 'NONE', #7867, #2420 ) ;
#2418 = VECTOR ( 'NONE', #7868, 1000.000000000000000 ) ;
#2419 = LINE ( 'NONE', #7865, #2422 ) ;
#2420 = VECTOR ( 'NONE', #7866, 1000.000000000000000 ) ;
#2421 = LINE ( 'NONE', #7869, #2426 ) ;
#2422 = VECTOR ( 'NONE', #7863, 1000.000000000000000 ) ;
#2423 = LINE ( 'NONE', #7864, #2428 ) ;
#2424 = VECTOR ( 'NONE', #7862, 1000.000000000000000 ) ;
#2425 = LINE ( 'NONE', #7861, #2434 ) ;
#2426 = VECTOR ( 'NONE', #7860, 1000.000000000000000 ) ;
#2427 = LINE ( 'NONE', #7857, #2430 ) ;
#2428 = VECTOR ( 'NONE', #7858, 1000.000000000000000 ) ;
#2429 = LINE ( 'NONE', #7855, #2432 ) ;
#2430 = VECTOR ( 'NONE', #7856, 1000.000000000000000 ) ;
#2431 = LINE ( 'NONE', #7859, #2438 ) ;
#2432 = VECTOR ( 'NONE', #7853, 1000.000000000000000 ) ;
#2433 = LINE ( 'NONE', #7851, #2436 ) ;
#2434 = VECTOR ( 'NONE', #7852, 1000.000000000000000 ) ;
#2435 = LINE ( 'NONE', #7854, #2440 ) ;
#2436 = VECTOR ( 'NONE', #7849, 1000.000000000000000 ) ;
#2437 = LINE ( 'NONE', #7850, #2442 ) ;
#2438 = VECTOR ( 'NONE', #7848, 1000.000000000000000 ) ;
#2439 = LINE ( 'NONE', #7847, #2452 ) ;
#2440 = VECTOR ( 'NONE', #7846, 1000.000000000000000 ) ;
#2441 = LINE ( 'NONE', #7843, #2444 ) ;
#2442 = VECTOR ( 'NONE', #7844, 1000.000000000000000 ) ;
#2443 = LINE ( 'NONE', #7841, #2446 ) ;
#2444 = VECTOR ( 'NONE', #7842, 1000.000000000000100 ) ;
#2445 = LINE ( 'NONE', #7839, #2448 ) ;
#2446 = VECTOR ( 'NONE', #7840, 1000.000000000000100 ) ;
#2447 = LINE ( 'NONE', #7837, #2450 ) ;
#2448 = VECTOR ( 'NONE', #7838, 1000.000000000000000 ) ;
#2449 = LINE ( 'NONE', #7845, #2456 ) ;
#2450 = VECTOR ( 'NONE', #7835, 1000.000000000000000 ) ;
#2451 = LINE ( 'NONE', #7833, #2454 ) ;
#2452 = VECTOR ( 'NONE', #7834, 1000.000000000000000 ) ;
#2453 = LINE ( 'NONE', #7836, #2458 ) ;
#2454 = VECTOR ( 'NONE', #7831, 1000.000000000000000 ) ;
#2455 = LINE ( 'NONE', #7832, #2460 ) ;
#2456 = VECTOR ( 'NONE', #7830, 999.9999999999998900 ) ;
#2457 = LINE ( 'NONE', #7828, #2462 ) ;
#2458 = VECTOR ( 'NONE', #7829, 1000.000000000000000 ) ;
#2459 = LINE ( 'NONE', #8841, #2464 ) ;
#2460 = VECTOR ( 'NONE', #2644, 1000.000000000000000 ) ;
#2461 = LINE ( 'NONE', #2643, #2466 ) ;
#2462 = VECTOR ( 'NONE', #2645, 1000.000000000000100 ) ;
#2463 = LINE ( 'NONE', #2646, #2470 ) ;
#2464 = VECTOR ( 'NONE', #2647, 1000.000000000000100 ) ;
#2465 = LINE ( 'NONE', #2650, #2468 ) ;
#2466 = VECTOR ( 'NONE', #2649, 1000.000000000000000 ) ;
#2467 = LINE ( 'NONE', #2648, #2472 ) ;
#2468 = VECTOR ( 'NONE', #2652, 1000.000000000000000 ) ;
#2469 = LINE ( 'NONE', #2651, #2474 ) ;
#2470 = VECTOR ( 'NONE', #2653, 999.9999999999998900 ) ;
#2471 = LINE ( 'NONE', #2654, #2480 ) ;
#2472 = VECTOR ( 'NONE', #2655, 1000.000000000000000 ) ;
#2473 = LINE ( 'NONE', #2658, #2476 ) ;
#2474 = VECTOR ( 'NONE', #2657, 1000.000000000000000 ) ;
#2475 = LINE ( 'NONE', #2660, #2478 ) ;
#2476 = VECTOR ( 'NONE', #2659, 1000.000000000000000 ) ;
#2477 = LINE ( 'NONE', #2656, #2482 ) ;
#2478 = VECTOR ( 'NONE', #2662, 1000.000000000000100 ) ;
#2479 = LINE ( 'NONE', #2661, #2484 ) ;
#2480 = VECTOR ( 'NONE', #2663, 1000.000000000000100 ) ;
#2481 = LINE ( 'NONE', #2664, #2486 ) ;
#2482 = VECTOR ( 'NONE', #2665, 1000.000000000000000 ) ;
#2483 = LINE ( 'NONE', #2666, #2494 ) ;
#2484 = VECTOR ( 'NONE', #2667, 1000.000000000000000 ) ;
#2485 = LINE ( 'NONE', #2670, #2488 ) ;
#2486 = VECTOR ( 'NONE', #2669, 1000.000000000000000 ) ;
#2487 = LINE ( 'NONE', #2672, #2490 ) ;
#2488 = VECTOR ( 'NONE', #2671, 1000.000000000000000 ) ;
#2489 = LINE ( 'NONE', #2674, #2492 ) ;
#2490 = VECTOR ( 'NONE', #2673, 1000.000000000000100 ) ;
#2491 = LINE ( 'NONE', #2668, #2504 ) ;
#2492 = VECTOR ( 'NONE', #2675, 1000.000000000000000 ) ;
#2493 = LINE ( 'NONE', #2677, #2496 ) ;
#2494 = VECTOR ( 'NONE', #2676, 1000.000000000000000 ) ;
#2495 = LINE ( 'NONE', #2679, #2498 ) ;
#2496 = VECTOR ( 'NONE', #2678, 1000.000000000000000 ) ;
#2497 = LINE ( 'NONE', #2681, #2500 ) ;
#2498 = VECTOR ( 'NONE', #2680, 1000.000000000000000 ) ;
#2499 = LINE ( 'NONE', #2683, #2502 ) ;
#2500 = VECTOR ( 'NONE', #2682, 1000.000000000000000 ) ;
#2501 = CIRCLE ( 'NONE', #1888, 1.450000000000000000 ) ;
#2502 = VECTOR ( 'NONE', #2684, 1000.000000000000000 ) ;
#2503 = LINE ( 'NONE', #2686, #2506 ) ;
#2504 = VECTOR ( 'NONE', #2685, 1000.000000000000000 ) ;
#2505 = LINE ( 'NONE', #2688, #2508 ) ;
#2506 = VECTOR ( 'NONE', #2687, 1000.000000000000000 ) ;
#2507 = LINE ( 'NONE', #2690, #2510 ) ;
#2508 = VECTOR ( 'NONE', #2689, 1000.000000000000000 ) ;
#2509 = LINE ( 'NONE', #2692, #2512 ) ;
#2510 = VECTOR ( 'NONE', #2691, 1000.000000000000000 ) ;
#2511 = LINE ( 'NONE', #2694, #2514 ) ;
#2512 = VECTOR ( 'NONE', #2693, 1000.000000000000000 ) ;
#2513 = LINE ( 'NONE', #2696, #2516 ) ;
#2514 = VECTOR ( 'NONE', #2695, 1000.000000000000000 ) ;
#2515 = LINE ( 'NONE', #2698, #2518 ) ;
#2516 = VECTOR ( 'NONE', #2697, 1000.000000000000000 ) ;
#2517 = LINE ( 'NONE', #2700, #2520 ) ;
#2518 = VECTOR ( 'NONE', #2699, 1000.000000000000000 ) ;
#2519 = LINE ( 'NONE', #2702, #2522 ) ;
#2520 = VECTOR ( 'NONE', #2701, 1000.000000000000000 ) ;
#2521 = CIRCLE ( 'NONE', #1887, 1.602204080988151500 ) ;
#2522 = VECTOR ( 'NONE', #2703, 1000.000000000000000 ) ;
#2523 = LINE ( 'NONE', #2726, #2532 ) ;
#2524 = CIRCLE ( 'NONE', #1890, 1.550000000000000900 ) ;
#2525 = CIRCLE ( 'NONE', #1889, 1.450000000000000000 ) ;
#2526 = VECTOR ( 'NONE', #2735, 1000.000000000000000 ) ;
#2527 = LINE ( 'NONE', #2734, #2526 ) ;
#2528 = LINE ( 'NONE', #2736, #2530 ) ;
#2529 = LINE ( 'NONE', #2728, #2544 ) ;
#2530 = VECTOR ( 'NONE', #2738, 1000.000000000000100 ) ;
#2531 = LINE ( 'NONE', #2740, #2534 ) ;
#2532 = VECTOR ( 'NONE', #2739, 1000.000000000000000 ) ;
#2533 = LINE ( 'NONE', #2742, #2536 ) ;
#2534 = VECTOR ( 'NONE', #2741, 1000.000000000000000 ) ;
#2535 = LINE ( 'NONE', #2744, #2538 ) ;
#2536 = VECTOR ( 'NONE', #2743, 1000.000000000000000 ) ;
#2537 = LINE ( 'NONE', #2746, #2540 ) ;
#2538 = VECTOR ( 'NONE', #2745, 1000.000000000000000 ) ;
#2539 = LINE ( 'NONE', #2748, #2542 ) ;
#2540 = VECTOR ( 'NONE', #2747, 999.9999999999998900 ) ;
#2541 = LINE ( 'NONE', #2737, #2548 ) ;
#2542 = VECTOR ( 'NONE', #2750, 1000.000000000000000 ) ;
#2543 = LINE ( 'NONE', #2752, #2546 ) ;
#2544 = VECTOR ( 'NONE', #2751, 999.9999999999998900 ) ;
#2545 = LINE ( 'NONE', #2749, #2550 ) ;
#2546 = VECTOR ( 'NONE', #2754, 1000.000000000000000 ) ;
#2547 = LINE ( 'NONE', #2753, #2556 ) ;
#2548 = VECTOR ( 'NONE', #2755, 999.9999999999998900 ) ;
#2549 = LINE ( 'NONE', #2758, #2552 ) ;
#2550 = VECTOR ( 'NONE', #2757, 1000.000000000000000 ) ;
#2551 = LINE ( 'NONE', #2760, #2554 ) ;
#2552 = VECTOR ( 'NONE', #2759, 1000.000000000000000 ) ;
#2553 = LINE ( 'NONE', #2756, #2564 ) ;
#2554 = VECTOR ( 'NONE', #2762, 1000.000000000000000 ) ;
#2555 = LINE ( 'NONE', #2764, #2558 ) ;
#2556 = VECTOR ( 'NONE', #2763, 1000.000000000000000 ) ;
#2557 = LINE ( 'NONE', #2766, #2560 ) ;
#2558 = VECTOR ( 'NONE', #2765, 1000.000000000000000 ) ;
#2559 = LINE ( 'NONE', #2768, #2562 ) ;
#2560 = VECTOR ( 'NONE', #2767, 1000.000000000000000 ) ;
#2561 = LINE ( 'NONE', #2761, #2566 ) ;
#2562 = VECTOR ( 'NONE', #2770, 1000.000000000000000 ) ;
#2563 = LINE ( 'NONE', #2769, #2568 ) ;
#2564 = VECTOR ( 'NONE', #2771, 1000.000000000000000 ) ;
#2565 = LINE ( 'NONE', #2772, #2572 ) ;
#2566 = VECTOR ( 'NONE', #2773, 1000.000000000000000 ) ;
#2567 = LINE ( 'NONE', #2776, #2570 ) ;
#2568 = VECTOR ( 'NONE', #2775, 1000.000000000000000 ) ;
#2569 = LINE ( 'NONE', #2774, #2576 ) ;
#2570 = VECTOR ( 'NONE', #2778, 999.9999999999998900 ) ;
#2571 = LINE ( 'NONE', #2780, #2574 ) ;
#2572 = VECTOR ( 'NONE', #2779, 1000.000000000000000 ) ;
#2573 = LINE ( 'NONE', #2777, #2602 ) ;
#2574 = VECTOR ( 'NONE', #2782, 999.9999999999998900 ) ;
#2575 = LINE ( 'NONE', #2784, #2578 ) ;
#2576 = VECTOR ( 'NONE', #2783, 1000.000000000000000 ) ;
#2577 = LINE ( 'NONE', #2786, #2580 ) ;
#2578 = VECTOR ( 'NONE', #2785, 1000.000000000000000 ) ;
#2579 = LINE ( 'NONE', #2788, #2582 ) ;
#2580 = VECTOR ( 'NONE', #2787, 1000.000000000000000 ) ;
#2581 = LINE ( 'NONE', #2790, #2584 ) ;
#2582 = VECTOR ( 'NONE', #2789, 1000.000000000000000 ) ;
#2583 = LINE ( 'NONE', #2792, #2586 ) ;
#2584 = VECTOR ( 'NONE', #2791, 1000.000000000000100 ) ;
#2585 = LINE ( 'NONE', #2794, #2588 ) ;
#2586 = VECTOR ( 'NONE', #2793, 1000.000000000000000 ) ;
#2587 = LINE ( 'NONE', #2796, #2590 ) ;
#2588 = VECTOR ( 'NONE', #2795, 1000.000000000000000 ) ;
#2589 = LINE ( 'NONE', #2798, #2592 ) ;
#2590 = VECTOR ( 'NONE', #2797, 1000.000000000000000 ) ;
#2591 = LINE ( 'NONE', #2800, #2594 ) ;
#2592 = VECTOR ( 'NONE', #2799, 1000.000000000000000 ) ;
#2593 = LINE ( 'NONE', #2802, #2596 ) ;
#2594 = VECTOR ( 'NONE', #2801, 1000.000000000000000 ) ;
#2595 = LINE ( 'NONE', #2804, #2598 ) ;
#2596 = VECTOR ( 'NONE', #2803, 1000.000000000000000 ) ;
#2597 = LINE ( 'NONE', #2806, #2600 ) ;
#2598 = VECTOR ( 'NONE', #2805, 999.9999999999998900 ) ;
#2599 = LINE ( 'NONE', #2781, #2606 ) ;
#2600 = VECTOR ( 'NONE', #2808, 1000.000000000000000 ) ;
#2601 = LINE ( 'NONE', #2810, #2604 ) ;
#2602 = VECTOR ( 'NONE', #2809, 1000.000000000000000 ) ;
#2603 = LINE ( 'NONE', #2807, #2610 ) ;
#2604 = VECTOR ( 'NONE', #2812, 1000.000000000000000 ) ;
#2605 = LINE ( 'NONE', #2814, #2608 ) ;
#2606 = VECTOR ( 'NONE', #2813, 1000.000000000000000 ) ;
#2607 = LINE ( 'NONE', #2811, #2614 ) ;
#2608 = VECTOR ( 'NONE', #2816, 1000.000000000000000 ) ;
#2609 = LINE ( 'NONE', #2818, #2612 ) ;
#2610 = VECTOR ( 'NONE', #2817, 1000.000000000000000 ) ;
#2611 = LINE ( 'NONE', #2815, #2620 ) ;
#2612 = VECTOR ( 'NONE', #2820, 1000.000000000000000 ) ;
#2613 = LINE ( 'NONE', #2822, #2616 ) ;
#2614 = VECTOR ( 'NONE', #2821, 1000.000000000000000 ) ;
#2615 = LINE ( 'NONE', #2824, #2618 ) ;
#2616 = VECTOR ( 'NONE', #2823, 1000.000000000000000 ) ;
#2617 = LINE ( 'NONE', #2819, #2634 ) ;
#2618 = VECTOR ( 'NONE', #2826, 1000.000000000000000 ) ;
#2619 = LINE ( 'NONE', #2828, #2622 ) ;
#2620 = VECTOR ( 'NONE', #2827, 1000.000000000000000 ) ;
#2621 = LINE ( 'NONE', #2830, #2624 ) ;
#2622 = VECTOR ( 'NONE', #2829, 1000.000000000000100 ) ;
#2623 = LINE ( 'NONE', #2832, #2626 ) ;
#2624 = VECTOR ( 'NONE', #2831, 1000.000000000000000 ) ;
#2625 = LINE ( 'NONE', #2834, #2628 ) ;
#2626 = VECTOR ( 'NONE', #2833, 1000.000000000000100 ) ;
#2627 = LINE ( 'NONE', #2836, #2630 ) ;
#2628 = VECTOR ( 'NONE', #2835, 1000.000000000000000 ) ;
#2629 = LINE ( 'NONE', #2838, #2632 ) ;
#2630 = VECTOR ( 'NONE', #2837, 1000.000000000000000 ) ;
#2631 = LINE ( 'NONE', #2825, #2636 ) ;
#2632 = VECTOR ( 'NONE', #2840, 1000.000000000000000 ) ;
#2633 = LINE ( 'NONE', #2839, #2638 ) ;
#2634 = VECTOR ( 'NONE', #2841, 1000.000000000000000 ) ;
#2635 = VECTOR ( 'NONE', #4308, 1000.000000000000000 ) ;
#2636 = VECTOR ( 'NONE', #2843, 1000.000000000000000 ) ;
#2637 = LINE ( 'NONE', #2846, #2640 ) ;
#2638 = VECTOR ( 'NONE', #2845, 1000.000000000000000 ) ;
#2639 = LINE ( 'NONE', #2848, #2642 ) ;
#2640 = VECTOR ( 'NONE', #2847, 1000.000000000000000 ) ;
#2641 = LINE ( 'NONE', #2850, #2871 ) ;
#2642 = VECTOR ( 'NONE', #2849, 1000.000000000000000 ) ;
#2643 = CARTESIAN_POINT ( 'NONE',  ( -6.750000000000000000, 6.649999999999999500, 20.50000000000000000 ) ) ;
#2644 = DIRECTION ( 'NONE',  ( -0.0000000000000000000, 0.0000000000000000000, -1.000000000000000000 ) ) ;
#2645 = DIRECTION ( 'NONE',  ( 0.0000000000000000000, 0.7071067811865474600, 0.7071067811865474600 ) ) ;
#2646 = CARTESIAN_POINT ( 'NONE',  ( -6.750000000000000000, 5.803797976999999400, 2.622743794999999900 ) ) ;
#2647 = DIRECTION ( 'NONE',  ( -0.0000000000000000000, -0.7071067811865474600, -0.7071067811865474600 ) ) ;
#2648 = CARTESIAN_POINT ( 'NONE',  ( -6.750000000000000000, 5.803797976999999400, 8.381277680999998500 ) ) ;
#2649 = DIRECTION ( 'NONE',  ( 0.0000000000000000000, -0.0000000000000000000, 1.000000000000000000 ) ) ;
#2650 = CARTESIAN_POINT ( 'NONE',  ( -6.750000000000000000, 6.850000000000000500, 0.1999999999999987900 ) ) ;
#2651 = CARTESIAN_POINT ( 'NONE',  ( -6.750000000000000000, 6.649999999999999500, 19.93101842600000500 ) ) ;
#2652 = DIRECTION ( 'NONE',  ( 0.0000000000000000000, -1.000000000000000000, -0.0000000000000000000 ) ) ;
#2653 = DIRECTION ( 'NONE',  ( -0.0000000000000000000, 0.3070539309694312900, -0.9516921159052542700 ) ) ;
#2654 = CARTESIAN_POINT ( 'NONE',  ( -6.750000000000000000, -6.470000000000000600, 7.009999999999998900 ) ) ;
#2655 = DIRECTION ( 'NONE',  ( -0.0000000000000000000, 0.0000000000000000000, -1.000000000000000000 ) ) ;
#2656 = CARTESIAN_POINT ( 'NONE',  ( -3.994000000000000200, -6.470000000000000600, 7.009999999999999800 ) ) ;
#2657 = DIRECTION ( 'NONE',  ( 1.000000000000000000, 0.0000000000000000000, -0.0000000000000000000 ) ) ;
#2658 = CARTESIAN_POINT ( 'NONE',  ( -6.750000000000000000, 6.649999999999999500, 19.93101842600000500 ) ) ;
#2659 = DIRECTION ( 'NONE',  ( 1.000000000000000000, 0.0000000000000000000, -0.0000000000000000000 ) ) ;
#2660 = CARTESIAN_POINT ( 'NONE',  ( -4.250000000000000000, -7.270000000000000500, 7.009999999999998900 ) ) ;
#2661 = CARTESIAN_POINT ( 'NONE',  ( -4.250000000000000000, -7.270000000000000500, 8.009999999999999800 ) ) ;
#2662 = DIRECTION ( 'NONE',  ( 0.3047757270674993400, 0.9524241472109351600, -0.0000000000000000000 ) ) ;
#2663 = DIRECTION ( 'NONE',  ( 0.9524241472109351600, -0.3047757270674993400, -0.0000000000000000000 ) ) ;
#2664 = CARTESIAN_POINT ( 'NONE',  ( -4.249999999969523000, -7.269999999904759300, 8.009999999999999800 ) ) ;
#2665 = DIRECTION ( 'NONE',  ( 1.000000000000000000, -0.0000000000000000000, 0.0000000000000000000 ) ) ;
#2666 = CARTESIAN_POINT ( 'NONE',  ( -6.750000000000000000, 6.649999999999999500, 20.50000000000000000 ) ) ;
#2667 = DIRECTION ( 'NONE',  ( 0.3047757258338278400, 0.9524241476057101500, 0.0000000000000000000 ) ) ;
#2668 = CARTESIAN_POINT ( 'NONE',  ( -5.970000000000000600, 3.860000000000000300, 8.800000000000000700 ) ) ;
#2669 = DIRECTION ( 'NONE',  ( 0.0000000000000000000, -0.0000000000000000000, 1.000000000000000000 ) ) ;
#2670 = CARTESIAN_POINT ( 'NONE',  ( -3.994000000000000200, -6.470000000000000600, 8.009999999999999800 ) ) ;
#2671 = DIRECTION ( 'NONE',  ( -1.000000000000000000, 0.0000000000000000000, -0.0000000000000000000 ) ) ;
#2672 = CARTESIAN_POINT ( 'NONE',  ( -6.750000000000000000, -6.470000000000000600, 8.009999999999999800 ) ) ;
#2673 = DIRECTION ( 'NONE',  ( -0.9524241472109351600, 0.3047757270674993400, 0.0000000000000000000 ) ) ;
#2674 = CARTESIAN_POINT ( 'NONE',  ( -6.750000000000000000, 6.649999999999999500, 20.50000000000000000 ) ) ;
#2675 = DIRECTION ( 'NONE',  ( -1.000000000000000000, -0.0000000000000000000, 0.0000000000000000000 ) ) ;
#2676 = DIRECTION ( 'NONE',  ( -1.000000000000000000, -0.0000000000000000000, 0.0000000000000000000 ) ) ;
#2677 = CARTESIAN_POINT ( 'NONE',  ( -6.750000000000000000, -6.669999999999999900, 20.50000000000000000 ) ) ;
#2678 = DIRECTION ( 'NONE',  ( 1.000000000000000000, 0.0000000000000000000, -0.0000000000000000000 ) ) ;
#2679 = CARTESIAN_POINT ( 'NONE',  ( -6.750000000000000000, -6.669999999999999900, 20.50000000000000000 ) ) ;
#2680 = DIRECTION ( 'NONE',  ( 1.000000000000000000, 0.0000000000000000000, -0.0000000000000000000 ) ) ;
#2681 = CARTESIAN_POINT ( 'NONE',  ( 5.970000000000000600, 3.860000000000000300, 8.800000000000000700 ) ) ;
#2682 = DIRECTION ( 'NONE',  ( 0.0000000000000000000, 0.0000000000000000000, -1.000000000000000000 ) ) ;
#2683 = CARTESIAN_POINT ( 'NONE',  ( -6.750000000000000000, 3.860000000000000800, 20.50000000000000000 ) ) ;
#2684 = DIRECTION ( 'NONE',  ( 1.000000000000000000, 0.0000000000000000000, -0.0000000000000000000 ) ) ;
#2685 = DIRECTION ( 'NONE',  ( 0.0000000000000000000, 0.0000000000000000000, 1.000000000000000000 ) ) ;
#2686 = CARTESIAN_POINT ( 'NONE',  ( 5.970000000000000600, -2.949999999999999700, 8.800000000000000700 ) ) ;
#2687 = DIRECTION ( 'NONE',  ( 0.0000000000000000000, -0.0000000000000000000, -1.000000000000000000 ) ) ;
#2688 = CARTESIAN_POINT ( 'NONE',  ( 5.970000000000000600, -6.850000000000000500, 20.50000000000000000 ) ) ;
#2689 = DIRECTION ( 'NONE',  ( 0.0000000000000000000, -1.000000000000000000, -0.0000000000000000000 ) ) ;
#2690 = CARTESIAN_POINT ( 'NONE',  ( 5.970000000000000600, -6.850000000000000500, 20.50000000000000000 ) ) ;
#2691 = DIRECTION ( 'NONE',  ( 0.0000000000000000000, -1.000000000000000000, -0.0000000000000000000 ) ) ;
#2692 = CARTESIAN_POINT ( 'NONE',  ( -6.750000000000000000, -2.949999999999999700, 20.50000000000000000 ) ) ;
#2693 = DIRECTION ( 'NONE',  ( -1.000000000000000000, -0.0000000000000000000, 0.0000000000000000000 ) ) ;
#2694 = CARTESIAN_POINT ( 'NONE',  ( -6.750000000000000000, -5.619999999999999200, 20.50000000000000000 ) ) ;
#2695 = DIRECTION ( 'NONE',  ( -1.000000000000000000, -0.0000000000000000000, 0.0000000000000000000 ) ) ;
#2696 = CARTESIAN_POINT ( 'NONE',  ( -5.970000000000000600, -2.949999999999999700, 8.800000000000000700 ) ) ;
#2697 = DIRECTION ( 'NONE',  ( -0.0000000000000000000, -0.0000000000000000000, -1.000000000000000000 ) ) ;
#2698 = CARTESIAN_POINT ( 'NONE',  ( -6.750000000000000000, -2.949999999999999700, 20.50000000000000000 ) ) ;
#2699 = DIRECTION ( 'NONE',  ( -1.000000000000000000, -0.0000000000000000000, 0.0000000000000000000 ) ) ;
#2700 = CARTESIAN_POINT ( 'NONE',  ( -5.970000000000000600, -6.850000000000000500, 20.50000000000000000 ) ) ;
#2701 = DIRECTION ( 'NONE',  ( -0.0000000000000000000, 1.000000000000000000, 0.0000000000000000000 ) ) ;
#2702 = CARTESIAN_POINT ( 'NONE',  ( -5.970000000000000600, -6.850000000000000500, 20.50000000000000000 ) ) ;
#2703 = DIRECTION ( 'NONE',  ( -0.0000000000000000000, 1.000000000000000000, 0.0000000000000000000 ) ) ;
#2704 = CARTESIAN_POINT ( 'NONE',  ( 4.900000000000000400, -9.250045268069252200, 14.71510942278123000 ) ) ;
#2705 = CARTESIAN_POINT ( 'NONE',  ( 4.899999999955685600, -8.850040245936144200, 14.76878153585322200 ) ) ;
#2706 = CARTESIAN_POINT ( 'NONE',  ( 4.400000000000000400, -8.450000000093426800, 13.30000000000000100 ) ) ;
#2707 = DIRECTION ( 'NONE',  ( 0.0000000000000000000, 1.000000000000000000, 0.0000000000000000000 ) ) ;
#2708 = DIRECTION ( 'NONE',  ( 0.0000000000000000000, 0.0000000000000000000, 1.000000000000000000 ) ) ;
#2709 = CARTESIAN_POINT ( 'NONE',  ( 4.900000000000000400, -8.450000000087660700, 14.82218852877606200 ) ) ;
#2710 = CARTESIAN_POINT ( 'NONE',  ( 4.900000000000000400, -9.649999999996795800, 14.66106575888205500 ) ) ;
#2711 = CARTESIAN_POINT ( 'NONE',  ( 4.900000000000000400, -9.250045268067848900, 11.88489057721858400 ) ) ;
#2712 = CARTESIAN_POINT ( 'NONE',  ( 4.900000000000000400, -8.850040245940594000, 11.83121846411526700 ) ) ;
#2713 = CARTESIAN_POINT ( 'NONE',  ( 4.400000000000000400, -9.650000000000000400, 13.30000000000000100 ) ) ;
#2714 = DIRECTION ( 'NONE',  ( -0.0000000000000000000, -1.000000000000000000, -0.0000000000000000000 ) ) ;
#2715 = DIRECTION ( 'NONE',  ( 0.0000000000000000000, 0.0000000000000000000, 1.000000000000000000 ) ) ;
#2716 = CARTESIAN_POINT ( 'NONE',  ( 4.900000000000000400, -9.649999999995287700, 11.93893424111774400 ) ) ;
#2717 = CARTESIAN_POINT ( 'NONE',  ( 4.900000000000000400, -8.450000000088573800, 11.77781147122406200 ) ) ;
#2718 = CARTESIAN_POINT ( 'NONE',  ( -4.900000000000000400, -8.850012447819423800, 14.73192307341849800 ) ) ;
#2719 = CARTESIAN_POINT ( 'NONE',  ( -4.900000000000000400, -9.250013472804372600, 14.69657595010793300 ) ) ;
#2720 = CARTESIAN_POINT ( 'NONE',  ( -4.400000000000000400, -9.650000000000000400, 13.30000000000000100 ) ) ;
#2721 = DIRECTION ( 'NONE',  ( 0.0000000000000000000, -1.000000000000000000, -0.0000000000000000000 ) ) ;
#2722 = DIRECTION ( 'NONE',  ( 0.0000000000000000000, 0.0000000000000000000, 1.000000000000000000 ) ) ;
#2723 = CARTESIAN_POINT ( 'NONE',  ( -4.900000000000000400, -9.649999999998710700, 14.66106575888173700 ) ) ;
#2724 = CARTESIAN_POINT ( 'NONE',  ( -4.900000000000000400, -8.450000000001185900, 14.76714007511201900 ) ) ;
#2725 = CARTESIAN_POINT ( 'NONE',  ( -4.900000000000000400, -8.850012447819271000, 11.86807692658149100 ) ) ;
#2726 = CARTESIAN_POINT ( 'NONE',  ( -6.750000000000000000, 6.649999999999999500, 9.227479703999998500 ) ) ;
#2727 = CARTESIAN_POINT ( 'NONE',  ( -4.900000000000000400, -9.250013472804672800, 11.90342404989209700 ) ) ;
#2728 = CARTESIAN_POINT ( 'NONE',  ( -6.550000000000000700, 6.427858004000000000, 0.2000000000000000100 ) ) ;
#2729 = CARTESIAN_POINT ( 'NONE',  ( -4.400000000000000400, -8.450000000000001100, 13.30000000000000100 ) ) ;
#2730 = DIRECTION ( 'NONE',  ( -0.0000000000000000000, 1.000000000000000000, 0.0000000000000000000 ) ) ;
#2731 = DIRECTION ( 'NONE',  ( 0.0000000000000000000, 0.0000000000000000000, 1.000000000000000000 ) ) ;
#2732 = CARTESIAN_POINT ( 'NONE',  ( -4.900000000000000400, -8.450000000000882100, 11.83285992488795600 ) ) ;
#2733 = CARTESIAN_POINT ( 'NONE',  ( -4.900000000000000400, -9.649999999999085500, 11.93893424111830000 ) ) ;
#2734 = CARTESIAN_POINT ( 'NONE',  ( -6.550000000000000700, 5.803797976999999400, 8.381277680999998500 ) ) ;
#2735 = DIRECTION ( 'NONE',  ( -1.000000000000000000, -0.0000000000000000000, 0.0000000000000000000 ) ) ;
#2736 = CARTESIAN_POINT ( 'NONE',  ( -6.550000000000000700, 6.649999999999999500, 9.227479703999998500 ) ) ;
#2737 = CARTESIAN_POINT ( 'NONE',  ( -6.750000000000000000, 5.646183977999998900, 2.622743795000000300 ) ) ;
#2738 = DIRECTION ( 'NONE',  ( 0.0000000000000000000, -0.7071067811865474600, -0.7071067811865474600 ) ) ;
#2739 = DIRECTION ( 'NONE',  ( 1.000000000000000000, 0.0000000000000000000, -0.0000000000000000000 ) ) ;
#2740 = CARTESIAN_POINT ( 'NONE',  ( -6.550000000000000700, 5.803797976999999400, 0.0000000000000000000 ) ) ;
#2741 = DIRECTION ( 'NONE',  ( 0.0000000000000000000, 0.0000000000000000000, -1.000000000000000000 ) ) ;
#2742 = CARTESIAN_POINT ( 'NONE',  ( -6.550000000000000700, 5.803797976999999400, 2.622743794999999900 ) ) ;
#2743 = DIRECTION ( 'NONE',  ( -1.000000000000000000, -0.0000000000000000000, 0.0000000000000000000 ) ) ;
#2744 = CARTESIAN_POINT ( 'NONE',  ( -6.550000000000000700, 6.585472001319719700, 0.1999999994578747200 ) ) ;
#2745 = DIRECTION ( 'NONE',  ( 1.000000000000000000, 0.0000000000000000000, -0.0000000000000000000 ) ) ;
#2746 = CARTESIAN_POINT ( 'NONE',  ( -6.550000000000000700, 5.803797976999999400, 2.622743794999999900 ) ) ;
#2747 = DIRECTION ( 'NONE',  ( 0.0000000000000000000, 0.3070539316294722000, -0.9516921156922986100 ) ) ;
#2748 = CARTESIAN_POINT ( 'NONE',  ( -6.550000000000000700, 5.646183977999998900, 2.622743794999999900 ) ) ;
#2749 = CARTESIAN_POINT ( 'NONE',  ( -6.550000000000000700, 6.850000000000000500, 2.622743794999999900 ) ) ;
#2750 = DIRECTION ( 'NONE',  ( -1.000000000000000000, 0.0000000000000000000, -0.0000000000000000000 ) ) ;
#2751 = DIRECTION ( 'NONE',  ( 0.0000000000000000000, -0.3070539316294722000, 0.9516921156922986100 ) ) ;
#2752 = CARTESIAN_POINT ( 'NONE',  ( -6.550000000000000700, 6.427858002319719200, 0.1999999994578747200 ) ) ;
#2753 = CARTESIAN_POINT ( 'NONE',  ( -6.750000000000000000, -5.450000000000000200, 20.50000000000000000 ) ) ;
#2754 = DIRECTION ( 'NONE',  ( -1.000000000000000000, -0.0000000000000000000, -0.0000000000000000000 ) ) ;
#2755 = DIRECTION ( 'NONE',  ( 0.0000000000000000000, 0.3070539316294720300, -0.9516921156922986100 ) ) ;
#2756 = CARTESIAN_POINT ( 'NONE',  ( 6.750000000000000000, 5.646183977999998900, 2.622743794999999900 ) ) ;
#2757 = DIRECTION ( 'NONE',  ( 0.0000000000000000000, -1.000000000000000000, -0.0000000000000000000 ) ) ;
#2758 = CARTESIAN_POINT ( 'NONE',  ( -6.750000000000000000, 6.850000000000000500, 2.622743795000000300 ) ) ;
#2759 = DIRECTION ( 'NONE',  ( -0.0000000000000000000, 1.000000000000000000, 0.0000000000000000000 ) ) ;
#2760 = CARTESIAN_POINT ( 'NONE',  ( -6.550000000000000700, -5.450000000000000200, 2.622743794999999900 ) ) ;
#2761 = CARTESIAN_POINT ( 'NONE',  ( 6.750000000000000000, -5.450000000000000200, 0.0000000000000000000 ) ) ;
#2762 = DIRECTION ( 'NONE',  ( -1.000000000000000000, -0.0000000000000000000, 0.0000000000000000000 ) ) ;
#2763 = DIRECTION ( 'NONE',  ( -0.0000000000000000000, -0.0000000000000000000, 1.000000000000000000 ) ) ;
#2764 = CARTESIAN_POINT ( 'NONE',  ( -6.550000000000000700, -5.450000000000000200, 0.2000000000000000100 ) ) ;
#2765 = DIRECTION ( 'NONE',  ( 1.000000000000000000, 0.0000000000000000000, -0.0000000000000000000 ) ) ;
#2766 = CARTESIAN_POINT ( 'NONE',  ( -6.550000000000000700, -5.450000000000000200, 0.0000000000000000000 ) ) ;
#2767 = DIRECTION ( 'NONE',  ( 0.0000000000000000000, 0.0000000000000000000, -1.000000000000000000 ) ) ;
#2768 = CARTESIAN_POINT ( 'NONE',  ( -6.750000000000000000, -6.470000000000000600, 0.2000000000000000100 ) ) ;
#2769 = CARTESIAN_POINT ( 'NONE',  ( 6.750000000000000000, -6.470000000000000600, 0.2000000000000000100 ) ) ;
#2770 = DIRECTION ( 'NONE',  ( 0.0000000000000000000, 1.000000000000000000, 0.0000000000000000000 ) ) ;
#2771 = DIRECTION ( 'NONE',  ( 0.0000000000000000000, 1.000000000000000000, 0.0000000000000000000 ) ) ;
#2772 = CARTESIAN_POINT ( 'NONE',  ( 6.550000000000000700, 5.803797976999999400, 2.622743795000000300 ) ) ;
#2773 = DIRECTION ( 'NONE',  ( 0.0000000000000000000, -0.0000000000000000000, 1.000000000000000000 ) ) ;
#2774 = CARTESIAN_POINT ( 'NONE',  ( 6.750000000000000000, 6.585472003000000500, 0.2000000000000000100 ) ) ;
#2775 = DIRECTION ( 'NONE',  ( -0.0000000000000000000, -1.000000000000000000, -0.0000000000000000000 ) ) ;
#2776 = CARTESIAN_POINT ( 'NONE',  ( 6.750000000000000000, 5.646183977999998900, 2.622743794999999900 ) ) ;
#2777 = CARTESIAN_POINT ( 'NONE',  ( 6.550000000000000700, -5.450000000000000200, 0.0000000000000000000 ) ) ;
#2778 = DIRECTION ( 'NONE',  ( 0.0000000000000000000, 0.3070539309694312900, -0.9516921159052542700 ) ) ;
#2779 = DIRECTION ( 'NONE',  ( 1.000000000000000000, 0.0000000000000000000, -0.0000000000000000000 ) ) ;
#2780 = CARTESIAN_POINT ( 'NONE',  ( 6.550000000000000700, 6.585472003000000500, 0.2000000000000000100 ) ) ;
#2781 = CARTESIAN_POINT ( 'NONE',  ( 6.750000000000000000, -5.450000000000000200, 20.50000000000000000 ) ) ;
#2782 = DIRECTION ( 'NONE',  ( 0.0000000000000000000, -0.3070539316294722000, 0.9516921156922986100 ) ) ;
#2783 = DIRECTION ( 'NONE',  ( -1.000000000000000000, 0.0000000000000000000, -0.0000000000000000000 ) ) ;
#2784 = CARTESIAN_POINT ( 'NONE',  ( 6.550000000000000700, 5.803797976999999400, 0.0000000000000000000 ) ) ;
#2785 = DIRECTION ( 'NONE',  ( 0.0000000000000000000, 0.0000000000000000000, 1.000000000000000000 ) ) ;
#2786 = CARTESIAN_POINT ( 'NONE',  ( 6.550000000000000700, 5.803797976999999400, 8.381277680999998500 ) ) ;
#2787 = DIRECTION ( 'NONE',  ( 1.000000000000000000, -0.0000000000000000000, 0.0000000000000000000 ) ) ;
#2788 = CARTESIAN_POINT ( 'NONE',  ( -6.750000000000000000, 6.649999999999999500, 9.227479703999998500 ) ) ;
#2789 = DIRECTION ( 'NONE',  ( 1.000000000000000000, 0.0000000000000000000, -0.0000000000000000000 ) ) ;
#2790 = CARTESIAN_POINT ( 'NONE',  ( 6.550000000000000700, 5.803797976999999400, 8.381277680999998500 ) ) ;
#2791 = DIRECTION ( 'NONE',  ( 0.0000000000000000000, 0.7071067811865474600, 0.7071067811865474600 ) ) ;
#2792 = CARTESIAN_POINT ( 'NONE',  ( 6.550000000000000700, -5.450000000000001100, 2.622743794999999900 ) ) ;
#2793 = DIRECTION ( 'NONE',  ( 1.000000000000000000, -0.0000000000000000000, 0.0000000000000000000 ) ) ;
#2794 = CARTESIAN_POINT ( 'NONE',  ( 6.550000000000000700, -5.450000000000000200, 0.0000000000000000000 ) ) ;
#2795 = DIRECTION ( 'NONE',  ( 0.0000000000000000000, 0.0000000000000000000, 1.000000000000000000 ) ) ;
#2796 = CARTESIAN_POINT ( 'NONE',  ( 6.750000000000000000, -5.450000000000000200, 0.2000000000000000100 ) ) ;
#2797 = DIRECTION ( 'NONE',  ( -1.000000000000000000, 0.0000000000000000000, -0.0000000000000000000 ) ) ;
#2798 = CARTESIAN_POINT ( 'NONE',  ( 6.550000000000000700, 6.850000000000000500, 2.622743794999999900 ) ) ;
#2799 = DIRECTION ( 'NONE',  ( 0.0000000000000000000, 1.000000000000000000, -0.0000000000000000000 ) ) ;
#2800 = CARTESIAN_POINT ( 'NONE',  ( 6.550000000000000700, 5.646183977999998900, 2.622743794999999900 ) ) ;
#2801 = DIRECTION ( 'NONE',  ( 1.000000000000000000, 0.0000000000000000000, 0.0000000000000000000 ) ) ;
#2802 = CARTESIAN_POINT ( 'NONE',  ( 6.750000000000000000, 6.427858003999999100, 0.2000000000000000100 ) ) ;
#2803 = DIRECTION ( 'NONE',  ( 1.000000000000000000, -0.0000000000000000000, 0.0000000000000000000 ) ) ;
#2804 = CARTESIAN_POINT ( 'NONE',  ( 6.550000000000000700, 5.646183977999998900, 2.622743794999999900 ) ) ;
#2805 = DIRECTION ( 'NONE',  ( 0.0000000000000000000, 0.3070539316294722000, -0.9516921156922986100 ) ) ;
#2806 = CARTESIAN_POINT ( 'NONE',  ( 6.750000000000000000, -6.470000000000001500, 20.50000000000000000 ) ) ;
#2807 = CARTESIAN_POINT ( 'NONE',  ( 6.550000000000000700, 6.850000000000000500, 2.772743794999999800 ) ) ;
#2808 = DIRECTION ( 'NONE',  ( -0.0000000000000000000, -0.0000000000000000000, -1.000000000000000000 ) ) ;
#2809 = DIRECTION ( 'NONE',  ( 0.0000000000000000000, 0.0000000000000000000, 1.000000000000000000 ) ) ;
#2810 = CARTESIAN_POINT ( 'NONE',  ( 6.550000000000000700, -5.450000000000001100, 2.772743794999999800 ) ) ;
#2811 = CARTESIAN_POINT ( 'NONE',  ( 6.750000000000000000, 6.850000000000000500, 2.772743795000001100 ) ) ;
#2812 = DIRECTION ( 'NONE',  ( -1.000000000000000000, -0.0000000000000000000, 0.0000000000000000000 ) ) ;
#2813 = DIRECTION ( 'NONE',  ( -0.0000000000000000000, -0.0000000000000000000, -1.000000000000000000 ) ) ;
#2814 = CARTESIAN_POINT ( 'NONE',  ( 6.550000000000000700, -5.450000000000000200, 5.128708030999999500 ) ) ;
#2815 = CARTESIAN_POINT ( 'NONE',  ( 6.750000000000000000, 5.653797976999999100, 20.50000000000000000 ) ) ;
#2816 = DIRECTION ( 'NONE',  ( 1.000000000000000000, 0.0000000000000000000, -0.0000000000000000000 ) ) ;
#2817 = DIRECTION ( 'NONE',  ( -0.0000000000000000000, -1.000000000000000000, 0.0000000000000000000 ) ) ;
#2818 = CARTESIAN_POINT ( 'NONE',  ( 6.550000000000000700, 5.653797976999999100, 2.772743794999999300 ) ) ;
#2819 = CARTESIAN_POINT ( 'NONE',  ( -6.250000000000000000, -6.669999999999999900, 17.30000000000000100 ) ) ;
#2820 = DIRECTION ( 'NONE',  ( -1.000000000000000000, -0.0000000000000000000, -0.0000000000000000000 ) ) ;
#2821 = DIRECTION ( 'NONE',  ( 0.0000000000000000000, 1.000000000000000000, -0.0000000000000000000 ) ) ;
#2822 = CARTESIAN_POINT ( 'NONE',  ( 6.550000000000000700, 5.653797976999999100, 0.0000000000000000000 ) ) ;
#2823 = DIRECTION ( 'NONE',  ( -0.0000000000000000000, -0.0000000000000000000, -1.000000000000000000 ) ) ;
#2824 = CARTESIAN_POINT ( 'NONE',  ( 6.550000000000000700, 5.653797977500001800, 8.443409715499999600 ) ) ;
#2825 = CARTESIAN_POINT ( 'NONE',  ( 6.250000000000000000, -6.669999999999999900, 20.50000000000000000 ) ) ;
#2826 = DIRECTION ( 'NONE',  ( -1.000000000000000000, -0.0000000000000000000, -0.0000000000000000000 ) ) ;
#2827 = DIRECTION ( 'NONE',  ( 0.0000000000000000000, 0.0000000000000000000, 1.000000000000000000 ) ) ;
#2828 = CARTESIAN_POINT ( 'NONE',  ( 6.550000000000000700, 6.649999999999999500, 9.439611738000000000 ) ) ;
#2829 = DIRECTION ( 'NONE',  ( 0.0000000000000000000, -0.7071067815414492400, -0.7071067808316456900 ) ) ;
#2830 = CARTESIAN_POINT ( 'NONE',  ( -6.750000000000000000, 6.649999999999999500, 9.439611738000000000 ) ) ;
#2831 = DIRECTION ( 'NONE',  ( -1.000000000000000000, -0.0000000000000000000, 0.0000000000000000000 ) ) ;
#2832 = CARTESIAN_POINT ( 'NONE',  ( 6.750000000000000000, 5.653797976999999100, 8.443409716000001500 ) ) ;
#2833 = DIRECTION ( 'NONE',  ( 0.0000000000000000000, 0.7071067815414492400, 0.7071067808316456900 ) ) ;
#2834 = CARTESIAN_POINT ( 'NONE',  ( -6.750000000000000000, -6.669999999999999900, 20.50000000000000000 ) ) ;
#2835 = DIRECTION ( 'NONE',  ( 1.000000000000000000, 0.0000000000000000000, -0.0000000000000000000 ) ) ;
#2836 = CARTESIAN_POINT ( 'NONE',  ( -6.750000000000000000, -6.669999999999999900, 20.50000000000000000 ) ) ;
#2837 = DIRECTION ( 'NONE',  ( 1.000000000000000000, 0.0000000000000000000, -0.0000000000000000000 ) ) ;
#2838 = CARTESIAN_POINT ( 'NONE',  ( -6.250000000000000000, -6.669999999999999900, 20.50000000000000000 ) ) ;
#2839 = CARTESIAN_POINT ( 'NONE',  ( -6.750000000000000000, -6.669999999999999900, 20.50000000000000000 ) ) ;
#2840 = DIRECTION ( 'NONE',  ( -0.0000000000000000000, -0.0000000000000000000, 1.000000000000000000 ) ) ;
#2841 = DIRECTION ( 'NONE',  ( -1.000000000000000000, -0.0000000000000000000, 0.0000000000000000000 ) ) ;
#2842 = CARTESIAN_POINT ( 'NONE',  ( -6.750000000000000000, 6.649999999999999500, 20.50000000000000000 ) ) ;
#2843 = DIRECTION ( 'NONE',  ( -0.0000000000000000000, -0.0000000000000000000, -1.000000000000000000 ) ) ;
#2844 = CARTESIAN_POINT ( 'NONE',  ( -6.750000000000000000, 6.649999999999999500, 20.50000000000000000 ) ) ;
#2845 = DIRECTION ( 'NONE',  ( 1.000000000000000000, 0.0000000000000000000, -0.0000000000000000000 ) ) ;
#2846 = CARTESIAN_POINT ( 'NONE',  ( 6.550000000000000700, 6.649999999999999500, 0.0000000000000000000 ) ) ;
#2847 = DIRECTION ( 'NONE',  ( 0.0000000000000000000, 0.0000000000000000000, 1.000000000000000000 ) ) ;
#2848 = CARTESIAN_POINT ( 'NONE',  ( 6.750000000000000000, 6.649999999999998600, 0.2000000000000000100 ) ) ;
#2849 = DIRECTION ( 'NONE',  ( 1.000000000000000000, -0.0000000000000000000, 0.0000000000000000000 ) ) ;
#2850 = CARTESIAN_POINT ( 'NONE',  ( -6.550000000000000700, 6.649999999999999500, 0.0000000000000000000 ) ) ;
#2851 = DIRECTION ( 'NONE',  ( 0.0000000000000000000, 0.0000000000000000000, -1.000000000000000000 ) ) ;
#2852 = CARTESIAN_POINT ( 'NONE',  ( -6.550000000000000700, 6.650000000000000400, 9.439611738000000000 ) ) ;
#2853 = CARTESIAN_POINT ( 'NONE',  ( -6.750000000000000000, 6.649999999999999500, 9.439611738000000000 ) ) ;
#2854 = DIRECTION ( 'NONE',  ( 1.000000000000000000, 0.0000000000000000000, 0.0000000000000000000 ) ) ;
#2855 = DIRECTION ( 'NONE',  ( 0.0000000000000000000, 0.0000000000000000000, -1.000000000000000000 ) ) ;
#2856 = CARTESIAN_POINT ( 'NONE',  ( -6.750000000000000000, 5.653797976999999100, 20.50000000000000000 ) ) ;
#2857 = DIRECTION ( 'NONE',  ( -1.000000000000000000, -0.0000000000000000000, 0.0000000000000000000 ) ) ;
#2858 = CARTESIAN_POINT ( 'NONE',  ( -6.750000000000000000, 6.649999999999999500, 20.50000000000000000 ) ) ;
#2859 = DIRECTION ( 'NONE',  ( -1.000000000000000000, -0.0000000000000000000, 0.0000000000000000000 ) ) ;
#2860 = CARTESIAN_POINT ( 'NONE',  ( -6.750000000000000000, 6.649999999999999500, 20.50000000000000000 ) ) ;
#2861 = DIRECTION ( 'NONE',  ( -1.000000000000000000, -0.0000000000000000000, 0.0000000000000000000 ) ) ;
#2862 = CARTESIAN_POINT ( 'NONE',  ( 6.750000000000000000, 6.649999999999999500, 20.50000000000000000 ) ) ;
#2863 = DIRECTION ( 'NONE',  ( 0.0000000000000000000, 0.0000000000000000000, 1.000000000000000000 ) ) ;
#2864 = CARTESIAN_POINT ( 'NONE',  ( -6.550000000000000700, 5.653797976999999100, 8.443409716000001500 ) ) ;
#2865 = CARTESIAN_POINT ( 'NONE',  ( -6.750000000000000000, 6.850000000000000500, 2.772743795000001100 ) ) ;
#2866 = DIRECTION ( 'NONE',  ( 1.000000000000000000, 0.0000000000000000000, 0.0000000000000000000 ) ) ;
#2867 = DIRECTION ( 'NONE',  ( 0.0000000000000000000, -0.7071067815414492400, -0.7071067808316456900 ) ) ;
#2868 = CARTESIAN_POINT ( 'NONE',  ( -6.550000000000000700, 5.653797976999999100, 8.443409716000001500 ) ) ;
#2869 = DIRECTION ( 'NONE',  ( 0.0000000000000000000, 0.7071067815414492400, 0.7071067808316456900 ) ) ;
#2870 = CARTESIAN_POINT ( 'NONE',  ( -6.550000000000000700, 5.653797976999999100, 0.0000000000000000000 ) ) ;
#2871 = VECTOR ( 'NONE', #2851, 1000.000000000000000 ) ;
#2872 = LINE ( 'NONE', #2844, #2879 ) ;
#2873 = LINE ( 'NONE', #2852, #2874 ) ;
#2874 = VECTOR ( 'NONE', #2854, 1000.000000000000000 ) ;
#2875 = LINE ( 'NONE', #2853, #2889 ) ;
#2876 = LINE ( 'NONE', #2842, #2877 ) ;
#2877 = VECTOR ( 'NONE', #2855, 1000.000000000000000 ) ;
#2878 = LINE ( 'NONE', #2858, #2881 ) ;
#2879 = VECTOR ( 'NONE', #2857, 1000.000000000000000 ) ;
#2880 = LINE ( 'NONE', #2860, #2883 ) ;
#2881 = VECTOR ( 'NONE', #2859, 1000.000000000000000 ) ;
#2882 = LINE ( 'NONE', #2862, #2885 ) ;
#2883 = VECTOR ( 'NONE', #2861, 1000.000000000000000 ) ;
#2884 = LINE ( 'NONE', #2864, #2887 ) ;
#2885 = VECTOR ( 'NONE', #2863, 1000.000000000000000 ) ;
#2886 = LINE ( 'NONE', #2856, #2897 ) ;
#2887 = VECTOR ( 'NONE', #2866, 1000.000000000000000 ) ;
#2888 = LINE ( 'NONE', #2868, #2891 ) ;
#2889 = VECTOR ( 'NONE', #2867, 1000.000000000000100 ) ;
#2890 = LINE ( 'NONE', #2870, #2893 ) ;
#2891 = VECTOR ( 'NONE', #2869, 1000.000000000000100 ) ;
#2892 = LINE ( 'NONE', #3456, #2895 ) ;
#2893 = VECTOR ( 'NONE', #3455, 1000.000000000000000 ) ;
#2894 = LINE ( 'NONE', #2865, #2903 ) ;
#2895 = VECTOR ( 'NONE', #3458, 1000.000000000000000 ) ;
#2896 = LINE ( 'NONE', #3460, #2899 ) ;
#2897 = VECTOR ( 'NONE', #3459, 1000.000000000000000 ) ;
#2898 = LINE ( 'NONE', #3462, #2901 ) ;
#2899 = VECTOR ( 'NONE', #3461, 1000.000000000000000 ) ;
#2900 = LINE ( 'NONE', #3457, #2927 ) ;
#2901 = VECTOR ( 'NONE', #3464, 1000.000000000000000 ) ;
#2902 = LINE ( 'NONE', #3466, #2905 ) ;
#2903 = VECTOR ( 'NONE', #3465, 1000.000000000000000 ) ;
#2904 = LINE ( 'NONE', #3468, #2907 ) ;
#2905 = VECTOR ( 'NONE', #3467, 1000.000000000000000 ) ;
#2906 = LINE ( 'NONE', #3470, #2909 ) ;
#2907 = VECTOR ( 'NONE', #3469, 1000.000000000000000 ) ;
#2908 = LINE ( 'NONE', #3472, #2911 ) ;
#2909 = VECTOR ( 'NONE', #3471, 1000.000000000000000 ) ;
#2910 = LINE ( 'NONE', #3474, #2913 ) ;
#2911 = VECTOR ( 'NONE', #3473, 1000.000000000000000 ) ;
#2912 = LINE ( 'NONE', #3476, #2915 ) ;
#2913 = VECTOR ( 'NONE', #3475, 1000.000000000000000 ) ;
#2914 = LINE ( 'NONE', #3478, #2917 ) ;
#2915 = VECTOR ( 'NONE', #3477, 1000.000000000000000 ) ;
#2916 = LINE ( 'NONE', #3480, #2919 ) ;
#2917 = VECTOR ( 'NONE', #3479, 1000.000000000000000 ) ;
#2918 = LINE ( 'NONE', #3482, #2921 ) ;
#2919 = VECTOR ( 'NONE', #3481, 1000.000000000000000 ) ;
#2920 = LINE ( 'NONE', #3484, #2923 ) ;
#2921 = VECTOR ( 'NONE', #3483, 1000.000000000000000 ) ;
#2922 = LINE ( 'NONE', #3486, #2925 ) ;
#2923 = VECTOR ( 'NONE', #3485, 1000.000000000000000 ) ;
#2924 = LINE ( 'NONE', #3463, #2929 ) ;
#2925 = VECTOR ( 'NONE', #3488, 1000.000000000000000 ) ;
#2926 = LINE ( 'NONE', #3487, #2931 ) ;
#2927 = VECTOR ( 'NONE', #3489, 1000.000000000000000 ) ;
#2928 = LINE ( 'NONE', #3490, #2933 ) ;
#2929 = VECTOR ( 'NONE', #3491, 1000.000000000000000 ) ;
#2930 = LINE ( 'NONE', #3492, #2935 ) ;
#2931 = VECTOR ( 'NONE', #3493, 1000.000000000000000 ) ;
#2932 = LINE ( 'NONE', #3494, #2937 ) ;
#2933 = VECTOR ( 'NONE', #3495, 1000.000000000000000 ) ;
#2934 = LINE ( 'NONE', #3496, #2939 ) ;
#2935 = VECTOR ( 'NONE', #3497, 1000.000000000000000 ) ;
#2936 = CIRCLE ( 'NONE', #1891, 1.499999999999999600 ) ;
#2937 = VECTOR ( 'NONE', #3498, 1000.000000000000000 ) ;
#2938 = CIRCLE ( 'NONE', #1892, 1.499999999999999600 ) ;
#2939 = VECTOR ( 'NONE', #3500, 1000.000000000000000 ) ;
#2940 = LINE ( 'NONE', #3501, #2942 ) ;
#2941 = CIRCLE ( 'NONE', #1893, 1.499999999999999600 ) ;
#2942 = VECTOR ( 'NONE', #3499, 1000.000000000000000 ) ;
#2943 = LINE ( 'NONE', #3506, #2945 ) ;
#2944 = CIRCLE ( 'NONE', #1894, 1.499999999999999600 ) ;
#2945 = VECTOR ( 'NONE', #3502, 1000.000000000000000 ) ;
#2946 = LINE ( 'NONE', #3511, #2948 ) ;
#2947 = CIRCLE ( 'NONE', #1896, 1.499999999999999600 ) ;
#2948 = VECTOR ( 'NONE', #3507, 1000.000000000000000 ) ;
#2949 = CIRCLE ( 'NONE', #1895, 1.499999999999999600 ) ;
#2950 = LINE ( 'NONE', #3515, #2952 ) ;
#2951 = LINE ( 'NONE', #3526, #2959 ) ;
#2952 = VECTOR ( 'NONE', #3516, 1000.000000000000000 ) ;
#2953 = LINE ( 'NONE', #3524, #2955 ) ;
#2954 = LINE ( 'NONE', #3530, #2957 ) ;
#2955 = VECTOR ( 'NONE', #3520, 1000.000000000000000 ) ;
#2956 = LINE ( 'NONE', #3525, #2965 ) ;
#2957 = VECTOR ( 'NONE', #3532, 1000.000000000000000 ) ;
#2958 = LINE ( 'NONE', #3534, #2961 ) ;
#2959 = VECTOR ( 'NONE', #3533, 1000.000000000000000 ) ;
#2960 = LINE ( 'NONE', #3536, #2963 ) ;
#2961 = VECTOR ( 'NONE', #3535, 1000.000000000000100 ) ;
#2962 = LINE ( 'NONE', #3531, #2971 ) ;
#2963 = VECTOR ( 'NONE', #3538, 1000.000000000000000 ) ;
#2964 = LINE ( 'NONE', #3540, #2967 ) ;
#2965 = VECTOR ( 'NONE', #3539, 1000.000000000000100 ) ;
#2966 = LINE ( 'NONE', #3542, #2969 ) ;
#2967 = VECTOR ( 'NONE', #3541, 1000.000000000000000 ) ;
#2968 = LINE ( 'NONE', #3537, #2977 ) ;
#2969 = VECTOR ( 'NONE', #3544, 1000.000000000000000 ) ;
#2970 = LINE ( 'NONE', #3546, #2973 ) ;
#2971 = VECTOR ( 'NONE', #3545, 1000.000000000000000 ) ;
#2972 = LINE ( 'NONE', #3548, #2975 ) ;
#2973 = VECTOR ( 'NONE', #3547, 1000.000000000000200 ) ;
#2974 = LINE ( 'NONE', #3543, #2983 ) ;
#2975 = VECTOR ( 'NONE', #3549, 1000.000000000000000 ) ;
#2976 = LINE ( 'NONE', #3551, #2979 ) ;
#2977 = VECTOR ( 'NONE', #3550, 1000.000000000000200 ) ;
#2978 = LINE ( 'NONE', #3553, #2981 ) ;
#2979 = VECTOR ( 'NONE', #3552, 1000.000000000000000 ) ;
#2980 = CIRCLE ( 'NONE', #1900, 1.500000000000000000 ) ;
#2981 = VECTOR ( 'NONE', #3554, 1000.000000000000000 ) ;
#2982 = CIRCLE ( 'NONE', #1897, 1.499999999999999600 ) ;
#2983 = VECTOR ( 'NONE', #3555, 1000.000000000000000 ) ;
#2984 = CIRCLE ( 'NONE', #1898, 1.499999999999999600 ) ;
#2985 = CIRCLE ( 'NONE', #1899, 1.500000000000000000 ) ;
#2986 = LINE ( 'NONE', #3559, #2988 ) ;
#2987 = CIRCLE ( 'NONE', #1902, 1.499999999999999600 ) ;
#2988 = VECTOR ( 'NONE', #3560, 1000.000000000000000 ) ;
#2989 = CIRCLE ( 'NONE', #1901, 1.499999999999999600 ) ;
#2990 = LINE ( 'NONE', #3567, #2992 ) ;
#2991 = CIRCLE ( 'NONE', #1904, 1.300000000000000000 ) ;
#2992 = VECTOR ( 'NONE', #3568, 1000.000000000000000 ) ;
#2993 = CIRCLE ( 'NONE', #1903, 1.300000000000000000 ) ;
#2994 = LINE ( 'NONE', #3575, #2996 ) ;
#2995 = CIRCLE ( 'NONE', #1905, 0.1000000000000002600 ) ;
#2996 = VECTOR ( 'NONE', #3576, 1000.000000000000000 ) ;
#2997 = LINE ( 'NONE', #3584, #2999 ) ;
#2998 = CIRCLE ( 'NONE', #1912, 1.500000000000000000 ) ;
#2999 = VECTOR ( 'NONE', #3580, 1000.000000000000000 ) ;
#3000 = CIRCLE ( 'NONE', #1906, 0.1000000000000002600 ) ;
#3001 = CIRCLE ( 'NONE', #1907, 1.300000000000000000 ) ;
#3002 = LINE ( 'NONE', #3591, #3004 ) ;
#3003 = CIRCLE ( 'NONE', #1908, 1.300000000000000000 ) ;
#3004 = VECTOR ( 'NONE', #3592, 1000.000000000000000 ) ;
#3005 = CIRCLE ( 'NONE', #1909, 0.1000000000000002600 ) ;
#3006 = CIRCLE ( 'NONE', #1910, 0.1000000000000002600 ) ;
#3007 = CIRCLE ( 'NONE', #1911, 1.500000000000000000 ) ;
#3008 = LINE ( 'NONE', #3605, #3010 ) ;
#3009 = CIRCLE ( 'NONE', #1913, 1.499999999999999800 ) ;
#3010 = VECTOR ( 'NONE', #3606, 1000.000000000000000 ) ;
#3011 = LINE ( 'NONE', #3614, #3013 ) ;
#3012 = CIRCLE ( 'NONE', #1914, 1.499999999999999800 ) ;
#3013 = VECTOR ( 'NONE', #3610, 1000.000000000000000 ) ;
#3014 = LINE ( 'NONE', #3619, #3016 ) ;
#3015 = CIRCLE ( 'NONE', #1916, 1.500000000000000000 ) ;
#3016 = VECTOR ( 'NONE', #3615, 1000.000000000000000 ) ;
#3017 = CIRCLE ( 'NONE', #1915, 1.500000000000000000 ) ;
#3018 = LINE ( 'NONE', #3623, #3020 ) ;
#3019 = LINE ( 'NONE', #3634, #3027 ) ;
#3020 = VECTOR ( 'NONE', #3624, 1000.000000000000000 ) ;
#3021 = LINE ( 'NONE', #3632, #3023 ) ;
#3022 = LINE ( 'NONE', #3639, #3025 ) ;
#3023 = VECTOR ( 'NONE', #3628, 1000.000000000000000 ) ;
#3024 = LINE ( 'NONE', #3633, #3033 ) ;
#3025 = VECTOR ( 'NONE', #3641, 1000.000000000000000 ) ;
#3026 = LINE ( 'NONE', #3643, #3029 ) ;
#3027 = VECTOR ( 'NONE', #3642, 1000.000000000000000 ) ;
#3028 = LINE ( 'NONE', #3647, #3031 ) ;
#3029 = VECTOR ( 'NONE', #3646, 1000.000000000000100 ) ;
#3030 = LINE ( 'NONE', #3640, #3039 ) ;
#3031 = VECTOR ( 'NONE', #3649, 1000.000000000000000 ) ;
#3032 = LINE ( 'NONE', #3651, #3035 ) ;
#3033 = VECTOR ( 'NONE', #3650, 1000.000000000000100 ) ;
#3034 = LINE ( 'NONE', #3653, #3037 ) ;
#3035 = VECTOR ( 'NONE', #3652, 1000.000000000000000 ) ;
#3036 = LINE ( 'NONE', #3648, #3045 ) ;
#3037 = VECTOR ( 'NONE', #3655, 1000.000000000000000 ) ;
#3038 = LINE ( 'NONE', #3657, #3041 ) ;
#3039 = VECTOR ( 'NONE', #3656, 1000.000000000000000 ) ;
#3040 = LINE ( 'NONE', #3659, #3043 ) ;
#3041 = VECTOR ( 'NONE', #3658, 1000.000000000000100 ) ;
#3042 = LINE ( 'NONE', #3654, #3051 ) ;
#3043 = VECTOR ( 'NONE', #3660, 1000.000000000000000 ) ;
#3044 = LINE ( 'NONE', #3662, #3047 ) ;
#3045 = VECTOR ( 'NONE', #3661, 1000.000000000000100 ) ;
#3046 = LINE ( 'NONE', #3664, #3049 ) ;
#3047 = VECTOR ( 'NONE', #3663, 1000.000000000000000 ) ;
#3048 = CIRCLE ( 'NONE', #1920, 1.500000000000000000 ) ;
#3049 = VECTOR ( 'NONE', #3665, 1000.000000000000000 ) ;
#3050 = CIRCLE ( 'NONE', #1917, 1.500000000000000000 ) ;
#3051 = VECTOR ( 'NONE', #3666, 1000.000000000000000 ) ;
#3052 = CIRCLE ( 'NONE', #1918, 1.500000000000000000 ) ;
#3053 = CIRCLE ( 'NONE', #1919, 1.500000000000000000 ) ;
#3054 = LINE ( 'NONE', #3670, #3056 ) ;
#3055 = CIRCLE ( 'NONE', #1922, 1.500000000000000000 ) ;
#3056 = VECTOR ( 'NONE', #3671, 1000.000000000000000 ) ;
#3057 = CIRCLE ( 'NONE', #1921, 1.500000000000000000 ) ;
#3058 = LINE ( 'NONE', #3678, #3060 ) ;
#3059 = CIRCLE ( 'NONE', #1925, 1.300000000000000300 ) ;
#3060 = VECTOR ( 'NONE', #3679, 1000.000000000000000 ) ;
#3061 = CIRCLE ( 'NONE', #1923, 0.09999999999999993600 ) ;
#3062 = CIRCLE ( 'NONE', #1924, 0.09999999999999993600 ) ;
#3063 = LINE ( 'NONE', #3689, #3065 ) ;
#3064 = CIRCLE ( 'NONE', #1926, 1.300000000000000300 ) ;
#3065 = VECTOR ( 'NONE', #3690, 1000.000000000000000 ) ;
#3066 = LINE ( 'NONE', #3698, #3068 ) ;
#3067 = CIRCLE ( 'NONE', #1932, 1.500000000000000000 ) ;
#3068 = VECTOR ( 'NONE', #3694, 1000.000000000000000 ) ;
#3069 = CIRCLE ( 'NONE', #1927, 0.09999999999999993600 ) ;
#3070 = LINE ( 'NONE', #3702, #3072 ) ;
#3071 = CIRCLE ( 'NONE', #1928, 0.09999999999999993600 ) ;
#3072 = VECTOR ( 'NONE', #3703, 1000.000000000000000 ) ;
#3073 = CIRCLE ( 'NONE', #1929, 1.300000000000000300 ) ;
#3074 = CIRCLE ( 'NONE', #1930, 1.300000000000000300 ) ;
#3075 = CIRCLE ( 'NONE', #1931, 1.500000000000000000 ) ;
#3076 = LINE ( 'NONE', #3716, #3078 ) ;
#3077 = CIRCLE ( 'NONE', #1933, 1.500000000000000000 ) ;
#3078 = VECTOR ( 'NONE', #3717, 1000.000000000000000 ) ;
#3079 = LINE ( 'NONE', #3725, #3081 ) ;
#3080 = CIRCLE ( 'NONE', #1934, 1.500000000000000000 ) ;
#3081 = VECTOR ( 'NONE', #3721, 1000.000000000000000 ) ;
#3082 = LINE ( 'NONE', #3730, #3084 ) ;
#3083 = CIRCLE ( 'NONE', #1936, 1.500000000000000000 ) ;
#3084 = VECTOR ( 'NONE', #3726, 1000.000000000000000 ) ;
#3085 = CIRCLE ( 'NONE', #1935, 1.500000000000000000 ) ;
#3086 = LINE ( 'NONE', #3734, #3088 ) ;
#3087 = LINE ( 'NONE', #3745, #3095 ) ;
#3088 = VECTOR ( 'NONE', #3735, 1000.000000000000000 ) ;
#3089 = LINE ( 'NONE', #3743, #3091 ) ;
#3090 = LINE ( 'NONE', #3749, #3093 ) ;
#3091 = VECTOR ( 'NONE', #3739, 1000.000000000000000 ) ;
#3092 = LINE ( 'NONE', #3744, #3101 ) ;
#3093 = VECTOR ( 'NONE', #3751, 1000.000000000000000 ) ;
#3094 = LINE ( 'NONE', #3753, #3097 ) ;
#3095 = VECTOR ( 'NONE', #3752, 1000.000000000000000 ) ;
#3096 = LINE ( 'NONE', #3755, #3099 ) ;
#3097 = VECTOR ( 'NONE', #3754, 1000.000000000000100 ) ;
#3098 = LINE ( 'NONE', #3750, #3107 ) ;
#3099 = VECTOR ( 'NONE', #3757, 1000.000000000000000 ) ;
#3100 = LINE ( 'NONE', #3759, #3103 ) ;
#3101 = VECTOR ( 'NONE', #3758, 1000.000000000000100 ) ;
#3102 = LINE ( 'NONE', #3761, #3105 ) ;
#3103 = VECTOR ( 'NONE', #3760, 1000.000000000000000 ) ;
#3104 = LINE ( 'NONE', #3756, #3113 ) ;
#3105 = VECTOR ( 'NONE', #3763, 1000.000000000000000 ) ;
#3106 = LINE ( 'NONE', #3765, #3109 ) ;
#3107 = VECTOR ( 'NONE', #3764, 1000.000000000000000 ) ;
#3108 = LINE ( 'NONE', #3767, #3111 ) ;
#3109 = VECTOR ( 'NONE', #3766, 1000.000000000000100 ) ;
#3110 = LINE ( 'NONE', #3762, #3119 ) ;
#3111 = VECTOR ( 'NONE', #3768, 1000.000000000000000 ) ;
#3112 = LINE ( 'NONE', #3770, #3115 ) ;
#3113 = VECTOR ( 'NONE', #3769, 1000.000000000000100 ) ;
#3114 = LINE ( 'NONE', #3772, #3117 ) ;
#3115 = VECTOR ( 'NONE', #3771, 1000.000000000000000 ) ;
#3116 = CIRCLE ( 'NONE', #1940, 1.500000000000000000 ) ;
#3117 = VECTOR ( 'NONE', #3773, 1000.000000000000000 ) ;
#3118 = CIRCLE ( 'NONE', #1937, 1.500000000000000000 ) ;
#3119 = VECTOR ( 'NONE', #3774, 1000.000000000000000 ) ;
#3120 = CIRCLE ( 'NONE', #1938, 1.500000000000000000 ) ;
#3121 = CIRCLE ( 'NONE', #1939, 1.500000000000000000 ) ;
#3122 = LINE ( 'NONE', #3778, #3124 ) ;
#3123 = CIRCLE ( 'NONE', #1942, 1.500000000000000000 ) ;
#3124 = VECTOR ( 'NONE', #3779, 1000.000000000000000 ) ;
#3125 = CIRCLE ( 'NONE', #1941, 1.500000000000000000 ) ;
#3126 = LINE ( 'NONE', #3786, #3128 ) ;
#3127 = CIRCLE ( 'NONE', #1944, 0.1000000000000000500 ) ;
#3128 = VECTOR ( 'NONE', #3787, 1000.000000000000000 ) ;
#3129 = CIRCLE ( 'NONE', #1943, 0.1000000000000000500 ) ;
#3130 = LINE ( 'NONE', #3802, #3133 ) ;
#3131 = CIRCLE ( 'NONE', #1945, 1.300000000000000000 ) ;
#3132 = CIRCLE ( 'NONE', #1946, 1.300000000000000000 ) ;
#3133 = VECTOR ( 'NONE', #3791, 1000.000000000000000 ) ;
#3134 = LINE ( 'NONE', #3806, #3136 ) ;
#3135 = LINE ( 'NONE', #3828, #3146 ) ;
#3136 = VECTOR ( 'NONE', #3795, 1000.000000000000000 ) ;
#3137 = CIRCLE ( 'NONE', #1947, 0.1000000000000000500 ) ;
#3138 = LINE ( 'NONE', #3810, #3140 ) ;
#3139 = CIRCLE ( 'NONE', #1948, 0.1000000000000000500 ) ;
#3140 = VECTOR ( 'NONE', #3811, 1000.000000000000000 ) ;
#3141 = CIRCLE ( 'NONE', #1949, 1.300000000000000000 ) ;
#3142 = CIRCLE ( 'NONE', #1950, 1.300000000000000000 ) ;
#3143 = CIRCLE ( 'NONE', #1951, 1.500000000000000400 ) ;
#3144 = CIRCLE ( 'NONE', #1952, 1.500000000000000400 ) ;
#3145 = LINE ( 'NONE', #3834, #3149 ) ;
#3146 = VECTOR ( 'NONE', #3824, 1000.000000000000000 ) ;
#3147 = CIRCLE ( 'NONE', #1953, 1.500000000000000000 ) ;
#3148 = CIRCLE ( 'NONE', #1954, 1.500000000000000000 ) ;
#3149 = VECTOR ( 'NONE', #3832, 1000.000000000000000 ) ;
#3150 = LINE ( 'NONE', #3838, #3152 ) ;
#3151 = CIRCLE ( 'NONE', #1956, 1.500000000000000400 ) ;
#3152 = VECTOR ( 'NONE', #3833, 1000.000000000000000 ) ;
#3153 = CIRCLE ( 'NONE', #1955, 1.500000000000000400 ) ;
#3154 = LINE ( 'NONE', #3842, #3156 ) ;
#3155 = LINE ( 'NONE', #3853, #3163 ) ;
#3156 = VECTOR ( 'NONE', #3843, 1000.000000000000000 ) ;
#3157 = LINE ( 'NONE', #3851, #3159 ) ;
#3158 = LINE ( 'NONE', #3857, #3161 ) ;
#3159 = VECTOR ( 'NONE', #3847, 1000.000000000000000 ) ;
#3160 = LINE ( 'NONE', #3852, #3169 ) ;
#3161 = VECTOR ( 'NONE', #3859, 1000.000000000000000 ) ;
#3162 = LINE ( 'NONE', #3861, #3165 ) ;
#3163 = VECTOR ( 'NONE', #3860, 1000.000000000000000 ) ;
#3164 = LINE ( 'NONE', #3863, #3167 ) ;
#3165 = VECTOR ( 'NONE', #3862, 1000.000000000000100 ) ;
#3166 = LINE ( 'NONE', #3858, #3175 ) ;
#3167 = VECTOR ( 'NONE', #3865, 1000.000000000000000 ) ;
#3168 = LINE ( 'NONE', #3867, #3171 ) ;
#3169 = VECTOR ( 'NONE', #3866, 1000.000000000000100 ) ;
#3170 = LINE ( 'NONE', #3869, #3173 ) ;
#3171 = VECTOR ( 'NONE', #3868, 1000.000000000000000 ) ;
#3172 = LINE ( 'NONE', #3864, #3181 ) ;
#3173 = VECTOR ( 'NONE', #3871, 1000.000000000000000 ) ;
#3174 = LINE ( 'NONE', #3873, #3177 ) ;
#3175 = VECTOR ( 'NONE', #3872, 1000.000000000000000 ) ;
#3176 = LINE ( 'NONE', #3875, #3179 ) ;
#3177 = VECTOR ( 'NONE', #3874, 1000.000000000000100 ) ;
#3178 = LINE ( 'NONE', #3870, #3187 ) ;
#3179 = VECTOR ( 'NONE', #3876, 1000.000000000000000 ) ;
#3180 = LINE ( 'NONE', #3878, #3183 ) ;
#3181 = VECTOR ( 'NONE', #3877, 1000.000000000000100 ) ;
#3182 = LINE ( 'NONE', #3880, #3185 ) ;
#3183 = VECTOR ( 'NONE', #3879, 1000.000000000000000 ) ;
#3184 = CIRCLE ( 'NONE', #1960, 1.500000000000000400 ) ;
#3185 = VECTOR ( 'NONE', #3881, 1000.000000000000000 ) ;
#3186 = CIRCLE ( 'NONE', #1957, 1.499999999999999800 ) ;
#3187 = VECTOR ( 'NONE', #3882, 1000.000000000000000 ) ;
#3188 = CIRCLE ( 'NONE', #1958, 1.499999999999999800 ) ;
#3189 = CIRCLE ( 'NONE', #1959, 1.500000000000000400 ) ;
#3190 = LINE ( 'NONE', #3886, #3192 ) ;
#3191 = CIRCLE ( 'NONE', #1962, 0.1000000000000002600 ) ;
#3192 = VECTOR ( 'NONE', #3887, 1000.000000000000000 ) ;
#3193 = CIRCLE ( 'NONE', #1961, 0.1000000000000002600 ) ;
#3194 = LINE ( 'NONE', #3902, #3197 ) ;
#3195 = CIRCLE ( 'NONE', #1963, 1.300000000000000000 ) ;
#3196 = CIRCLE ( 'NONE', #1964, 1.300000000000000000 ) ;
#3197 = VECTOR ( 'NONE', #3891, 1000.000000000000000 ) ;
#3198 = LINE ( 'NONE', #3906, #3200 ) ;
#3199 = CIRCLE ( 'NONE', #1967, 1.300000000000000300 ) ;
#3200 = VECTOR ( 'NONE', #3895, 1000.000000000000000 ) ;
#3201 = CIRCLE ( 'NONE', #1965, 0.1000000000000002600 ) ;
#3202 = LINE ( 'NONE', #3910, #3204 ) ;
#3203 = CIRCLE ( 'NONE', #1966, 0.1000000000000002600 ) ;
#3204 = VECTOR ( 'NONE', #3911, 1000.000000000000000 ) ;
#3205 = CIRCLE ( 'NONE', #1968, 1.300000000000000300 ) ;
#3206 = CIRCLE ( 'NONE', #1970, 1.499999999999999800 ) ;
#3207 = CIRCLE ( 'NONE', #1969, 1.499999999999999800 ) ;
#3208 = LINE ( 'NONE', #3924, #3210 ) ;
#3209 = LINE ( 'NONE', #3936, #3214 ) ;
#3210 = VECTOR ( 'NONE', #3925, 1000.000000000000000 ) ;
#3211 = CIRCLE ( 'NONE', #1971, 1.500000000000000400 ) ;
#3212 = CIRCLE ( 'NONE', #1972, 1.500000000000000400 ) ;
#3213 = LINE ( 'NONE', #3941, #3217 ) ;
#3214 = VECTOR ( 'NONE', #3932, 1000.000000000000000 ) ;
#3215 = CIRCLE ( 'NONE', #1973, 1.500000000000000000 ) ;
#3216 = LINE ( 'NONE', #3957, #3225 ) ;
#3217 = VECTOR ( 'NONE', #3940, 1000.000000000000000 ) ;
#3218 = CIRCLE ( 'NONE', #1974, 1.500000000000000000 ) ;
#3219 = CIRCLE ( 'NONE', #1975, 1.500000000000000400 ) ;
#3220 = CIRCLE ( 'NONE', #1976, 1.500000000000000400 ) ;
#3221 = LINE ( 'NONE', #3951, #3223 ) ;
#3222 = LINE ( 'NONE', #3956, #3231 ) ;
#3223 = VECTOR ( 'NONE', #3952, 1000.000000000000000 ) ;
#3224 = LINE ( 'NONE', #3963, #3227 ) ;
#3225 = VECTOR ( 'NONE', #3962, 1000.000000000000000 ) ;
#3226 = LINE ( 'NONE', #3965, #3229 ) ;
#3227 = VECTOR ( 'NONE', #3964, 1000.000000000000000 ) ;
#3228 = LINE ( 'NONE', #3961, #3237 ) ;
#3229 = VECTOR ( 'NONE', #3967, 1000.000000000000000 ) ;
#3230 = LINE ( 'NONE', #3969, #3233 ) ;
#3231 = VECTOR ( 'NONE', #3968, 1000.000000000000100 ) ;
#3232 = LINE ( 'NONE', #3971, #3235 ) ;
#3233 = VECTOR ( 'NONE', #3970, 1000.000000000000100 ) ;
#3234 = LINE ( 'NONE', #3966, #3243 ) ;
#3235 = VECTOR ( 'NONE', #3973, 1000.000000000000000 ) ;
#3236 = LINE ( 'NONE', #3975, #3239 ) ;
#3237 = VECTOR ( 'NONE', #3974, 1000.000000000000000 ) ;
#3238 = LINE ( 'NONE', #3977, #3241 ) ;
#3239 = VECTOR ( 'NONE', #3976, 1000.000000000000000 ) ;
#3240 = LINE ( 'NONE', #3972, #3249 ) ;
#3241 = VECTOR ( 'NONE', #3978, 1000.000000000000000 ) ;
#3242 = LINE ( 'NONE', #3980, #3245 ) ;
#3243 = VECTOR ( 'NONE', #3979, 1000.000000000000100 ) ;
#3244 = LINE ( 'NONE', #3982, #3247 ) ;
#3245 = VECTOR ( 'NONE', #3981, 1000.000000000000100 ) ;
#3246 = CIRCLE ( 'NONE', #1977, 1.500000000000000000 ) ;
#3247 = VECTOR ( 'NONE', #3983, 1000.000000000000000 ) ;
#3248 = LINE ( 'NONE', #3985, #3251 ) ;
#3249 = VECTOR ( 'NONE', #3984, 1000.000000000000000 ) ;
#3250 = LINE ( 'NONE', #3987, #3253 ) ;
#3251 = VECTOR ( 'NONE', #3986, 1000.000000000000000 ) ;
#3252 = CIRCLE ( 'NONE', #1979, 1.499999999999999600 ) ;
#3253 = VECTOR ( 'NONE', #3988, 1000.000000000000000 ) ;
#3254 = CIRCLE ( 'NONE', #1978, 1.500000000000000000 ) ;
#3255 = LINE ( 'NONE', #3989, #3257 ) ;
#3256 = CIRCLE ( 'NONE', #1981, 0.09999999999999982500 ) ;
#3257 = VECTOR ( 'NONE', #3990, 1000.000000000000000 ) ;
#3258 = CIRCLE ( 'NONE', #1980, 1.499999999999999600 ) ;
#3259 = LINE ( 'NONE', #3997, #3261 ) ;
#3260 = CIRCLE ( 'NONE', #1982, 0.09999999999999982500 ) ;
#3261 = VECTOR ( 'NONE', #3998, 1000.000000000000000 ) ;
#3262 = LINE ( 'NONE', #4009, #3265 ) ;
#3263 = CIRCLE ( 'NONE', #1983, 1.299999999999999200 ) ;
#3264 = CIRCLE ( 'NONE', #1985, 0.09999999999999982500 ) ;
#3265 = VECTOR ( 'NONE', #4005, 1000.000000000000000 ) ;
#3266 = CIRCLE ( 'NONE', #1984, 1.299999999999999200 ) ;
#3267 = LINE ( 'NONE', #4013, #3269 ) ;
#3268 = CIRCLE ( 'NONE', #1987, 1.300000000000000000 ) ;
#3269 = VECTOR ( 'NONE', #4014, 1000.000000000000000 ) ;
#3270 = CIRCLE ( 'NONE', #1986, 0.09999999999999982500 ) ;
#3271 = LINE ( 'NONE', #4021, #3273 ) ;
#3272 = CIRCLE ( 'NONE', #1991, 1.500000000000000000 ) ;
#3273 = VECTOR ( 'NONE', #4022, 1000.000000000000000 ) ;
#3274 = CIRCLE ( 'NONE', #1988, 1.300000000000000000 ) ;
#3275 = CIRCLE ( 'NONE', #1989, 1.500000000000000000 ) ;
#3276 = CIRCLE ( 'NONE', #1990, 1.500000000000000000 ) ;
#3277 = LINE ( 'NONE', #4035, #3279 ) ;
#3278 = LINE ( 'NONE', #4044, #3282 ) ;
#3279 = VECTOR ( 'NONE', #4036, 1000.000000000000000 ) ;
#3280 = CIRCLE ( 'NONE', #1992, 1.500000000000000000 ) ;
#3281 = LINE ( 'NONE', #4049, #3285 ) ;
#3282 = VECTOR ( 'NONE', #4043, 1000.000000000000000 ) ;
#3283 = CIRCLE ( 'NONE', #1993, 1.500000000000000000 ) ;
#3284 = LINE ( 'NONE', #4065, #3293 ) ;
#3285 = VECTOR ( 'NONE', #4048, 1000.000000000000000 ) ;
#3286 = CIRCLE ( 'NONE', #1994, 1.500000000000000000 ) ;
#3287 = CIRCLE ( 'NONE', #1995, 1.500000000000000000 ) ;
#3288 = CIRCLE ( 'NONE', #1996, 1.500000000000000000 ) ;
#3289 = LINE ( 'NONE', #4059, #3291 ) ;
#3290 = LINE ( 'NONE', #4064, #3299 ) ;
#3291 = VECTOR ( 'NONE', #4060, 1000.000000000000000 ) ;
#3292 = LINE ( 'NONE', #4071, #3295 ) ;
#3293 = VECTOR ( 'NONE', #4070, 1000.000000000000000 ) ;
#3294 = LINE ( 'NONE', #4073, #3297 ) ;
#3295 = VECTOR ( 'NONE', #4072, 1000.000000000000000 ) ;
#3296 = LINE ( 'NONE', #4069, #3305 ) ;
#3297 = VECTOR ( 'NONE', #4075, 1000.000000000000000 ) ;
#3298 = LINE ( 'NONE', #4077, #3301 ) ;
#3299 = VECTOR ( 'NONE', #4076, 1000.000000000000100 ) ;
#3300 = LINE ( 'NONE', #4079, #3303 ) ;
#3301 = VECTOR ( 'NONE', #4078, 1000.000000000000100 ) ;
#3302 = LINE ( 'NONE', #4074, #3311 ) ;
#3303 = VECTOR ( 'NONE', #4081, 1000.000000000000000 ) ;
#3304 = LINE ( 'NONE', #4083, #3307 ) ;
#3305 = VECTOR ( 'NONE', #4082, 1000.000000000000000 ) ;
#3306 = LINE ( 'NONE', #4085, #3309 ) ;
#3307 = VECTOR ( 'NONE', #4084, 1000.000000000000000 ) ;
#3308 = LINE ( 'NONE', #4080, #3317 ) ;
#3309 = VECTOR ( 'NONE', #4086, 1000.000000000000000 ) ;
#3310 = LINE ( 'NONE', #4088, #3313 ) ;
#3311 = VECTOR ( 'NONE', #4087, 1000.000000000000100 ) ;
#3312 = LINE ( 'NONE', #4090, #3315 ) ;
#3313 = VECTOR ( 'NONE', #4089, 1000.000000000000100 ) ;
#3314 = CIRCLE ( 'NONE', #1997, 1.500000000000000000 ) ;
#3315 = VECTOR ( 'NONE', #4091, 1000.000000000000000 ) ;
#3316 = LINE ( 'NONE', #4093, #3319 ) ;
#3317 = VECTOR ( 'NONE', #4092, 1000.000000000000000 ) ;
#3318 = LINE ( 'NONE', #4095, #3321 ) ;
#3319 = VECTOR ( 'NONE', #4094, 1000.000000000000000 ) ;
#3320 = CIRCLE ( 'NONE', #1999, 1.499999999999999600 ) ;
#3321 = VECTOR ( 'NONE', #4096, 1000.000000000000000 ) ;
#3322 = CIRCLE ( 'NONE', #1998, 1.500000000000000000 ) ;
#3323 = LINE ( 'NONE', #4097, #3325 ) ;
#3324 = CIRCLE ( 'NONE', #2001, 1.299999999999999600 ) ;
#3325 = VECTOR ( 'NONE', #4098, 1000.000000000000000 ) ;
#3326 = CIRCLE ( 'NONE', #2000, 1.499999999999999600 ) ;
#3327 = LINE ( 'NONE', #4105, #3329 ) ;
#3328 = LINE ( 'NONE', #4114, #3332 ) ;
#3329 = VECTOR ( 'NONE', #4106, 1000.000000000000000 ) ;
#3330 = CIRCLE ( 'NONE', #2002, 1.299999999999999600 ) ;
#3331 = LINE ( 'NONE', #4119, #3335 ) ;
#3332 = VECTOR ( 'NONE', #4113, 1000.000000000000000 ) ;
#3333 = CIRCLE ( 'NONE', #2003, 0.09999999999999993600 ) ;
#3334 = CIRCLE ( 'NONE', #2005, 1.300000000000000300 ) ;
#3335 = VECTOR ( 'NONE', #4118, 1000.000000000000000 ) ;
#3336 = CIRCLE ( 'NONE', #2004, 0.09999999999999993600 ) ;
#3337 = LINE ( 'NONE', #4123, #3339 ) ;
#3338 = CIRCLE ( 'NONE', #2011, 1.500000000000000000 ) ;
#3339 = VECTOR ( 'NONE', #4124, 1000.000000000000000 ) ;
#3340 = CIRCLE ( 'NONE', #2006, 1.300000000000000300 ) ;
#3341 = CIRCLE ( 'NONE', #2007, 0.09999999999999993600 ) ;
#3342 = CIRCLE ( 'NONE', #2008, 0.09999999999999993600 ) ;
#3343 = CIRCLE ( 'NONE', #2009, 1.500000000000000000 ) ;
#3344 = CIRCLE ( 'NONE', #2010, 1.500000000000000000 ) ;
#3345 = LINE ( 'NONE', #4143, #3347 ) ;
#3346 = LINE ( 'NONE', #4152, #3350 ) ;
#3347 = VECTOR ( 'NONE', #4144, 1000.000000000000000 ) ;
#3348 = CIRCLE ( 'NONE', #2012, 1.500000000000000000 ) ;
#3349 = LINE ( 'NONE', #4157, #3353 ) ;
#3350 = VECTOR ( 'NONE', #4151, 1000.000000000000000 ) ;
#3351 = CIRCLE ( 'NONE', #2013, 1.499999999999999800 ) ;
#3352 = LINE ( 'NONE', #4173, #3361 ) ;
#3353 = VECTOR ( 'NONE', #4156, 1000.000000000000000 ) ;
#3354 = CIRCLE ( 'NONE', #2014, 1.499999999999999800 ) ;
#3355 = CIRCLE ( 'NONE', #2015, 1.500000000000000000 ) ;
#3356 = CIRCLE ( 'NONE', #2016, 1.500000000000000000 ) ;
#3357 = LINE ( 'NONE', #4167, #3359 ) ;
#3358 = LINE ( 'NONE', #4172, #3367 ) ;
#3359 = VECTOR ( 'NONE', #4168, 1000.000000000000000 ) ;
#3360 = LINE ( 'NONE', #4179, #3363 ) ;
#3361 = VECTOR ( 'NONE', #4178, 1000.000000000000000 ) ;
#3362 = LINE ( 'NONE', #4181, #3365 ) ;
#3363 = VECTOR ( 'NONE', #4180, 1000.000000000000000 ) ;
#3364 = LINE ( 'NONE', #4177, #3373 ) ;
#3365 = VECTOR ( 'NONE', #4183, 1000.000000000000000 ) ;
#3366 = LINE ( 'NONE', #4185, #3369 ) ;
#3367 = VECTOR ( 'NONE', #4184, 1000.000000000000100 ) ;
#3368 = LINE ( 'NONE', #4187, #3371 ) ;
#3369 = VECTOR ( 'NONE', #4186, 1000.000000000000100 ) ;
#3370 = LINE ( 'NONE', #4182, #3379 ) ;
#3371 = VECTOR ( 'NONE', #4189, 1000.000000000000000 ) ;
#3372 = LINE ( 'NONE', #4191, #3375 ) ;
#3373 = VECTOR ( 'NONE', #4190, 1000.000000000000000 ) ;
#3374 = LINE ( 'NONE', #4193, #3377 ) ;
#3375 = VECTOR ( 'NONE', #4192, 1000.000000000000000 ) ;
#3376 = LINE ( 'NONE', #4188, #3385 ) ;
#3377 = VECTOR ( 'NONE', #4194, 1000.000000000000000 ) ;
#3378 = LINE ( 'NONE', #4196, #3381 ) ;
#3379 = VECTOR ( 'NONE', #4195, 1000.000000000000100 ) ;
#3380 = LINE ( 'NONE', #4198, #3383 ) ;
#3381 = VECTOR ( 'NONE', #4197, 1000.000000000000100 ) ;
#3382 = CIRCLE ( 'NONE', #2017, 1.500000000000000000 ) ;
#3383 = VECTOR ( 'NONE', #4199, 1000.000000000000000 ) ;
#3384 = LINE ( 'NONE', #4201, #3387 ) ;
#3385 = VECTOR ( 'NONE', #4200, 1000.000000000000000 ) ;
#3386 = LINE ( 'NONE', #4203, #3389 ) ;
#3387 = VECTOR ( 'NONE', #4202, 1000.000000000000000 ) ;
#3388 = CIRCLE ( 'NONE', #2019, 1.500000000000000000 ) ;
#3389 = VECTOR ( 'NONE', #4204, 1000.000000000000000 ) ;
#3390 = CIRCLE ( 'NONE', #2018, 1.500000000000000000 ) ;
#3391 = LINE ( 'NONE', #4205, #3393 ) ;
#3392 = CIRCLE ( 'NONE', #2021, 1.300000000000000000 ) ;
#3393 = VECTOR ( 'NONE', #4206, 1000.000000000000000 ) ;
#3394 = CIRCLE ( 'NONE', #2020, 1.500000000000000000 ) ;
#3395 = LINE ( 'NONE', #4213, #3397 ) ;
#3396 = LINE ( 'NONE', #4222, #3400 ) ;
#3397 = VECTOR ( 'NONE', #4214, 1000.000000000000000 ) ;
#3398 = CIRCLE ( 'NONE', #2022, 1.300000000000000000 ) ;
#3399 = LINE ( 'NONE', #4227, #3403 ) ;
#3400 = VECTOR ( 'NONE', #4221, 1000.000000000000000 ) ;
#3401 = CIRCLE ( 'NONE', #2023, 0.09999999999999961700 ) ;
#3402 = CIRCLE ( 'NONE', #2025, 1.299999999999999600 ) ;
#3403 = VECTOR ( 'NONE', #4226, 1000.000000000000000 ) ;
#3404 = CIRCLE ( 'NONE', #2024, 0.09999999999999961700 ) ;
#3405 = LINE ( 'NONE', #4231, #3407 ) ;
#3406 = LINE ( 'NONE', #4257, #3417 ) ;
#3407 = VECTOR ( 'NONE', #4232, 1000.000000000000000 ) ;
#3408 = CIRCLE ( 'NONE', #2026, 1.299999999999999600 ) ;
#3409 = CIRCLE ( 'NONE', #2027, 0.09999999999999961700 ) ;
#3410 = CIRCLE ( 'NONE', #2028, 0.09999999999999961700 ) ;
#3411 = CIRCLE ( 'NONE', #2029, 1.500000000000000000 ) ;
#3412 = CIRCLE ( 'NONE', #2030, 1.500000000000000000 ) ;
#3413 = LINE ( 'NONE', #4251, #3415 ) ;
#3414 = LINE ( 'NONE', #4256, #3419 ) ;
#3415 = VECTOR ( 'NONE', #4252, 1000.000000000000000 ) ;
#3416 = LINE ( 'NONE', #4261, #3421 ) ;
#3417 = VECTOR ( 'NONE', #4262, 1000.000000000000000 ) ;
#3418 = LINE ( 'NONE', #4263, #3423 ) ;
#3419 = VECTOR ( 'NONE', #4264, 1000.000000000000000 ) ;
#3420 = CIRCLE ( 'NONE', #2031, 1.450000000000000000 ) ;
#3421 = VECTOR ( 'NONE', #4265, 1000.000000000000000 ) ;
#3422 = LINE ( 'NONE', #4269, #3426 ) ;
#3423 = VECTOR ( 'NONE', #4266, 1000.000000000000000 ) ;
#3424 = LINE ( 'NONE', #4268, #3432 ) ;
#3425 = LINE ( 'NONE', #4273, #3428 ) ;
#3426 = VECTOR ( 'NONE', #4267, 1000.000000000000000 ) ;
#3427 = LINE ( 'NONE', #4275, #3430 ) ;
#3428 = VECTOR ( 'NONE', #4274, 1000.000000000000000 ) ;
#3429 = CIRCLE ( 'NONE', #2032, 1.450000000000000000 ) ;
#3430 = VECTOR ( 'NONE', #4276, 1000.000000000000000 ) ;
#3431 = LINE ( 'NONE', #4279, #3435 ) ;
#3432 = VECTOR ( 'NONE', #4277, 1000.000000000000000 ) ;
#3433 = CIRCLE ( 'NONE', #2033, 1.450000000000000000 ) ;
#3434 = CIRCLE ( 'NONE', #2034, 1.450000000000000000 ) ;
#3435 = VECTOR ( 'NONE', #4278, 1000.000000000000000 ) ;
#3436 = LINE ( 'NONE', #4289, #3439 ) ;
#3437 = LINE ( 'NONE', #4288, #3445 ) ;
#3438 = LINE ( 'NONE', #4293, #3441 ) ;
#3439 = VECTOR ( 'NONE', #4284, 1000.000000000000000 ) ;
#3440 = LINE ( 'NONE', #4295, #3443 ) ;
#3441 = VECTOR ( 'NONE', #4294, 1000.000000000000000 ) ;
#3442 = LINE ( 'NONE', #4283, #3449 ) ;
#3443 = VECTOR ( 'NONE', #4297, 1000.000000000000000 ) ;
#3444 = LINE ( 'NONE', #4299, #3447 ) ;
#3445 = VECTOR ( 'NONE', #4298, 1000.000000000000000 ) ;
#3446 = LINE ( 'NONE', #4296, #3451 ) ;
#3447 = VECTOR ( 'NONE', #4301, 1000.000000000000000 ) ;
#3448 = FACE_OUTER_BOUND ( 'NONE', #10619, .T. ) ;
#3449 = VECTOR ( 'NONE', #4302, 1000.000000000000000 ) ;
#3450 = LINE ( 'NONE', #4305, #3453 ) ;
#3451 = VECTOR ( 'NONE', #4304, 1000.000000000000000 ) ;
#3452 = LINE ( 'NONE', #4307, #2635 ) ;
#3453 = VECTOR ( 'NONE', #4306, 1000.000000000000000 ) ;
#3454 = LINE ( 'NONE', #4309, #4318 ) ;
#3455 = DIRECTION ( 'NONE',  ( -0.0000000000000000000, -0.0000000000000000000, 1.000000000000000000 ) ) ;
#3456 = CARTESIAN_POINT ( 'NONE',  ( -6.550000000000000700, 5.653797976999999100, 2.772743794999999800 ) ) ;
#3457 = CARTESIAN_POINT ( 'NONE',  ( 5.997721494000001200, -6.850000000000000500, 4.434385983000000300 ) ) ;
#3458 = DIRECTION ( 'NONE',  ( 1.000000000000000000, 0.0000000000000000000, -0.0000000000000000000 ) ) ;
#3459 = DIRECTION ( 'NONE',  ( 0.0000000000000000000, 0.0000000000000000000, -1.000000000000000000 ) ) ;
#3460 = CARTESIAN_POINT ( 'NONE',  ( -6.550000000000000700, 6.850000000000000500, 2.772743794999999800 ) ) ;
#3461 = DIRECTION ( 'NONE',  ( -0.0000000000000000000, 1.000000000000000000, 0.0000000000000000000 ) ) ;
#3462 = CARTESIAN_POINT ( 'NONE',  ( -6.550000000000000700, -5.450000000000000200, 2.772743794999999800 ) ) ;
#3463 = CARTESIAN_POINT ( 'NONE',  ( 5.997721494000001200, -6.850000000000000500, 4.434385983000000300 ) ) ;
#3464 = DIRECTION ( 'NONE',  ( 1.000000000000000000, 0.0000000000000000000, -0.0000000000000000000 ) ) ;
#3465 = DIRECTION ( 'NONE',  ( 0.0000000000000000000, -1.000000000000000000, -0.0000000000000000000 ) ) ;
#3466 = CARTESIAN_POINT ( 'NONE',  ( -6.550000000000000700, -5.450000000000000200, 0.0000000000000000000 ) ) ;
#3467 = DIRECTION ( 'NONE',  ( 0.0000000000000000000, 0.0000000000000000000, -1.000000000000000000 ) ) ;
#3468 = CARTESIAN_POINT ( 'NONE',  ( -6.550000000000000700, -5.450000000000000200, 5.128708030999999500 ) ) ;
#3469 = DIRECTION ( 'NONE',  ( -1.000000000000000000, -0.0000000000000000000, 0.0000000000000000000 ) ) ;
#3470 = CARTESIAN_POINT ( 'NONE',  ( -6.750000000000000000, -5.450000000000000200, 20.50000000000000000 ) ) ;
#3471 = DIRECTION ( 'NONE',  ( -0.0000000000000000000, -0.0000000000000000000, 1.000000000000000000 ) ) ;
#3472 = CARTESIAN_POINT ( 'NONE',  ( -6.750000000000000000, -6.470000000000001500, 20.50000000000000000 ) ) ;
#3473 = DIRECTION ( 'NONE',  ( -0.0000000000000000000, -0.0000000000000000000, 1.000000000000000000 ) ) ;
#3474 = CARTESIAN_POINT ( 'NONE',  ( 6.250000000000000000, -6.669999999999999900, 20.50000000000000000 ) ) ;
#3475 = DIRECTION ( 'NONE',  ( -0.0000000000000000000, -1.000000000000000000, 0.0000000000000000000 ) ) ;
#3476 = CARTESIAN_POINT ( 'NONE',  ( -6.750000000000000000, -6.470000000000000600, 20.50000000000000000 ) ) ;
#3477 = DIRECTION ( 'NONE',  ( 1.000000000000000000, 0.0000000000000000000, -0.0000000000000000000 ) ) ;
#3478 = CARTESIAN_POINT ( 'NONE',  ( 6.750000000000000000, 6.850000000000000500, 20.50000000000000000 ) ) ;
#3479 = DIRECTION ( 'NONE',  ( -0.0000000000000000000, -1.000000000000000000, 0.0000000000000000000 ) ) ;
#3480 = CARTESIAN_POINT ( 'NONE',  ( -6.750000000000000000, 6.850000000000000500, 20.50000000000000000 ) ) ;
#3481 = DIRECTION ( 'NONE',  ( -0.0000000000000000000, 1.000000000000000000, 0.0000000000000000000 ) ) ;
#3482 = CARTESIAN_POINT ( 'NONE',  ( -6.750000000000000000, -6.470000000000000600, 20.50000000000000000 ) ) ;
#3483 = DIRECTION ( 'NONE',  ( 1.000000000000000000, 0.0000000000000000000, -0.0000000000000000000 ) ) ;
#3484 = CARTESIAN_POINT ( 'NONE',  ( -6.250000000000000000, -6.669999999999999900, 20.50000000000000000 ) ) ;
#3485 = DIRECTION ( 'NONE',  ( -0.0000000000000000000, 1.000000000000000000, 0.0000000000000000000 ) ) ;
#3486 = CARTESIAN_POINT ( 'NONE',  ( 5.584726862999999300, -6.850000000000000500, 0.5883734839999998900 ) ) ;
#3487 = CARTESIAN_POINT ( 'NONE',  ( 5.584726862999999300, -6.850000000000000500, 4.434385983000000300 ) ) ;
#3488 = DIRECTION ( 'NONE',  ( 1.000000000000000000, 0.0000000000000000000, 0.0000000000000000000 ) ) ;
#3489 = DIRECTION ( 'NONE',  ( -0.0000000000000000000, -0.0000000000000000000, -1.000000000000000000 ) ) ;
#3490 = CARTESIAN_POINT ( 'NONE',  ( 2.000000000000000000, -6.850000000000000500, 16.50000000000000000 ) ) ;
#3491 = DIRECTION ( 'NONE',  ( 1.000000000000000000, -0.0000000000000000000, 0.0000000000000000000 ) ) ;
#3492 = CARTESIAN_POINT ( 'NONE',  ( -2.000000000000000000, -6.850000000000000500, 16.50000000000000000 ) ) ;
#3493 = DIRECTION ( 'NONE',  ( -0.0000000000000000000, -0.0000000000000000000, 1.000000000000000000 ) ) ;
#3494 = CARTESIAN_POINT ( 'NONE',  ( -2.000000000000000000, -6.850000000000000500, 20.50000000000000000 ) ) ;
#3495 = DIRECTION ( 'NONE',  ( 0.0000000000000000000, 0.0000000000000000000, -1.000000000000000000 ) ) ;
#3496 = CARTESIAN_POINT ( 'NONE',  ( -2.000000000000000000, -6.850000000000000500, 16.00000000000000000 ) ) ;
#3497 = DIRECTION ( 'NONE',  ( 1.000000000000000000, 0.0000000000000000000, -0.0000000000000000000 ) ) ;
#3498 = DIRECTION ( 'NONE',  ( -0.0000000000000000000, 0.0000000000000000000, -1.000000000000000000 ) ) ;
#3499 = DIRECTION ( 'NONE',  ( 0.0000000000000000000, 0.0000000000000000000, -1.000000000000000000 ) ) ;
#3500 = DIRECTION ( 'NONE',  ( -1.000000000000000000, 0.0000000000000000000, -0.0000000000000000000 ) ) ;
#3501 = CARTESIAN_POINT ( 'NONE',  ( 2.924999999930689500, -7.852229972975616900, 4.799999999999998900 ) ) ;
#3502 = DIRECTION ( 'NONE',  ( -0.0000000000000000000, -0.0000000000000000000, 1.000000000000000000 ) ) ;
#3503 = CARTESIAN_POINT ( 'NONE',  ( 1.510000000000000000, -7.354459945999998600, 4.624999999999999100 ) ) ;
#3504 = DIRECTION ( 'NONE',  ( 0.0000000000000000000, 0.0000000000000000000, 1.000000000000000000 ) ) ;
#3505 = DIRECTION ( 'NONE',  ( 1.000000000000000000, 0.0000000000000000000, 0.0000000000000000000 ) ) ;
#3506 = CARTESIAN_POINT ( 'NONE',  ( 3.009999999999999800, -7.354459945999998600, 4.624999999999999100 ) ) ;
#3507 = DIRECTION ( 'NONE',  ( -0.0000000000000000000, -0.0000000000000000000, -1.000000000000000000 ) ) ;
#3508 = CARTESIAN_POINT ( 'NONE',  ( 1.510000000000000000, -7.354459945999998600, 4.975000000000000500 ) ) ;
#3509 = DIRECTION ( 'NONE',  ( -0.0000000000000000000, -0.0000000000000000000, -1.000000000000000000 ) ) ;
#3510 = DIRECTION ( 'NONE',  ( 1.000000000000000000, 0.0000000000000000000, 0.0000000000000000000 ) ) ;
#3511 = CARTESIAN_POINT ( 'NONE',  ( 2.925000000069308400, -8.847770026975617000, 4.799999999999999800 ) ) ;
#3512 = CARTESIAN_POINT ( 'NONE',  ( 4.339999999999999900, -8.350000000000001400, 4.624999999999999100 ) ) ;
#3513 = DIRECTION ( 'NONE',  ( -0.0000000000000000000, 0.0000000000000000000, -1.000000000000000000 ) ) ;
#3514 = DIRECTION ( 'NONE',  ( 1.000000000000000000, 0.0000000000000000000, 0.0000000000000000000 ) ) ;
#3515 = CARTESIAN_POINT ( 'NONE',  ( 3.009999999999999800, -9.345540054000002400, 4.624999999999999100 ) ) ;
#3516 = DIRECTION ( 'NONE',  ( 0.0000000000000000000, 0.0000000000000000000, -1.000000000000000000 ) ) ;
#3517 = CARTESIAN_POINT ( 'NONE',  ( 4.339999999999999900, -8.350000000000001400, 4.975000000000000500 ) ) ;
#3518 = DIRECTION ( 'NONE',  ( 0.0000000000000000000, -0.0000000000000000000, 1.000000000000000000 ) ) ;
#3519 = DIRECTION ( 'NONE',  ( 1.000000000000000000, 0.0000000000000000000, 0.0000000000000000000 ) ) ;
#3520 = DIRECTION ( 'NONE',  ( -0.0000000000000000000, 1.000000000000000000, 0.0000000000000000000 ) ) ;
#3521 = CARTESIAN_POINT ( 'NONE',  ( 1.510000000000000000, -9.345540054000002400, 4.624999999999999100 ) ) ;
#3522 = DIRECTION ( 'NONE',  ( 0.0000000000000000000, 0.0000000000000000000, 1.000000000000000000 ) ) ;
#3523 = DIRECTION ( 'NONE',  ( 1.000000000000000000, 0.0000000000000000000, 0.0000000000000000000 ) ) ;
#3524 = CARTESIAN_POINT ( 'NONE',  ( 3.009999999999999800, -10.27000000000000000, 4.624999999999999100 ) ) ;
#3525 = CARTESIAN_POINT ( 'NONE',  ( 3.009999999999999800, -9.436160337000000500, 4.975000000000000500 ) ) ;
#3526 = CARTESIAN_POINT ( 'NONE',  ( 3.009999999999999800, -10.27000000000000000, 4.975000000000000500 ) ) ;
#3527 = CARTESIAN_POINT ( 'NONE',  ( 1.510000000000000000, -9.345540054000002400, 4.975000000000000500 ) ) ;
#3528 = DIRECTION ( 'NONE',  ( -0.0000000000000000000, -0.0000000000000000000, -1.000000000000000000 ) ) ;
#3529 = DIRECTION ( 'NONE',  ( 1.000000000000000000, 1.156482317317871700E-015, 0.0000000000000000000 ) ) ;
#3530 = CARTESIAN_POINT ( 'NONE',  ( 3.009999999854818600, -9.436160337047525100, 4.624999999999999100 ) ) ;
#3531 = CARTESIAN_POINT ( 'NONE',  ( -5.799329208000000500, -9.650000000000000400, 4.975000000000000500 ) ) ;
#3532 = DIRECTION ( 'NONE',  ( -0.0000000000000000000, 0.0000000000000000000, -1.000000000000000000 ) ) ;
#3533 = DIRECTION ( 'NONE',  ( -0.0000000000000000000, -1.000000000000000000, -0.0000000000000000000 ) ) ;
#3534 = CARTESIAN_POINT ( 'NONE',  ( 3.080000000000000100, -9.650000000000000400, 4.624999999999999100 ) ) ;
#3535 = DIRECTION ( 'NONE',  ( -0.3111037323651559300, 0.9503759612429543100, 0.0000000000000000000 ) ) ;
#3536 = CARTESIAN_POINT ( 'NONE',  ( 3.080000000000000100, -9.650000000000000400, 4.624999999999999100 ) ) ;
#3537 = CARTESIAN_POINT ( 'NONE',  ( 3.280000000000000700, -9.650000000000000400, 4.975000000000000500 ) ) ;
#3538 = DIRECTION ( 'NONE',  ( -0.0000000000000000000, 0.0000000000000000000, -1.000000000000000000 ) ) ;
#3539 = DIRECTION ( 'NONE',  ( 0.3111037323651559300, -0.9503759612429543100, 0.0000000000000000000 ) ) ;
#3540 = CARTESIAN_POINT ( 'NONE',  ( -5.799329208000000500, -9.650000000000000400, 4.624999999999999100 ) ) ;
#3541 = DIRECTION ( 'NONE',  ( -1.000000000000000000, -0.0000000000000000000, 0.0000000000000000000 ) ) ;
#3542 = CARTESIAN_POINT ( 'NONE',  ( 3.280000000000000200, -9.650000000000000400, 4.624999999999999100 ) ) ;
#3543 = CARTESIAN_POINT ( 'NONE',  ( 3.349999999999999600, -10.27000000000000000, 4.975000000000000500 ) ) ;
#3544 = DIRECTION ( 'NONE',  ( -0.0000000000000000000, -0.0000000000000000000, -1.000000000000000000 ) ) ;
#3545 = DIRECTION ( 'NONE',  ( 1.000000000000000000, -0.0000000000000000000, 0.0000000000000000000 ) ) ;
#3546 = CARTESIAN_POINT ( 'NONE',  ( 3.349999999999999600, -9.436160337000000500, 4.624999999999999100 ) ) ;
#3547 = DIRECTION ( 'NONE',  ( -0.3111037323651489300, -0.9503759612429565400, 0.0000000000000000000 ) ) ;
#3548 = CARTESIAN_POINT ( 'NONE',  ( 3.349999999999999600, -9.436160337000000500, 4.624999999999999100 ) ) ;
#3549 = DIRECTION ( 'NONE',  ( -0.0000000000000000000, -0.0000000000000000000, -1.000000000000000000 ) ) ;
#3550 = DIRECTION ( 'NONE',  ( 0.3111037323651489300, 0.9503759612429565400, 0.0000000000000000000 ) ) ;
#3551 = CARTESIAN_POINT ( 'NONE',  ( 3.349999999999999600, -10.27000000000000000, 4.624999999999999100 ) ) ;
#3552 = DIRECTION ( 'NONE',  ( 0.0000000000000000000, -1.000000000000000000, -0.0000000000000000000 ) ) ;
#3553 = CARTESIAN_POINT ( 'NONE',  ( 3.349999999999999600, -9.345540054000002400, 4.799999999999999800 ) ) ;
#3554 = DIRECTION ( 'NONE',  ( -0.0000000000000000000, -0.0000000000000000000, -1.000000000000000000 ) ) ;
#3555 = DIRECTION ( 'NONE',  ( 0.0000000000000000000, 1.000000000000000000, 0.0000000000000000000 ) ) ;
#3556 = CARTESIAN_POINT ( 'NONE',  ( 4.850000000000000500, -9.345540054000002400, 4.624999999999999100 ) ) ;
#3557 = DIRECTION ( 'NONE',  ( 0.0000000000000000000, -0.0000000000000000000, 1.000000000000000000 ) ) ;
#3558 = DIRECTION ( 'NONE',  ( 1.000000000000000000, 0.0000000000000000000, 0.0000000000000000000 ) ) ;
#3559 = CARTESIAN_POINT ( 'NONE',  ( 3.434999999930691500, -7.852229973024380500, 4.799999999999999800 ) ) ;
#3560 = DIRECTION ( 'NONE',  ( -0.0000000000000000000, -0.0000000000000000000, -1.000000000000000000 ) ) ;
#3561 = CARTESIAN_POINT ( 'NONE',  ( 4.850000000000000500, -9.345540054000002400, 4.975000000000000500 ) ) ;
#3562 = DIRECTION ( 'NONE',  ( -0.0000000000000000000, 0.0000000000000000000, -1.000000000000000000 ) ) ;
#3563 = DIRECTION ( 'NONE',  ( 1.000000000000000000, 4.625929269271486900E-015, 0.0000000000000000000 ) ) ;
#3564 = CARTESIAN_POINT ( 'NONE',  ( 2.020000000000000000, -8.350000000000001400, 4.624999999999999100 ) ) ;
#3565 = DIRECTION ( 'NONE',  ( -0.0000000000000000000, -0.0000000000000000000, -1.000000000000000000 ) ) ;
#3566 = DIRECTION ( 'NONE',  ( 1.000000000000000000, -2.312964634635742700E-015, 0.0000000000000000000 ) ) ;
#3567 = CARTESIAN_POINT ( 'NONE',  ( 3.349999999999999600, -7.354459945999998600, 4.624999999999999100 ) ) ;
#3568 = DIRECTION ( 'NONE',  ( -0.0000000000000000000, -0.0000000000000000000, -1.000000000000000000 ) ) ;
#3569 = CARTESIAN_POINT ( 'NONE',  ( 2.020000000000000000, -8.350000000000001400, 4.975000000000000500 ) ) ;
#3570 = DIRECTION ( 'NONE',  ( 0.0000000000000000000, 0.0000000000000000000, 1.000000000000000000 ) ) ;
#3571 = DIRECTION ( 'NONE',  ( 1.000000000000000000, 0.0000000000000000000, 0.0000000000000000000 ) ) ;
#3572 = CARTESIAN_POINT ( 'NONE',  ( 4.850000000000000500, -7.354459945999998600, 4.624999999999999100 ) ) ;
#3573 = DIRECTION ( 'NONE',  ( 0.0000000000000000000, -0.0000000000000000000, 1.000000000000000000 ) ) ;
#3574 = DIRECTION ( 'NONE',  ( 1.000000000000000000, 0.0000000000000000000, 0.0000000000000000000 ) ) ;
#3575 = CARTESIAN_POINT ( 'NONE',  ( 3.083333333271989700, -8.017150351072039900, 4.799999999999998900 ) ) ;
#3576 = DIRECTION ( 'NONE',  ( -0.0000000000000000000, -0.0000000000000000000, -1.000000000000000000 ) ) ;
#3577 = CARTESIAN_POINT ( 'NONE',  ( 4.850000000000000500, -7.354459945999998600, 4.975000000000000500 ) ) ;
#3578 = DIRECTION ( 'NONE',  ( -0.0000000000000000000, 0.0000000000000000000, -1.000000000000000000 ) ) ;
#3579 = DIRECTION ( 'NONE',  ( 1.000000000000000000, 0.0000000000000000000, 0.0000000000000000000 ) ) ;
#3580 = DIRECTION ( 'NONE',  ( 0.0000000000000000000, 0.0000000000000000000, 1.000000000000000000 ) ) ;
#3581 = CARTESIAN_POINT ( 'NONE',  ( 4.339999999999999900, -8.350000000000001400, 4.624999999999999100 ) ) ;
#3582 = DIRECTION ( 'NONE',  ( 0.0000000000000000000, -0.0000000000000000000, 1.000000000000000000 ) ) ;
#3583 = DIRECTION ( 'NONE',  ( 1.000000000000000000, 0.0000000000000000000, 0.0000000000000000000 ) ) ;
#3584 = CARTESIAN_POINT ( 'NONE',  ( 3.083333333271990600, -8.682849648927959400, 4.799999999999999800 ) ) ;
#3585 = CARTESIAN_POINT ( 'NONE',  ( 4.339999999999999900, -8.350000000000001400, 4.975000000000000500 ) ) ;
#3586 = DIRECTION ( 'NONE',  ( -0.0000000000000000000, 0.0000000000000000000, -1.000000000000000000 ) ) ;
#3587 = DIRECTION ( 'NONE',  ( 1.000000000000000000, 5.337610695313252200E-015, 0.0000000000000000000 ) ) ;
#3588 = CARTESIAN_POINT ( 'NONE',  ( 3.180000000000000200, -8.042754170000000300, 4.624999999999999100 ) ) ;
#3589 = DIRECTION ( 'NONE',  ( 0.0000000000000000000, 0.0000000000000000000, 1.000000000000000000 ) ) ;
#3590 = DIRECTION ( 'NONE',  ( 1.000000000000000000, 0.0000000000000000000, 0.0000000000000000000 ) ) ;
#3591 = CARTESIAN_POINT ( 'NONE',  ( 3.276666666728011100, -8.682849648927959400, 4.799999999999999800 ) ) ;
#3592 = DIRECTION ( 'NONE',  ( -0.0000000000000000000, -0.0000000000000000000, -1.000000000000000000 ) ) ;
#3593 = CARTESIAN_POINT ( 'NONE',  ( 3.180000000000000200, -8.042754170000000300, 4.975000000000000500 ) ) ;
#3594 = DIRECTION ( 'NONE',  ( -0.0000000000000000000, -0.0000000000000000000, -1.000000000000000000 ) ) ;
#3595 = DIRECTION ( 'NONE',  ( 1.000000000000000000, 0.0000000000000000000, 0.0000000000000000000 ) ) ;
#3596 = CARTESIAN_POINT ( 'NONE',  ( 2.020000000000000000, -8.350000000000001400, 4.624999999999999100 ) ) ;
#3597 = DIRECTION ( 'NONE',  ( 0.0000000000000000000, -0.0000000000000000000, 1.000000000000000000 ) ) ;
#3598 = DIRECTION ( 'NONE',  ( 1.000000000000000000, 0.0000000000000000000, 0.0000000000000000000 ) ) ;
#3599 = CARTESIAN_POINT ( 'NONE',  ( 2.020000000000000000, -8.350000000000001400, 4.975000000000000500 ) ) ;
#3600 = DIRECTION ( 'NONE',  ( -0.0000000000000000000, 0.0000000000000000000, -1.000000000000000000 ) ) ;
#3601 = DIRECTION ( 'NONE',  ( 1.000000000000000000, 0.0000000000000000000, 0.0000000000000000000 ) ) ;
#3602 = CARTESIAN_POINT ( 'NONE',  ( 3.180000000000000200, -8.657245830000000800, 4.624999999999999100 ) ) ;
#3603 = DIRECTION ( 'NONE',  ( 0.0000000000000000000, 0.0000000000000000000, 1.000000000000000000 ) ) ;
#3604 = DIRECTION ( 'NONE',  ( 1.000000000000000000, 0.0000000000000000000, 0.0000000000000000000 ) ) ;
#3605 = CARTESIAN_POINT ( 'NONE',  ( 0.3849999999306907800, -7.852229972975620400, 4.799999999999998900 ) ) ;
#3606 = DIRECTION ( 'NONE',  ( 0.0000000000000000000, 0.0000000000000000000, -1.000000000000000000 ) ) ;
#3607 = CARTESIAN_POINT ( 'NONE',  ( 3.180000000000000200, -8.657245830000000800, 4.975000000000000500 ) ) ;
#3608 = DIRECTION ( 'NONE',  ( -0.0000000000000000000, -0.0000000000000000000, -1.000000000000000000 ) ) ;
#3609 = DIRECTION ( 'NONE',  ( 1.000000000000000000, 0.0000000000000000000, 0.0000000000000000000 ) ) ;
#3610 = DIRECTION ( 'NONE',  ( -0.0000000000000000000, -0.0000000000000000000, 1.000000000000000000 ) ) ;
#3611 = CARTESIAN_POINT ( 'NONE',  ( -1.030000000000000000, -7.354459945999998600, 4.624999999999999100 ) ) ;
#3612 = DIRECTION ( 'NONE',  ( 0.0000000000000000000, 0.0000000000000000000, 1.000000000000000000 ) ) ;
#3613 = DIRECTION ( 'NONE',  ( 1.000000000000000000, 0.0000000000000000000, 0.0000000000000000000 ) ) ;
#3614 = CARTESIAN_POINT ( 'NONE',  ( 0.4700000000000000300, -7.354459945999998600, 4.624999999999999100 ) ) ;
#3615 = DIRECTION ( 'NONE',  ( -0.0000000000000000000, -0.0000000000000000000, -1.000000000000000000 ) ) ;
#3616 = CARTESIAN_POINT ( 'NONE',  ( -1.030000000000000000, -7.354459945999998600, 4.975000000000000500 ) ) ;
#3617 = DIRECTION ( 'NONE',  ( -0.0000000000000000000, -0.0000000000000000000, -1.000000000000000000 ) ) ;
#3618 = DIRECTION ( 'NONE',  ( 1.000000000000000000, 0.0000000000000000000, 0.0000000000000000000 ) ) ;
#3619 = CARTESIAN_POINT ( 'NONE',  ( 0.3850000000693086200, -8.847770026975617000, 4.799999999999999800 ) ) ;
#3620 = CARTESIAN_POINT ( 'NONE',  ( 1.800000000000000300, -8.350000000000001400, 4.624999999999999100 ) ) ;
#3621 = DIRECTION ( 'NONE',  ( -0.0000000000000000000, -0.0000000000000000000, -1.000000000000000000 ) ) ;
#3622 = DIRECTION ( 'NONE',  ( 1.000000000000000000, 3.469446951953614600E-015, 0.0000000000000000000 ) ) ;
#3623 = CARTESIAN_POINT ( 'NONE',  ( 0.4700000000000000300, -9.345540054000002400, 4.624999999999999100 ) ) ;
#3624 = DIRECTION ( 'NONE',  ( 0.0000000000000000000, 0.0000000000000000000, -1.000000000000000000 ) ) ;
#3625 = CARTESIAN_POINT ( 'NONE',  ( 1.800000000000000300, -8.350000000000001400, 4.975000000000000500 ) ) ;
#3626 = DIRECTION ( 'NONE',  ( 0.0000000000000000000, 0.0000000000000000000, 1.000000000000000000 ) ) ;
#3627 = DIRECTION ( 'NONE',  ( 1.000000000000000000, 0.0000000000000000000, 0.0000000000000000000 ) ) ;
#3628 = DIRECTION ( 'NONE',  ( -0.0000000000000000000, 1.000000000000000000, 0.0000000000000000000 ) ) ;
#3629 = CARTESIAN_POINT ( 'NONE',  ( -1.030000000000000000, -9.345540054000002400, 4.624999999999999100 ) ) ;
#3630 = DIRECTION ( 'NONE',  ( 0.0000000000000000000, 0.0000000000000000000, 1.000000000000000000 ) ) ;
#3631 = DIRECTION ( 'NONE',  ( 1.000000000000000000, 0.0000000000000000000, 0.0000000000000000000 ) ) ;
#3632 = CARTESIAN_POINT ( 'NONE',  ( 0.4699999999999999200, -10.27000000000000000, 4.624999999999999100 ) ) ;
#3633 = CARTESIAN_POINT ( 'NONE',  ( 0.4699999999999999200, -9.436160337000000500, 4.975000000000000500 ) ) ;
#3634 = CARTESIAN_POINT ( 'NONE',  ( 0.4699999999999999200, -10.27000000000000000, 4.975000000000000500 ) ) ;
#3635 = CARTESIAN_POINT ( 'NONE',  ( -1.030000000000000000, -9.345540054000002400, 4.975000000000000500 ) ) ;
#3636 = DIRECTION ( 'NONE',  ( -0.0000000000000000000, -0.0000000000000000000, -1.000000000000000000 ) ) ;
#3637 = DIRECTION ( 'NONE',  ( 1.000000000000000000, -1.156482317317871300E-015, 0.0000000000000000000 ) ) ;
#3638 = ORIENTED_EDGE ( 'NONE', *, *, #9630, .T. ) ;
#3639 = CARTESIAN_POINT ( 'NONE',  ( 0.4699999998548183300, -9.436160337047525100, 4.624999999999999100 ) ) ;
#3640 = CARTESIAN_POINT ( 'NONE',  ( -5.799329208000000500, -9.650000000000000400, 4.975000000000000500 ) ) ;
#3641 = DIRECTION ( 'NONE',  ( -0.0000000000000000000, 0.0000000000000000000, -1.000000000000000000 ) ) ;
#3642 = DIRECTION ( 'NONE',  ( -0.0000000000000000000, -1.000000000000000000, -0.0000000000000000000 ) ) ;
#3643 = CARTESIAN_POINT ( 'NONE',  ( 0.5399999999999997000, -9.650000000000000400, 4.624999999999999100 ) ) ;
#3644 = ORIENTED_EDGE ( 'NONE', *, *, #9631, .F. ) ;
#3645 = ORIENTED_EDGE ( 'NONE', *, *, #9272, .T. ) ;
#3646 = DIRECTION ( 'NONE',  ( -0.3111037323651525400, 0.9503759612429554200, 0.0000000000000000000 ) ) ;
#3647 = CARTESIAN_POINT ( 'NONE',  ( 0.5400000000000000400, -9.650000000000000400, 4.624999999999999100 ) ) ;
#3648 = CARTESIAN_POINT ( 'NONE',  ( 0.7400000000000002100, -9.650000000000000400, 4.975000000000000500 ) ) ;
#3649 = DIRECTION ( 'NONE',  ( -0.0000000000000000000, 0.0000000000000000000, -1.000000000000000000 ) ) ;
#3650 = DIRECTION ( 'NONE',  ( 0.3111037323651525400, -0.9503759612429554200, 0.0000000000000000000 ) ) ;
#3651 = CARTESIAN_POINT ( 'NONE',  ( -5.799329208000000500, -9.650000000000000400, 4.624999999999999100 ) ) ;
#3652 = DIRECTION ( 'NONE',  ( -1.000000000000000000, -0.0000000000000000000, 0.0000000000000000000 ) ) ;
#3653 = CARTESIAN_POINT ( 'NONE',  ( 0.7400000000000001000, -9.650000000000000400, 4.624999999999999100 ) ) ;
#3654 = CARTESIAN_POINT ( 'NONE',  ( 0.8099999999999999400, -10.27000000000000000, 4.975000000000000500 ) ) ;
#3655 = DIRECTION ( 'NONE',  ( -0.0000000000000000000, -0.0000000000000000000, -1.000000000000000000 ) ) ;
#3656 = DIRECTION ( 'NONE',  ( 1.000000000000000000, -0.0000000000000000000, 0.0000000000000000000 ) ) ;
#3657 = CARTESIAN_POINT ( 'NONE',  ( 0.8099999999999999400, -9.436160337000000500, 4.624999999999999100 ) ) ;
#3658 = DIRECTION ( 'NONE',  ( -0.3111037323651525400, -0.9503759612429554200, 0.0000000000000000000 ) ) ;
#3659 = CARTESIAN_POINT ( 'NONE',  ( 0.8100000000000000500, -9.436160337000000500, 4.624999999999999100 ) ) ;
#3660 = DIRECTION ( 'NONE',  ( -0.0000000000000000000, -0.0000000000000000000, -1.000000000000000000 ) ) ;
#3661 = DIRECTION ( 'NONE',  ( 0.3111037323651525400, 0.9503759612429554200, 0.0000000000000000000 ) ) ;
#3662 = CARTESIAN_POINT ( 'NONE',  ( 0.8099999999999999400, -10.27000000000000000, 4.624999999999999100 ) ) ;
#3663 = DIRECTION ( 'NONE',  ( 0.0000000000000000000, -1.000000000000000000, -0.0000000000000000000 ) ) ;
#3664 = CARTESIAN_POINT ( 'NONE',  ( 0.8099999999999999400, -9.345540054000002400, 4.799999999999999800 ) ) ;
#3665 = DIRECTION ( 'NONE',  ( -0.0000000000000000000, -0.0000000000000000000, -1.000000000000000000 ) ) ;
#3666 = DIRECTION ( 'NONE',  ( 0.0000000000000000000, 1.000000000000000000, 0.0000000000000000000 ) ) ;
#3667 = CARTESIAN_POINT ( 'NONE',  ( 2.309999999999999600, -9.345540054000002400, 4.624999999999999100 ) ) ;
#3668 = DIRECTION ( 'NONE',  ( 0.0000000000000000000, -0.0000000000000000000, 1.000000000000000000 ) ) ;
#3669 = DIRECTION ( 'NONE',  ( 1.000000000000000000, 0.0000000000000000000, 0.0000000000000000000 ) ) ;
#3670 = CARTESIAN_POINT ( 'NONE',  ( 0.8949999999306907900, -7.852229973024382300, 4.799999999999999800 ) ) ;
#3671 = DIRECTION ( 'NONE',  ( -0.0000000000000000000, -0.0000000000000000000, -1.000000000000000000 ) ) ;
#3672 = CARTESIAN_POINT ( 'NONE',  ( 2.309999999999999600, -9.345540054000002400, 4.975000000000000500 ) ) ;
#3673 = DIRECTION ( 'NONE',  ( -0.0000000000000000000, 0.0000000000000000000, -1.000000000000000000 ) ) ;
#3674 = DIRECTION ( 'NONE',  ( 1.000000000000000000, -3.469446951953614200E-015, 0.0000000000000000000 ) ) ;
#3675 = CARTESIAN_POINT ( 'NONE',  ( -0.5200000000000000200, -8.350000000000001400, 4.624999999999999100 ) ) ;
#3676 = DIRECTION ( 'NONE',  ( -0.0000000000000000000, 0.0000000000000000000, -1.000000000000000000 ) ) ;
#3677 = DIRECTION ( 'NONE',  ( 1.000000000000000000, -2.312964634635742700E-015, 0.0000000000000000000 ) ) ;
#3678 = CARTESIAN_POINT ( 'NONE',  ( 0.8100000000000000500, -7.354459945999998600, 4.624999999999999100 ) ) ;
#3679 = DIRECTION ( 'NONE',  ( -0.0000000000000000000, -0.0000000000000000000, -1.000000000000000000 ) ) ;
#3680 = CARTESIAN_POINT ( 'NONE',  ( -0.5200000000000000200, -8.350000000000001400, 4.975000000000000500 ) ) ;
#3681 = DIRECTION ( 'NONE',  ( 0.0000000000000000000, -0.0000000000000000000, 1.000000000000000000 ) ) ;
#3682 = DIRECTION ( 'NONE',  ( 1.000000000000000000, 0.0000000000000000000, 0.0000000000000000000 ) ) ;
#3683 = CARTESIAN_POINT ( 'NONE',  ( 2.309999999999999600, -7.354459945999998600, 4.624999999999999100 ) ) ;
#3684 = DIRECTION ( 'NONE',  ( 0.0000000000000000000, -0.0000000000000000000, 1.000000000000000000 ) ) ;
#3685 = DIRECTION ( 'NONE',  ( 1.000000000000000000, 0.0000000000000000000, 0.0000000000000000000 ) ) ;
#3686 = CARTESIAN_POINT ( 'NONE',  ( 2.309999999999999600, -7.354459945999998600, 4.975000000000000500 ) ) ;
#3687 = DIRECTION ( 'NONE',  ( -0.0000000000000000000, 0.0000000000000000000, -1.000000000000000000 ) ) ;
#3688 = DIRECTION ( 'NONE',  ( 1.000000000000000000, 0.0000000000000000000, 0.0000000000000000000 ) ) ;
#3689 = CARTESIAN_POINT ( 'NONE',  ( 0.5433333332930906400, -8.017150351077631900, 4.799999999999998900 ) ) ;
#3690 = DIRECTION ( 'NONE',  ( 0.0000000000000000000, 0.0000000000000000000, 1.000000000000000000 ) ) ;
#3691 = CARTESIAN_POINT ( 'NONE',  ( 0.6400000000000001200, -8.042754170000000300, 4.624999999999999100 ) ) ;
#3692 = DIRECTION ( 'NONE',  ( 0.0000000000000000000, 0.0000000000000000000, 1.000000000000000000 ) ) ;
#3693 = DIRECTION ( 'NONE',  ( 1.000000000000000000, 0.0000000000000000000, 0.0000000000000000000 ) ) ;
#3694 = DIRECTION ( 'NONE',  ( -0.0000000000000000000, -0.0000000000000000000, -1.000000000000000000 ) ) ;
#3695 = CARTESIAN_POINT ( 'NONE',  ( 0.6400000000000001200, -8.042754170000000300, 4.975000000000000500 ) ) ;
#3696 = DIRECTION ( 'NONE',  ( -0.0000000000000000000, -0.0000000000000000000, -1.000000000000000000 ) ) ;
#3697 = DIRECTION ( 'NONE',  ( 1.000000000000000000, 0.0000000000000000000, 0.0000000000000000000 ) ) ;
#3698 = CARTESIAN_POINT ( 'NONE',  ( 0.7366666667280104000, -8.682849648927959400, 4.799999999999999800 ) ) ;
#3699 = CARTESIAN_POINT ( 'NONE',  ( -0.5200000000000000200, -8.350000000000001400, 4.624999999999999100 ) ) ;
#3700 = DIRECTION ( 'NONE',  ( 0.0000000000000000000, -0.0000000000000000000, 1.000000000000000000 ) ) ;
#3701 = DIRECTION ( 'NONE',  ( 1.000000000000000000, 0.0000000000000000000, 0.0000000000000000000 ) ) ;
#3702 = CARTESIAN_POINT ( 'NONE',  ( 0.5433333332930901900, -8.682849648922371000, 4.799999999999998900 ) ) ;
#3703 = DIRECTION ( 'NONE',  ( -0.0000000000000000000, -0.0000000000000000000, -1.000000000000000000 ) ) ;
#3704 = CARTESIAN_POINT ( 'NONE',  ( -0.5200000000000000200, -8.350000000000001400, 4.975000000000000500 ) ) ;
#3705 = DIRECTION ( 'NONE',  ( -0.0000000000000000000, 0.0000000000000000000, -1.000000000000000000 ) ) ;
#3706 = DIRECTION ( 'NONE',  ( 1.000000000000000000, 0.0000000000000000000, 0.0000000000000000000 ) ) ;
#3707 = CARTESIAN_POINT ( 'NONE',  ( 0.6400000000000001200, -8.657245830000000800, 4.624999999999999100 ) ) ;
#3708 = DIRECTION ( 'NONE',  ( 0.0000000000000000000, 0.0000000000000000000, 1.000000000000000000 ) ) ;
#3709 = DIRECTION ( 'NONE',  ( 1.000000000000000000, 0.0000000000000000000, 0.0000000000000000000 ) ) ;
#3710 = CARTESIAN_POINT ( 'NONE',  ( 0.6400000000000001200, -8.657245830000000800, 4.975000000000000500 ) ) ;
#3711 = DIRECTION ( 'NONE',  ( -0.0000000000000000000, -0.0000000000000000000, -1.000000000000000000 ) ) ;
#3712 = DIRECTION ( 'NONE',  ( 1.000000000000000000, 0.0000000000000000000, 0.0000000000000000000 ) ) ;
#3713 = CARTESIAN_POINT ( 'NONE',  ( 1.800000000000000300, -8.350000000000001400, 4.624999999999999100 ) ) ;
#3714 = DIRECTION ( 'NONE',  ( 0.0000000000000000000, -0.0000000000000000000, 1.000000000000000000 ) ) ;
#3715 = DIRECTION ( 'NONE',  ( 1.000000000000000000, 0.0000000000000000000, 0.0000000000000000000 ) ) ;
#3716 = CARTESIAN_POINT ( 'NONE',  ( -2.155000000069308800, -7.852229972975620400, 4.799999999999999800 ) ) ;
#3717 = DIRECTION ( 'NONE',  ( 0.0000000000000000000, 0.0000000000000000000, -1.000000000000000000 ) ) ;
#3718 = CARTESIAN_POINT ( 'NONE',  ( 1.800000000000000300, -8.350000000000001400, 4.975000000000000500 ) ) ;
#3719 = DIRECTION ( 'NONE',  ( -0.0000000000000000000, 0.0000000000000000000, -1.000000000000000000 ) ) ;
#3720 = DIRECTION ( 'NONE',  ( 1.000000000000000000, 2.668805347656625700E-015, 0.0000000000000000000 ) ) ;
#3721 = DIRECTION ( 'NONE',  ( -0.0000000000000000000, -0.0000000000000000000, 1.000000000000000000 ) ) ;
#3722 = CARTESIAN_POINT ( 'NONE',  ( -3.569999999999999800, -7.354459945999998600, 4.624999999999999100 ) ) ;
#3723 = DIRECTION ( 'NONE',  ( 0.0000000000000000000, -0.0000000000000000000, 1.000000000000000000 ) ) ;
#3724 = DIRECTION ( 'NONE',  ( 1.000000000000000000, 0.0000000000000000000, 0.0000000000000000000 ) ) ;
#3725 = CARTESIAN_POINT ( 'NONE',  ( -2.069999999999999800, -7.354459945999998600, 4.624999999999999100 ) ) ;
#3726 = DIRECTION ( 'NONE',  ( -0.0000000000000000000, -0.0000000000000000000, -1.000000000000000000 ) ) ;
#3727 = CARTESIAN_POINT ( 'NONE',  ( -3.569999999999999800, -7.354459945999998600, 4.975000000000000500 ) ) ;
#3728 = DIRECTION ( 'NONE',  ( -0.0000000000000000000, 0.0000000000000000000, -1.000000000000000000 ) ) ;
#3729 = DIRECTION ( 'NONE',  ( 1.000000000000000000, 0.0000000000000000000, 0.0000000000000000000 ) ) ;
#3730 = CARTESIAN_POINT ( 'NONE',  ( -2.154999999930690800, -8.847770026975617000, 4.799999999999999800 ) ) ;
#3731 = CARTESIAN_POINT ( 'NONE',  ( -0.7399999999999999900, -8.350000000000001400, 4.624999999999999100 ) ) ;
#3732 = DIRECTION ( 'NONE',  ( -0.0000000000000000000, 0.0000000000000000000, -1.000000000000000000 ) ) ;
#3733 = DIRECTION ( 'NONE',  ( 1.000000000000000000, 3.469446951953614200E-015, 0.0000000000000000000 ) ) ;
#3734 = CARTESIAN_POINT ( 'NONE',  ( -2.069999999999999800, -9.345540054000002400, 4.624999999999999100 ) ) ;
#3735 = DIRECTION ( 'NONE',  ( 0.0000000000000000000, 0.0000000000000000000, -1.000000000000000000 ) ) ;
#3736 = CARTESIAN_POINT ( 'NONE',  ( -0.7399999999999999900, -8.350000000000001400, 4.975000000000000500 ) ) ;
#3737 = DIRECTION ( 'NONE',  ( 0.0000000000000000000, -0.0000000000000000000, 1.000000000000000000 ) ) ;
#3738 = DIRECTION ( 'NONE',  ( 1.000000000000000000, 0.0000000000000000000, 0.0000000000000000000 ) ) ;
#3739 = DIRECTION ( 'NONE',  ( -0.0000000000000000000, 1.000000000000000000, 0.0000000000000000000 ) ) ;
#3740 = CARTESIAN_POINT ( 'NONE',  ( -3.569999999999999800, -9.345540054000002400, 4.624999999999999100 ) ) ;
#3741 = DIRECTION ( 'NONE',  ( 0.0000000000000000000, -0.0000000000000000000, 1.000000000000000000 ) ) ;
#3742 = DIRECTION ( 'NONE',  ( 1.000000000000000000, 0.0000000000000000000, 0.0000000000000000000 ) ) ;
#3743 = CARTESIAN_POINT ( 'NONE',  ( -2.069999999999999800, -10.27000000000000000, 4.624999999999999100 ) ) ;
#3744 = CARTESIAN_POINT ( 'NONE',  ( -2.069999999999999800, -9.436160337000000500, 4.975000000000000500 ) ) ;
#3745 = CARTESIAN_POINT ( 'NONE',  ( -2.069999999999999800, -10.27000000000000000, 4.975000000000000500 ) ) ;
#3746 = CARTESIAN_POINT ( 'NONE',  ( -3.569999999999999800, -9.345540054000002400, 4.975000000000000500 ) ) ;
#3747 = DIRECTION ( 'NONE',  ( -0.0000000000000000000, 0.0000000000000000000, -1.000000000000000000 ) ) ;
#3748 = DIRECTION ( 'NONE',  ( 1.000000000000000000, -1.156482317317871300E-015, 0.0000000000000000000 ) ) ;
#3749 = CARTESIAN_POINT ( 'NONE',  ( -2.070000000145181900, -9.436160337047525100, 4.624999999999999100 ) ) ;
#3750 = CARTESIAN_POINT ( 'NONE',  ( -5.799329208000000500, -9.650000000000000400, 4.975000000000000500 ) ) ;
#3751 = DIRECTION ( 'NONE',  ( -0.0000000000000000000, 0.0000000000000000000, -1.000000000000000000 ) ) ;
#3752 = DIRECTION ( 'NONE',  ( -0.0000000000000000000, -1.000000000000000000, -0.0000000000000000000 ) ) ;
#3753 = CARTESIAN_POINT ( 'NONE',  ( -2.000000000000000000, -9.650000000000000400, 4.624999999999999100 ) ) ;
#3754 = DIRECTION ( 'NONE',  ( -0.3111037323651525400, 0.9503759612429554200, 0.0000000000000000000 ) ) ;
#3755 = CARTESIAN_POINT ( 'NONE',  ( -2.000000000000000000, -9.650000000000000400, 4.624999999999999100 ) ) ;
#3756 = CARTESIAN_POINT ( 'NONE',  ( -1.800000000000000500, -9.650000000000000400, 4.975000000000000500 ) ) ;
#3757 = DIRECTION ( 'NONE',  ( -0.0000000000000000000, 0.0000000000000000000, -1.000000000000000000 ) ) ;
#3758 = DIRECTION ( 'NONE',  ( 0.3111037323651525400, -0.9503759612429554200, 0.0000000000000000000 ) ) ;
#3759 = CARTESIAN_POINT ( 'NONE',  ( -5.799329208000000500, -9.650000000000000400, 4.624999999999999100 ) ) ;
#3760 = DIRECTION ( 'NONE',  ( -1.000000000000000000, -0.0000000000000000000, 0.0000000000000000000 ) ) ;
#3761 = CARTESIAN_POINT ( 'NONE',  ( -1.800000000000000300, -9.650000000000000400, 4.624999999999999100 ) ) ;
#3762 = CARTESIAN_POINT ( 'NONE',  ( -1.729999999999999800, -10.27000000000000000, 4.975000000000000500 ) ) ;
#3763 = DIRECTION ( 'NONE',  ( -0.0000000000000000000, -0.0000000000000000000, -1.000000000000000000 ) ) ;
#3764 = DIRECTION ( 'NONE',  ( 1.000000000000000000, -0.0000000000000000000, 0.0000000000000000000 ) ) ;
#3765 = CARTESIAN_POINT ( 'NONE',  ( -1.729999999999999800, -9.436160337000000500, 4.624999999999999100 ) ) ;
#3766 = DIRECTION ( 'NONE',  ( -0.3111037323651559300, -0.9503759612429543100, 0.0000000000000000000 ) ) ;
#3767 = CARTESIAN_POINT ( 'NONE',  ( -1.730000000000000200, -9.436160337000000500, 4.624999999999999100 ) ) ;
#3768 = DIRECTION ( 'NONE',  ( -0.0000000000000000000, -0.0000000000000000000, -1.000000000000000000 ) ) ;
#3769 = DIRECTION ( 'NONE',  ( 0.3111037323651559300, 0.9503759612429543100, 0.0000000000000000000 ) ) ;
#3770 = CARTESIAN_POINT ( 'NONE',  ( -1.729999999999999800, -10.27000000000000000, 4.624999999999999100 ) ) ;
#3771 = DIRECTION ( 'NONE',  ( 0.0000000000000000000, -1.000000000000000000, -0.0000000000000000000 ) ) ;
#3772 = CARTESIAN_POINT ( 'NONE',  ( -1.730000000000000200, -9.345540054000002400, 4.799999999999999800 ) ) ;
#3773 = DIRECTION ( 'NONE',  ( -0.0000000000000000000, -0.0000000000000000000, -1.000000000000000000 ) ) ;
#3774 = DIRECTION ( 'NONE',  ( 0.0000000000000000000, 1.000000000000000000, 0.0000000000000000000 ) ) ;
#3775 = CARTESIAN_POINT ( 'NONE',  ( -0.2300000000000000700, -9.345540054000002400, 4.624999999999999100 ) ) ;
#3776 = DIRECTION ( 'NONE',  ( 0.0000000000000000000, -0.0000000000000000000, 1.000000000000000000 ) ) ;
#3777 = DIRECTION ( 'NONE',  ( 1.000000000000000000, 0.0000000000000000000, 0.0000000000000000000 ) ) ;
#3778 = CARTESIAN_POINT ( 'NONE',  ( -1.645000000069309200, -7.852229973024382300, 4.799999999999999800 ) ) ;
#3779 = DIRECTION ( 'NONE',  ( -0.0000000000000000000, -0.0000000000000000000, -1.000000000000000000 ) ) ;
#3780 = CARTESIAN_POINT ( 'NONE',  ( -0.2300000000000000700, -9.345540054000002400, 4.975000000000000500 ) ) ;
#3781 = DIRECTION ( 'NONE',  ( -0.0000000000000000000, 0.0000000000000000000, -1.000000000000000000 ) ) ;
#3782 = DIRECTION ( 'NONE',  ( 1.000000000000000000, 4.625929269271485300E-015, 0.0000000000000000000 ) ) ;
#3783 = CARTESIAN_POINT ( 'NONE',  ( -3.060000000000000100, -8.350000000000001400, 4.624999999999999100 ) ) ;
#3784 = DIRECTION ( 'NONE',  ( -0.0000000000000000000, 0.0000000000000000000, -1.000000000000000000 ) ) ;
#3785 = DIRECTION ( 'NONE',  ( 1.000000000000000000, -2.312964634635742700E-015, 0.0000000000000000000 ) ) ;
#3786 = CARTESIAN_POINT ( 'NONE',  ( -1.730000000000000200, -7.354459945999998600, 4.624999999999999100 ) ) ;
#3787 = DIRECTION ( 'NONE',  ( -0.0000000000000000000, -0.0000000000000000000, -1.000000000000000000 ) ) ;
#3788 = CARTESIAN_POINT ( 'NONE',  ( -3.060000000000000100, -8.350000000000001400, 4.975000000000000500 ) ) ;
#3789 = DIRECTION ( 'NONE',  ( 0.0000000000000000000, -0.0000000000000000000, 1.000000000000000000 ) ) ;
#3790 = DIRECTION ( 'NONE',  ( 1.000000000000000000, 0.0000000000000000000, 0.0000000000000000000 ) ) ;
#3791 = DIRECTION ( 'NONE',  ( 0.0000000000000000000, 0.0000000000000000000, 1.000000000000000000 ) ) ;
#3792 = CARTESIAN_POINT ( 'NONE',  ( -0.2300000000000000700, -7.354459945999998600, 4.624999999999999100 ) ) ;
#3793 = DIRECTION ( 'NONE',  ( 0.0000000000000000000, -0.0000000000000000000, 1.000000000000000000 ) ) ;
#3794 = DIRECTION ( 'NONE',  ( 1.000000000000000000, 0.0000000000000000000, 0.0000000000000000000 ) ) ;
#3795 = DIRECTION ( 'NONE',  ( -0.0000000000000000000, -0.0000000000000000000, -1.000000000000000000 ) ) ;
#3796 = CARTESIAN_POINT ( 'NONE',  ( -0.2300000000000000700, -7.354459945999998600, 4.975000000000000500 ) ) ;
#3797 = DIRECTION ( 'NONE',  ( -0.0000000000000000000, 0.0000000000000000000, -1.000000000000000000 ) ) ;
#3798 = DIRECTION ( 'NONE',  ( 1.000000000000000000, -3.469446951953614200E-015, 0.0000000000000000000 ) ) ;
#3799 = CARTESIAN_POINT ( 'NONE',  ( -1.900000000000000100, -8.042754170000000300, 4.624999999999999100 ) ) ;
#3800 = DIRECTION ( 'NONE',  ( 0.0000000000000000000, -0.0000000000000000000, 1.000000000000000000 ) ) ;
#3801 = DIRECTION ( 'NONE',  ( 1.000000000000000000, 0.0000000000000000000, 0.0000000000000000000 ) ) ;
#3802 = CARTESIAN_POINT ( 'NONE',  ( -1.996666666706909500, -8.017150351077631900, 4.799999999999998900 ) ) ;
#3803 = CARTESIAN_POINT ( 'NONE',  ( -1.900000000000000100, -8.042754170000000300, 4.975000000000000500 ) ) ;
#3804 = DIRECTION ( 'NONE',  ( -0.0000000000000000000, 0.0000000000000000000, -1.000000000000000000 ) ) ;
#3805 = DIRECTION ( 'NONE',  ( 1.000000000000000000, 0.0000000000000000000, 0.0000000000000000000 ) ) ;
#3806 = CARTESIAN_POINT ( 'NONE',  ( -1.803333333271989600, -8.682849648927959400, 4.799999999999999800 ) ) ;
#3807 = CARTESIAN_POINT ( 'NONE',  ( -3.060000000000000100, -8.350000000000001400, 4.624999999999999100 ) ) ;
#3808 = DIRECTION ( 'NONE',  ( 0.0000000000000000000, -0.0000000000000000000, 1.000000000000000000 ) ) ;
#3809 = DIRECTION ( 'NONE',  ( 1.000000000000000000, 0.0000000000000000000, 0.0000000000000000000 ) ) ;
#3810 = CARTESIAN_POINT ( 'NONE',  ( -1.996666666706910000, -8.682849648922371000, 4.799999999999998900 ) ) ;
#3811 = DIRECTION ( 'NONE',  ( -0.0000000000000000000, -0.0000000000000000000, -1.000000000000000000 ) ) ;
#3812 = CARTESIAN_POINT ( 'NONE',  ( -3.060000000000000100, -8.350000000000001400, 4.975000000000000500 ) ) ;
#3813 = DIRECTION ( 'NONE',  ( -0.0000000000000000000, 0.0000000000000000000, -1.000000000000000000 ) ) ;
#3814 = DIRECTION ( 'NONE',  ( 1.000000000000000000, 0.0000000000000000000, 0.0000000000000000000 ) ) ;
#3815 = CARTESIAN_POINT ( 'NONE',  ( -1.900000000000000100, -8.657245830000000800, 4.624999999999999100 ) ) ;
#3816 = DIRECTION ( 'NONE',  ( 0.0000000000000000000, -0.0000000000000000000, 1.000000000000000000 ) ) ;
#3817 = DIRECTION ( 'NONE',  ( 1.000000000000000000, 0.0000000000000000000, 0.0000000000000000000 ) ) ;
#3818 = CARTESIAN_POINT ( 'NONE',  ( -1.900000000000000100, -8.657245830000000800, 4.975000000000000500 ) ) ;
#3819 = DIRECTION ( 'NONE',  ( -0.0000000000000000000, 0.0000000000000000000, -1.000000000000000000 ) ) ;
#3820 = DIRECTION ( 'NONE',  ( 1.000000000000000000, 0.0000000000000000000, 0.0000000000000000000 ) ) ;
#3821 = CARTESIAN_POINT ( 'NONE',  ( -0.7399999999999999900, -8.350000000000001400, 4.624999999999999100 ) ) ;
#3822 = DIRECTION ( 'NONE',  ( 0.0000000000000000000, -0.0000000000000000000, 1.000000000000000000 ) ) ;
#3823 = DIRECTION ( 'NONE',  ( 1.000000000000000000, 0.0000000000000000000, 0.0000000000000000000 ) ) ;
#3824 = DIRECTION ( 'NONE',  ( 0.0000000000000000000, 0.0000000000000000000, -1.000000000000000000 ) ) ;
#3825 = CARTESIAN_POINT ( 'NONE',  ( -0.7399999999999999900, -8.350000000000001400, 4.975000000000000500 ) ) ;
#3826 = DIRECTION ( 'NONE',  ( -0.0000000000000000000, 0.0000000000000000000, -1.000000000000000000 ) ) ;
#3827 = DIRECTION ( 'NONE',  ( 1.000000000000000000, 2.668805347656626100E-015, 0.0000000000000000000 ) ) ;
#3828 = CARTESIAN_POINT ( 'NONE',  ( -4.695000000069310200, -7.852229972975618600, 4.799999999999999800 ) ) ;
#3829 = CARTESIAN_POINT ( 'NONE',  ( -6.110000000000000300, -7.354459945999998600, 4.624999999999999100 ) ) ;
#3830 = DIRECTION ( 'NONE',  ( 0.0000000000000000000, -0.0000000000000000000, 1.000000000000000000 ) ) ;
#3831 = DIRECTION ( 'NONE',  ( 1.000000000000000000, 0.0000000000000000000, 0.0000000000000000000 ) ) ;
#3832 = DIRECTION ( 'NONE',  ( -0.0000000000000000000, -0.0000000000000000000, 1.000000000000000000 ) ) ;
#3833 = DIRECTION ( 'NONE',  ( -0.0000000000000000000, -0.0000000000000000000, -1.000000000000000000 ) ) ;
#3834 = CARTESIAN_POINT ( 'NONE',  ( -4.609999999999999400, -7.354459945999998600, 4.624999999999999100 ) ) ;
#3835 = CARTESIAN_POINT ( 'NONE',  ( -6.110000000000000300, -7.354459945999998600, 4.975000000000000500 ) ) ;
#3836 = DIRECTION ( 'NONE',  ( -0.0000000000000000000, 0.0000000000000000000, -1.000000000000000000 ) ) ;
#3837 = DIRECTION ( 'NONE',  ( 1.000000000000000000, 0.0000000000000000000, 0.0000000000000000000 ) ) ;
#3838 = CARTESIAN_POINT ( 'NONE',  ( -4.694999999930690400, -8.847770026975617000, 4.799999999999999800 ) ) ;
#3839 = CARTESIAN_POINT ( 'NONE',  ( -3.280000000000000200, -8.350000000000001400, 4.624999999999999100 ) ) ;
#3840 = DIRECTION ( 'NONE',  ( -0.0000000000000000000, 0.0000000000000000000, -1.000000000000000000 ) ) ;
#3841 = DIRECTION ( 'NONE',  ( 1.000000000000000000, 2.312964634635742700E-015, 0.0000000000000000000 ) ) ;
#3842 = CARTESIAN_POINT ( 'NONE',  ( -4.609999999999999400, -9.345540054000002400, 4.624999999999999100 ) ) ;
#3843 = DIRECTION ( 'NONE',  ( 0.0000000000000000000, 0.0000000000000000000, -1.000000000000000000 ) ) ;
#3844 = CARTESIAN_POINT ( 'NONE',  ( -3.280000000000000200, -8.350000000000001400, 4.975000000000000500 ) ) ;
#3845 = DIRECTION ( 'NONE',  ( 0.0000000000000000000, -0.0000000000000000000, 1.000000000000000000 ) ) ;
#3846 = DIRECTION ( 'NONE',  ( 1.000000000000000000, 0.0000000000000000000, 0.0000000000000000000 ) ) ;
#3847 = DIRECTION ( 'NONE',  ( -0.0000000000000000000, 1.000000000000000000, 0.0000000000000000000 ) ) ;
#3848 = CARTESIAN_POINT ( 'NONE',  ( -6.110000000000000300, -9.345540054000002400, 4.624999999999999100 ) ) ;
#3849 = DIRECTION ( 'NONE',  ( 0.0000000000000000000, -0.0000000000000000000, 1.000000000000000000 ) ) ;
#3850 = DIRECTION ( 'NONE',  ( 1.000000000000000000, 0.0000000000000000000, 0.0000000000000000000 ) ) ;
#3851 = CARTESIAN_POINT ( 'NONE',  ( -4.609999999999999400, -10.27000000000000000, 4.624999999999999100 ) ) ;
#3852 = CARTESIAN_POINT ( 'NONE',  ( -4.609999999999999400, -9.436160337000000500, 4.975000000000000500 ) ) ;
#3853 = CARTESIAN_POINT ( 'NONE',  ( -4.609999999999999400, -10.27000000000000000, 4.975000000000000500 ) ) ;
#3854 = CARTESIAN_POINT ( 'NONE',  ( -6.110000000000000300, -9.345540054000002400, 4.975000000000000500 ) ) ;
#3855 = DIRECTION ( 'NONE',  ( -0.0000000000000000000, 0.0000000000000000000, -1.000000000000000000 ) ) ;
#3856 = DIRECTION ( 'NONE',  ( 1.000000000000000000, -2.312964634635742300E-015, 0.0000000000000000000 ) ) ;
#3857 = CARTESIAN_POINT ( 'NONE',  ( -4.610000000145181100, -9.436160337047525100, 4.624999999999999100 ) ) ;
#3858 = CARTESIAN_POINT ( 'NONE',  ( -5.799329208000000500, -9.650000000000000400, 4.975000000000000500 ) ) ;
#3859 = DIRECTION ( 'NONE',  ( -0.0000000000000000000, 0.0000000000000000000, -1.000000000000000000 ) ) ;
#3860 = DIRECTION ( 'NONE',  ( -0.0000000000000000000, -1.000000000000000000, -0.0000000000000000000 ) ) ;
#3861 = CARTESIAN_POINT ( 'NONE',  ( -4.540000000000000000, -9.650000000000000400, 4.624999999999999100 ) ) ;
#3862 = DIRECTION ( 'NONE',  ( -0.3111037323651525400, 0.9503759612429554200, 0.0000000000000000000 ) ) ;
#3863 = CARTESIAN_POINT ( 'NONE',  ( -4.540000000000000000, -9.650000000000000400, 4.624999999999999100 ) ) ;
#3864 = CARTESIAN_POINT ( 'NONE',  ( -4.339999999999999900, -9.650000000000000400, 4.975000000000000500 ) ) ;
#3865 = DIRECTION ( 'NONE',  ( -0.0000000000000000000, 0.0000000000000000000, -1.000000000000000000 ) ) ;
#3866 = DIRECTION ( 'NONE',  ( 0.3111037323651525400, -0.9503759612429554200, 0.0000000000000000000 ) ) ;
#3867 = CARTESIAN_POINT ( 'NONE',  ( -5.799329208000000500, -9.650000000000000400, 4.624999999999999100 ) ) ;
#3868 = DIRECTION ( 'NONE',  ( -1.000000000000000000, -0.0000000000000000000, 0.0000000000000000000 ) ) ;
#3869 = CARTESIAN_POINT ( 'NONE',  ( -4.339999999999999900, -9.650000000000000400, 4.624999999999999100 ) ) ;
#3870 = CARTESIAN_POINT ( 'NONE',  ( -4.270000000000000500, -10.27000000000000000, 4.975000000000000500 ) ) ;
#3871 = DIRECTION ( 'NONE',  ( -0.0000000000000000000, -0.0000000000000000000, -1.000000000000000000 ) ) ;
#3872 = DIRECTION ( 'NONE',  ( 1.000000000000000000, -0.0000000000000000000, 0.0000000000000000000 ) ) ;
#3873 = CARTESIAN_POINT ( 'NONE',  ( -4.270000000000000500, -9.436160337000000500, 4.624999999999999100 ) ) ;
#3874 = DIRECTION ( 'NONE',  ( -0.3111037323651525400, -0.9503759612429554200, 0.0000000000000000000 ) ) ;
#3875 = CARTESIAN_POINT ( 'NONE',  ( -4.270000000000000500, -9.436160337000000500, 4.624999999999999100 ) ) ;
#3876 = DIRECTION ( 'NONE',  ( -0.0000000000000000000, -0.0000000000000000000, -1.000000000000000000 ) ) ;
#3877 = DIRECTION ( 'NONE',  ( 0.3111037323651525400, 0.9503759612429554200, 0.0000000000000000000 ) ) ;
#3878 = CARTESIAN_POINT ( 'NONE',  ( -4.270000000000000500, -10.27000000000000000, 4.624999999999999100 ) ) ;
#3879 = DIRECTION ( 'NONE',  ( 0.0000000000000000000, -1.000000000000000000, -0.0000000000000000000 ) ) ;
#3880 = CARTESIAN_POINT ( 'NONE',  ( -4.269999999999999600, -9.345540054000002400, 4.799999999999999800 ) ) ;
#3881 = DIRECTION ( 'NONE',  ( -0.0000000000000000000, -0.0000000000000000000, -1.000000000000000000 ) ) ;
#3882 = DIRECTION ( 'NONE',  ( 0.0000000000000000000, 1.000000000000000000, 0.0000000000000000000 ) ) ;
#3883 = CARTESIAN_POINT ( 'NONE',  ( -2.770000000000000000, -9.345540054000002400, 4.624999999999999100 ) ) ;
#3884 = DIRECTION ( 'NONE',  ( 0.0000000000000000000, -0.0000000000000000000, 1.000000000000000000 ) ) ;
#3885 = DIRECTION ( 'NONE',  ( 1.000000000000000000, 0.0000000000000000000, 0.0000000000000000000 ) ) ;
#3886 = CARTESIAN_POINT ( 'NONE',  ( -4.185000000069308600, -7.852229973024382300, 4.799999999999999800 ) ) ;
#3887 = DIRECTION ( 'NONE',  ( -0.0000000000000000000, -0.0000000000000000000, -1.000000000000000000 ) ) ;
#3888 = CARTESIAN_POINT ( 'NONE',  ( -2.770000000000000000, -9.345540054000002400, 4.975000000000000500 ) ) ;
#3889 = DIRECTION ( 'NONE',  ( -0.0000000000000000000, 0.0000000000000000000, -1.000000000000000000 ) ) ;
#3890 = DIRECTION ( 'NONE',  ( 1.000000000000000000, 4.625929269271486100E-015, 0.0000000000000000000 ) ) ;
#3891 = DIRECTION ( 'NONE',  ( 0.0000000000000000000, 0.0000000000000000000, 1.000000000000000000 ) ) ;
#3892 = CARTESIAN_POINT ( 'NONE',  ( -5.599999999999999600, -8.350000000000001400, 4.624999999999999100 ) ) ;
#3893 = DIRECTION ( 'NONE',  ( -0.0000000000000000000, 0.0000000000000000000, -1.000000000000000000 ) ) ;
#3894 = DIRECTION ( 'NONE',  ( 1.000000000000000000, -4.625929269271484500E-015, 0.0000000000000000000 ) ) ;
#3895 = DIRECTION ( 'NONE',  ( -0.0000000000000000000, -0.0000000000000000000, -1.000000000000000000 ) ) ;
#3896 = CARTESIAN_POINT ( 'NONE',  ( -5.599999999999999600, -8.350000000000001400, 4.975000000000000500 ) ) ;
#3897 = DIRECTION ( 'NONE',  ( 0.0000000000000000000, -0.0000000000000000000, 1.000000000000000000 ) ) ;
#3898 = DIRECTION ( 'NONE',  ( 1.000000000000000000, 0.0000000000000000000, 0.0000000000000000000 ) ) ;
#3899 = CARTESIAN_POINT ( 'NONE',  ( -4.440000000000000400, -8.042754170000000300, 4.624999999999999100 ) ) ;
#3900 = DIRECTION ( 'NONE',  ( 0.0000000000000000000, -0.0000000000000000000, 1.000000000000000000 ) ) ;
#3901 = DIRECTION ( 'NONE',  ( 1.000000000000000000, 0.0000000000000000000, 0.0000000000000000000 ) ) ;
#3902 = CARTESIAN_POINT ( 'NONE',  ( -4.536666666706908700, -8.017150351077631900, 4.799999999999998900 ) ) ;
#3903 = CARTESIAN_POINT ( 'NONE',  ( -4.440000000000000400, -8.042754170000000300, 4.975000000000000500 ) ) ;
#3904 = DIRECTION ( 'NONE',  ( -0.0000000000000000000, 0.0000000000000000000, -1.000000000000000000 ) ) ;
#3905 = DIRECTION ( 'NONE',  ( 1.000000000000000000, 0.0000000000000000000, 0.0000000000000000000 ) ) ;
#3906 = CARTESIAN_POINT ( 'NONE',  ( -4.343333333271989000, -8.682849648927961200, 4.799999999999999800 ) ) ;
#3907 = CARTESIAN_POINT ( 'NONE',  ( -5.599999999999999600, -8.350000000000001400, 4.624999999999999100 ) ) ;
#3908 = DIRECTION ( 'NONE',  ( 0.0000000000000000000, -0.0000000000000000000, 1.000000000000000000 ) ) ;
#3909 = DIRECTION ( 'NONE',  ( 1.000000000000000000, 0.0000000000000000000, 0.0000000000000000000 ) ) ;
#3910 = CARTESIAN_POINT ( 'NONE',  ( -4.536666666706910400, -8.682849648922371000, 4.799999999999998900 ) ) ;
#3911 = DIRECTION ( 'NONE',  ( -0.0000000000000000000, -0.0000000000000000000, -1.000000000000000000 ) ) ;
#3912 = CARTESIAN_POINT ( 'NONE',  ( -5.599999999999999600, -8.350000000000001400, 4.975000000000000500 ) ) ;
#3913 = DIRECTION ( 'NONE',  ( -0.0000000000000000000, 0.0000000000000000000, -1.000000000000000000 ) ) ;
#3914 = DIRECTION ( 'NONE',  ( 1.000000000000000000, 0.0000000000000000000, 0.0000000000000000000 ) ) ;
#3915 = CARTESIAN_POINT ( 'NONE',  ( -4.440000000000000400, -8.657245830000000800, 4.624999999999999100 ) ) ;
#3916 = DIRECTION ( 'NONE',  ( 0.0000000000000000000, -0.0000000000000000000, 1.000000000000000000 ) ) ;
#3917 = DIRECTION ( 'NONE',  ( 1.000000000000000000, 0.0000000000000000000, 0.0000000000000000000 ) ) ;
#3918 = CARTESIAN_POINT ( 'NONE',  ( -4.440000000000000400, -8.657245830000000800, 4.975000000000000500 ) ) ;
#3919 = DIRECTION ( 'NONE',  ( -0.0000000000000000000, 0.0000000000000000000, -1.000000000000000000 ) ) ;
#3920 = DIRECTION ( 'NONE',  ( 1.000000000000000000, 0.0000000000000000000, 0.0000000000000000000 ) ) ;
#3921 = CARTESIAN_POINT ( 'NONE',  ( -3.280000000000000200, -8.350000000000001400, 4.624999999999999100 ) ) ;
#3922 = DIRECTION ( 'NONE',  ( 0.0000000000000000000, -0.0000000000000000000, 1.000000000000000000 ) ) ;
#3923 = DIRECTION ( 'NONE',  ( 1.000000000000000000, 0.0000000000000000000, 0.0000000000000000000 ) ) ;
#3924 = CARTESIAN_POINT ( 'NONE',  ( -4.270000000000000500, -7.354459945999998600, 4.624999999999999100 ) ) ;
#3925 = DIRECTION ( 'NONE',  ( -0.0000000000000000000, -0.0000000000000000000, -1.000000000000000000 ) ) ;
#3926 = CARTESIAN_POINT ( 'NONE',  ( -3.280000000000000200, -8.350000000000001400, 4.975000000000000500 ) ) ;
#3927 = DIRECTION ( 'NONE',  ( -0.0000000000000000000, 0.0000000000000000000, -1.000000000000000000 ) ) ;
#3928 = DIRECTION ( 'NONE',  ( 1.000000000000000000, 2.668805347656625700E-015, 0.0000000000000000000 ) ) ;
#3929 = CARTESIAN_POINT ( 'NONE',  ( -2.770000000000000000, -7.354459945999998600, 4.624999999999999100 ) ) ;
#3930 = DIRECTION ( 'NONE',  ( 0.0000000000000000000, -0.0000000000000000000, 1.000000000000000000 ) ) ;
#3931 = DIRECTION ( 'NONE',  ( 1.000000000000000000, 0.0000000000000000000, 0.0000000000000000000 ) ) ;
#3932 = DIRECTION ( 'NONE',  ( -0.0000000000000000000, -0.0000000000000000000, 1.000000000000000000 ) ) ;
#3933 = CARTESIAN_POINT ( 'NONE',  ( -2.770000000000000000, -7.354459945999998600, 4.975000000000000500 ) ) ;
#3934 = DIRECTION ( 'NONE',  ( -0.0000000000000000000, 0.0000000000000000000, -1.000000000000000000 ) ) ;
#3935 = DIRECTION ( 'NONE',  ( 1.000000000000000000, 0.0000000000000000000, 0.0000000000000000000 ) ) ;
#3936 = CARTESIAN_POINT ( 'NONE',  ( -3.340000000000000300, -7.354459945999998600, 2.434999999999999600 ) ) ;
#3937 = CARTESIAN_POINT ( 'NONE',  ( -4.839999999999999900, -7.354459945999998600, 2.434999999999999600 ) ) ;
#3938 = DIRECTION ( 'NONE',  ( 0.0000000000000000000, 0.0000000000000000000, -1.000000000000000000 ) ) ;
#3939 = DIRECTION ( 'NONE',  ( -1.000000000000000000, 0.0000000000000000000, 0.0000000000000000000 ) ) ;
#3940 = DIRECTION ( 'NONE',  ( -0.0000000000000000000, -0.0000000000000000000, -1.000000000000000000 ) ) ;
#3941 = CARTESIAN_POINT ( 'NONE',  ( -3.425000000069308400, -7.852229972975618600, 2.259999999999999800 ) ) ;
#3942 = CARTESIAN_POINT ( 'NONE',  ( -4.839999999999999900, -7.354459945999998600, 2.085000000000000000 ) ) ;
#3943 = DIRECTION ( 'NONE',  ( -0.0000000000000000000, -0.0000000000000000000, 1.000000000000000000 ) ) ;
#3944 = DIRECTION ( 'NONE',  ( -1.000000000000000000, 0.0000000000000000000, 0.0000000000000000000 ) ) ;
#3945 = CARTESIAN_POINT ( 'NONE',  ( -2.009999999999999800, -8.350000000000001400, 2.434999999999999600 ) ) ;
#3946 = DIRECTION ( 'NONE',  ( -0.0000000000000000000, -0.0000000000000000000, 1.000000000000000000 ) ) ;
#3947 = DIRECTION ( 'NONE',  ( -1.000000000000000000, -4.625929269271485300E-015, 0.0000000000000000000 ) ) ;
#3948 = CARTESIAN_POINT ( 'NONE',  ( -2.009999999999999800, -8.350000000000001400, 2.085000000000000000 ) ) ;
#3949 = DIRECTION ( 'NONE',  ( 0.0000000000000000000, 0.0000000000000000000, -1.000000000000000000 ) ) ;
#3950 = DIRECTION ( 'NONE',  ( -1.000000000000000000, 0.0000000000000000000, 0.0000000000000000000 ) ) ;
#3951 = CARTESIAN_POINT ( 'NONE',  ( -3.340000000000000300, -9.345540054000002400, 2.434999999999999600 ) ) ;
#3952 = DIRECTION ( 'NONE',  ( 0.0000000000000000000, 0.0000000000000000000, -1.000000000000000000 ) ) ;
#3953 = CARTESIAN_POINT ( 'NONE',  ( -4.839999999999999900, -9.345540054000002400, 2.434999999999999600 ) ) ;
#3954 = DIRECTION ( 'NONE',  ( 0.0000000000000000000, 0.0000000000000000000, -1.000000000000000000 ) ) ;
#3955 = DIRECTION ( 'NONE',  ( -1.000000000000000000, 0.0000000000000000000, 0.0000000000000000000 ) ) ;
#3956 = CARTESIAN_POINT ( 'NONE',  ( -3.340000000000000300, -9.436160337000000500, 2.434999999999999600 ) ) ;
#3957 = CARTESIAN_POINT ( 'NONE',  ( -3.340000000000000300, -10.27000000000000000, 2.434999999999999600 ) ) ;
#3958 = CARTESIAN_POINT ( 'NONE',  ( -4.839999999999999900, -9.345540054000002400, 2.085000000000000000 ) ) ;
#3959 = DIRECTION ( 'NONE',  ( -0.0000000000000000000, -0.0000000000000000000, 1.000000000000000000 ) ) ;
#3960 = DIRECTION ( 'NONE',  ( -1.000000000000000000, 0.0000000000000000000, 0.0000000000000000000 ) ) ;
#3961 = CARTESIAN_POINT ( 'NONE',  ( -5.799329208000000500, -9.650000000000000400, 2.434999999999999600 ) ) ;
#3962 = DIRECTION ( 'NONE',  ( -0.0000000000000000000, -1.000000000000000000, -0.0000000000000000000 ) ) ;
#3963 = CARTESIAN_POINT ( 'NONE',  ( -3.340000000000000300, -10.27000000000000000, 2.085000000000000000 ) ) ;
#3964 = DIRECTION ( 'NONE',  ( -0.0000000000000000000, 1.000000000000000000, 0.0000000000000000000 ) ) ;
#3965 = CARTESIAN_POINT ( 'NONE',  ( -3.340000000145181500, -9.436160337047525100, 2.434999999999999600 ) ) ;
#3966 = CARTESIAN_POINT ( 'NONE',  ( -3.069999999999999800, -9.650000000000000400, 2.434999999999999600 ) ) ;
#3967 = DIRECTION ( 'NONE',  ( -0.0000000000000000000, 0.0000000000000000000, -1.000000000000000000 ) ) ;
#3968 = DIRECTION ( 'NONE',  ( 0.3111037323651542100, -0.9503759612429548700, 0.0000000000000000000 ) ) ;
#3969 = CARTESIAN_POINT ( 'NONE',  ( -3.270000000000000000, -9.650000000000000400, 2.085000000000000000 ) ) ;
#3970 = DIRECTION ( 'NONE',  ( -0.3111037323651542100, 0.9503759612429548700, 0.0000000000000000000 ) ) ;
#3971 = CARTESIAN_POINT ( 'NONE',  ( -3.270000000000000000, -9.650000000000000400, 2.434999999999999600 ) ) ;
#3972 = CARTESIAN_POINT ( 'NONE',  ( -3.000000000000000000, -10.27000000000000000, 2.434999999999999600 ) ) ;
#3973 = DIRECTION ( 'NONE',  ( -0.0000000000000000000, 0.0000000000000000000, -1.000000000000000000 ) ) ;
#3974 = DIRECTION ( 'NONE',  ( 1.000000000000000000, -0.0000000000000000000, 0.0000000000000000000 ) ) ;
#3975 = CARTESIAN_POINT ( 'NONE',  ( -5.799329208000000500, -9.650000000000000400, 2.085000000000000000 ) ) ;
#3976 = DIRECTION ( 'NONE',  ( -1.000000000000000000, -0.0000000000000000000, 0.0000000000000000000 ) ) ;
#3977 = CARTESIAN_POINT ( 'NONE',  ( -3.070000000145181900, -9.649999999952475700, 2.434999999999999600 ) ) ;
#3978 = DIRECTION ( 'NONE',  ( -0.0000000000000000000, -0.0000000000000000000, -1.000000000000000000 ) ) ;
#3979 = DIRECTION ( 'NONE',  ( 0.3111037323651525400, 0.9503759612429554200, 0.0000000000000000000 ) ) ;
#3980 = CARTESIAN_POINT ( 'NONE',  ( -3.000000000000000000, -9.436160337000000500, 2.085000000000000000 ) ) ;
#3981 = DIRECTION ( 'NONE',  ( -0.3111037323651525400, -0.9503759612429554200, 0.0000000000000000000 ) ) ;
#3982 = CARTESIAN_POINT ( 'NONE',  ( -3.000000000000000000, -9.436160337000000500, 2.434999999999999600 ) ) ;
#3983 = DIRECTION ( 'NONE',  ( -0.0000000000000000000, -0.0000000000000000000, -1.000000000000000000 ) ) ;
#3984 = DIRECTION ( 'NONE',  ( 0.0000000000000000000, 1.000000000000000000, 0.0000000000000000000 ) ) ;
#3985 = CARTESIAN_POINT ( 'NONE',  ( -3.000000000000000000, -10.27000000000000000, 2.085000000000000000 ) ) ;
#3986 = DIRECTION ( 'NONE',  ( 0.0000000000000000000, -1.000000000000000000, -0.0000000000000000000 ) ) ;
#3987 = CARTESIAN_POINT ( 'NONE',  ( -3.000000000000000000, -9.345540054000002400, 2.259999999999999800 ) ) ;
#3988 = DIRECTION ( 'NONE',  ( 0.0000000000000000000, 0.0000000000000000000, -1.000000000000000000 ) ) ;
#3989 = CARTESIAN_POINT ( 'NONE',  ( -2.914999999930690100, -8.847770027024381500, 2.259999999999999800 ) ) ;
#3990 = DIRECTION ( 'NONE',  ( -0.0000000000000000000, -0.0000000000000000000, -1.000000000000000000 ) ) ;
#3991 = CARTESIAN_POINT ( 'NONE',  ( -1.500000000000000000, -9.345540054000002400, 2.434999999999999600 ) ) ;
#3992 = DIRECTION ( 'NONE',  ( 0.0000000000000000000, 0.0000000000000000000, -1.000000000000000000 ) ) ;
#3993 = DIRECTION ( 'NONE',  ( -1.000000000000000000, 0.0000000000000000000, 0.0000000000000000000 ) ) ;
#3994 = CARTESIAN_POINT ( 'NONE',  ( -1.500000000000000000, -9.345540054000002400, 2.085000000000000000 ) ) ;
#3995 = DIRECTION ( 'NONE',  ( -0.0000000000000000000, -0.0000000000000000000, 1.000000000000000000 ) ) ;
#3996 = DIRECTION ( 'NONE',  ( -1.000000000000000000, -2.312964634635742700E-015, 0.0000000000000000000 ) ) ;
#3997 = CARTESIAN_POINT ( 'NONE',  ( -2.915000000069308200, -7.852229973024382300, 2.259999999999999800 ) ) ;
#3998 = DIRECTION ( 'NONE',  ( 0.0000000000000000000, 0.0000000000000000000, -1.000000000000000000 ) ) ;
#3999 = CARTESIAN_POINT ( 'NONE',  ( -4.330000000000000100, -8.350000000000001400, 2.434999999999999600 ) ) ;
#4000 = DIRECTION ( 'NONE',  ( -0.0000000000000000000, -0.0000000000000000000, 1.000000000000000000 ) ) ;
#4001 = DIRECTION ( 'NONE',  ( -1.000000000000000000, 0.0000000000000000000, 0.0000000000000000000 ) ) ;
#4002 = CARTESIAN_POINT ( 'NONE',  ( -4.330000000000000100, -8.350000000000001400, 2.085000000000000000 ) ) ;
#4003 = DIRECTION ( 'NONE',  ( 0.0000000000000000000, 0.0000000000000000000, -1.000000000000000000 ) ) ;
#4004 = DIRECTION ( 'NONE',  ( -1.000000000000000000, 0.0000000000000000000, 0.0000000000000000000 ) ) ;
#4005 = DIRECTION ( 'NONE',  ( 0.0000000000000000000, 0.0000000000000000000, -1.000000000000000000 ) ) ;
#4006 = CARTESIAN_POINT ( 'NONE',  ( -3.169999999999999900, -8.042754170000000300, 2.434999999999999600 ) ) ;
#4007 = DIRECTION ( 'NONE',  ( 0.0000000000000000000, 0.0000000000000000000, -1.000000000000000000 ) ) ;
#4008 = DIRECTION ( 'NONE',  ( -1.000000000000000000, 0.0000000000000000000, 0.0000000000000000000 ) ) ;
#4009 = CARTESIAN_POINT ( 'NONE',  ( -3.073333333293092100, -8.017150351077630100, 2.259999999999999300 ) ) ;
#4010 = CARTESIAN_POINT ( 'NONE',  ( -3.169999999999999900, -8.042754170000000300, 2.085000000000000000 ) ) ;
#4011 = DIRECTION ( 'NONE',  ( -0.0000000000000000000, -0.0000000000000000000, 1.000000000000000000 ) ) ;
#4012 = DIRECTION ( 'NONE',  ( -1.000000000000000000, 0.0000000000000000000, 0.0000000000000000000 ) ) ;
#4013 = CARTESIAN_POINT ( 'NONE',  ( -3.073333333271989900, -8.682849648927959400, 2.259999999999999800 ) ) ;
#4014 = DIRECTION ( 'NONE',  ( 0.0000000000000000000, 0.0000000000000000000, -1.000000000000000000 ) ) ;
#4015 = CARTESIAN_POINT ( 'NONE',  ( -4.330000000000000100, -8.350000000000001400, 2.434999999999999600 ) ) ;
#4016 = DIRECTION ( 'NONE',  ( 0.0000000000000000000, 0.0000000000000000000, -1.000000000000000000 ) ) ;
#4017 = DIRECTION ( 'NONE',  ( -1.000000000000000000, 0.0000000000000000000, 0.0000000000000000000 ) ) ;
#4018 = CARTESIAN_POINT ( 'NONE',  ( -4.330000000000000100, -8.350000000000001400, 2.085000000000000000 ) ) ;
#4019 = DIRECTION ( 'NONE',  ( -0.0000000000000000000, -0.0000000000000000000, 1.000000000000000000 ) ) ;
#4020 = DIRECTION ( 'NONE',  ( -1.000000000000000000, 0.0000000000000000000, 0.0000000000000000000 ) ) ;
#4021 = CARTESIAN_POINT ( 'NONE',  ( -3.266666666706909500, -8.682849648922371000, 2.259999999999999800 ) ) ;
#4022 = DIRECTION ( 'NONE',  ( 0.0000000000000000000, 0.0000000000000000000, -1.000000000000000000 ) ) ;
#4023 = CARTESIAN_POINT ( 'NONE',  ( -3.169999999999999900, -8.657245830000000800, 2.434999999999999600 ) ) ;
#4024 = DIRECTION ( 'NONE',  ( 0.0000000000000000000, 0.0000000000000000000, -1.000000000000000000 ) ) ;
#4025 = DIRECTION ( 'NONE',  ( -1.000000000000000000, 0.0000000000000000000, 0.0000000000000000000 ) ) ;
#4026 = CARTESIAN_POINT ( 'NONE',  ( -3.169999999999999900, -8.657245830000000800, 2.085000000000000000 ) ) ;
#4027 = DIRECTION ( 'NONE',  ( -0.0000000000000000000, -0.0000000000000000000, 1.000000000000000000 ) ) ;
#4028 = DIRECTION ( 'NONE',  ( -1.000000000000000000, 0.0000000000000000000, 0.0000000000000000000 ) ) ;
#4029 = CARTESIAN_POINT ( 'NONE',  ( -2.009999999999999800, -8.350000000000001400, 2.434999999999999600 ) ) ;
#4030 = DIRECTION ( 'NONE',  ( 0.0000000000000000000, 0.0000000000000000000, -1.000000000000000000 ) ) ;
#4031 = DIRECTION ( 'NONE',  ( -1.000000000000000000, 0.0000000000000000000, 0.0000000000000000000 ) ) ;
#4032 = CARTESIAN_POINT ( 'NONE',  ( -2.009999999999999800, -8.350000000000001400, 2.085000000000000000 ) ) ;
#4033 = DIRECTION ( 'NONE',  ( -0.0000000000000000000, -0.0000000000000000000, 1.000000000000000000 ) ) ;
#4034 = DIRECTION ( 'NONE',  ( -1.000000000000000000, 0.0000000000000000000, 0.0000000000000000000 ) ) ;
#4035 = CARTESIAN_POINT ( 'NONE',  ( -3.000000000000000000, -7.354459945999998600, 2.434999999999999600 ) ) ;
#4036 = DIRECTION ( 'NONE',  ( -0.0000000000000000000, -0.0000000000000000000, -1.000000000000000000 ) ) ;
#4037 = CARTESIAN_POINT ( 'NONE',  ( -1.500000000000000000, -7.354459945999998600, 2.434999999999999600 ) ) ;
#4038 = DIRECTION ( 'NONE',  ( 0.0000000000000000000, 0.0000000000000000000, -1.000000000000000000 ) ) ;
#4039 = DIRECTION ( 'NONE',  ( -1.000000000000000000, 0.0000000000000000000, 0.0000000000000000000 ) ) ;
#4040 = CARTESIAN_POINT ( 'NONE',  ( -1.500000000000000000, -7.354459945999998600, 2.085000000000000000 ) ) ;
#4041 = DIRECTION ( 'NONE',  ( -0.0000000000000000000, -0.0000000000000000000, 1.000000000000000000 ) ) ;
#4042 = DIRECTION ( 'NONE',  ( -1.000000000000000000, 0.0000000000000000000, 0.0000000000000000000 ) ) ;
#4043 = DIRECTION ( 'NONE',  ( -0.0000000000000000000, -0.0000000000000000000, 1.000000000000000000 ) ) ;
#4044 = CARTESIAN_POINT ( 'NONE',  ( -0.8000000000000000400, -7.354459945999998600, 2.434999999999999600 ) ) ;
#4045 = CARTESIAN_POINT ( 'NONE',  ( -2.299999999999999800, -7.354459945999998600, 2.434999999999999600 ) ) ;
#4046 = DIRECTION ( 'NONE',  ( 0.0000000000000000000, 0.0000000000000000000, -1.000000000000000000 ) ) ;
#4047 = DIRECTION ( 'NONE',  ( -1.000000000000000000, 0.0000000000000000000, 0.0000000000000000000 ) ) ;
#4048 = DIRECTION ( 'NONE',  ( -0.0000000000000000000, -0.0000000000000000000, -1.000000000000000000 ) ) ;
#4049 = CARTESIAN_POINT ( 'NONE',  ( -0.8850000000693094600, -7.852229972975618600, 2.259999999999999800 ) ) ;
#4050 = CARTESIAN_POINT ( 'NONE',  ( -2.299999999999999800, -7.354459945999998600, 2.085000000000000000 ) ) ;
#4051 = DIRECTION ( 'NONE',  ( -0.0000000000000000000, -0.0000000000000000000, 1.000000000000000000 ) ) ;
#4052 = DIRECTION ( 'NONE',  ( -1.000000000000000000, 4.625929269271485300E-015, 0.0000000000000000000 ) ) ;
#4053 = CARTESIAN_POINT ( 'NONE',  ( 0.5300000000000001400, -8.350000000000001400, 2.434999999999999600 ) ) ;
#4054 = DIRECTION ( 'NONE',  ( -0.0000000000000000000, -0.0000000000000000000, 1.000000000000000000 ) ) ;
#4055 = DIRECTION ( 'NONE',  ( -1.000000000000000000, -5.782411586589357200E-015, 0.0000000000000000000 ) ) ;
#4056 = CARTESIAN_POINT ( 'NONE',  ( 0.5300000000000001400, -8.350000000000001400, 2.085000000000000000 ) ) ;
#4057 = DIRECTION ( 'NONE',  ( 0.0000000000000000000, 0.0000000000000000000, -1.000000000000000000 ) ) ;
#4058 = DIRECTION ( 'NONE',  ( -1.000000000000000000, 0.0000000000000000000, 0.0000000000000000000 ) ) ;
#4059 = CARTESIAN_POINT ( 'NONE',  ( -0.8000000000000000400, -9.345540054000002400, 2.434999999999999600 ) ) ;
#4060 = DIRECTION ( 'NONE',  ( 0.0000000000000000000, 0.0000000000000000000, -1.000000000000000000 ) ) ;
#4061 = CARTESIAN_POINT ( 'NONE',  ( -2.299999999999999800, -9.345540054000002400, 2.434999999999999600 ) ) ;
#4062 = DIRECTION ( 'NONE',  ( 0.0000000000000000000, 0.0000000000000000000, -1.000000000000000000 ) ) ;
#4063 = DIRECTION ( 'NONE',  ( -1.000000000000000000, 0.0000000000000000000, 0.0000000000000000000 ) ) ;
#4064 = CARTESIAN_POINT ( 'NONE',  ( -0.8000000000000003800, -9.436160337000000500, 2.434999999999999600 ) ) ;
#4065 = CARTESIAN_POINT ( 'NONE',  ( -0.8000000000000003800, -10.27000000000000000, 2.434999999999999600 ) ) ;
#4066 = CARTESIAN_POINT ( 'NONE',  ( -2.299999999999999800, -9.345540054000002400, 2.085000000000000000 ) ) ;
#4067 = DIRECTION ( 'NONE',  ( -0.0000000000000000000, -0.0000000000000000000, 1.000000000000000000 ) ) ;
#4068 = DIRECTION ( 'NONE',  ( -1.000000000000000000, 0.0000000000000000000, 0.0000000000000000000 ) ) ;
#4069 = CARTESIAN_POINT ( 'NONE',  ( -5.799329208000000500, -9.650000000000000400, 2.434999999999999600 ) ) ;
#4070 = DIRECTION ( 'NONE',  ( -0.0000000000000000000, -1.000000000000000000, -0.0000000000000000000 ) ) ;
#4071 = CARTESIAN_POINT ( 'NONE',  ( -0.8000000000000003800, -10.27000000000000000, 2.085000000000000000 ) ) ;
#4072 = DIRECTION ( 'NONE',  ( -0.0000000000000000000, 1.000000000000000000, 0.0000000000000000000 ) ) ;
#4073 = CARTESIAN_POINT ( 'NONE',  ( -0.8000000001451818000, -9.436160337047525100, 2.434999999999999600 ) ) ;
#4074 = CARTESIAN_POINT ( 'NONE',  ( -0.5300000000000001400, -9.650000000000000400, 2.434999999999999600 ) ) ;
#4075 = DIRECTION ( 'NONE',  ( -0.0000000000000000000, 0.0000000000000000000, -1.000000000000000000 ) ) ;
#4076 = DIRECTION ( 'NONE',  ( 0.3111037323651559300, -0.9503759612429543100, 0.0000000000000000000 ) ) ;
#4077 = CARTESIAN_POINT ( 'NONE',  ( -0.7299999999999997600, -9.650000000000000400, 2.085000000000000000 ) ) ;
#4078 = DIRECTION ( 'NONE',  ( -0.3111037323651559300, 0.9503759612429543100, 0.0000000000000000000 ) ) ;
#4079 = CARTESIAN_POINT ( 'NONE',  ( -0.7300000000000000900, -9.650000000000000400, 2.434999999999999600 ) ) ;
#4080 = CARTESIAN_POINT ( 'NONE',  ( -0.4600000000000003500, -10.27000000000000000, 2.434999999999999600 ) ) ;
#4081 = DIRECTION ( 'NONE',  ( -0.0000000000000000000, 0.0000000000000000000, -1.000000000000000000 ) ) ;
#4082 = DIRECTION ( 'NONE',  ( 1.000000000000000000, -0.0000000000000000000, 0.0000000000000000000 ) ) ;
#4083 = CARTESIAN_POINT ( 'NONE',  ( -5.799329208000000500, -9.650000000000000400, 2.085000000000000000 ) ) ;
#4084 = DIRECTION ( 'NONE',  ( -1.000000000000000000, -0.0000000000000000000, 0.0000000000000000000 ) ) ;
#4085 = CARTESIAN_POINT ( 'NONE',  ( -0.5300000001451816700, -9.649999999952475700, 2.434999999999999600 ) ) ;
#4086 = DIRECTION ( 'NONE',  ( -0.0000000000000000000, -0.0000000000000000000, -1.000000000000000000 ) ) ;
#4087 = DIRECTION ( 'NONE',  ( 0.3111037323651525400, 0.9503759612429554200, 0.0000000000000000000 ) ) ;
#4088 = CARTESIAN_POINT ( 'NONE',  ( -0.4600000000000003500, -9.436160337000000500, 2.085000000000000000 ) ) ;
#4089 = DIRECTION ( 'NONE',  ( -0.3111037323651525400, -0.9503759612429554200, 0.0000000000000000000 ) ) ;
#4090 = CARTESIAN_POINT ( 'NONE',  ( -0.4600000000000000200, -9.436160337000000500, 2.434999999999999600 ) ) ;
#4091 = DIRECTION ( 'NONE',  ( -0.0000000000000000000, -0.0000000000000000000, -1.000000000000000000 ) ) ;
#4092 = DIRECTION ( 'NONE',  ( 0.0000000000000000000, 1.000000000000000000, 0.0000000000000000000 ) ) ;
#4093 = CARTESIAN_POINT ( 'NONE',  ( -0.4600000000000003500, -10.27000000000000000, 2.085000000000000000 ) ) ;
#4094 = DIRECTION ( 'NONE',  ( 0.0000000000000000000, -1.000000000000000000, -0.0000000000000000000 ) ) ;
#4095 = CARTESIAN_POINT ( 'NONE',  ( -0.4600000000000000200, -9.345540054000002400, 2.259999999999999800 ) ) ;
#4096 = DIRECTION ( 'NONE',  ( 0.0000000000000000000, 0.0000000000000000000, -1.000000000000000000 ) ) ;
#4097 = CARTESIAN_POINT ( 'NONE',  ( -0.3749999999306903300, -8.847770027024379800, 2.259999999999999800 ) ) ;
#4098 = DIRECTION ( 'NONE',  ( -0.0000000000000000000, -0.0000000000000000000, -1.000000000000000000 ) ) ;
#4099 = CARTESIAN_POINT ( 'NONE',  ( 1.040000000000000000, -9.345540054000002400, 2.434999999999999600 ) ) ;
#4100 = DIRECTION ( 'NONE',  ( 0.0000000000000000000, 0.0000000000000000000, -1.000000000000000000 ) ) ;
#4101 = DIRECTION ( 'NONE',  ( -1.000000000000000000, 0.0000000000000000000, 0.0000000000000000000 ) ) ;
#4102 = CARTESIAN_POINT ( 'NONE',  ( 1.040000000000000000, -9.345540054000002400, 2.085000000000000000 ) ) ;
#4103 = DIRECTION ( 'NONE',  ( -0.0000000000000000000, -0.0000000000000000000, 1.000000000000000000 ) ) ;
#4104 = DIRECTION ( 'NONE',  ( -1.000000000000000000, -2.312964634635742700E-015, 0.0000000000000000000 ) ) ;
#4105 = CARTESIAN_POINT ( 'NONE',  ( -0.3750000000693094500, -7.852229973024382300, 2.259999999999999800 ) ) ;
#4106 = DIRECTION ( 'NONE',  ( 0.0000000000000000000, 0.0000000000000000000, -1.000000000000000000 ) ) ;
#4107 = CARTESIAN_POINT ( 'NONE',  ( -1.790000000000000300, -8.350000000000001400, 2.434999999999999600 ) ) ;
#4108 = DIRECTION ( 'NONE',  ( -0.0000000000000000000, -0.0000000000000000000, 1.000000000000000000 ) ) ;
#4109 = DIRECTION ( 'NONE',  ( -1.000000000000000000, 0.0000000000000000000, 0.0000000000000000000 ) ) ;
#4110 = CARTESIAN_POINT ( 'NONE',  ( -1.790000000000000300, -8.350000000000001400, 2.085000000000000000 ) ) ;
#4111 = DIRECTION ( 'NONE',  ( 0.0000000000000000000, 0.0000000000000000000, -1.000000000000000000 ) ) ;
#4112 = DIRECTION ( 'NONE',  ( -1.000000000000000000, 0.0000000000000000000, 0.0000000000000000000 ) ) ;
#4113 = DIRECTION ( 'NONE',  ( -0.0000000000000000000, -0.0000000000000000000, 1.000000000000000000 ) ) ;
#4114 = CARTESIAN_POINT ( 'NONE',  ( -0.5333333332719896200, -8.017150351072038100, 2.259999999999999800 ) ) ;
#4115 = CARTESIAN_POINT ( 'NONE',  ( -1.790000000000000300, -8.350000000000001400, 2.434999999999999600 ) ) ;
#4116 = DIRECTION ( 'NONE',  ( 0.0000000000000000000, 0.0000000000000000000, -1.000000000000000000 ) ) ;
#4117 = DIRECTION ( 'NONE',  ( -1.000000000000000000, 0.0000000000000000000, 0.0000000000000000000 ) ) ;
#4118 = DIRECTION ( 'NONE',  ( 0.0000000000000000000, 0.0000000000000000000, -1.000000000000000000 ) ) ;
#4119 = CARTESIAN_POINT ( 'NONE',  ( -0.5333333332719898400, -8.682849648927961200, 2.259999999999999800 ) ) ;
#4120 = CARTESIAN_POINT ( 'NONE',  ( -1.790000000000000300, -8.350000000000001400, 2.085000000000000000 ) ) ;
#4121 = DIRECTION ( 'NONE',  ( -0.0000000000000000000, -0.0000000000000000000, 1.000000000000000000 ) ) ;
#4122 = DIRECTION ( 'NONE',  ( -1.000000000000000000, 2.668805347656627300E-015, 0.0000000000000000000 ) ) ;
#4123 = CARTESIAN_POINT ( 'NONE',  ( -0.7266666667069101600, -8.682849648922371000, 2.259999999999999800 ) ) ;
#4124 = DIRECTION ( 'NONE',  ( 0.0000000000000000000, 0.0000000000000000000, -1.000000000000000000 ) ) ;
#4125 = CARTESIAN_POINT ( 'NONE',  ( -0.6300000000000001200, -8.657245830000000800, 2.434999999999999600 ) ) ;
#4126 = DIRECTION ( 'NONE',  ( 0.0000000000000000000, 0.0000000000000000000, -1.000000000000000000 ) ) ;
#4127 = DIRECTION ( 'NONE',  ( -1.000000000000000000, 0.0000000000000000000, 0.0000000000000000000 ) ) ;
#4128 = CARTESIAN_POINT ( 'NONE',  ( -0.6300000000000001200, -8.657245830000000800, 2.085000000000000000 ) ) ;
#4129 = DIRECTION ( 'NONE',  ( -0.0000000000000000000, -0.0000000000000000000, 1.000000000000000000 ) ) ;
#4130 = DIRECTION ( 'NONE',  ( -1.000000000000000000, 0.0000000000000000000, 0.0000000000000000000 ) ) ;
#4131 = CARTESIAN_POINT ( 'NONE',  ( 0.5300000000000001400, -8.350000000000001400, 2.434999999999999600 ) ) ;
#4132 = DIRECTION ( 'NONE',  ( 0.0000000000000000000, 0.0000000000000000000, -1.000000000000000000 ) ) ;
#4133 = DIRECTION ( 'NONE',  ( -1.000000000000000000, 0.0000000000000000000, 0.0000000000000000000 ) ) ;
#4134 = CARTESIAN_POINT ( 'NONE',  ( 0.5300000000000001400, -8.350000000000001400, 2.085000000000000000 ) ) ;
#4135 = DIRECTION ( 'NONE',  ( -0.0000000000000000000, -0.0000000000000000000, 1.000000000000000000 ) ) ;
#4136 = DIRECTION ( 'NONE',  ( -1.000000000000000000, 0.0000000000000000000, 0.0000000000000000000 ) ) ;
#4137 = CARTESIAN_POINT ( 'NONE',  ( -0.6300000000000001200, -8.042754170000000300, 2.434999999999999600 ) ) ;
#4138 = DIRECTION ( 'NONE',  ( 0.0000000000000000000, 0.0000000000000000000, -1.000000000000000000 ) ) ;
#4139 = DIRECTION ( 'NONE',  ( -1.000000000000000000, 0.0000000000000000000, 0.0000000000000000000 ) ) ;
#4140 = CARTESIAN_POINT ( 'NONE',  ( -0.6300000000000001200, -8.042754170000000300, 2.085000000000000000 ) ) ;
#4141 = DIRECTION ( 'NONE',  ( -0.0000000000000000000, -0.0000000000000000000, 1.000000000000000000 ) ) ;
#4142 = DIRECTION ( 'NONE',  ( -1.000000000000000000, 0.0000000000000000000, 0.0000000000000000000 ) ) ;
#4143 = CARTESIAN_POINT ( 'NONE',  ( -0.4600000000000000200, -7.354459945999998600, 2.434999999999999600 ) ) ;
#4144 = DIRECTION ( 'NONE',  ( -0.0000000000000000000, -0.0000000000000000000, -1.000000000000000000 ) ) ;
#4145 = CARTESIAN_POINT ( 'NONE',  ( 1.040000000000000000, -7.354459945999998600, 2.434999999999999600 ) ) ;
#4146 = DIRECTION ( 'NONE',  ( 0.0000000000000000000, 0.0000000000000000000, -1.000000000000000000 ) ) ;
#4147 = DIRECTION ( 'NONE',  ( -1.000000000000000000, 0.0000000000000000000, 0.0000000000000000000 ) ) ;
#4148 = CARTESIAN_POINT ( 'NONE',  ( 1.040000000000000000, -7.354459945999998600, 2.085000000000000000 ) ) ;
#4149 = DIRECTION ( 'NONE',  ( -0.0000000000000000000, -0.0000000000000000000, 1.000000000000000000 ) ) ;
#4150 = DIRECTION ( 'NONE',  ( -1.000000000000000000, 0.0000000000000000000, 0.0000000000000000000 ) ) ;
#4151 = DIRECTION ( 'NONE',  ( -0.0000000000000000000, -0.0000000000000000000, 1.000000000000000000 ) ) ;
#4152 = CARTESIAN_POINT ( 'NONE',  ( 1.740000000000000200, -7.354459945999998600, 2.434999999999999600 ) ) ;
#4153 = CARTESIAN_POINT ( 'NONE',  ( 0.2400000000000000700, -7.354459945999998600, 2.434999999999999600 ) ) ;
#4154 = DIRECTION ( 'NONE',  ( 0.0000000000000000000, 0.0000000000000000000, -1.000000000000000000 ) ) ;
#4155 = DIRECTION ( 'NONE',  ( -1.000000000000000000, 0.0000000000000000000, 0.0000000000000000000 ) ) ;
#4156 = DIRECTION ( 'NONE',  ( -0.0000000000000000000, -0.0000000000000000000, -1.000000000000000000 ) ) ;
#4157 = CARTESIAN_POINT ( 'NONE',  ( 1.654999999930690800, -7.852229972975618600, 2.259999999999999800 ) ) ;
#4158 = CARTESIAN_POINT ( 'NONE',  ( 0.2400000000000000700, -7.354459945999998600, 2.085000000000000000 ) ) ;
#4159 = DIRECTION ( 'NONE',  ( -0.0000000000000000000, -0.0000000000000000000, 1.000000000000000000 ) ) ;
#4160 = DIRECTION ( 'NONE',  ( -1.000000000000000000, 0.0000000000000000000, 0.0000000000000000000 ) ) ;
#4161 = CARTESIAN_POINT ( 'NONE',  ( 3.069999999999999800, -8.350000000000001400, 2.434999999999999600 ) ) ;
#4162 = DIRECTION ( 'NONE',  ( -0.0000000000000000000, -0.0000000000000000000, 1.000000000000000000 ) ) ;
#4163 = DIRECTION ( 'NONE',  ( -1.000000000000000000, -3.469446951953614600E-015, 0.0000000000000000000 ) ) ;
#4164 = CARTESIAN_POINT ( 'NONE',  ( 3.069999999999999800, -8.350000000000001400, 2.085000000000000000 ) ) ;
#4165 = DIRECTION ( 'NONE',  ( 0.0000000000000000000, 0.0000000000000000000, -1.000000000000000000 ) ) ;
#4166 = DIRECTION ( 'NONE',  ( -1.000000000000000000, 0.0000000000000000000, 0.0000000000000000000 ) ) ;
#4167 = CARTESIAN_POINT ( 'NONE',  ( 1.740000000000000200, -9.345540054000002400, 2.434999999999999600 ) ) ;
#4168 = DIRECTION ( 'NONE',  ( 0.0000000000000000000, 0.0000000000000000000, -1.000000000000000000 ) ) ;
#4169 = CARTESIAN_POINT ( 'NONE',  ( 0.2400000000000000700, -9.345540054000002400, 2.434999999999999600 ) ) ;
#4170 = DIRECTION ( 'NONE',  ( 0.0000000000000000000, 0.0000000000000000000, -1.000000000000000000 ) ) ;
#4171 = DIRECTION ( 'NONE',  ( -1.000000000000000000, 0.0000000000000000000, 0.0000000000000000000 ) ) ;
#4172 = CARTESIAN_POINT ( 'NONE',  ( 1.740000000000000200, -9.436160337000000500, 2.434999999999999600 ) ) ;
#4173 = CARTESIAN_POINT ( 'NONE',  ( 1.740000000000000200, -10.27000000000000000, 2.434999999999999600 ) ) ;
#4174 = CARTESIAN_POINT ( 'NONE',  ( 0.2400000000000000700, -9.345540054000002400, 2.085000000000000000 ) ) ;
#4175 = DIRECTION ( 'NONE',  ( -0.0000000000000000000, -0.0000000000000000000, 1.000000000000000000 ) ) ;
#4176 = DIRECTION ( 'NONE',  ( -1.000000000000000000, 4.625929269271485300E-015, 0.0000000000000000000 ) ) ;
#4177 = CARTESIAN_POINT ( 'NONE',  ( -5.799329208000000500, -9.650000000000000400, 2.434999999999999600 ) ) ;
#4178 = DIRECTION ( 'NONE',  ( -0.0000000000000000000, -1.000000000000000000, -0.0000000000000000000 ) ) ;
#4179 = CARTESIAN_POINT ( 'NONE',  ( 1.740000000000000200, -10.27000000000000000, 2.085000000000000000 ) ) ;
#4180 = DIRECTION ( 'NONE',  ( -0.0000000000000000000, 1.000000000000000000, 0.0000000000000000000 ) ) ;
#4181 = CARTESIAN_POINT ( 'NONE',  ( 1.739999999854818600, -9.436160337047525100, 2.434999999999999600 ) ) ;
#4182 = CARTESIAN_POINT ( 'NONE',  ( 2.009999999999999800, -9.650000000000000400, 2.434999999999999600 ) ) ;
#4183 = DIRECTION ( 'NONE',  ( -0.0000000000000000000, 0.0000000000000000000, -1.000000000000000000 ) ) ;
#4184 = DIRECTION ( 'NONE',  ( 0.3111037323651525400, -0.9503759612429554200, 0.0000000000000000000 ) ) ;
#4185 = CARTESIAN_POINT ( 'NONE',  ( 1.810000000000000100, -9.650000000000000400, 2.085000000000000000 ) ) ;
#4186 = DIRECTION ( 'NONE',  ( -0.3111037323651525400, 0.9503759612429554200, 0.0000000000000000000 ) ) ;
#4187 = CARTESIAN_POINT ( 'NONE',  ( 1.810000000000000300, -9.650000000000000400, 2.434999999999999600 ) ) ;
#4188 = CARTESIAN_POINT ( 'NONE',  ( 2.079999999999999200, -10.27000000000000000, 2.434999999999999600 ) ) ;
#4189 = DIRECTION ( 'NONE',  ( -0.0000000000000000000, 0.0000000000000000000, -1.000000000000000000 ) ) ;
#4190 = DIRECTION ( 'NONE',  ( 1.000000000000000000, -0.0000000000000000000, 0.0000000000000000000 ) ) ;
#4191 = CARTESIAN_POINT ( 'NONE',  ( -5.799329208000000500, -9.650000000000000400, 2.085000000000000000 ) ) ;
#4192 = DIRECTION ( 'NONE',  ( -1.000000000000000000, -0.0000000000000000000, 0.0000000000000000000 ) ) ;
#4193 = CARTESIAN_POINT ( 'NONE',  ( 2.009999999854818600, -9.649999999952475700, 2.434999999999999600 ) ) ;
#4194 = DIRECTION ( 'NONE',  ( -0.0000000000000000000, -0.0000000000000000000, -1.000000000000000000 ) ) ;
#4195 = DIRECTION ( 'NONE',  ( 0.3111037323651525400, 0.9503759612429554200, 0.0000000000000000000 ) ) ;
#4196 = CARTESIAN_POINT ( 'NONE',  ( 2.079999999999999200, -9.436160337000000500, 2.085000000000000000 ) ) ;
#4197 = DIRECTION ( 'NONE',  ( -0.3111037323651525400, -0.9503759612429554200, 0.0000000000000000000 ) ) ;
#4198 = CARTESIAN_POINT ( 'NONE',  ( 2.080000000000000100, -9.436160337000000500, 2.434999999999999600 ) ) ;
#4199 = DIRECTION ( 'NONE',  ( -0.0000000000000000000, -0.0000000000000000000, -1.000000000000000000 ) ) ;
#4200 = DIRECTION ( 'NONE',  ( 0.0000000000000000000, 1.000000000000000000, 0.0000000000000000000 ) ) ;
#4201 = CARTESIAN_POINT ( 'NONE',  ( 2.079999999999999200, -10.27000000000000000, 2.085000000000000000 ) ) ;
#4202 = DIRECTION ( 'NONE',  ( 0.0000000000000000000, -1.000000000000000000, -0.0000000000000000000 ) ) ;
#4203 = CARTESIAN_POINT ( 'NONE',  ( 2.080000000000000100, -9.345540054000002400, 2.259999999999999800 ) ) ;
#4204 = DIRECTION ( 'NONE',  ( 0.0000000000000000000, 0.0000000000000000000, -1.000000000000000000 ) ) ;
#4205 = CARTESIAN_POINT ( 'NONE',  ( 2.165000000069311300, -8.847770027024379800, 2.259999999999999800 ) ) ;
#4206 = DIRECTION ( 'NONE',  ( -0.0000000000000000000, -0.0000000000000000000, -1.000000000000000000 ) ) ;
#4207 = CARTESIAN_POINT ( 'NONE',  ( 3.580000000000000100, -9.345540054000002400, 2.434999999999999600 ) ) ;
#4208 = DIRECTION ( 'NONE',  ( 0.0000000000000000000, 0.0000000000000000000, -1.000000000000000000 ) ) ;
#4209 = DIRECTION ( 'NONE',  ( -1.000000000000000000, 0.0000000000000000000, 0.0000000000000000000 ) ) ;
#4210 = CARTESIAN_POINT ( 'NONE',  ( 3.580000000000000100, -9.345540054000002400, 2.085000000000000000 ) ) ;
#4211 = DIRECTION ( 'NONE',  ( -0.0000000000000000000, -0.0000000000000000000, 1.000000000000000000 ) ) ;
#4212 = DIRECTION ( 'NONE',  ( -1.000000000000000000, 0.0000000000000000000, 0.0000000000000000000 ) ) ;
#4213 = CARTESIAN_POINT ( 'NONE',  ( 2.164999999930691000, -7.852229973024382300, 2.259999999999999800 ) ) ;
#4214 = DIRECTION ( 'NONE',  ( 0.0000000000000000000, 0.0000000000000000000, -1.000000000000000000 ) ) ;
#4215 = CARTESIAN_POINT ( 'NONE',  ( 0.7500000000000000000, -8.350000000000001400, 2.434999999999999600 ) ) ;
#4216 = DIRECTION ( 'NONE',  ( -0.0000000000000000000, -0.0000000000000000000, 1.000000000000000000 ) ) ;
#4217 = DIRECTION ( 'NONE',  ( -1.000000000000000000, 0.0000000000000000000, 0.0000000000000000000 ) ) ;
#4218 = CARTESIAN_POINT ( 'NONE',  ( 0.7500000000000000000, -8.350000000000001400, 2.085000000000000000 ) ) ;
#4219 = DIRECTION ( 'NONE',  ( 0.0000000000000000000, 0.0000000000000000000, -1.000000000000000000 ) ) ;
#4220 = DIRECTION ( 'NONE',  ( -1.000000000000000000, 0.0000000000000000000, 0.0000000000000000000 ) ) ;
#4221 = DIRECTION ( 'NONE',  ( -0.0000000000000000000, -0.0000000000000000000, 1.000000000000000000 ) ) ;
#4222 = CARTESIAN_POINT ( 'NONE',  ( 2.006666666728011100, -8.017150351072039900, 2.259999999999999800 ) ) ;
#4223 = CARTESIAN_POINT ( 'NONE',  ( 0.7500000000000000000, -8.350000000000001400, 2.434999999999999600 ) ) ;
#4224 = DIRECTION ( 'NONE',  ( 0.0000000000000000000, 0.0000000000000000000, -1.000000000000000000 ) ) ;
#4225 = DIRECTION ( 'NONE',  ( -1.000000000000000000, 0.0000000000000000000, 0.0000000000000000000 ) ) ;
#4226 = DIRECTION ( 'NONE',  ( 0.0000000000000000000, 0.0000000000000000000, -1.000000000000000000 ) ) ;
#4227 = CARTESIAN_POINT ( 'NONE',  ( 2.006666666728010200, -8.682849648927957600, 2.259999999999999300 ) ) ;
#4228 = CARTESIAN_POINT ( 'NONE',  ( 0.7500000000000000000, -8.350000000000001400, 2.085000000000000000 ) ) ;
#4229 = DIRECTION ( 'NONE',  ( -0.0000000000000000000, -0.0000000000000000000, 1.000000000000000000 ) ) ;
#4230 = DIRECTION ( 'NONE',  ( -1.000000000000000000, 5.337610695313252200E-015, 0.0000000000000000000 ) ) ;
#4231 = CARTESIAN_POINT ( 'NONE',  ( 1.813333333293090500, -8.682849648922371000, 2.259999999999999800 ) ) ;
#4232 = DIRECTION ( 'NONE',  ( 0.0000000000000000000, 0.0000000000000000000, -1.000000000000000000 ) ) ;
#4233 = CARTESIAN_POINT ( 'NONE',  ( 1.909999999999999700, -8.657245830000000800, 2.434999999999999600 ) ) ;
#4234 = DIRECTION ( 'NONE',  ( 0.0000000000000000000, 0.0000000000000000000, -1.000000000000000000 ) ) ;
#4235 = DIRECTION ( 'NONE',  ( -1.000000000000000000, 0.0000000000000000000, 0.0000000000000000000 ) ) ;
#4236 = CARTESIAN_POINT ( 'NONE',  ( 1.909999999999999700, -8.657245830000000800, 2.085000000000000000 ) ) ;
#4237 = DIRECTION ( 'NONE',  ( -0.0000000000000000000, -0.0000000000000000000, 1.000000000000000000 ) ) ;
#4238 = DIRECTION ( 'NONE',  ( -1.000000000000000000, 0.0000000000000000000, 0.0000000000000000000 ) ) ;
#4239 = CARTESIAN_POINT ( 'NONE',  ( 3.069999999999999800, -8.350000000000001400, 2.434999999999999600 ) ) ;
#4240 = DIRECTION ( 'NONE',  ( 0.0000000000000000000, 0.0000000000000000000, -1.000000000000000000 ) ) ;
#4241 = DIRECTION ( 'NONE',  ( -1.000000000000000000, 0.0000000000000000000, 0.0000000000000000000 ) ) ;
#4242 = CARTESIAN_POINT ( 'NONE',  ( 3.069999999999999800, -8.350000000000001400, 2.085000000000000000 ) ) ;
#4243 = DIRECTION ( 'NONE',  ( -0.0000000000000000000, -0.0000000000000000000, 1.000000000000000000 ) ) ;
#4244 = DIRECTION ( 'NONE',  ( -1.000000000000000000, 0.0000000000000000000, 0.0000000000000000000 ) ) ;
#4245 = CARTESIAN_POINT ( 'NONE',  ( 1.909999999999999700, -8.042754170000000300, 2.434999999999999600 ) ) ;
#4246 = DIRECTION ( 'NONE',  ( 0.0000000000000000000, 0.0000000000000000000, -1.000000000000000000 ) ) ;
#4247 = DIRECTION ( 'NONE',  ( -1.000000000000000000, 0.0000000000000000000, 0.0000000000000000000 ) ) ;
#4248 = CARTESIAN_POINT ( 'NONE',  ( 1.909999999999999700, -8.042754170000000300, 2.085000000000000000 ) ) ;
#4249 = DIRECTION ( 'NONE',  ( -0.0000000000000000000, -0.0000000000000000000, 1.000000000000000000 ) ) ;
#4250 = DIRECTION ( 'NONE',  ( -1.000000000000000000, 0.0000000000000000000, 0.0000000000000000000 ) ) ;
#4251 = CARTESIAN_POINT ( 'NONE',  ( 2.080000000000000100, -7.354459945999998600, 2.434999999999999600 ) ) ;
#4252 = DIRECTION ( 'NONE',  ( -0.0000000000000000000, -0.0000000000000000000, -1.000000000000000000 ) ) ;
#4253 = CARTESIAN_POINT ( 'NONE',  ( 3.580000000000000100, -7.354459945999998600, 2.434999999999999600 ) ) ;
#4254 = DIRECTION ( 'NONE',  ( 0.0000000000000000000, 0.0000000000000000000, -1.000000000000000000 ) ) ;
#4255 = DIRECTION ( 'NONE',  ( -1.000000000000000000, 0.0000000000000000000, 0.0000000000000000000 ) ) ;
#4256 = CARTESIAN_POINT ( 'NONE',  ( -5.997721494000001200, -6.850000000000000500, 4.434385983000000300 ) ) ;
#4257 = CARTESIAN_POINT ( 'NONE',  ( -5.584726862999999300, -6.850000000000000500, 4.434385983000000300 ) ) ;
#4258 = CARTESIAN_POINT ( 'NONE',  ( 3.580000000000000100, -7.354459945999998600, 2.085000000000000000 ) ) ;
#4259 = DIRECTION ( 'NONE',  ( -0.0000000000000000000, -0.0000000000000000000, 1.000000000000000000 ) ) ;
#4260 = DIRECTION ( 'NONE',  ( -1.000000000000000000, 0.0000000000000000000, 0.0000000000000000000 ) ) ;
#4261 = CARTESIAN_POINT ( 'NONE',  ( -5.997721494000001200, -6.850000000000000500, 4.434385983000000300 ) ) ;
#4262 = DIRECTION ( 'NONE',  ( -0.0000000000000000000, -0.0000000000000000000, -1.000000000000000000 ) ) ;
#4263 = CARTESIAN_POINT ( 'NONE',  ( -5.997721494000001200, -6.850000000000000500, 0.5883734840000000000 ) ) ;
#4264 = DIRECTION ( 'NONE',  ( 1.000000000000000000, -0.0000000000000000000, 0.0000000000000000000 ) ) ;
#4265 = DIRECTION ( 'NONE',  ( -0.0000000000000000000, -0.0000000000000000000, 1.000000000000000000 ) ) ;
#4266 = DIRECTION ( 'NONE',  ( -1.000000000000000000, -0.0000000000000000000, 0.0000000000000000000 ) ) ;
#4267 = DIRECTION ( 'NONE',  ( -0.0000000000000000000, 0.0000000000000000000, 1.000000000000000000 ) ) ;
#4268 = CARTESIAN_POINT ( 'NONE',  ( 3.899999999999999900, -9.650000000000000400, 15.71359677400000300 ) ) ;
#4269 = CARTESIAN_POINT ( 'NONE',  ( 4.900000000000000400, -8.450000000000001100, 11.85000000000000100 ) ) ;
#4270 = CARTESIAN_POINT ( 'NONE',  ( 4.400000000000000400, -8.450000000000001100, 13.30000000000000100 ) ) ;
#4271 = DIRECTION ( 'NONE',  ( 0.0000000000000000000, 1.000000000000000000, 0.0000000000000000000 ) ) ;
#4272 = DIRECTION ( 'NONE',  ( 0.0000000000000000000, 0.0000000000000000000, 1.000000000000000000 ) ) ;
#4273 = CARTESIAN_POINT ( 'NONE',  ( 4.900000000000000400, -8.450000000000001100, 11.85000000000000100 ) ) ;
#4274 = DIRECTION ( 'NONE',  ( -0.0000000000000000000, 0.0000000000000000000, 1.000000000000000000 ) ) ;
#4275 = CARTESIAN_POINT ( 'NONE',  ( 4.900000000000000400, -9.650000000000000400, 15.71359677400000300 ) ) ;
#4276 = DIRECTION ( 'NONE',  ( -0.0000000000000000000, -0.0000000000000000000, 1.000000000000000000 ) ) ;
#4277 = DIRECTION ( 'NONE',  ( -0.0000000000000000000, -0.0000000000000000000, -1.000000000000000000 ) ) ;
#4278 = DIRECTION ( 'NONE',  ( -0.0000000000000000000, -0.0000000000000000000, 1.000000000000000000 ) ) ;
#4279 = CARTESIAN_POINT ( 'NONE',  ( -3.899999999999999900, -9.650000000000000400, 15.97837986200000100 ) ) ;
#4280 = CARTESIAN_POINT ( 'NONE',  ( 4.400000000000000400, -9.650000000000000400, 13.30000000000000100 ) ) ;
#4281 = DIRECTION ( 'NONE',  ( 0.0000000000000000000, 1.000000000000000000, 0.0000000000000000000 ) ) ;
#4282 = DIRECTION ( 'NONE',  ( 0.0000000000000000000, 0.0000000000000000000, 1.000000000000000000 ) ) ;
#4283 = CARTESIAN_POINT ( 'NONE',  ( -6.550000000000000700, -5.450000000000000200, 5.128708030999999500 ) ) ;
#4284 = DIRECTION ( 'NONE',  ( 0.0000000000000000000, -0.0000000000000000000, -1.000000000000000000 ) ) ;
#4285 = CARTESIAN_POINT ( 'NONE',  ( -4.400000000000000400, -9.650000000000000400, 13.30000000000000100 ) ) ;
#4286 = DIRECTION ( 'NONE',  ( 0.0000000000000000000, 1.000000000000000000, 0.0000000000000000000 ) ) ;
#4287 = DIRECTION ( 'NONE',  ( 0.0000000000000000000, 0.0000000000000000000, 1.000000000000000000 ) ) ;
#4288 = CARTESIAN_POINT ( 'NONE',  ( -6.549999999999999800, -6.470000000000000600, 0.2000000000000000100 ) ) ;
#4289 = CARTESIAN_POINT ( 'NONE',  ( -4.900000000000000400, -8.450000000000001100, 14.85000000000000100 ) ) ;
#4290 = CARTESIAN_POINT ( 'NONE',  ( -4.400000000000000400, -8.450000000000001100, 13.30000000000000100 ) ) ;
#4291 = DIRECTION ( 'NONE',  ( 0.0000000000000000000, 1.000000000000000000, 0.0000000000000000000 ) ) ;
#4292 = DIRECTION ( 'NONE',  ( 0.0000000000000000000, 0.0000000000000000000, 1.000000000000000000 ) ) ;
#4293 = CARTESIAN_POINT ( 'NONE',  ( -4.900000000000000400, -8.450000000000001100, 14.85000000000000100 ) ) ;
#4294 = DIRECTION ( 'NONE',  ( 0.0000000000000000000, -0.0000000000000000000, -1.000000000000000000 ) ) ;
#4295 = CARTESIAN_POINT ( 'NONE',  ( -4.900000000000000400, -9.650000000000000400, 15.97837986200000100 ) ) ;
#4296 = CARTESIAN_POINT ( 'NONE',  ( -6.549999999999999800, -6.470000000000000600, 0.2000000000000000100 ) ) ;
#4297 = DIRECTION ( 'NONE',  ( -0.0000000000000000000, -0.0000000000000000000, -1.000000000000000000 ) ) ;
#4298 = DIRECTION ( 'NONE',  ( 0.0000000000000000000, 1.000000000000000000, 0.0000000000000000000 ) ) ;
#4299 = CARTESIAN_POINT ( 'NONE',  ( -6.550000000000000700, -6.470000000000000600, 11.05010817300000200 ) ) ;
#4300 = CARTESIAN_POINT ( 'NONE',  ( 5.584726862999999300, -6.850000000000000500, 0.5883734840000000000 ) ) ;
#4301 = DIRECTION ( 'NONE',  ( 0.0000000000000000000, -0.0000000000000000000, -1.000000000000000000 ) ) ;
#4302 = DIRECTION ( 'NONE',  ( 0.0000000000000000000, -1.000000000000000000, -0.0000000000000000000 ) ) ;
#4303 = CARTESIAN_POINT ( 'NONE',  ( 5.997721494000001200, -6.850000000000000500, 4.434385983000000300 ) ) ;
#4304 = DIRECTION ( 'NONE',  ( 0.0000000000000000000, 1.000000000000000000, 0.0000000000000000000 ) ) ;
#4305 = CARTESIAN_POINT ( 'NONE',  ( 6.550000000000000700, 6.850000000000000500, 0.2000000000000000100 ) ) ;
#4306 = DIRECTION ( 'NONE',  ( 0.0000000000000000000, 1.000000000000000000, -0.0000000000000000000 ) ) ;
#4307 = CARTESIAN_POINT ( 'NONE',  ( -4.900000000000000400, -6.470000000000000600, 0.2000000000000005100 ) ) ;
#4308 = DIRECTION ( 'NONE',  ( 1.000000000000000000, 0.0000000000000000000, 0.0000000000000000000 ) ) ;
#4309 = CARTESIAN_POINT ( 'NONE',  ( 6.550000000000000700, 6.850000000000000500, 0.2000000000000000100 ) ) ;
#4310 = DIRECTION ( 'NONE',  ( 0.0000000000000000000, 1.000000000000000000, -0.0000000000000000000 ) ) ;
#4311 = CARTESIAN_POINT ( 'NONE',  ( 6.550000000000000700, -5.450000000000000200, 5.128708030999999500 ) ) ;
#4312 = DIRECTION ( 'NONE',  ( -0.0000000000000000000, 1.000000000000000000, 0.0000000000000000000 ) ) ;
#4313 = CARTESIAN_POINT ( 'NONE',  ( 6.550000000000000700, -6.470000000000000600, 11.05010817300000200 ) ) ;
#4314 = DIRECTION ( 'NONE',  ( -0.0000000000000000000, 0.0000000000000000000, 1.000000000000000000 ) ) ;
#4315 = CARTESIAN_POINT ( 'NONE',  ( 6.750000000000000000, 6.850000000000000500, 5.128708031000000400 ) ) ;
#4316 = DIRECTION ( 'NONE',  ( 0.0000000000000000000, 1.000000000000000000, -0.0000000000000000000 ) ) ;
#4317 = CARTESIAN_POINT ( 'NONE',  ( -4.900000000000000400, -6.470000000000000600, 5.128708030999999500 ) ) ;
#4318 = VECTOR ( 'NONE', #4310, 1000.000000000000000 ) ;
#4319 = LINE ( 'NONE', #4313, #4323 ) ;
#4320 = LINE ( 'NONE', #4311, #4321 ) ;
#4321 = VECTOR ( 'NONE', #4312, 1000.000000000000000 ) ;
#4322 = LINE ( 'NONE', #4315, #4325 ) ;
#4323 = VECTOR ( 'NONE', #4314, 1000.000000000000000 ) ;
#4324 = LINE ( 'NONE', #4317, #4327 ) ;
#4325 = VECTOR ( 'NONE', #4316, 1000.000000000000000 ) ;
#4326 = LINE ( 'NONE', #4903, #4329 ) ;
#4327 = VECTOR ( 'NONE', #4902, 1000.000000000000000 ) ;
#4328 = LINE ( 'NONE', #4905, #4331 ) ;
#4329 = VECTOR ( 'NONE', #4904, 1000.000000000000000 ) ;
#4330 = LINE ( 'NONE', #4907, #4333 ) ;
#4331 = VECTOR ( 'NONE', #4906, 1000.000000000000000 ) ;
#4332 = LINE ( 'NONE', #4909, #4335 ) ;
#4333 = VECTOR ( 'NONE', #4908, 1000.000000000000000 ) ;
#4334 = LINE ( 'NONE', #4911, #4337 ) ;
#4335 = VECTOR ( 'NONE', #4910, 1000.000000000000000 ) ;
#4336 = LINE ( 'NONE', #4913, #4339 ) ;
#4337 = VECTOR ( 'NONE', #4912, 1000.000000000000000 ) ;
#4338 = LINE ( 'NONE', #4915, #4341 ) ;
#4339 = VECTOR ( 'NONE', #4914, 1000.000000000000000 ) ;
#4340 = LINE ( 'NONE', #4917, #4343 ) ;
#4341 = VECTOR ( 'NONE', #4916, 1000.000000000000000 ) ;
#4342 = LINE ( 'NONE', #4919, #4345 ) ;
#4343 = VECTOR ( 'NONE', #4918, 1000.000000000000000 ) ;
#4344 = LINE ( 'NONE', #4921, #4347 ) ;
#4345 = VECTOR ( 'NONE', #4920, 1000.000000000000000 ) ;
#4346 = LINE ( 'NONE', #4923, #4349 ) ;
#4347 = VECTOR ( 'NONE', #4922, 1000.000000000000000 ) ;
#4348 = LINE ( 'NONE', #4925, #4351 ) ;
#4349 = VECTOR ( 'NONE', #4924, 1000.000000000000000 ) ;
#4350 = LINE ( 'NONE', #4927, #4353 ) ;
#4351 = VECTOR ( 'NONE', #4926, 1000.000000000000000 ) ;
#4352 = LINE ( 'NONE', #4303, #4358 ) ;
#4353 = VECTOR ( 'NONE', #4929, 1000.000000000000000 ) ;
#4354 = LINE ( 'NONE', #4928, #4370 ) ;
#4355 = LINE ( 'NONE', #4300, #4356 ) ;
#4356 = VECTOR ( 'NONE', #4930, 1000.000000000000000 ) ;
#4357 = LINE ( 'NONE', #4933, #4360 ) ;
#4358 = VECTOR ( 'NONE', #4932, 1000.000000000000000 ) ;
#4359 = LINE ( 'NONE', #4935, #4362 ) ;
#4360 = VECTOR ( 'NONE', #4934, 1000.000000000000000 ) ;
#4361 = LINE ( 'NONE', #4937, #4364 ) ;
#4362 = VECTOR ( 'NONE', #4936, 1000.000000000000000 ) ;
#4363 = LINE ( 'NONE', #4939, #4366 ) ;
#4364 = VECTOR ( 'NONE', #4938, 1000.000000000000000 ) ;
#4365 = LINE ( 'NONE', #4941, #4368 ) ;
#4366 = VECTOR ( 'NONE', #4940, 1000.000000000000000 ) ;
#4367 = LINE ( 'NONE', #4931, #4372 ) ;
#4368 = VECTOR ( 'NONE', #4943, 1000.000000000000000 ) ;
#4369 = LINE ( 'NONE', #4942, #4388 ) ;
#4370 = VECTOR ( 'NONE', #4944, 1000.000000000000000 ) ;
#4371 = LINE ( 'NONE', #4947, #4374 ) ;
#4372 = VECTOR ( 'NONE', #4946, 1000.000000000000000 ) ;
#4373 = LINE ( 'NONE', #4949, #4376 ) ;
#4374 = VECTOR ( 'NONE', #4948, 1000.000000000000000 ) ;
#4375 = LINE ( 'NONE', #4951, #4378 ) ;
#4376 = VECTOR ( 'NONE', #4950, 1000.000000000000000 ) ;
#4377 = LINE ( 'NONE', #4953, #4380 ) ;
#4378 = VECTOR ( 'NONE', #4952, 1000.000000000000000 ) ;
#4379 = LINE ( 'NONE', #4955, #4382 ) ;
#4380 = VECTOR ( 'NONE', #4954, 1000.000000000000000 ) ;
#4381 = LINE ( 'NONE', #4957, #4384 ) ;
#4382 = VECTOR ( 'NONE', #4956, 1000.000000000000000 ) ;
#4383 = LINE ( 'NONE', #4959, #4386 ) ;
#4384 = VECTOR ( 'NONE', #4958, 1000.000000000000000 ) ;
#4385 = LINE ( 'NONE', #4945, #4404 ) ;
#4386 = VECTOR ( 'NONE', #4961, 1000.000000000000000 ) ;
#4387 = LINE ( 'NONE', #4963, #4390 ) ;
#4388 = VECTOR ( 'NONE', #4962, 1000.000000000000000 ) ;
#4389 = LINE ( 'NONE', #4965, #4392 ) ;
#4390 = VECTOR ( 'NONE', #4964, 1000.000000000000000 ) ;
#4391 = LINE ( 'NONE', #4967, #4394 ) ;
#4392 = VECTOR ( 'NONE', #4966, 1000.000000000000000 ) ;
#4393 = LINE ( 'NONE', #4969, #4396 ) ;
#4394 = VECTOR ( 'NONE', #4968, 1000.000000000000000 ) ;
#4395 = LINE ( 'NONE', #4971, #4398 ) ;
#4396 = VECTOR ( 'NONE', #4970, 1000.000000000000000 ) ;
#4397 = LINE ( 'NONE', #4973, #4400 ) ;
#4398 = VECTOR ( 'NONE', #4972, 1000.000000000000000 ) ;
#4399 = LINE ( 'NONE', #4975, #4402 ) ;
#4400 = VECTOR ( 'NONE', #4974, 1000.000000000000000 ) ;
#4401 = LINE ( 'NONE', #4960, #4420 ) ;
#4402 = VECTOR ( 'NONE', #4977, 1000.000000000000000 ) ;
#4403 = LINE ( 'NONE', #4979, #4406 ) ;
#4404 = VECTOR ( 'NONE', #4978, 1000.000000000000000 ) ;
#4405 = LINE ( 'NONE', #4981, #4408 ) ;
#4406 = VECTOR ( 'NONE', #4980, 1000.000000000000000 ) ;
#4407 = LINE ( 'NONE', #4983, #4410 ) ;
#4408 = VECTOR ( 'NONE', #4982, 1000.000000000000000 ) ;
#4409 = LINE ( 'NONE', #4985, #4412 ) ;
#4410 = VECTOR ( 'NONE', #4984, 1000.000000000000000 ) ;
#4411 = LINE ( 'NONE', #4987, #4414 ) ;
#4412 = VECTOR ( 'NONE', #4986, 1000.000000000000000 ) ;
#4413 = LINE ( 'NONE', #4989, #4416 ) ;
#4414 = VECTOR ( 'NONE', #4988, 1000.000000000000000 ) ;
#4415 = LINE ( 'NONE', #4991, #4418 ) ;
#4416 = VECTOR ( 'NONE', #4990, 1000.000000000000000 ) ;
#4417 = LINE ( 'NONE', #4976, #4436 ) ;
#4418 = VECTOR ( 'NONE', #4993, 1000.000000000000000 ) ;
#4419 = LINE ( 'NONE', #4995, #4422 ) ;
#4420 = VECTOR ( 'NONE', #4994, 1000.000000000000000 ) ;
#4421 = LINE ( 'NONE', #4997, #4424 ) ;
#4422 = VECTOR ( 'NONE', #4996, 1000.000000000000000 ) ;
#4423 = LINE ( 'NONE', #4999, #4426 ) ;
#4424 = VECTOR ( 'NONE', #4998, 1000.000000000000000 ) ;
#4425 = LINE ( 'NONE', #5001, #4428 ) ;
#4426 = VECTOR ( 'NONE', #5000, 1000.000000000000000 ) ;
#4427 = LINE ( 'NONE', #5003, #4430 ) ;
#4428 = VECTOR ( 'NONE', #5002, 1000.000000000000000 ) ;
#4429 = LINE ( 'NONE', #5005, #4432 ) ;
#4430 = VECTOR ( 'NONE', #5004, 1000.000000000000000 ) ;
#4431 = LINE ( 'NONE', #5007, #4434 ) ;
#4432 = VECTOR ( 'NONE', #5006, 1000.000000000000000 ) ;
#4433 = LINE ( 'NONE', #4992, #4452 ) ;
#4434 = VECTOR ( 'NONE', #5009, 1000.000000000000000 ) ;
#4435 = LINE ( 'NONE', #5011, #4438 ) ;
#4436 = VECTOR ( 'NONE', #5010, 1000.000000000000000 ) ;
#4437 = LINE ( 'NONE', #5013, #4440 ) ;
#4438 = VECTOR ( 'NONE', #5012, 1000.000000000000000 ) ;
#4439 = LINE ( 'NONE', #5015, #4442 ) ;
#4440 = VECTOR ( 'NONE', #5014, 1000.000000000000000 ) ;
#4441 = LINE ( 'NONE', #5017, #4444 ) ;
#4442 = VECTOR ( 'NONE', #5016, 1000.000000000000000 ) ;
#4443 = LINE ( 'NONE', #5019, #4446 ) ;
#4444 = VECTOR ( 'NONE', #5018, 1000.000000000000000 ) ;
#4445 = LINE ( 'NONE', #5021, #4448 ) ;
#4446 = VECTOR ( 'NONE', #5020, 1000.000000000000000 ) ;
#4447 = LINE ( 'NONE', #5023, #4450 ) ;
#4448 = VECTOR ( 'NONE', #5022, 1000.000000000000000 ) ;
#4449 = LINE ( 'NONE', #5008, #4468 ) ;
#4450 = VECTOR ( 'NONE', #5025, 1000.000000000000000 ) ;
#4451 = LINE ( 'NONE', #5027, #4454 ) ;
#4452 = VECTOR ( 'NONE', #5026, 1000.000000000000000 ) ;
#4453 = LINE ( 'NONE', #5029, #4456 ) ;
#4454 = VECTOR ( 'NONE', #5028, 1000.000000000000000 ) ;
#4455 = LINE ( 'NONE', #5031, #4458 ) ;
#4456 = VECTOR ( 'NONE', #5030, 1000.000000000000000 ) ;
#4457 = LINE ( 'NONE', #5033, #4460 ) ;
#4458 = VECTOR ( 'NONE', #5032, 1000.000000000000000 ) ;
#4459 = LINE ( 'NONE', #5035, #4462 ) ;
#4460 = VECTOR ( 'NONE', #5034, 1000.000000000000000 ) ;
#4461 = LINE ( 'NONE', #5037, #4464 ) ;
#4462 = VECTOR ( 'NONE', #5036, 1000.000000000000000 ) ;
#4463 = LINE ( 'NONE', #5039, #4466 ) ;
#4464 = VECTOR ( 'NONE', #5038, 1000.000000000000000 ) ;
#4465 = LINE ( 'NONE', #5024, #4484 ) ;
#4466 = VECTOR ( 'NONE', #5041, 1000.000000000000000 ) ;
#4467 = LINE ( 'NONE', #5043, #4470 ) ;
#4468 = VECTOR ( 'NONE', #5042, 1000.000000000000000 ) ;
#4469 = LINE ( 'NONE', #5045, #4472 ) ;
#4470 = VECTOR ( 'NONE', #5044, 1000.000000000000000 ) ;
#4471 = LINE ( 'NONE', #5047, #4474 ) ;
#4472 = VECTOR ( 'NONE', #5046, 1000.000000000000000 ) ;
#4473 = LINE ( 'NONE', #5049, #4476 ) ;
#4474 = VECTOR ( 'NONE', #5048, 1000.000000000000000 ) ;
#4475 = LINE ( 'NONE', #5051, #4478 ) ;
#4476 = VECTOR ( 'NONE', #5050, 1000.000000000000000 ) ;
#4477 = LINE ( 'NONE', #5053, #4480 ) ;
#4478 = VECTOR ( 'NONE', #5052, 1000.000000000000000 ) ;
#4479 = LINE ( 'NONE', #5055, #4482 ) ;
#4480 = VECTOR ( 'NONE', #5054, 1000.000000000000000 ) ;
#4481 = LINE ( 'NONE', #5040, #4500 ) ;
#4482 = VECTOR ( 'NONE', #5057, 1000.000000000000000 ) ;
#4483 = LINE ( 'NONE', #5059, #4486 ) ;
#4484 = VECTOR ( 'NONE', #5058, 1000.000000000000000 ) ;
#4485 = LINE ( 'NONE', #5061, #4488 ) ;
#4486 = VECTOR ( 'NONE', #5060, 1000.000000000000000 ) ;
#4487 = LINE ( 'NONE', #5063, #4490 ) ;
#4488 = VECTOR ( 'NONE', #5062, 1000.000000000000000 ) ;
#4489 = LINE ( 'NONE', #5065, #4492 ) ;
#4490 = VECTOR ( 'NONE', #5064, 1000.000000000000000 ) ;
#4491 = LINE ( 'NONE', #5067, #4494 ) ;
#4492 = VECTOR ( 'NONE', #5066, 1000.000000000000000 ) ;
#4493 = LINE ( 'NONE', #5069, #4496 ) ;
#4494 = VECTOR ( 'NONE', #5068, 1000.000000000000000 ) ;
#4495 = LINE ( 'NONE', #5071, #4498 ) ;
#4496 = VECTOR ( 'NONE', #5070, 1000.000000000000000 ) ;
#4497 = CIRCLE ( 'NONE', #2035, 1.450000000000000000 ) ;
#4498 = VECTOR ( 'NONE', #5072, 1000.000000000000000 ) ;
#4499 = LINE ( 'NONE', #5074, #4502 ) ;
#4500 = VECTOR ( 'NONE', #5073, 1000.000000000000000 ) ;
#4501 = LINE ( 'NONE', #5076, #4504 ) ;
#4502 = VECTOR ( 'NONE', #5075, 1000.000000000000000 ) ;
#4503 = LINE ( 'NONE', #5078, #4506 ) ;
#4504 = VECTOR ( 'NONE', #5077, 1000.000000000000000 ) ;
#4505 = LINE ( 'NONE', #5080, #4508 ) ;
#4506 = VECTOR ( 'NONE', #5079, 1000.000000000000000 ) ;
#4507 = LINE ( 'NONE', #5082, #4510 ) ;
#4508 = VECTOR ( 'NONE', #5081, 1000.000000000000000 ) ;
#4509 = LINE ( 'NONE', #5094, #4520 ) ;
#4510 = VECTOR ( 'NONE', #5084, 1000.000000000000000 ) ;
#4511 = LINE ( 'NONE', #5085, #4513 ) ;
#4512 = LINE ( 'NONE', #5089, #4515 ) ;
#4513 = VECTOR ( 'NONE', #5056, 1000.000000000000000 ) ;
#4514 = LINE ( 'NONE', #5091, #4517 ) ;
#4515 = VECTOR ( 'NONE', #5090, 1000.000000000000000 ) ;
#4516 = CIRCLE ( 'NONE', #2036, 1.450000000000000000 ) ;
#4517 = VECTOR ( 'NONE', #5092, 1000.000000000000000 ) ;
#4518 = LINE ( 'NONE', #5103, #4527 ) ;
#4519 = LINE ( 'NONE', #5098, #4522 ) ;
#4520 = VECTOR ( 'NONE', #5083, 1000.000000000000000 ) ;
#4521 = LINE ( 'NONE', #5100, #4524 ) ;
#4522 = VECTOR ( 'NONE', #5099, 1000.000000000000000 ) ;
#4523 = CIRCLE ( 'NONE', #2037, 1.450000000000000000 ) ;
#4524 = VECTOR ( 'NONE', #5101, 1000.000000000000000 ) ;
#4525 = LINE ( 'NONE', #5113, #4534 ) ;
#4526 = LINE ( 'NONE', #5107, #4529 ) ;
#4527 = VECTOR ( 'NONE', #5093, 1000.000000000000000 ) ;
#4528 = LINE ( 'NONE', #5109, #4531 ) ;
#4529 = VECTOR ( 'NONE', #5108, 1000.000000000000000 ) ;
#4530 = CIRCLE ( 'NONE', #2038, 1.450000000000000000 ) ;
#4531 = VECTOR ( 'NONE', #5110, 1000.000000000000000 ) ;
#4532 = LINE ( 'NONE', #5111, #4542 ) ;
#4533 = LINE ( 'NONE', #5117, #4536 ) ;
#4534 = VECTOR ( 'NONE', #5102, 1000.000000000000000 ) ;
#4535 = LINE ( 'NONE', #5119, #4538 ) ;
#4536 = VECTOR ( 'NONE', #5118, 1000.000000000000000 ) ;
#4537 = LINE ( 'NONE', #5121, #4540 ) ;
#4538 = VECTOR ( 'NONE', #5120, 1000.000000000000000 ) ;
#4539 = LINE ( 'NONE', #5112, #4544 ) ;
#4540 = VECTOR ( 'NONE', #5123, 1000.000000000000000 ) ;
#4541 = LINE ( 'NONE', #5122, #4546 ) ;
#4542 = VECTOR ( 'NONE', #5124, 1000.000000000000000 ) ;
#4543 = LINE ( 'NONE', #5125, #4548 ) ;
#4544 = VECTOR ( 'NONE', #5126, 1000.000000000000000 ) ;
#4545 = LINE ( 'NONE', #5127, #4552 ) ;
#4546 = VECTOR ( 'NONE', #5128, 1000.000000000000000 ) ;
#4547 = LINE ( 'NONE', #5131, #4550 ) ;
#4548 = VECTOR ( 'NONE', #5130, 1000.000000000000000 ) ;
#4549 = CIRCLE ( 'NONE', #2040, 1.500000000000000400 ) ;
#4550 = VECTOR ( 'NONE', #5133, 1000.000000000000000 ) ;
#4551 = CIRCLE ( 'NONE', #2039, 1.500000000000000400 ) ;
#4552 = VECTOR ( 'NONE', #5134, 1000.000000000000000 ) ;
#4553 = LINE ( 'NONE', #5132, #4555 ) ;
#4554 = CIRCLE ( 'NONE', #2042, 1.499999999999999100 ) ;
#4555 = VECTOR ( 'NONE', #5129, 1000.000000000000000 ) ;
#4556 = CIRCLE ( 'NONE', #2041, 1.499999999999999100 ) ;
#4557 = LINE ( 'NONE', #5138, #4559 ) ;
#4558 = CIRCLE ( 'NONE', #2044, 1.500000000000000400 ) ;
#4559 = VECTOR ( 'NONE', #5139, 1000.000000000000000 ) ;
#4560 = CIRCLE ( 'NONE', #2043, 1.500000000000000400 ) ;
#4561 = LINE ( 'NONE', #5146, #4563 ) ;
#4562 = LINE ( 'NONE', #5157, #4570 ) ;
#4563 = VECTOR ( 'NONE', #5147, 1000.000000000000000 ) ;
#4564 = LINE ( 'NONE', #5155, #4566 ) ;
#4565 = LINE ( 'NONE', #5161, #4568 ) ;
#4566 = VECTOR ( 'NONE', #5151, 1000.000000000000000 ) ;
#4567 = LINE ( 'NONE', #5156, #4576 ) ;
#4568 = VECTOR ( 'NONE', #5163, 1000.000000000000000 ) ;
#4569 = LINE ( 'NONE', #5165, #4572 ) ;
#4570 = VECTOR ( 'NONE', #5164, 1000.000000000000000 ) ;
#4571 = LINE ( 'NONE', #5167, #4574 ) ;
#4572 = VECTOR ( 'NONE', #5166, 1000.000000000000100 ) ;
#4573 = LINE ( 'NONE', #5162, #4582 ) ;
#4574 = VECTOR ( 'NONE', #5169, 1000.000000000000000 ) ;
#4575 = LINE ( 'NONE', #5171, #4578 ) ;
#4576 = VECTOR ( 'NONE', #5170, 1000.000000000000100 ) ;
#4577 = LINE ( 'NONE', #5173, #4580 ) ;
#4578 = VECTOR ( 'NONE', #5172, 1000.000000000000000 ) ;
#4579 = LINE ( 'NONE', #5168, #4588 ) ;
#4580 = VECTOR ( 'NONE', #5175, 1000.000000000000000 ) ;
#4581 = LINE ( 'NONE', #5177, #4584 ) ;
#4582 = VECTOR ( 'NONE', #5176, 1000.000000000000000 ) ;
#4583 = LINE ( 'NONE', #5179, #4586 ) ;
#4584 = VECTOR ( 'NONE', #5178, 1000.000000000000100 ) ;
#4585 = LINE ( 'NONE', #5174, #4594 ) ;
#4586 = VECTOR ( 'NONE', #5180, 1000.000000000000000 ) ;
#4587 = LINE ( 'NONE', #5182, #4590 ) ;
#4588 = VECTOR ( 'NONE', #5181, 1000.000000000000100 ) ;
#4589 = LINE ( 'NONE', #5184, #4592 ) ;
#4590 = VECTOR ( 'NONE', #5183, 1000.000000000000000 ) ;
#4591 = CIRCLE ( 'NONE', #2048, 1.499999999999999600 ) ;
#4592 = VECTOR ( 'NONE', #5185, 1000.000000000000000 ) ;
#4593 = CIRCLE ( 'NONE', #2045, 1.500000000000000200 ) ;
#4594 = VECTOR ( 'NONE', #5186, 1000.000000000000000 ) ;
#4595 = CIRCLE ( 'NONE', #2046, 1.500000000000000200 ) ;
#4596 = CIRCLE ( 'NONE', #2047, 1.499999999999999600 ) ;
#4597 = LINE ( 'NONE', #5190, #4599 ) ;
#4598 = LINE ( 'NONE', #5214, #4611 ) ;
#4599 = VECTOR ( 'NONE', #5191, 1000.000000000000000 ) ;
#4600 = CIRCLE ( 'NONE', #2049, 1.500000000000000200 ) ;
#4601 = LINE ( 'NONE', #5198, #4603 ) ;
#4602 = CIRCLE ( 'NONE', #2050, 1.500000000000000200 ) ;
#4603 = VECTOR ( 'NONE', #5199, 1000.000000000000000 ) ;
#4604 = LINE ( 'NONE', #5203, #4606 ) ;
#4605 = LINE ( 'NONE', #5212, #4608 ) ;
#4606 = VECTOR ( 'NONE', #5204, 1000.000000000000000 ) ;
#4607 = CIRCLE ( 'NONE', #2051, 0.1000000000000002600 ) ;
#4608 = VECTOR ( 'NONE', #5213, 1000.000000000000000 ) ;
#4609 = CIRCLE ( 'NONE', #2052, 0.1000000000000002600 ) ;
#4610 = LINE ( 'NONE', #5220, #4614 ) ;
#4611 = VECTOR ( 'NONE', #5208, 1000.000000000000000 ) ;
#4612 = CIRCLE ( 'NONE', #2053, 1.300000000000000300 ) ;
#4613 = CIRCLE ( 'NONE', #2054, 1.300000000000000300 ) ;
#4614 = VECTOR ( 'NONE', #5218, 1000.000000000000000 ) ;
#4615 = LINE ( 'NONE', #5224, #4617 ) ;
#4616 = FACE_OUTER_BOUND ( 'NONE', #10710, .T. ) ;
#4617 = VECTOR ( 'NONE', #5219, 1000.000000000000000 ) ;
#4618 = CIRCLE ( 'NONE', #2055, 0.1000000000000002600 ) ;
#4619 = CIRCLE ( 'NONE', #2056, 1.300000000000000000 ) ;
#4620 = CIRCLE ( 'NONE', #2057, 0.1000000000000002600 ) ;
#4621 = CIRCLE ( 'NONE', #2058, 1.300000000000000000 ) ;
#4622 = FACE_OUTER_BOUND ( 'NONE', #10706, .T. ) ;
#4623 = FACE_OUTER_BOUND ( 'NONE', #10699, .T. ) ;
#4624 = FACE_OUTER_BOUND ( 'NONE', #10701, .T. ) ;
#4625 = FACE_OUTER_BOUND ( 'NONE', #10713, .T. ) ;
#4626 = CYLINDRICAL_SURFACE ( 'NONE', #5354, 1.450000000000000000 ) ;
#4627 = FACE_OUTER_BOUND ( 'NONE', #10703, .T. ) ;
#4628 = CYLINDRICAL_SURFACE ( 'NONE', #5355, 1.450000000000000000 ) ;
#4629 = FACE_OUTER_BOUND ( 'NONE', #10709, .T. ) ;
#4630 = FACE_BOUND ( 'NONE', #10697, .T. ) ;
#4631 = CYLINDRICAL_SURFACE ( 'NONE', #5357, 1.450000000000000000 ) ;
#4632 = FACE_BOUND ( 'NONE', #10688, .T. ) ;
#4633 = FACE_OUTER_BOUND ( 'NONE', #10694, .T. ) ;
#4634 = FACE_OUTER_BOUND ( 'NONE', #10690, .T. ) ;
#4635 = FACE_OUTER_BOUND ( 'NONE', #10698, .T. ) ;
#4636 = FACE_OUTER_BOUND ( 'NONE', #10705, .T. ) ;
#4637 = FACE_OUTER_BOUND ( 'NONE', #10695, .T. ) ;
#4638 = FACE_OUTER_BOUND ( 'NONE', #10693, .T. ) ;
#4639 = FACE_OUTER_BOUND ( 'NONE', #10696, .T. ) ;
#4640 = FACE_OUTER_BOUND ( 'NONE', #10707, .T. ) ;
#4641 = FACE_BOUND ( 'NONE', #10668, .T. ) ;
#4642 = FACE_OUTER_BOUND ( 'NONE', #10700, .T. ) ;
#4643 = CIRCLE ( 'NONE', #5371, 1.499999999999999600 ) ;
#4644 = CYLINDRICAL_SURFACE ( 'NONE', #5367, 1.450000000000000000 ) ;
#4645 = VECTOR ( 'NONE', #5315, 1000.000000000000000 ) ;
#4646 = FACE_BOUND ( 'NONE', #10681, .T. ) ;
#4647 = FACE_OUTER_BOUND ( 'NONE', #10666, .T. ) ;
#4648 = LINE ( 'NONE', #5312, #4652 ) ;
#4649 = FACE_OUTER_BOUND ( 'NONE', #10678, .T. ) ;
#4650 = LINE ( 'NONE', #5314, #4645 ) ;
#4651 = CIRCLE ( 'NONE', #5374, 1.300000000000000000 ) ;
#4652 = VECTOR ( 'NONE', #5309, 1000.000000000000000 ) ;
#4653 = CIRCLE ( 'NONE', #5373, 1.300000000000000000 ) ;
#4654 = CIRCLE ( 'NONE', #5376, 1.299999999999999600 ) ;
#4655 = LINE ( 'NONE', #5313, #4657 ) ;
#4656 = LINE ( 'NONE', #5328, #4659 ) ;
#4657 = VECTOR ( 'NONE', #5319, 1000.000000000000000 ) ;
#4658 = LINE ( 'NONE', #5330, #4661 ) ;
#4659 = VECTOR ( 'NONE', #5329, 1000.000000000000000 ) ;
#4660 = CIRCLE ( 'NONE', #5375, 1.499999999999999600 ) ;
#4661 = VECTOR ( 'NONE', #5331, 1000.000000000000000 ) ;
#4662 = LINE ( 'NONE', #5323, #4664 ) ;
#4663 = CIRCLE ( 'NONE', #5378, 1.499999999999999800 ) ;
#4664 = VECTOR ( 'NONE', #5324, 1000.000000000000000 ) ;
#4665 = LINE ( 'NONE', #5336, #4667 ) ;
#4666 = CIRCLE ( 'NONE', #5377, 1.499999999999999800 ) ;
#4667 = VECTOR ( 'NONE', #5332, 1000.000000000000000 ) ;
#4668 = LINE ( 'NONE', #5337, #4670 ) ;
#4669 = CIRCLE ( 'NONE', #5379, 1.300000000000000300 ) ;
#4670 = VECTOR ( 'NONE', #5338, 1000.000000000000000 ) ;
#4671 = LINE ( 'NONE', #5346, #4673 ) ;
#4672 = LINE ( 'NONE', #5524, #4683 ) ;
#4673 = VECTOR ( 'NONE', #5342, 1000.000000000000000 ) ;
#4674 = CIRCLE ( 'NONE', #5380, 1.300000000000000300 ) ;
#4675 = CIRCLE ( 'NONE', #5381, 1.299999999999999600 ) ;
#4676 = LINE ( 'NONE', #5353, #4678 ) ;
#4677 = CIRCLE ( 'NONE', #5382, 1.500000000000000000 ) ;
#4678 = VECTOR ( 'NONE', #5515, 1000.000000000000000 ) ;
#4679 = LINE ( 'NONE', #5519, #4681 ) ;
#4680 = LINE ( 'NONE', #5523, #4687 ) ;
#4681 = VECTOR ( 'NONE', #5528, 1000.000000000000000 ) ;
#4682 = LINE ( 'NONE', #5530, #4685 ) ;
#4683 = VECTOR ( 'NONE', #5529, 1000.000000000000000 ) ;
#4684 = CIRCLE ( 'NONE', #5383, 1.300000000000000000 ) ;
#4685 = VECTOR ( 'NONE', #5531, 1000.000000000000000 ) ;
#4686 = LINE ( 'NONE', #5542, #4694 ) ;
#4687 = VECTOR ( 'NONE', #5532, 1000.000000000000000 ) ;
#4688 = CIRCLE ( 'NONE', #5384, 1.300000000000000000 ) ;
#4689 = CIRCLE ( 'NONE', #5385, 1.500000000000000000 ) ;
#4690 = LINE ( 'NONE', #5536, #4692 ) ;
#4691 = LINE ( 'NONE', #5541, #4696 ) ;
#4692 = VECTOR ( 'NONE', #5537, 1000.000000000000000 ) ;
#4693 = LINE ( 'NONE', #5546, #4698 ) ;
#4694 = VECTOR ( 'NONE', #5547, 1000.000000000000000 ) ;
#4695 = LINE ( 'NONE', #5548, #4700 ) ;
#4696 = VECTOR ( 'NONE', #5549, 1000.000000000000000 ) ;
#4697 = LINE ( 'NONE', #5550, #4702 ) ;
#4698 = VECTOR ( 'NONE', #5551, 1000.000000000000200 ) ;
#4699 = LINE ( 'NONE', #5552, #4704 ) ;
#4700 = VECTOR ( 'NONE', #5553, 1000.000000000000200 ) ;
#4701 = LINE ( 'NONE', #5554, #4706 ) ;
#4702 = VECTOR ( 'NONE', #5555, 1000.000000000000000 ) ;
#4703 = LINE ( 'NONE', #5556, #4710 ) ;
#4704 = VECTOR ( 'NONE', #5557, 1000.000000000000200 ) ;
#4705 = LINE ( 'NONE', #5560, #4708 ) ;
#4706 = VECTOR ( 'NONE', #5559, 1000.000000000000000 ) ;
#4707 = LINE ( 'NONE', #5558, #4720 ) ;
#4708 = VECTOR ( 'NONE', #5562, 1000.000000000000100 ) ;
#4709 = LINE ( 'NONE', #5564, #4712 ) ;
#4710 = VECTOR ( 'NONE', #5563, 1000.000000000000000 ) ;
#4711 = LINE ( 'NONE', #5566, #4714 ) ;
#4712 = VECTOR ( 'NONE', #5565, 1000.000000000000200 ) ;
#4713 = LINE ( 'NONE', #5568, #4716 ) ;
#4714 = VECTOR ( 'NONE', #5567, 1000.000000000000000 ) ;
#4715 = LINE ( 'NONE', #5570, #4718 ) ;
#4716 = VECTOR ( 'NONE', #5569, 1000.000000000000200 ) ;
#4717 = LINE ( 'NONE', #5561, #4722 ) ;
#4718 = VECTOR ( 'NONE', #5572, 1000.000000000000200 ) ;
#4719 = LINE ( 'NONE', #5571, #4724 ) ;
#4720 = VECTOR ( 'NONE', #5573, 1000.000000000000200 ) ;
#4721 = LINE ( 'NONE', #5574, #4726 ) ;
#4722 = VECTOR ( 'NONE', #5575, 1000.000000000000000 ) ;
#4723 = LINE ( 'NONE', #5576, #4730 ) ;
#4724 = VECTOR ( 'NONE', #5577, 1000.000000000000200 ) ;
#4725 = LINE ( 'NONE', #5580, #4728 ) ;
#4726 = VECTOR ( 'NONE', #5579, 1000.000000000000000 ) ;
#4727 = LINE ( 'NONE', #5578, #4740 ) ;
#4728 = VECTOR ( 'NONE', #5582, 1000.000000000000100 ) ;
#4729 = LINE ( 'NONE', #5584, #4732 ) ;
#4730 = VECTOR ( 'NONE', #5583, 1000.000000000000000 ) ;
#4731 = LINE ( 'NONE', #5586, #4734 ) ;
#4732 = VECTOR ( 'NONE', #5585, 1000.000000000000200 ) ;
#4733 = LINE ( 'NONE', #5588, #4736 ) ;
#4734 = VECTOR ( 'NONE', #5587, 1000.000000000000000 ) ;
#4735 = LINE ( 'NONE', #5590, #4738 ) ;
#4736 = VECTOR ( 'NONE', #5589, 1000.000000000000200 ) ;
#4737 = LINE ( 'NONE', #5581, #4742 ) ;
#4738 = VECTOR ( 'NONE', #5592, 1000.000000000000000 ) ;
#4739 = LINE ( 'NONE', #5591, #4744 ) ;
#4740 = VECTOR ( 'NONE', #5593, 1000.000000000000000 ) ;
#4741 = LINE ( 'NONE', #5594, #4746 ) ;
#4742 = VECTOR ( 'NONE', #5595, 1000.000000000000000 ) ;
#4743 = LINE ( 'NONE', #5596, #4748 ) ;
#4744 = VECTOR ( 'NONE', #5597, 1000.000000000000000 ) ;
#4745 = LINE ( 'NONE', #5598, #4750 ) ;
#4746 = VECTOR ( 'NONE', #5599, 1000.000000000000000 ) ;
#4747 = LINE ( 'NONE', #5600, #4752 ) ;
#4748 = VECTOR ( 'NONE', #5601, 1000.000000000000000 ) ;
#4749 = LINE ( 'NONE', #5602, #4754 ) ;
#4750 = VECTOR ( 'NONE', #5603, 1000.000000000000000 ) ;
#4751 = LINE ( 'NONE', #5604, #4756 ) ;
#4752 = VECTOR ( 'NONE', #5605, 1000.000000000000000 ) ;
#4753 = LINE ( 'NONE', #5606, #4758 ) ;
#4754 = VECTOR ( 'NONE', #5607, 1000.000000000000000 ) ;
#4755 = LINE ( 'NONE', #5608, #4760 ) ;
#4756 = VECTOR ( 'NONE', #5609, 1000.000000000000000 ) ;
#4757 = LINE ( 'NONE', #5610, #4762 ) ;
#4758 = VECTOR ( 'NONE', #5611, 1000.000000000000000 ) ;
#4759 = LINE ( 'NONE', #5612, #4764 ) ;
#4760 = VECTOR ( 'NONE', #5613, 1000.000000000000000 ) ;
#4761 = LINE ( 'NONE', #5614, #4766 ) ;
#4762 = VECTOR ( 'NONE', #5615, 1000.000000000000000 ) ;
#4763 = LINE ( 'NONE', #5616, #4768 ) ;
#4764 = VECTOR ( 'NONE', #5617, 1000.000000000000000 ) ;
#4765 = LINE ( 'NONE', #5618, #4770 ) ;
#4766 = VECTOR ( 'NONE', #5619, 1000.000000000000000 ) ;
#4767 = LINE ( 'NONE', #5620, #4772 ) ;
#4768 = VECTOR ( 'NONE', #5621, 1000.000000000000000 ) ;
#4769 = LINE ( 'NONE', #5622, #4778 ) ;
#4770 = VECTOR ( 'NONE', #5623, 1000.000000000000200 ) ;
#4771 = LINE ( 'NONE', #5626, #4774 ) ;
#4772 = VECTOR ( 'NONE', #5625, 1000.000000000000000 ) ;
#4773 = LINE ( 'NONE', #5628, #4776 ) ;
#4774 = VECTOR ( 'NONE', #5627, 1000.000000000000000 ) ;
#4775 = LINE ( 'NONE', #5624, #4784 ) ;
#4776 = VECTOR ( 'NONE', #5630, 1000.000000000000000 ) ;
#4777 = LINE ( 'NONE', #5632, #4780 ) ;
#4778 = VECTOR ( 'NONE', #5631, 1000.000000000000000 ) ;
#4779 = LINE ( 'NONE', #5634, #4782 ) ;
#4780 = VECTOR ( 'NONE', #5633, 1000.000000000000000 ) ;
#4781 = LINE ( 'NONE', #5629, #4794 ) ;
#4782 = VECTOR ( 'NONE', #5636, 1000.000000000000000 ) ;
#4783 = LINE ( 'NONE', #5638, #4786 ) ;
#4784 = VECTOR ( 'NONE', #5637, 1000.000000000000000 ) ;
#4785 = LINE ( 'NONE', #5640, #4788 ) ;
#4786 = VECTOR ( 'NONE', #5639, 1000.000000000000000 ) ;
#4787 = LINE ( 'NONE', #5642, #4790 ) ;
#4788 = VECTOR ( 'NONE', #5641, 1000.000000000000000 ) ;
#4789 = LINE ( 'NONE', #5644, #4792 ) ;
#4790 = VECTOR ( 'NONE', #5643, 1000.000000000000000 ) ;
#4791 = LINE ( 'NONE', #5635, #4806 ) ;
#4792 = VECTOR ( 'NONE', #5646, 1000.000000000000000 ) ;
#4793 = LINE ( 'NONE', #5648, #4796 ) ;
#4794 = VECTOR ( 'NONE', #5647, 1000.000000000000000 ) ;
#4795 = LINE ( 'NONE', #5650, #4798 ) ;
#4796 = VECTOR ( 'NONE', #5649, 1000.000000000000000 ) ;
#4797 = LINE ( 'NONE', #5652, #4800 ) ;
#4798 = VECTOR ( 'NONE', #5651, 1000.000000000000000 ) ;
#4799 = LINE ( 'NONE', #5654, #4802 ) ;
#4800 = VECTOR ( 'NONE', #5653, 1000.000000000000000 ) ;
#4801 = LINE ( 'NONE', #5656, #4804 ) ;
#4802 = VECTOR ( 'NONE', #5655, 1000.000000000000000 ) ;
#4803 = LINE ( 'NONE', #5645, #4810 ) ;
#4804 = VECTOR ( 'NONE', #5658, 1000.000000000000000 ) ;
#4805 = LINE ( 'NONE', #5660, #4808 ) ;
#4806 = VECTOR ( 'NONE', #5659, 1000.000000000000000 ) ;
#4807 = LINE ( 'NONE', #5657, #4820 ) ;
#4808 = VECTOR ( 'NONE', #5662, 1000.000000000000000 ) ;
#4809 = LINE ( 'NONE', #5664, #4812 ) ;
#4810 = VECTOR ( 'NONE', #5663, 1000.000000000000000 ) ;
#4811 = LINE ( 'NONE', #5666, #4814 ) ;
#4812 = VECTOR ( 'NONE', #5665, 1000.000000000000000 ) ;
#4813 = LINE ( 'NONE', #5668, #4816 ) ;
#4814 = VECTOR ( 'NONE', #5667, 1000.000000000000000 ) ;
#4815 = LINE ( 'NONE', #5670, #4818 ) ;
#4816 = VECTOR ( 'NONE', #5669, 1000.000000000000000 ) ;
#4817 = LINE ( 'NONE', #5661, #4822 ) ;
#4818 = VECTOR ( 'NONE', #5672, 1000.000000000000200 ) ;
#4819 = LINE ( 'NONE', #5671, #4824 ) ;
#4820 = VECTOR ( 'NONE', #5673, 1000.000000000000000 ) ;
#4821 = LINE ( 'NONE', #5674, #4828 ) ;
#4822 = VECTOR ( 'NONE', #5675, 1000.000000000000200 ) ;
#4823 = LINE ( 'NONE', #5678, #4826 ) ;
#4824 = VECTOR ( 'NONE', #5677, 1000.000000000000000 ) ;
#4825 = LINE ( 'NONE', #5676, #4830 ) ;
#4826 = VECTOR ( 'NONE', #5680, 1000.000000000000200 ) ;
#4827 = LINE ( 'NONE', #5679, #4832 ) ;
#4828 = VECTOR ( 'NONE', #5681, 1000.000000000000000 ) ;
#4829 = LINE ( 'NONE', #5682, #4836 ) ;
#4830 = VECTOR ( 'NONE', #5683, 1000.000000000000200 ) ;
#4831 = LINE ( 'NONE', #5686, #4834 ) ;
#4832 = VECTOR ( 'NONE', #5685, 1000.000000000000000 ) ;
#4833 = LINE ( 'NONE', #5684, #4838 ) ;
#4834 = VECTOR ( 'NONE', #5688, 1000.000000000000200 ) ;
#4835 = LINE ( 'NONE', #5687, #4840 ) ;
#4836 = VECTOR ( 'NONE', #5689, 1000.000000000000000 ) ;
#4837 = LINE ( 'NONE', #5690, #4844 ) ;
#4838 = VECTOR ( 'NONE', #5691, 1000.000000000000200 ) ;
#4839 = LINE ( 'NONE', #5694, #4842 ) ;
#4840 = VECTOR ( 'NONE', #5693, 1000.000000000000000 ) ;
#4841 = LINE ( 'NONE', #5692, #4846 ) ;
#4842 = VECTOR ( 'NONE', #5696, 1000.000000000000200 ) ;
#4843 = FACE_OUTER_BOUND ( 'NONE', #10676, .T. ) ;
#4844 = VECTOR ( 'NONE', #5697, 1000.000000000000000 ) ;
#4845 = FACE_BOUND ( 'NONE', #10680, .T. ) ;
#4846 = VECTOR ( 'NONE', #5698, 1000.000000000000200 ) ;
#4847 = FACE_BOUND ( 'NONE', #10684, .T. ) ;
#4848 = FACE_BOUND ( 'NONE', #10670, .T. ) ;
#4849 = FACE_OUTER_BOUND ( 'NONE', #10683, .T. ) ;
#4850 = FACE_OUTER_BOUND ( 'NONE', #10671, .T. ) ;
#4851 = FACE_BOUND ( 'NONE', #10691, .T. ) ;
#4852 = FACE_BOUND ( 'NONE', #10674, .T. ) ;
#4853 = FACE_OUTER_BOUND ( 'NONE', #10677, .T. ) ;
#4854 = FACE_BOUND ( 'NONE', #10673, .T. ) ;
#4855 = FACE_OUTER_BOUND ( 'NONE', #10672, .T. ) ;
#4856 = FACE_OUTER_BOUND ( 'NONE', #10664, .T. ) ;
#4857 = FACE_OUTER_BOUND ( 'NONE', #10665, .T. ) ;
#4858 = FACE_BOUND ( 'NONE', #10682, .T. ) ;
#4859 = FACE_OUTER_BOUND ( 'NONE', #10685, .T. ) ;
#4860 = FACE_OUTER_BOUND ( 'NONE', #10692, .T. ) ;
#4861 = FACE_OUTER_BOUND ( 'NONE', #10675, .T. ) ;
#4862 = FACE_OUTER_BOUND ( 'NONE', #10689, .T. ) ;
#4863 = FACE_OUTER_BOUND ( 'NONE', #10687, .T. ) ;
#4864 = FACE_OUTER_BOUND ( 'NONE', #10615, .T. ) ;
#4865 = FACE_OUTER_BOUND ( 'NONE', #10679, .T. ) ;
#4866 = FACE_OUTER_BOUND ( 'NONE', #10686, .T. ) ;
#4867 = FACE_OUTER_BOUND ( 'NONE', #10639, .T. ) ;
#4868 = FACE_OUTER_BOUND ( 'NONE', #10638, .T. ) ;
#4869 = FACE_OUTER_BOUND ( 'NONE', #10633, .T. ) ;
#4870 = FACE_OUTER_BOUND ( 'NONE', #10637, .T. ) ;
#4871 = FACE_OUTER_BOUND ( 'NONE', #10640, .T. ) ;
#4872 = FACE_OUTER_BOUND ( 'NONE', #10642, .T. ) ;
#4873 = FACE_OUTER_BOUND ( 'NONE', #10641, .T. ) ;
#4874 = FACE_OUTER_BOUND ( 'NONE', #10643, .T. ) ;
#4875 = FACE_OUTER_BOUND ( 'NONE', #10647, .T. ) ;
#4876 = FACE_OUTER_BOUND ( 'NONE', #10651, .T. ) ;
#4877 = FACE_OUTER_BOUND ( 'NONE', #10648, .T. ) ;
#4878 = FACE_OUTER_BOUND ( 'NONE', #10618, .T. ) ;
#4879 = FACE_OUTER_BOUND ( 'NONE', #10617, .T. ) ;
#4880 = FACE_OUTER_BOUND ( 'NONE', #10621, .T. ) ;
#4881 = FACE_OUTER_BOUND ( 'NONE', #10602, .T. ) ;
#4882 = CYLINDRICAL_SURFACE ( 'NONE', #5411, 1.500000000000000000 ) ;
#4883 = FACE_OUTER_BOUND ( 'NONE', #10613, .T. ) ;
#4884 = CYLINDRICAL_SURFACE ( 'NONE', #5412, 1.499999999999999800 ) ;
#4885 = FACE_OUTER_BOUND ( 'NONE', #10622, .T. ) ;
#4886 = CYLINDRICAL_SURFACE ( 'NONE', #5413, 1.500000000000000000 ) ;
#4887 = FACE_OUTER_BOUND ( 'NONE', #10623, .T. ) ;
#4888 = CYLINDRICAL_SURFACE ( 'NONE', #5414, 1.500000000000000000 ) ;
#4889 = FACE_OUTER_BOUND ( 'NONE', #10614, .T. ) ;
#4890 = CYLINDRICAL_SURFACE ( 'NONE', #5415, 0.09999999999999993600 ) ;
#4891 = FACE_OUTER_BOUND ( 'NONE', #10627, .T. ) ;
#4892 = CYLINDRICAL_SURFACE ( 'NONE', #5416, 1.300000000000000300 ) ;
#4893 = FACE_OUTER_BOUND ( 'NONE', #10620, .T. ) ;
#4894 = FACE_OUTER_BOUND ( 'NONE', #10625, .T. ) ;
#4895 = FACE_OUTER_BOUND ( 'NONE', #10628, .T. ) ;
#4896 = FACE_OUTER_BOUND ( 'NONE', #10624, .T. ) ;
#4897 = FACE_OUTER_BOUND ( 'NONE', #10631, .T. ) ;
#4898 = CYLINDRICAL_SURFACE ( 'NONE', #5421, 1.500000000000000000 ) ;
#4899 = FACE_OUTER_BOUND ( 'NONE', #10626, .T. ) ;
#4900 = FACE_OUTER_BOUND ( 'NONE', #10630, .T. ) ;
#4901 = CYLINDRICAL_SURFACE ( 'NONE', #5423, 1.300000000000000000 ) ;
#4902 = DIRECTION ( 'NONE',  ( 1.000000000000000000, 0.0000000000000000000, 0.0000000000000000000 ) ) ;
#4903 = CARTESIAN_POINT ( 'NONE',  ( 6.750000000000000000, -6.470000000000000600, 11.05010817300000200 ) ) ;
#4904 = DIRECTION ( 'NONE',  ( -0.0000000000000000000, 0.0000000000000000000, 1.000000000000000000 ) ) ;
#4905 = CARTESIAN_POINT ( 'NONE',  ( 6.750000000000000000, -6.470000000000000600, 11.05010817300000200 ) ) ;
#4906 = DIRECTION ( 'NONE',  ( -0.0000000000000000000, 0.0000000000000000000, 1.000000000000000000 ) ) ;
#4907 = CARTESIAN_POINT ( 'NONE',  ( 6.250000000000000000, -6.669999999999999900, 17.30000000000000100 ) ) ;
#4908 = DIRECTION ( 'NONE',  ( 0.0000000000000000000, -1.000000000000000000, -0.0000000000000000000 ) ) ;
#4909 = CARTESIAN_POINT ( 'NONE',  ( 6.249999999999999100, -6.470000000000000600, 11.05010817300000200 ) ) ;
#4910 = DIRECTION ( 'NONE',  ( 0.0000000000000000000, -0.0000000000000000000, -1.000000000000000000 ) ) ;
#4911 = CARTESIAN_POINT ( 'NONE',  ( -6.250000000000000000, -6.669999999999999900, 17.30000000000000100 ) ) ;
#4912 = DIRECTION ( 'NONE',  ( 0.0000000000000000000, -1.000000000000000000, -0.0000000000000000000 ) ) ;
#4913 = CARTESIAN_POINT ( 'NONE',  ( -4.900000000000000400, -6.470000000000000600, 17.30000000000000100 ) ) ;
#4914 = DIRECTION ( 'NONE',  ( -1.000000000000000000, -0.0000000000000000000, -0.0000000000000000000 ) ) ;
#4915 = CARTESIAN_POINT ( 'NONE',  ( -6.250000000000000000, -6.470000000000000600, 11.05010817300000200 ) ) ;
#4916 = DIRECTION ( 'NONE',  ( -0.0000000000000000000, 0.0000000000000000000, 1.000000000000000000 ) ) ;
#4917 = CARTESIAN_POINT ( 'NONE',  ( -6.750000000000000000, -6.470000000000000600, 11.05010817300000200 ) ) ;
#4918 = DIRECTION ( 'NONE',  ( 0.0000000000000000000, -0.0000000000000000000, -1.000000000000000000 ) ) ;
#4919 = CARTESIAN_POINT ( 'NONE',  ( -6.750000000000000000, -5.450000000000000200, 5.128708030999999500 ) ) ;
#4920 = DIRECTION ( 'NONE',  ( -0.0000000000000000000, 1.000000000000000000, 0.0000000000000000000 ) ) ;
#4921 = CARTESIAN_POINT ( 'NONE',  ( -6.750000000000000000, -6.470000000000000600, 11.05010817300000200 ) ) ;
#4922 = DIRECTION ( 'NONE',  ( 0.0000000000000000000, -0.0000000000000000000, -1.000000000000000000 ) ) ;
#4923 = CARTESIAN_POINT ( 'NONE',  ( -4.900000000000000400, -6.470000000000000600, 5.128708030999999500 ) ) ;
#4924 = DIRECTION ( 'NONE',  ( 1.000000000000000000, 0.0000000000000000000, 0.0000000000000000000 ) ) ;
#4925 = CARTESIAN_POINT ( 'NONE',  ( 5.584726862999999300, -6.850000000000000500, 4.434385983000000300 ) ) ;
#4926 = DIRECTION ( 'NONE',  ( -0.0000000000000000000, -1.000000000000000000, -0.0000000000000000000 ) ) ;
#4927 = CARTESIAN_POINT ( 'NONE',  ( 5.584726863000000200, -6.470000000000000600, 11.05010817300000200 ) ) ;
#4928 = CARTESIAN_POINT ( 'NONE',  ( -2.000000000000000000, -6.470000000000000600, 16.50000000000000000 ) ) ;
#4929 = DIRECTION ( 'NONE',  ( -0.0000000000000000000, 0.0000000000000000000, 1.000000000000000000 ) ) ;
#4930 = DIRECTION ( 'NONE',  ( -0.0000000000000000000, 1.000000000000000000, 0.0000000000000000000 ) ) ;
#4931 = CARTESIAN_POINT ( 'NONE',  ( 2.000000000000000000, -6.470000000000000600, 16.50000000000000000 ) ) ;
#4932 = DIRECTION ( 'NONE',  ( -0.0000000000000000000, -1.000000000000000000, 0.0000000000000000000 ) ) ;
#4933 = CARTESIAN_POINT ( 'NONE',  ( -4.900000000000000400, -6.470000000000000600, 4.434385983000000300 ) ) ;
#4934 = DIRECTION ( 'NONE',  ( 1.000000000000000000, 0.0000000000000000000, 0.0000000000000000000 ) ) ;
#4935 = CARTESIAN_POINT ( 'NONE',  ( 5.997721494000001200, -6.850000000000000500, 0.5883734840000000000 ) ) ;
#4936 = DIRECTION ( 'NONE',  ( 0.0000000000000000000, -1.000000000000000000, -0.0000000000000000000 ) ) ;
#4937 = CARTESIAN_POINT ( 'NONE',  ( 5.997721494000002100, -6.470000000000000600, 11.05010817300000200 ) ) ;
#4938 = DIRECTION ( 'NONE',  ( 0.0000000000000000000, -0.0000000000000000000, -1.000000000000000000 ) ) ;
#4939 = CARTESIAN_POINT ( 'NONE',  ( -4.900000000000000400, -6.470000000000000600, 0.5883734839999994500 ) ) ;
#4940 = DIRECTION ( 'NONE',  ( -1.000000000000000000, -0.0000000000000000000, -0.0000000000000000000 ) ) ;
#4941 = CARTESIAN_POINT ( 'NONE',  ( -4.900000000000000400, -6.470000000000000600, 16.50000000000000000 ) ) ;
#4942 = CARTESIAN_POINT ( 'NONE',  ( 3.349999999999999600, -10.27000000000000000, 4.975000000000000500 ) ) ;
#4943 = DIRECTION ( 'NONE',  ( 1.000000000000000000, 0.0000000000000000000, 0.0000000000000000000 ) ) ;
#4944 = DIRECTION ( 'NONE',  ( 0.0000000000000000000, 1.000000000000000000, -0.0000000000000000000 ) ) ;
#4945 = CARTESIAN_POINT ( 'NONE',  ( 0.8099999999999999400, -10.27000000000000000, 4.975000000000000500 ) ) ;
#4946 = DIRECTION ( 'NONE',  ( 0.0000000000000000000, -1.000000000000000000, -0.0000000000000000000 ) ) ;
#4947 = CARTESIAN_POINT ( 'NONE',  ( 2.000000000000000000, -6.470000000000000600, 11.05010817300000200 ) ) ;
#4948 = DIRECTION ( 'NONE',  ( 0.0000000000000000000, -0.0000000000000000000, -1.000000000000000000 ) ) ;
#4949 = CARTESIAN_POINT ( 'NONE',  ( 2.000000000000000000, -6.470000000000000600, 16.00000000000000000 ) ) ;
#4950 = DIRECTION ( 'NONE',  ( -0.0000000000000000000, -1.000000000000000000, -0.0000000000000000000 ) ) ;
#4951 = CARTESIAN_POINT ( 'NONE',  ( -4.900000000000000400, -6.470000000000000600, 16.00000000000000000 ) ) ;
#4952 = DIRECTION ( 'NONE',  ( -1.000000000000000000, -0.0000000000000000000, -0.0000000000000000000 ) ) ;
#4953 = CARTESIAN_POINT ( 'NONE',  ( -2.000000000000000000, -6.470000000000000600, 16.00000000000000000 ) ) ;
#4954 = DIRECTION ( 'NONE',  ( -0.0000000000000000000, -1.000000000000000000, 0.0000000000000000000 ) ) ;
#4955 = CARTESIAN_POINT ( 'NONE',  ( -2.000000000000000000, -6.470000000000000600, 11.05010817300000200 ) ) ;
#4956 = DIRECTION ( 'NONE',  ( -0.0000000000000000000, 0.0000000000000000000, 1.000000000000000000 ) ) ;
#4957 = CARTESIAN_POINT ( 'NONE',  ( 3.349999999999999600, -10.27000000000000000, 4.624999999999999100 ) ) ;
#4958 = DIRECTION ( 'NONE',  ( 0.0000000000000000000, -1.000000000000000000, -0.0000000000000000000 ) ) ;
#4959 = CARTESIAN_POINT ( 'NONE',  ( 3.349999999999999600, -6.470000000000000600, 11.05010817300000200 ) ) ;
#4960 = CARTESIAN_POINT ( 'NONE',  ( -1.729999999999999800, -10.27000000000000000, 4.975000000000000500 ) ) ;
#4961 = DIRECTION ( 'NONE',  ( 0.0000000000000000000, -0.0000000000000000000, -1.000000000000000000 ) ) ;
#4962 = DIRECTION ( 'NONE',  ( 0.0000000000000000000, 1.000000000000000000, 0.0000000000000000000 ) ) ;
#4963 = CARTESIAN_POINT ( 'NONE',  ( 3.009999999999999800, -7.354459945999998600, 4.624999999999999100 ) ) ;
#4964 = DIRECTION ( 'NONE',  ( 0.0000000000000000000, -1.000000000000000000, -0.0000000000000000000 ) ) ;
#4965 = CARTESIAN_POINT ( 'NONE',  ( -4.900000000000000400, -6.470000000000000600, 4.624999999999999100 ) ) ;
#4966 = DIRECTION ( 'NONE',  ( -1.000000000000000000, -0.0000000000000000000, -0.0000000000000000000 ) ) ;
#4967 = CARTESIAN_POINT ( 'NONE',  ( 3.009999999999999800, -10.27000000000000000, 4.975000000000000500 ) ) ;
#4968 = DIRECTION ( 'NONE',  ( -0.0000000000000000000, -1.000000000000000000, -0.0000000000000000000 ) ) ;
#4969 = CARTESIAN_POINT ( 'NONE',  ( 3.009999999999999800, -6.470000000000000600, 11.05010817300000200 ) ) ;
#4970 = DIRECTION ( 'NONE',  ( -0.0000000000000000000, 0.0000000000000000000, 1.000000000000000000 ) ) ;
#4971 = CARTESIAN_POINT ( 'NONE',  ( -4.900000000000000400, -6.470000000000000600, 4.975000000000000500 ) ) ;
#4972 = DIRECTION ( 'NONE',  ( 1.000000000000000000, 0.0000000000000000000, 0.0000000000000000000 ) ) ;
#4973 = CARTESIAN_POINT ( 'NONE',  ( 0.8099999999999999400, -10.27000000000000000, 4.624999999999999100 ) ) ;
#4974 = DIRECTION ( 'NONE',  ( 0.0000000000000000000, -1.000000000000000000, -0.0000000000000000000 ) ) ;
#4975 = CARTESIAN_POINT ( 'NONE',  ( 0.8099999999999999400, -6.470000000000000600, 11.05010817300000200 ) ) ;
#4976 = CARTESIAN_POINT ( 'NONE',  ( -4.270000000000000500, -7.354459945999998600, 4.624999999999999100 ) ) ;
#4977 = DIRECTION ( 'NONE',  ( 0.0000000000000000000, -0.0000000000000000000, -1.000000000000000000 ) ) ;
#4978 = DIRECTION ( 'NONE',  ( 0.0000000000000000000, 1.000000000000000000, 0.0000000000000000000 ) ) ;
#4979 = CARTESIAN_POINT ( 'NONE',  ( 0.4700000000000000300, -7.354459945999998600, 4.624999999999999100 ) ) ;
#4980 = DIRECTION ( 'NONE',  ( 0.0000000000000000000, -1.000000000000000000, -0.0000000000000000000 ) ) ;
#4981 = CARTESIAN_POINT ( 'NONE',  ( -4.900000000000000400, -6.470000000000000600, 4.624999999999999100 ) ) ;
#4982 = DIRECTION ( 'NONE',  ( -1.000000000000000000, -0.0000000000000000000, -0.0000000000000000000 ) ) ;
#4983 = CARTESIAN_POINT ( 'NONE',  ( 0.4699999999999999200, -10.27000000000000000, 4.975000000000000500 ) ) ;
#4984 = DIRECTION ( 'NONE',  ( -0.0000000000000000000, -1.000000000000000000, -0.0000000000000000000 ) ) ;
#4985 = CARTESIAN_POINT ( 'NONE',  ( 0.4699999999999999200, -6.470000000000000600, 11.05010817300000200 ) ) ;
#4986 = DIRECTION ( 'NONE',  ( -0.0000000000000000000, 0.0000000000000000000, 1.000000000000000000 ) ) ;
#4987 = CARTESIAN_POINT ( 'NONE',  ( -4.900000000000000400, -6.470000000000000600, 4.975000000000000500 ) ) ;
#4988 = DIRECTION ( 'NONE',  ( 1.000000000000000000, 0.0000000000000000000, 0.0000000000000000000 ) ) ;
#4989 = CARTESIAN_POINT ( 'NONE',  ( -1.729999999999999800, -10.27000000000000000, 4.624999999999999100 ) ) ;
#4990 = DIRECTION ( 'NONE',  ( 0.0000000000000000000, -1.000000000000000000, -0.0000000000000000000 ) ) ;
#4991 = CARTESIAN_POINT ( 'NONE',  ( -1.730000000000000200, -6.470000000000000600, 11.05010817300000200 ) ) ;
#4992 = CARTESIAN_POINT ( 'NONE',  ( -3.000000000000000000, -6.470000000000000600, 2.085000000000000000 ) ) ;
#4993 = DIRECTION ( 'NONE',  ( 0.0000000000000000000, -0.0000000000000000000, -1.000000000000000000 ) ) ;
#4994 = DIRECTION ( 'NONE',  ( 0.0000000000000000000, 1.000000000000000000, 0.0000000000000000000 ) ) ;
#4995 = CARTESIAN_POINT ( 'NONE',  ( -2.069999999999999800, -7.354459945999998600, 4.624999999999999100 ) ) ;
#4996 = DIRECTION ( 'NONE',  ( 0.0000000000000000000, -1.000000000000000000, -0.0000000000000000000 ) ) ;
#4997 = CARTESIAN_POINT ( 'NONE',  ( -4.900000000000000400, -6.470000000000000600, 4.624999999999999100 ) ) ;
#4998 = DIRECTION ( 'NONE',  ( -1.000000000000000000, -0.0000000000000000000, -0.0000000000000000000 ) ) ;
#4999 = CARTESIAN_POINT ( 'NONE',  ( -2.069999999999999800, -10.27000000000000000, 4.975000000000000500 ) ) ;
#5000 = DIRECTION ( 'NONE',  ( -0.0000000000000000000, -1.000000000000000000, -0.0000000000000000000 ) ) ;
#5001 = CARTESIAN_POINT ( 'NONE',  ( -2.069999999999999800, -6.470000000000000600, 11.05010817300000200 ) ) ;
#5002 = DIRECTION ( 'NONE',  ( -0.0000000000000000000, 0.0000000000000000000, 1.000000000000000000 ) ) ;
#5003 = CARTESIAN_POINT ( 'NONE',  ( -4.900000000000000400, -6.470000000000000600, 4.975000000000000500 ) ) ;
#5004 = DIRECTION ( 'NONE',  ( 1.000000000000000000, 0.0000000000000000000, 0.0000000000000000000 ) ) ;
#5005 = CARTESIAN_POINT ( 'NONE',  ( -4.609999999999999400, -7.354459945999998600, 4.624999999999999100 ) ) ;
#5006 = DIRECTION ( 'NONE',  ( 0.0000000000000000000, -1.000000000000000000, -0.0000000000000000000 ) ) ;
#5007 = CARTESIAN_POINT ( 'NONE',  ( -4.900000000000000400, -6.470000000000000600, 4.624999999999999100 ) ) ;
#5008 = CARTESIAN_POINT ( 'NONE',  ( -0.4600000000000000200, -6.470000000000000600, 2.085000000000000000 ) ) ;
#5009 = DIRECTION ( 'NONE',  ( -1.000000000000000000, -0.0000000000000000000, -0.0000000000000000000 ) ) ;
#5010 = DIRECTION ( 'NONE',  ( 0.0000000000000000000, 1.000000000000000000, -0.0000000000000000000 ) ) ;
#5011 = CARTESIAN_POINT ( 'NONE',  ( -4.609999999999999400, -10.27000000000000000, 4.975000000000000500 ) ) ;
#5012 = DIRECTION ( 'NONE',  ( -0.0000000000000000000, -1.000000000000000000, -0.0000000000000000000 ) ) ;
#5013 = CARTESIAN_POINT ( 'NONE',  ( -4.609999999999999400, -6.470000000000000600, 11.05010817300000200 ) ) ;
#5014 = DIRECTION ( 'NONE',  ( -0.0000000000000000000, 0.0000000000000000000, 1.000000000000000000 ) ) ;
#5015 = CARTESIAN_POINT ( 'NONE',  ( -4.270000000000000500, -7.354459945999998600, 4.975000000000000500 ) ) ;
#5016 = DIRECTION ( 'NONE',  ( -0.0000000000000000000, -1.000000000000000000, 0.0000000000000000000 ) ) ;
#5017 = CARTESIAN_POINT ( 'NONE',  ( -4.900000000000000400, -6.470000000000000600, 4.975000000000000500 ) ) ;
#5018 = DIRECTION ( 'NONE',  ( 1.000000000000000000, 0.0000000000000000000, 0.0000000000000000000 ) ) ;
#5019 = CARTESIAN_POINT ( 'NONE',  ( -4.270000000000000500, -6.470000000000000600, 11.05010817300000200 ) ) ;
#5020 = DIRECTION ( 'NONE',  ( 0.0000000000000000000, -0.0000000000000000000, -1.000000000000000000 ) ) ;
#5021 = CARTESIAN_POINT ( 'NONE',  ( -3.340000000000000300, -7.354459945999998600, 2.085000000000000000 ) ) ;
#5022 = DIRECTION ( 'NONE',  ( 0.0000000000000000000, -1.000000000000000000, -0.0000000000000000000 ) ) ;
#5023 = CARTESIAN_POINT ( 'NONE',  ( -4.900000000000000400, -6.470000000000000600, 2.085000000000000000 ) ) ;
#5024 = CARTESIAN_POINT ( 'NONE',  ( 2.080000000000000100, -6.470000000000000600, 2.085000000000000000 ) ) ;
#5025 = DIRECTION ( 'NONE',  ( -1.000000000000000000, -0.0000000000000000000, -0.0000000000000000000 ) ) ;
#5026 = DIRECTION ( 'NONE',  ( 0.0000000000000000000, 1.000000000000000000, -0.0000000000000000000 ) ) ;
#5027 = CARTESIAN_POINT ( 'NONE',  ( -3.340000000000000300, -10.27000000000000000, 2.434999999999999600 ) ) ;
#5028 = DIRECTION ( 'NONE',  ( -0.0000000000000000000, -1.000000000000000000, -0.0000000000000000000 ) ) ;
#5029 = CARTESIAN_POINT ( 'NONE',  ( -3.340000000000000300, -6.470000000000000600, 11.05010817300000200 ) ) ;
#5030 = DIRECTION ( 'NONE',  ( -0.0000000000000000000, 0.0000000000000000000, 1.000000000000000000 ) ) ;
#5031 = CARTESIAN_POINT ( 'NONE',  ( -3.000000000000000000, -6.470000000000000600, 2.434999999999999600 ) ) ;
#5032 = DIRECTION ( 'NONE',  ( -0.0000000000000000000, -1.000000000000000000, 0.0000000000000000000 ) ) ;
#5033 = CARTESIAN_POINT ( 'NONE',  ( -4.900000000000000400, -6.470000000000000600, 2.434999999999999600 ) ) ;
#5034 = DIRECTION ( 'NONE',  ( 1.000000000000000000, 0.0000000000000000000, 0.0000000000000000000 ) ) ;
#5035 = CARTESIAN_POINT ( 'NONE',  ( -3.000000000000000000, -6.470000000000000600, 11.05010817300000200 ) ) ;
#5036 = DIRECTION ( 'NONE',  ( 0.0000000000000000000, -0.0000000000000000000, -1.000000000000000000 ) ) ;
#5037 = CARTESIAN_POINT ( 'NONE',  ( -0.8000000000000000400, -7.354459945999998600, 2.085000000000000000 ) ) ;
#5038 = DIRECTION ( 'NONE',  ( 0.0000000000000000000, -1.000000000000000000, -0.0000000000000000000 ) ) ;
#5039 = CARTESIAN_POINT ( 'NONE',  ( -4.900000000000000400, -6.470000000000000600, 2.085000000000000000 ) ) ;
#5040 = CARTESIAN_POINT ( 'NONE',  ( -5.584726862999999300, -6.850000000000000500, 0.5883734839999998900 ) ) ;
#5041 = DIRECTION ( 'NONE',  ( -1.000000000000000000, -0.0000000000000000000, -0.0000000000000000000 ) ) ;
#5042 = DIRECTION ( 'NONE',  ( 0.0000000000000000000, 1.000000000000000000, -0.0000000000000000000 ) ) ;
#5043 = CARTESIAN_POINT ( 'NONE',  ( -0.8000000000000003800, -10.27000000000000000, 2.434999999999999600 ) ) ;
#5044 = DIRECTION ( 'NONE',  ( -0.0000000000000000000, -1.000000000000000000, -0.0000000000000000000 ) ) ;
#5045 = CARTESIAN_POINT ( 'NONE',  ( -0.8000000000000003800, -6.470000000000000600, 11.05010817300000200 ) ) ;
#5046 = DIRECTION ( 'NONE',  ( -0.0000000000000000000, 0.0000000000000000000, 1.000000000000000000 ) ) ;
#5047 = CARTESIAN_POINT ( 'NONE',  ( -0.4600000000000000200, -6.470000000000000600, 2.434999999999999600 ) ) ;
#5048 = DIRECTION ( 'NONE',  ( -0.0000000000000000000, -1.000000000000000000, 0.0000000000000000000 ) ) ;
#5049 = CARTESIAN_POINT ( 'NONE',  ( -4.900000000000000400, -6.470000000000000600, 2.434999999999999600 ) ) ;
#5050 = DIRECTION ( 'NONE',  ( 1.000000000000000000, 0.0000000000000000000, 0.0000000000000000000 ) ) ;
#5051 = CARTESIAN_POINT ( 'NONE',  ( -0.4600000000000003500, -6.470000000000000600, 11.05010817300000200 ) ) ;
#5052 = DIRECTION ( 'NONE',  ( 0.0000000000000000000, -0.0000000000000000000, -1.000000000000000000 ) ) ;
#5053 = CARTESIAN_POINT ( 'NONE',  ( 1.740000000000000200, -7.354459945999998600, 2.085000000000000000 ) ) ;
#5054 = DIRECTION ( 'NONE',  ( 0.0000000000000000000, -1.000000000000000000, -0.0000000000000000000 ) ) ;
#5055 = CARTESIAN_POINT ( 'NONE',  ( -4.900000000000000400, -6.470000000000000600, 2.085000000000000000 ) ) ;
#5056 = DIRECTION ( 'NONE',  ( -0.0000000000000000000, 1.000000000000000000, 0.0000000000000000000 ) ) ;
#5057 = DIRECTION ( 'NONE',  ( -1.000000000000000000, -0.0000000000000000000, -0.0000000000000000000 ) ) ;
#5058 = DIRECTION ( 'NONE',  ( 0.0000000000000000000, 1.000000000000000000, -0.0000000000000000000 ) ) ;
#5059 = CARTESIAN_POINT ( 'NONE',  ( 1.740000000000000200, -10.27000000000000000, 2.434999999999999600 ) ) ;
#5060 = DIRECTION ( 'NONE',  ( -0.0000000000000000000, -1.000000000000000000, -0.0000000000000000000 ) ) ;
#5061 = CARTESIAN_POINT ( 'NONE',  ( 1.740000000000000200, -6.470000000000000600, 11.05010817300000200 ) ) ;
#5062 = DIRECTION ( 'NONE',  ( -0.0000000000000000000, 0.0000000000000000000, 1.000000000000000000 ) ) ;
#5063 = CARTESIAN_POINT ( 'NONE',  ( 2.080000000000000100, -6.470000000000000600, 2.434999999999999600 ) ) ;
#5064 = DIRECTION ( 'NONE',  ( -0.0000000000000000000, -1.000000000000000000, 0.0000000000000000000 ) ) ;
#5065 = CARTESIAN_POINT ( 'NONE',  ( -4.900000000000000400, -6.470000000000000600, 2.434999999999999600 ) ) ;
#5066 = DIRECTION ( 'NONE',  ( 1.000000000000000000, 0.0000000000000000000, 0.0000000000000000000 ) ) ;
#5067 = CARTESIAN_POINT ( 'NONE',  ( 2.080000000000000100, -6.470000000000000600, 11.05010817300000200 ) ) ;
#5068 = DIRECTION ( 'NONE',  ( 0.0000000000000000000, -0.0000000000000000000, -1.000000000000000000 ) ) ;
#5069 = CARTESIAN_POINT ( 'NONE',  ( -5.997721494000001200, -6.850000000000000500, 0.5883734839999998900 ) ) ;
#5070 = DIRECTION ( 'NONE',  ( 0.0000000000000000000, -1.000000000000000000, -0.0000000000000000000 ) ) ;
#5071 = CARTESIAN_POINT ( 'NONE',  ( -4.900000000000000400, -6.470000000000000600, 0.5883734839999994500 ) ) ;
#5072 = DIRECTION ( 'NONE',  ( -1.000000000000000000, -0.0000000000000000000, -0.0000000000000000000 ) ) ;
#5073 = DIRECTION ( 'NONE',  ( 0.0000000000000000000, 1.000000000000000000, -0.0000000000000000000 ) ) ;
#5074 = CARTESIAN_POINT ( 'NONE',  ( -5.997721494000001200, -6.850000000000000500, 4.434385983000000300 ) ) ;
#5075 = DIRECTION ( 'NONE',  ( -0.0000000000000000000, -1.000000000000000000, -0.0000000000000000000 ) ) ;
#5076 = CARTESIAN_POINT ( 'NONE',  ( -5.997721494000001200, -6.470000000000000600, 11.05010817300000200 ) ) ;
#5077 = DIRECTION ( 'NONE',  ( -0.0000000000000000000, 0.0000000000000000000, 1.000000000000000000 ) ) ;
#5078 = CARTESIAN_POINT ( 'NONE',  ( -5.584726862999999300, -6.850000000000000500, 4.434385983000000300 ) ) ;
#5079 = DIRECTION ( 'NONE',  ( -0.0000000000000000000, -1.000000000000000000, 0.0000000000000000000 ) ) ;
#5080 = CARTESIAN_POINT ( 'NONE',  ( -4.900000000000000400, -6.470000000000000600, 4.434385983000000300 ) ) ;
#5081 = DIRECTION ( 'NONE',  ( 1.000000000000000000, 0.0000000000000000000, 0.0000000000000000000 ) ) ;
#5082 = CARTESIAN_POINT ( 'NONE',  ( -5.584726862999999300, -6.470000000000000600, 11.05010817300000200 ) ) ;
#5083 = DIRECTION ( 'NONE',  ( 0.0000000000000000000, 1.000000000000000000, -0.0000000000000000000 ) ) ;
#5084 = DIRECTION ( 'NONE',  ( 0.0000000000000000000, -0.0000000000000000000, -1.000000000000000000 ) ) ;
#5085 = CARTESIAN_POINT ( 'NONE',  ( 4.900000000000000400, -6.470000000000000600, 14.66106575900000000 ) ) ;
#5086 = CARTESIAN_POINT ( 'NONE',  ( 4.400000000000000400, -6.470000000000000600, 13.30000000000000100 ) ) ;
#5087 = DIRECTION ( 'NONE',  ( 0.0000000000000000000, 1.000000000000000000, 0.0000000000000000000 ) ) ;
#5088 = DIRECTION ( 'NONE',  ( 0.0000000000000000000, 0.0000000000000000000, 1.000000000000000000 ) ) ;
#5089 = CARTESIAN_POINT ( 'NONE',  ( 4.900000000000000400, -6.470000000000000600, 11.93893424100000200 ) ) ;
#5090 = DIRECTION ( 'NONE',  ( 0.0000000000000000000, -1.000000000000000000, -0.0000000000000000000 ) ) ;
#5091 = CARTESIAN_POINT ( 'NONE',  ( 4.900000000000000400, -6.470000000000000600, 11.05010817300000200 ) ) ;
#5092 = DIRECTION ( 'NONE',  ( -0.0000000000000000000, 0.0000000000000000000, 1.000000000000000000 ) ) ;
#5093 = DIRECTION ( 'NONE',  ( -0.0000000000000000000, 1.000000000000000000, 0.0000000000000000000 ) ) ;
#5094 = CARTESIAN_POINT ( 'NONE',  ( 3.899999999999999900, -6.470000000000000600, 11.93893424100000200 ) ) ;
#5095 = CARTESIAN_POINT ( 'NONE',  ( 4.400000000000000400, -6.470000000000000600, 13.30000000000000100 ) ) ;
#5096 = DIRECTION ( 'NONE',  ( 0.0000000000000000000, 1.000000000000000000, 0.0000000000000000000 ) ) ;
#5097 = DIRECTION ( 'NONE',  ( 0.0000000000000000000, 0.0000000000000000000, 1.000000000000000000 ) ) ;
#5098 = CARTESIAN_POINT ( 'NONE',  ( 3.899999999999999900, -6.470000000000000600, 14.66106575900000000 ) ) ;
#5099 = DIRECTION ( 'NONE',  ( -0.0000000000000000000, -1.000000000000000000, 0.0000000000000000000 ) ) ;
#5100 = CARTESIAN_POINT ( 'NONE',  ( 3.899999999999999900, -6.470000000000000600, 11.05010817300000200 ) ) ;
#5101 = DIRECTION ( 'NONE',  ( 0.0000000000000000000, -0.0000000000000000000, -1.000000000000000000 ) ) ;
#5102 = DIRECTION ( 'NONE',  ( 0.0000000000000000000, 1.000000000000000000, -0.0000000000000000000 ) ) ;
#5103 = CARTESIAN_POINT ( 'NONE',  ( -3.899999999999999900, -6.470000000000000600, 14.66106575900000000 ) ) ;
#5104 = CARTESIAN_POINT ( 'NONE',  ( -4.400000000000000400, -6.470000000000000600, 13.30000000000000100 ) ) ;
#5105 = DIRECTION ( 'NONE',  ( 0.0000000000000000000, 1.000000000000000000, 0.0000000000000000000 ) ) ;
#5106 = DIRECTION ( 'NONE',  ( 0.0000000000000000000, 0.0000000000000000000, 1.000000000000000000 ) ) ;
#5107 = CARTESIAN_POINT ( 'NONE',  ( -3.899999999999999900, -6.470000000000000600, 11.93893424100000200 ) ) ;
#5108 = DIRECTION ( 'NONE',  ( 0.0000000000000000000, -1.000000000000000000, -0.0000000000000000000 ) ) ;
#5109 = CARTESIAN_POINT ( 'NONE',  ( -3.899999999999999900, -6.470000000000000600, 11.05010817300000200 ) ) ;
#5110 = DIRECTION ( 'NONE',  ( -0.0000000000000000000, 0.0000000000000000000, 1.000000000000000000 ) ) ;
#5111 = CARTESIAN_POINT ( 'NONE',  ( 4.619999999999999200, -6.470000000000000600, 2.434999999999999600 ) ) ;
#5112 = CARTESIAN_POINT ( 'NONE',  ( -5.799329208000000500, -6.470000000000000600, 2.085000000000000000 ) ) ;
#5113 = CARTESIAN_POINT ( 'NONE',  ( -4.900000000000000400, -6.470000000000000600, 11.93893424100000200 ) ) ;
#5114 = CARTESIAN_POINT ( 'NONE',  ( -4.400000000000000400, -6.470000000000000600, 13.30000000000000100 ) ) ;
#5115 = DIRECTION ( 'NONE',  ( 0.0000000000000000000, 1.000000000000000000, 0.0000000000000000000 ) ) ;
#5116 = DIRECTION ( 'NONE',  ( 0.0000000000000000000, 0.0000000000000000000, 1.000000000000000000 ) ) ;
#5117 = CARTESIAN_POINT ( 'NONE',  ( -4.900000000000000400, -6.470000000000000600, 14.66106575900000000 ) ) ;
#5118 = DIRECTION ( 'NONE',  ( -0.0000000000000000000, -1.000000000000000000, 0.0000000000000000000 ) ) ;
#5119 = CARTESIAN_POINT ( 'NONE',  ( -4.900000000000000400, -6.470000000000000600, 11.05010817300000200 ) ) ;
#5120 = DIRECTION ( 'NONE',  ( 0.0000000000000000000, -0.0000000000000000000, -1.000000000000000000 ) ) ;
#5121 = CARTESIAN_POINT ( 'NONE',  ( -5.799329208000000500, -6.470000000000000600, 2.434999999999999600 ) ) ;
#5122 = CARTESIAN_POINT ( 'NONE',  ( 4.280000000000000200, -6.470000000000000600, 2.434999999999999600 ) ) ;
#5123 = DIRECTION ( 'NONE',  ( -1.000000000000000000, 0.0000000000000000000, -0.0000000000000000000 ) ) ;
#5124 = DIRECTION ( 'NONE',  ( 0.0000000000000000000, 0.0000000000000000000, 1.000000000000000000 ) ) ;
#5125 = CARTESIAN_POINT ( 'NONE',  ( 4.620000000000000100, -10.27000000000000000, 2.434999999999999600 ) ) ;
#5126 = DIRECTION ( 'NONE',  ( 1.000000000000000000, 0.0000000000000000000, -0.0000000000000000000 ) ) ;
#5127 = CARTESIAN_POINT ( 'NONE',  ( 4.620000000000000100, -10.27000000000000000, 2.085000000000000000 ) ) ;
#5128 = DIRECTION ( 'NONE',  ( 0.0000000000000000000, 0.0000000000000000000, -1.000000000000000000 ) ) ;
#5129 = DIRECTION ( 'NONE',  ( 0.0000000000000000000, 0.0000000000000000000, 1.000000000000000000 ) ) ;
#5130 = DIRECTION ( 'NONE',  ( 0.0000000000000000000, 1.000000000000000000, 0.0000000000000000000 ) ) ;
#5131 = CARTESIAN_POINT ( 'NONE',  ( 4.619999999999999200, -7.354459945999998600, 2.259999999999999800 ) ) ;
#5132 = CARTESIAN_POINT ( 'NONE',  ( 4.705000000069309100, -7.852229972975618600, 2.259999999999999300 ) ) ;
#5133 = DIRECTION ( 'NONE',  ( -0.0000000000000000000, -0.0000000000000000000, 1.000000000000000000 ) ) ;
#5134 = DIRECTION ( 'NONE',  ( 0.0000000000000000000, -1.000000000000000000, -0.0000000000000000000 ) ) ;
#5135 = CARTESIAN_POINT ( 'NONE',  ( 6.119999999999999200, -7.354459945999998600, 2.434999999999999600 ) ) ;
#5136 = DIRECTION ( 'NONE',  ( 0.0000000000000000000, 0.0000000000000000000, -1.000000000000000000 ) ) ;
#5137 = DIRECTION ( 'NONE',  ( -1.000000000000000000, 0.0000000000000000000, 0.0000000000000000000 ) ) ;
#5138 = CARTESIAN_POINT ( 'NONE',  ( 4.704999999930690200, -8.847770026975617000, 2.259999999999999800 ) ) ;
#5139 = DIRECTION ( 'NONE',  ( -0.0000000000000000000, -0.0000000000000000000, 1.000000000000000000 ) ) ;
#5140 = CARTESIAN_POINT ( 'NONE',  ( 6.119999999999999200, -7.354459945999998600, 2.085000000000000000 ) ) ;
#5141 = DIRECTION ( 'NONE',  ( -0.0000000000000000000, -0.0000000000000000000, 1.000000000000000000 ) ) ;
#5142 = DIRECTION ( 'NONE',  ( -1.000000000000000000, 0.0000000000000000000, 0.0000000000000000000 ) ) ;
#5143 = CARTESIAN_POINT ( 'NONE',  ( 3.289999999999999600, -8.350000000000001400, 2.434999999999999600 ) ) ;
#5144 = DIRECTION ( 'NONE',  ( -0.0000000000000000000, -0.0000000000000000000, 1.000000000000000000 ) ) ;
#5145 = DIRECTION ( 'NONE',  ( -1.000000000000000000, 2.312964634635744200E-015, 0.0000000000000000000 ) ) ;
#5146 = CARTESIAN_POINT ( 'NONE',  ( 4.619999999999999200, -9.345540054000002400, 2.434999999999999600 ) ) ;
#5147 = DIRECTION ( 'NONE',  ( 0.0000000000000000000, 0.0000000000000000000, 1.000000000000000000 ) ) ;
#5148 = CARTESIAN_POINT ( 'NONE',  ( 3.289999999999999600, -8.350000000000001400, 2.085000000000000000 ) ) ;
#5149 = DIRECTION ( 'NONE',  ( 0.0000000000000000000, 0.0000000000000000000, -1.000000000000000000 ) ) ;
#5150 = DIRECTION ( 'NONE',  ( -1.000000000000000000, 0.0000000000000000000, 0.0000000000000000000 ) ) ;
#5151 = DIRECTION ( 'NONE',  ( 0.0000000000000000000, 1.000000000000000000, 0.0000000000000000000 ) ) ;
#5152 = CARTESIAN_POINT ( 'NONE',  ( 6.119999999999999200, -9.345540054000002400, 2.434999999999999600 ) ) ;
#5153 = DIRECTION ( 'NONE',  ( 0.0000000000000000000, 0.0000000000000000000, -1.000000000000000000 ) ) ;
#5154 = DIRECTION ( 'NONE',  ( -1.000000000000000000, 0.0000000000000000000, 0.0000000000000000000 ) ) ;
#5155 = CARTESIAN_POINT ( 'NONE',  ( 4.620000000000000100, -10.27000000000000000, 2.434999999999999600 ) ) ;
#5156 = CARTESIAN_POINT ( 'NONE',  ( 4.620000000000000100, -9.436160337000000500, 2.085000000000000000 ) ) ;
#5157 = CARTESIAN_POINT ( 'NONE',  ( 4.620000000000000100, -10.27000000000000000, 2.085000000000000000 ) ) ;
#5158 = CARTESIAN_POINT ( 'NONE',  ( 6.119999999999999200, -9.345540054000002400, 2.085000000000000000 ) ) ;
#5159 = DIRECTION ( 'NONE',  ( -0.0000000000000000000, -0.0000000000000000000, 1.000000000000000000 ) ) ;
#5160 = DIRECTION ( 'NONE',  ( -1.000000000000000000, -2.312964634635742300E-015, 0.0000000000000000000 ) ) ;
#5161 = CARTESIAN_POINT ( 'NONE',  ( 4.619999999999999200, -9.436160337000000500, 2.434999999999999600 ) ) ;
#5162 = CARTESIAN_POINT ( 'NONE',  ( -5.799329208000000500, -9.650000000000000400, 2.085000000000000000 ) ) ;
#5163 = DIRECTION ( 'NONE',  ( 0.0000000000000000000, 0.0000000000000000000, 1.000000000000000000 ) ) ;
#5164 = DIRECTION ( 'NONE',  ( 0.0000000000000000000, -1.000000000000000000, -0.0000000000000000000 ) ) ;
#5165 = CARTESIAN_POINT ( 'NONE',  ( 4.549999999999998900, -9.650000000000000400, 2.434999999999999600 ) ) ;
#5166 = DIRECTION ( 'NONE',  ( 0.3111037323651559300, 0.9503759612429543100, 0.0000000000000000000 ) ) ;
#5167 = CARTESIAN_POINT ( 'NONE',  ( 4.549999999999999800, -9.650000000000000400, 2.434999999999999600 ) ) ;
#5168 = CARTESIAN_POINT ( 'NONE',  ( 4.350000000000000500, -9.650000000000000400, 2.085000000000000000 ) ) ;
#5169 = DIRECTION ( 'NONE',  ( 0.0000000000000000000, -0.0000000000000000000, 1.000000000000000000 ) ) ;
#5170 = DIRECTION ( 'NONE',  ( -0.3111037323651559300, -0.9503759612429543100, 0.0000000000000000000 ) ) ;
#5171 = CARTESIAN_POINT ( 'NONE',  ( -5.799329208000000500, -9.650000000000000400, 2.434999999999999600 ) ) ;
#5172 = DIRECTION ( 'NONE',  ( 1.000000000000000000, -0.0000000000000000000, 0.0000000000000000000 ) ) ;
#5173 = CARTESIAN_POINT ( 'NONE',  ( 4.349999999999999600, -9.650000000000000400, 2.434999999999999600 ) ) ;
#5174 = CARTESIAN_POINT ( 'NONE',  ( 4.280000000000000200, -10.27000000000000000, 2.085000000000000000 ) ) ;
#5175 = DIRECTION ( 'NONE',  ( 0.0000000000000000000, -0.0000000000000000000, 1.000000000000000000 ) ) ;
#5176 = DIRECTION ( 'NONE',  ( -1.000000000000000000, -0.0000000000000000000, 0.0000000000000000000 ) ) ;
#5177 = CARTESIAN_POINT ( 'NONE',  ( 4.280000000000000200, -9.436160337000000500, 2.434999999999999600 ) ) ;
#5178 = DIRECTION ( 'NONE',  ( 0.3111037323651559300, -0.9503759612429543100, 0.0000000000000000000 ) ) ;
#5179 = CARTESIAN_POINT ( 'NONE',  ( 4.280000000000000200, -9.436160337000000500, 2.434999999999999600 ) ) ;
#5180 = DIRECTION ( 'NONE',  ( -0.0000000000000000000, -0.0000000000000000000, 1.000000000000000000 ) ) ;
#5181 = DIRECTION ( 'NONE',  ( -0.3111037323651559300, 0.9503759612429543100, 0.0000000000000000000 ) ) ;
#5182 = CARTESIAN_POINT ( 'NONE',  ( 4.280000000000000200, -10.27000000000000000, 2.434999999999999600 ) ) ;
#5183 = DIRECTION ( 'NONE',  ( -0.0000000000000000000, -1.000000000000000000, -0.0000000000000000000 ) ) ;
#5184 = CARTESIAN_POINT ( 'NONE',  ( 4.280000000000001100, -9.345540054000002400, 2.259999999999999800 ) ) ;
#5185 = DIRECTION ( 'NONE',  ( -0.0000000000000000000, -0.0000000000000000000, 1.000000000000000000 ) ) ;
#5186 = DIRECTION ( 'NONE',  ( -0.0000000000000000000, 1.000000000000000000, 0.0000000000000000000 ) ) ;
#5187 = CARTESIAN_POINT ( 'NONE',  ( 2.780000000000000200, -9.345540054000002400, 2.434999999999999600 ) ) ;
#5188 = DIRECTION ( 'NONE',  ( 0.0000000000000000000, 0.0000000000000000000, -1.000000000000000000 ) ) ;
#5189 = DIRECTION ( 'NONE',  ( -1.000000000000000000, 0.0000000000000000000, 0.0000000000000000000 ) ) ;
#5190 = CARTESIAN_POINT ( 'NONE',  ( 4.195000000069310200, -7.852229973024382300, 2.259999999999999800 ) ) ;
#5191 = DIRECTION ( 'NONE',  ( -0.0000000000000000000, -0.0000000000000000000, 1.000000000000000000 ) ) ;
#5192 = CARTESIAN_POINT ( 'NONE',  ( 2.780000000000000200, -9.345540054000002400, 2.085000000000000000 ) ) ;
#5193 = DIRECTION ( 'NONE',  ( -0.0000000000000000000, -0.0000000000000000000, 1.000000000000000000 ) ) ;
#5194 = DIRECTION ( 'NONE',  ( -1.000000000000000000, 4.625929269271484500E-015, 0.0000000000000000000 ) ) ;
#5195 = CARTESIAN_POINT ( 'NONE',  ( 5.609999999999999400, -8.350000000000001400, 2.434999999999999600 ) ) ;
#5196 = DIRECTION ( 'NONE',  ( -0.0000000000000000000, -0.0000000000000000000, 1.000000000000000000 ) ) ;
#5197 = DIRECTION ( 'NONE',  ( -1.000000000000000000, 2.312964634635743400E-015, 0.0000000000000000000 ) ) ;
#5198 = CARTESIAN_POINT ( 'NONE',  ( 4.280000000000000200, -7.354459945999998600, 2.434999999999999600 ) ) ;
#5199 = DIRECTION ( 'NONE',  ( -0.0000000000000000000, -0.0000000000000000000, 1.000000000000000000 ) ) ;
#5200 = CARTESIAN_POINT ( 'NONE',  ( 5.609999999999999400, -8.350000000000001400, 2.085000000000000000 ) ) ;
#5201 = DIRECTION ( 'NONE',  ( 0.0000000000000000000, 0.0000000000000000000, -1.000000000000000000 ) ) ;
#5202 = DIRECTION ( 'NONE',  ( -1.000000000000000000, 0.0000000000000000000, 0.0000000000000000000 ) ) ;
#5203 = CARTESIAN_POINT ( 'NONE',  ( 4.280000000000000200, -10.27000000000000000, 2.434999999999999600 ) ) ;
#5204 = DIRECTION ( 'NONE',  ( -0.0000000000000000000, -1.000000000000000000, -0.0000000000000000000 ) ) ;
#5205 = CARTESIAN_POINT ( 'NONE',  ( 2.780000000000000200, -7.354459945999998600, 2.434999999999999600 ) ) ;
#5206 = DIRECTION ( 'NONE',  ( 0.0000000000000000000, 0.0000000000000000000, -1.000000000000000000 ) ) ;
#5207 = DIRECTION ( 'NONE',  ( -1.000000000000000000, 0.0000000000000000000, 0.0000000000000000000 ) ) ;
#5208 = DIRECTION ( 'NONE',  ( -0.0000000000000000000, -0.0000000000000000000, 1.000000000000000000 ) ) ;
#5209 = CARTESIAN_POINT ( 'NONE',  ( 2.780000000000000200, -7.354459945999998600, 2.085000000000000000 ) ) ;
#5210 = DIRECTION ( 'NONE',  ( -0.0000000000000000000, -0.0000000000000000000, 1.000000000000000000 ) ) ;
#5211 = DIRECTION ( 'NONE',  ( -1.000000000000000000, 0.0000000000000000000, 0.0000000000000000000 ) ) ;
#5212 = CARTESIAN_POINT ( 'NONE',  ( 4.280000000000000200, -10.27000000000000000, 2.085000000000000000 ) ) ;
#5213 = DIRECTION ( 'NONE',  ( -0.0000000000000000000, 1.000000000000000000, 0.0000000000000000000 ) ) ;
#5214 = CARTESIAN_POINT ( 'NONE',  ( 4.546666666706909300, -8.682849648922371000, 2.259999999999999300 ) ) ;
#5215 = CARTESIAN_POINT ( 'NONE',  ( 4.450000000000000200, -8.657245830000000800, 2.434999999999999600 ) ) ;
#5216 = DIRECTION ( 'NONE',  ( 0.0000000000000000000, 0.0000000000000000000, -1.000000000000000000 ) ) ;
#5217 = DIRECTION ( 'NONE',  ( -1.000000000000000000, 0.0000000000000000000, 0.0000000000000000000 ) ) ;
#5218 = DIRECTION ( 'NONE',  ( 0.0000000000000000000, 0.0000000000000000000, -1.000000000000000000 ) ) ;
#5219 = DIRECTION ( 'NONE',  ( -0.0000000000000000000, -0.0000000000000000000, 1.000000000000000000 ) ) ;
#5220 = CARTESIAN_POINT ( 'NONE',  ( 4.353333333293090100, -8.682849648922371000, 2.259999999999999800 ) ) ;
#5221 = CARTESIAN_POINT ( 'NONE',  ( 4.450000000000000200, -8.657245830000000800, 2.085000000000000000 ) ) ;
#5222 = DIRECTION ( 'NONE',  ( -0.0000000000000000000, -0.0000000000000000000, 1.000000000000000000 ) ) ;
#5223 = DIRECTION ( 'NONE',  ( -1.000000000000000000, 0.0000000000000000000, 0.0000000000000000000 ) ) ;
#5224 = CARTESIAN_POINT ( 'NONE',  ( 4.546666666728008900, -8.017150351072039900, 2.259999999999999300 ) ) ;
#5225 = CARTESIAN_POINT ( 'NONE',  ( 3.290000000000000500, -8.350000000000001400, 2.434999999999999600 ) ) ;
#5226 = DIRECTION ( 'NONE',  ( 0.0000000000000000000, 0.0000000000000000000, -1.000000000000000000 ) ) ;
#5227 = DIRECTION ( 'NONE',  ( -1.000000000000000000, 0.0000000000000000000, 0.0000000000000000000 ) ) ;
#5228 = CARTESIAN_POINT ( 'NONE',  ( 3.290000000000000500, -8.350000000000001400, 2.085000000000000000 ) ) ;
#5229 = DIRECTION ( 'NONE',  ( -0.0000000000000000000, -0.0000000000000000000, 1.000000000000000000 ) ) ;
#5230 = DIRECTION ( 'NONE',  ( -1.000000000000000000, 5.337610695313251400E-015, 0.0000000000000000000 ) ) ;
#5231 = CARTESIAN_POINT ( 'NONE',  ( 4.450000000000000200, -8.042754170000000300, 2.434999999999999600 ) ) ;
#5232 = DIRECTION ( 'NONE',  ( -0.0000000000000000000, -0.0000000000000000000, 1.000000000000000000 ) ) ;
#5233 = DIRECTION ( 'NONE',  ( -1.000000000000000000, 0.0000000000000000000, 0.0000000000000000000 ) ) ;
#5234 = DIRECTION ( 'NONE',  ( 0.0000000000000000000, 0.0000000000000000000, 1.000000000000000000 ) ) ;
#5235 = CARTESIAN_POINT ( 'NONE',  ( 5.609999999999999400, -8.350000000000001400, 2.434999999999999600 ) ) ;
#5236 = DIRECTION ( 'NONE',  ( -0.0000000000000000000, -0.0000000000000000000, 1.000000000000000000 ) ) ;
#5237 = DIRECTION ( 'NONE',  ( -1.000000000000000000, 0.0000000000000000000, 0.0000000000000000000 ) ) ;
#5238 = CARTESIAN_POINT ( 'NONE',  ( 4.400000000000000400, -6.470000000000000600, 13.30000000000000100 ) ) ;
#5239 = DIRECTION ( 'NONE',  ( 0.0000000000000000000, 0.0000000000000000000, 1.000000000000000000 ) ) ;
#5240 = CARTESIAN_POINT ( 'NONE',  ( 4.450000000000000200, -8.042754170000000300, 2.085000000000000000 ) ) ;
#5241 = DIRECTION ( 'NONE',  ( 0.0000000000000000000, 0.0000000000000000000, -1.000000000000000000 ) ) ;
#5242 = DIRECTION ( 'NONE',  ( -1.000000000000000000, 0.0000000000000000000, 0.0000000000000000000 ) ) ;
#5243 = DIRECTION ( 'NONE',  ( 0.0000000000000000000, 1.000000000000000000, 0.0000000000000000000 ) ) ;
#5244 = CARTESIAN_POINT ( 'NONE',  ( 5.609999999999999400, -8.350000000000001400, 2.085000000000000000 ) ) ;
#5245 = DIRECTION ( 'NONE',  ( 0.0000000000000000000, 0.0000000000000000000, -1.000000000000000000 ) ) ;
#5246 = DIRECTION ( 'NONE',  ( -1.000000000000000000, 0.0000000000000000000, 0.0000000000000000000 ) ) ;
#5247 = DIRECTION ( 'NONE',  ( 0.0000000000000000000, 1.000000000000000000, 0.0000000000000000000 ) ) ;
#5248 = CARTESIAN_POINT ( 'NONE',  ( 3.899999999999999900, -6.470000000000000600, 15.71359677400000300 ) ) ;
#5249 = CARTESIAN_POINT ( 'NONE',  ( -4.400000000000000400, -6.470000000000000600, 13.30000000000000100 ) ) ;
#5250 = PLANE ( 'NONE',  #5356 ) ;
#5251 = DIRECTION ( 'NONE',  ( 0.0000000000000000000, 0.0000000000000000000, 1.000000000000000000 ) ) ;
#5252 = CARTESIAN_POINT ( 'NONE',  ( -3.899999999999999900, -6.470000000000000600, 15.97837986200000100 ) ) ;
#5253 = DIRECTION ( 'NONE',  ( -1.000000000000000000, 0.0000000000000000000, 0.0000000000000000000 ) ) ;
#5254 = DIRECTION ( 'NONE',  ( 0.0000000000000000000, 0.0000000000000000000, 1.000000000000000000 ) ) ;
#5255 = DIRECTION ( 'NONE',  ( 0.0000000000000000000, 1.000000000000000000, 0.0000000000000000000 ) ) ;
#5256 = CARTESIAN_POINT ( 'NONE',  ( -4.400000000000000400, -6.470000000000000600, 13.30000000000000100 ) ) ;
#5257 = PLANE ( 'NONE',  #5358 ) ;
#5258 = CARTESIAN_POINT ( 'NONE',  ( -5.997721494000001200, -6.850000000000000500, 0.5883734840000000000 ) ) ;
#5259 = CARTESIAN_POINT ( 'NONE',  ( 2.080000000000000100, -6.470000000000000600, 2.434999999999999600 ) ) ;
#5260 = DIRECTION ( 'NONE',  ( 1.000000000000000000, 0.0000000000000000000, 0.0000000000000000000 ) ) ;
#5261 = DIRECTION ( 'NONE',  ( 0.0000000000000000000, 0.0000000000000000000, -1.000000000000000000 ) ) ;
#5262 = PLANE ( 'NONE',  #5359 ) ;
#5263 = CARTESIAN_POINT ( 'NONE',  ( -5.799329208000000500, -10.27000000000000000, 2.434999999999999600 ) ) ;
#5264 = DIRECTION ( 'NONE',  ( 0.0000000000000000000, 0.0000000000000000000, 1.000000000000000000 ) ) ;
#5265 = DIRECTION ( 'NONE',  ( 1.000000000000000000, 0.0000000000000000000, -0.0000000000000000000 ) ) ;
#5266 = PLANE ( 'NONE',  #5360 ) ;
#5267 = PLANE ( 'NONE',  #5361 ) ;
#5268 = DIRECTION ( 'NONE',  ( -1.000000000000000000, 0.0000000000000000000, 0.0000000000000000000 ) ) ;
#5269 = DIRECTION ( 'NONE',  ( 0.0000000000000000000, 0.0000000000000000000, 1.000000000000000000 ) ) ;
#5270 = CARTESIAN_POINT ( 'NONE',  ( -5.799329208000000500, -10.27000000000000000, 2.085000000000000000 ) ) ;
#5271 = CARTESIAN_POINT ( 'NONE',  ( 1.740000000000000200, -7.354459945999998600, 2.434999999999999600 ) ) ;
#5272 = DIRECTION ( 'NONE',  ( 0.0000000000000000000, 0.0000000000000000000, -1.000000000000000000 ) ) ;
#5273 = DIRECTION ( 'NONE',  ( -1.000000000000000000, 0.0000000000000000000, -0.0000000000000000000 ) ) ;
#5274 = PLANE ( 'NONE',  #5362 ) ;
#5275 = PLANE ( 'NONE',  #5363 ) ;
#5276 = DIRECTION ( 'NONE',  ( 1.000000000000000000, 0.0000000000000000000, 0.0000000000000000000 ) ) ;
#5277 = DIRECTION ( 'NONE',  ( 0.0000000000000000000, 0.0000000000000000000, -1.000000000000000000 ) ) ;
#5278 = CARTESIAN_POINT ( 'NONE',  ( -5.997721494000001200, -6.850000000000000500, 4.434385983000000300 ) ) ;
#5279 = CARTESIAN_POINT ( 'NONE',  ( -0.4600000000000000200, -6.470000000000000600, 2.434999999999999600 ) ) ;
#5280 = DIRECTION ( 'NONE',  ( 0.0000000000000000000, 0.0000000000000000000, 1.000000000000000000 ) ) ;
#5281 = DIRECTION ( 'NONE',  ( 1.000000000000000000, 0.0000000000000000000, -0.0000000000000000000 ) ) ;
#5282 = PLANE ( 'NONE',  #5364 ) ;
#5283 = CARTESIAN_POINT ( 'NONE',  ( -5.997721494000001200, -6.850000000000000500, 4.434385983000000300 ) ) ;
#5284 = DIRECTION ( 'NONE',  ( -1.000000000000000000, 0.0000000000000000000, 0.0000000000000000000 ) ) ;
#5285 = DIRECTION ( 'NONE',  ( 0.0000000000000000000, 0.0000000000000000000, 1.000000000000000000 ) ) ;
#5286 = PLANE ( 'NONE',  #5365 ) ;
#5287 = DIRECTION ( 'NONE',  ( 0.0000000000000000000, 0.0000000000000000000, 1.000000000000000000 ) ) ;
#5288 = DIRECTION ( 'NONE',  ( 0.0000000000000000000, 0.0000000000000000000, -1.000000000000000000 ) ) ;
#5289 = DIRECTION ( 'NONE',  ( -1.000000000000000000, 0.0000000000000000000, -0.0000000000000000000 ) ) ;
#5290 = PLANE ( 'NONE',  #5366 ) ;
#5291 = CARTESIAN_POINT ( 'NONE',  ( -5.584726862999999300, -6.850000000000000500, 4.434385983000000300 ) ) ;
#5292 = DIRECTION ( 'NONE',  ( 1.000000000000000000, 0.0000000000000000000, 0.0000000000000000000 ) ) ;
#5293 = DIRECTION ( 'NONE',  ( 0.0000000000000000000, 0.0000000000000000000, -1.000000000000000000 ) ) ;
#5294 = DIRECTION ( 'NONE',  ( 0.0000000000000000000, 1.000000000000000000, 0.0000000000000000000 ) ) ;
#5295 = CARTESIAN_POINT ( 'NONE',  ( 4.400000000000000400, -6.470000000000000600, 13.30000000000000100 ) ) ;
#5296 = PLANE ( 'NONE',  #5368 ) ;
#5297 = CARTESIAN_POINT ( 'NONE',  ( 4.900000000000000400, -6.470000000000000600, 15.71359677400000300 ) ) ;
#5298 = CARTESIAN_POINT ( 'NONE',  ( -5.799329208000000500, -10.27000000000000000, 4.975000000000000500 ) ) ;
#5299 = DIRECTION ( 'NONE',  ( -1.000000000000000000, 0.0000000000000000000, 0.0000000000000000000 ) ) ;
#5300 = DIRECTION ( 'NONE',  ( 0.0000000000000000000, 0.0000000000000000000, 1.000000000000000000 ) ) ;
#5301 = PLANE ( 'NONE',  #5369 ) ;
#5302 = PLANE ( 'NONE',  #5370 ) ;
#5303 = DIRECTION ( 'NONE',  ( 1.000000000000000000, 0.0000000000000000000, 0.0000000000000000000 ) ) ;
#5304 = DIRECTION ( 'NONE',  ( 0.0000000000000000000, 0.0000000000000000000, -1.000000000000000000 ) ) ;
#5305 = PLANE ( 'NONE',  #5372 ) ;
#5306 = CARTESIAN_POINT ( 'NONE',  ( -5.799329208000000500, -10.27000000000000000, 4.975000000000000500 ) ) ;
#5307 = DIRECTION ( 'NONE',  ( 0.0000000000000000000, 0.0000000000000000000, -1.000000000000000000 ) ) ;
#5308 = DIRECTION ( 'NONE',  ( -1.000000000000000000, 0.0000000000000000000, -0.0000000000000000000 ) ) ;
#5309 = DIRECTION ( 'NONE',  ( 0.0000000000000000000, 0.0000000000000000000, -1.000000000000000000 ) ) ;
#5310 = DIRECTION ( 'NONE',  ( 0.0000000000000000000, 0.0000000000000000000, -1.000000000000000000 ) ) ;
#5311 = DIRECTION ( 'NONE',  ( -1.000000000000000000, 0.0000000000000000000, -0.0000000000000000000 ) ) ;
#5312 = CARTESIAN_POINT ( 'NONE',  ( 4.110000000000000300, -8.350000000000001400, 2.085000000000000000 ) ) ;
#5313 = CARTESIAN_POINT ( 'NONE',  ( 4.353333333293090100, -8.017150351077631900, 2.259999999999999800 ) ) ;
#5314 = CARTESIAN_POINT ( 'NONE',  ( -3.266666666706909500, -8.017150351077631900, 2.259999999999999800 ) ) ;
#5315 = DIRECTION ( 'NONE',  ( -0.0000000000000000000, -0.0000000000000000000, 1.000000000000000000 ) ) ;
#5316 = CARTESIAN_POINT ( 'NONE',  ( 5.609999999999999400, -8.350000000000001400, 2.434999999999999600 ) ) ;
#5317 = DIRECTION ( 'NONE',  ( -0.0000000000000000000, -0.0000000000000000000, 1.000000000000000000 ) ) ;
#5318 = DIRECTION ( 'NONE',  ( -1.000000000000000000, 0.0000000000000000000, 0.0000000000000000000 ) ) ;
#5319 = DIRECTION ( 'NONE',  ( -0.0000000000000000000, -0.0000000000000000000, 1.000000000000000000 ) ) ;
#5320 = CARTESIAN_POINT ( 'NONE',  ( 5.609999999999999400, -8.350000000000001400, 2.434999999999999600 ) ) ;
#5321 = DIRECTION ( 'NONE',  ( -0.0000000000000000000, -0.0000000000000000000, 1.000000000000000000 ) ) ;
#5322 = DIRECTION ( 'NONE',  ( -1.000000000000000000, 6.672013369141565800E-015, 0.0000000000000000000 ) ) ;
#5323 = CARTESIAN_POINT ( 'NONE',  ( 1.770000000000000200, -8.350000000000001400, 2.434999999999999600 ) ) ;
#5324 = DIRECTION ( 'NONE',  ( 0.0000000000000000000, 0.0000000000000000000, -1.000000000000000000 ) ) ;
#5325 = CARTESIAN_POINT ( 'NONE',  ( 5.609999999999999400, -8.350000000000001400, 2.085000000000000000 ) ) ;
#5326 = DIRECTION ( 'NONE',  ( 0.0000000000000000000, 0.0000000000000000000, -1.000000000000000000 ) ) ;
#5327 = DIRECTION ( 'NONE',  ( -1.000000000000000000, 0.0000000000000000000, 0.0000000000000000000 ) ) ;
#5328 = CARTESIAN_POINT ( 'NONE',  ( 4.309999999999999600, -8.350000000000001400, 2.434999999999999600 ) ) ;
#5329 = DIRECTION ( 'NONE',  ( 0.0000000000000000000, 0.0000000000000000000, -1.000000000000000000 ) ) ;
#5330 = CARTESIAN_POINT ( 'NONE',  ( 4.194999999930689500, -8.847770027024379800, 2.259999999999999800 ) ) ;
#5331 = DIRECTION ( 'NONE',  ( 0.0000000000000000000, 0.0000000000000000000, 1.000000000000000000 ) ) ;
#5332 = DIRECTION ( 'NONE',  ( 0.0000000000000000000, 0.0000000000000000000, -1.000000000000000000 ) ) ;
#5333 = CARTESIAN_POINT ( 'NONE',  ( 5.609999999999999400, -8.350000000000001400, 2.085000000000000000 ) ) ;
#5334 = DIRECTION ( 'NONE',  ( 0.0000000000000000000, 0.0000000000000000000, -1.000000000000000000 ) ) ;
#5335 = DIRECTION ( 'NONE',  ( -1.000000000000000000, 0.0000000000000000000, 0.0000000000000000000 ) ) ;
#5336 = CARTESIAN_POINT ( 'NONE',  ( 1.813333333271989400, -8.017150351072041700, 2.259999999999999800 ) ) ;
#5337 = CARTESIAN_POINT ( 'NONE',  ( 1.570000000000000100, -8.350000000000001400, 2.085000000000000000 ) ) ;
#5338 = DIRECTION ( 'NONE',  ( 0.0000000000000000000, 0.0000000000000000000, -1.000000000000000000 ) ) ;
#5339 = CARTESIAN_POINT ( 'NONE',  ( 3.069999999999999800, -8.350000000000001400, 2.085000000000000000 ) ) ;
#5340 = DIRECTION ( 'NONE',  ( -0.0000000000000000000, -0.0000000000000000000, 1.000000000000000000 ) ) ;
#5341 = DIRECTION ( 'NONE',  ( -1.000000000000000000, 1.334402673828313600E-015, 0.0000000000000000000 ) ) ;
#5342 = DIRECTION ( 'NONE',  ( 0.0000000000000000000, 0.0000000000000000000, -1.000000000000000000 ) ) ;
#5343 = CARTESIAN_POINT ( 'NONE',  ( 3.069999999999999800, -8.350000000000001400, 2.434999999999999600 ) ) ;
#5344 = DIRECTION ( 'NONE',  ( -0.0000000000000000000, -0.0000000000000000000, 1.000000000000000000 ) ) ;
#5345 = DIRECTION ( 'NONE',  ( -1.000000000000000000, 0.0000000000000000000, 0.0000000000000000000 ) ) ;
#5346 = CARTESIAN_POINT ( 'NONE',  ( 1.655000000069308800, -8.847770026975615200, 2.259999999999999300 ) ) ;
#5347 = CARTESIAN_POINT ( 'NONE',  ( 3.069999999999999800, -8.350000000000001400, 2.085000000000000000 ) ) ;
#5348 = DIRECTION ( 'NONE',  ( 0.0000000000000000000, 0.0000000000000000000, -1.000000000000000000 ) ) ;
#5349 = DIRECTION ( 'NONE',  ( -1.000000000000000000, 0.0000000000000000000, 0.0000000000000000000 ) ) ;
#5350 = CARTESIAN_POINT ( 'NONE',  ( 0.5300000000000001400, -8.350000000000001400, 2.434999999999999600 ) ) ;
#5351 = DIRECTION ( 'NONE',  ( 0.0000000000000000000, 0.0000000000000000000, -1.000000000000000000 ) ) ;
#5352 = DIRECTION ( 'NONE',  ( -1.000000000000000000, 0.0000000000000000000, 0.0000000000000000000 ) ) ;
#5353 = CARTESIAN_POINT ( 'NONE',  ( -3.309999999999999600, -8.350000000000001400, 2.434999999999999600 ) ) ;
#5354 = AXIS2_PLACEMENT_3D ( 'NONE', #5238, #5243, #5239 ) ;
#5355 = AXIS2_PLACEMENT_3D ( 'NONE', #5249, #5247, #5234 ) ;
#5356 = AXIS2_PLACEMENT_3D ( 'NONE', #5248, #5253, #5254 ) ;
#5357 = AXIS2_PLACEMENT_3D ( 'NONE', #5256, #5255, #5251 ) ;
#5358 = AXIS2_PLACEMENT_3D ( 'NONE', #5252, #5260, #5261 ) ;
#5359 = AXIS2_PLACEMENT_3D ( 'NONE', #5258, #5264, #5265 ) ;
#5360 = AXIS2_PLACEMENT_3D ( 'NONE', #5259, #5268, #5269 ) ;
#5361 = AXIS2_PLACEMENT_3D ( 'NONE', #5263, #5272, #5273 ) ;
#5362 = AXIS2_PLACEMENT_3D ( 'NONE', #5271, #5276, #5277 ) ;
#5363 = AXIS2_PLACEMENT_3D ( 'NONE', #5270, #5280, #5281 ) ;
#5364 = AXIS2_PLACEMENT_3D ( 'NONE', #5279, #5284, #5285 ) ;
#5365 = AXIS2_PLACEMENT_3D ( 'NONE', #5278, #5288, #5289 ) ;
#5366 = AXIS2_PLACEMENT_3D ( 'NONE', #5283, #5292, #5293 ) ;
#5367 = AXIS2_PLACEMENT_3D ( 'NONE', #5295, #5294, #5287 ) ;
#5368 = AXIS2_PLACEMENT_3D ( 'NONE', #5291, #5299, #5300 ) ;
#5369 = AXIS2_PLACEMENT_3D ( 'NONE', #5297, #5303, #5304 ) ;
#5370 = AXIS2_PLACEMENT_3D ( 'NONE', #5298, #5307, #5308 ) ;
#5371 = AXIS2_PLACEMENT_3D ( 'NONE', #5316, #5317, #5318 ) ;
#5372 = AXIS2_PLACEMENT_3D ( 'NONE', #5306, #5310, #5311 ) ;
#5373 = AXIS2_PLACEMENT_3D ( 'NONE', #5320, #5321, #5322 ) ;
#5374 = AXIS2_PLACEMENT_3D ( 'NONE', #5325, #5326, #5327 ) ;
#5375 = AXIS2_PLACEMENT_3D ( 'NONE', #5333, #5334, #5335 ) ;
#5376 = AXIS2_PLACEMENT_3D ( 'NONE', #5339, #5340, #5341 ) ;
#5377 = AXIS2_PLACEMENT_3D ( 'NONE', #5343, #5344, #5345 ) ;
#5378 = AXIS2_PLACEMENT_3D ( 'NONE', #5347, #5348, #5349 ) ;
#5379 = AXIS2_PLACEMENT_3D ( 'NONE', #5350, #5351, #5352 ) ;
#5380 = AXIS2_PLACEMENT_3D ( 'NONE', #5516, #5517, #5518 ) ;
#5381 = AXIS2_PLACEMENT_3D ( 'NONE', #5520, #5521, #5522 ) ;
#5382 = AXIS2_PLACEMENT_3D ( 'NONE', #5525, #5526, #5527 ) ;
#5383 = AXIS2_PLACEMENT_3D ( 'NONE', #5533, #5534, #5535 ) ;
#5384 = AXIS2_PLACEMENT_3D ( 'NONE', #5538, #5539, #5540 ) ;
#5385 = AXIS2_PLACEMENT_3D ( 'NONE', #5543, #5544, #5545 ) ;
#5386 = AXIS2_PLACEMENT_3D ( 'NONE', #5700, #5702, #5703 ) ;
#5387 = AXIS2_PLACEMENT_3D ( 'NONE', #5701, #5706, #5707 ) ;
#5388 = AXIS2_PLACEMENT_3D ( 'NONE', #5705, #5710, #5711 ) ;
#5389 = AXIS2_PLACEMENT_3D ( 'NONE', #5704, #5714, #5715 ) ;
#5390 = AXIS2_PLACEMENT_3D ( 'NONE', #5713, #5718, #5719 ) ;
#5391 = AXIS2_PLACEMENT_3D ( 'NONE', #5717, #5722, #5723 ) ;
#5392 = AXIS2_PLACEMENT_3D ( 'NONE', #5721, #5726, #5727 ) ;
#5393 = AXIS2_PLACEMENT_3D ( 'NONE', #5720, #5730, #5731 ) ;
#5394 = AXIS2_PLACEMENT_3D ( 'NONE', #5729, #5734, #5735 ) ;
#5395 = AXIS2_PLACEMENT_3D ( 'NONE', #5728, #5738, #5739 ) ;
#5396 = AXIS2_PLACEMENT_3D ( 'NONE', #5737, #5742, #5743 ) ;
#5397 = AXIS2_PLACEMENT_3D ( 'NONE', #5736, #5746, #5747 ) ;
#5398 = AXIS2_PLACEMENT_3D ( 'NONE', #5745, #5750, #5751 ) ;
#5399 = AXIS2_PLACEMENT_3D ( 'NONE', #5744, #5754, #5755 ) ;
#5400 = AXIS2_PLACEMENT_3D ( 'NONE', #5749, #5758, #5759 ) ;
#5401 = AXIS2_PLACEMENT_3D ( 'NONE', #5753, #5762, #5763 ) ;
#5402 = AXIS2_PLACEMENT_3D ( 'NONE', #5757, #5766, #5767 ) ;
#5403 = AXIS2_PLACEMENT_3D ( 'NONE', #5761, #5770, #5771 ) ;
#5404 = AXIS2_PLACEMENT_3D ( 'NONE', #5765, #5774, #5775 ) ;
#5405 = AXIS2_PLACEMENT_3D ( 'NONE', #5769, #5778, #5779 ) ;
#5406 = AXIS2_PLACEMENT_3D ( 'NONE', #5773, #5782, #5783 ) ;
#5407 = AXIS2_PLACEMENT_3D ( 'NONE', #5777, #5786, #5787 ) ;
#5408 = AXIS2_PLACEMENT_3D ( 'NONE', #5781, #5790, #5791 ) ;
#5409 = AXIS2_PLACEMENT_3D ( 'NONE', #5785, #5794, #5795 ) ;
#5410 = AXIS2_PLACEMENT_3D ( 'NONE', #5789, #5798, #5799 ) ;
#5411 = AXIS2_PLACEMENT_3D ( 'NONE', #5801, #5800, #5793 ) ;
#5412 = AXIS2_PLACEMENT_3D ( 'NONE', #5804, #5802, #5797 ) ;
#5413 = AXIS2_PLACEMENT_3D ( 'NONE', #5807, #5805, #5803 ) ;
#5414 = AXIS2_PLACEMENT_3D ( 'NONE', #5810, #5808, #5806 ) ;
#5415 = AXIS2_PLACEMENT_3D ( 'NONE', #5813, #5811, #5809 ) ;
#5416 = AXIS2_PLACEMENT_3D ( 'NONE', #5816, #5814, #5812 ) ;
#5417 = AXIS2_PLACEMENT_3D ( 'NONE', #5815, #5820, #5821 ) ;
#5418 = AXIS2_PLACEMENT_3D ( 'NONE', #5818, #5824, #5825 ) ;
#5419 = AXIS2_PLACEMENT_3D ( 'NONE', #5819, #5828, #5829 ) ;
#5420 = AXIS2_PLACEMENT_3D ( 'NONE', #5823, #5832, #5833 ) ;
#5421 = AXIS2_PLACEMENT_3D ( 'NONE', #5835, #5834, #5827 ) ;
#5422 = AXIS2_PLACEMENT_3D ( 'NONE', #5831, #5839, #5840 ) ;
#5423 = AXIS2_PLACEMENT_3D ( 'NONE', #5842, #5841, #5837 ) ;
#5424 = AXIS2_PLACEMENT_3D ( 'NONE', #5845, #5843, #5838 ) ;
#5425 = AXIS2_PLACEMENT_3D ( 'NONE', #5848, #5846, #5844 ) ;
#5426 = AXIS2_PLACEMENT_3D ( 'NONE', #5851, #5849, #5847 ) ;
#5427 = AXIS2_PLACEMENT_3D ( 'NONE', #5854, #5852, #5850 ) ;
#5428 = AXIS2_PLACEMENT_3D ( 'NONE', #5857, #5855, #5853 ) ;
#5429 = AXIS2_PLACEMENT_3D ( 'NONE', #5856, #5861, #5862 ) ;
#5430 = AXIS2_PLACEMENT_3D ( 'NONE', #5859, #5865, #5866 ) ;
#5431 = AXIS2_PLACEMENT_3D ( 'NONE', #5860, #5869, #5870 ) ;
#5432 = AXIS2_PLACEMENT_3D ( 'NONE', #5864, #5873, #5874 ) ;
#5433 = AXIS2_PLACEMENT_3D ( 'NONE', #5868, #5877, #5878 ) ;
#5434 = AXIS2_PLACEMENT_3D ( 'NONE', #5872, #5881, #5882 ) ;
#5435 = AXIS2_PLACEMENT_3D ( 'NONE', #5876, #5885, #5886 ) ;
#5436 = AXIS2_PLACEMENT_3D ( 'NONE', #5880, #5889, #5890 ) ;
#5437 = AXIS2_PLACEMENT_3D ( 'NONE', #5884, #5893, #5894 ) ;
#5438 = AXIS2_PLACEMENT_3D ( 'NONE', #5888, #5897, #5898 ) ;
#5439 = AXIS2_PLACEMENT_3D ( 'NONE', #5900, #5899, #5892 ) ;
#5440 = AXIS2_PLACEMENT_3D ( 'NONE', #5903, #5901, #5896 ) ;
#5441 = AXIS2_PLACEMENT_3D ( 'NONE', #5906, #5904, #5902 ) ;
#5442 = AXIS2_PLACEMENT_3D ( 'NONE', #5909, #5907, #5905 ) ;
#5443 = AXIS2_PLACEMENT_3D ( 'NONE', #5912, #5910, #5908 ) ;
#5444 = AXIS2_PLACEMENT_3D ( 'NONE', #5915, #5913, #5911 ) ;
#5445 = AXIS2_PLACEMENT_3D ( 'NONE', #5918, #5916, #5914 ) ;
#5446 = AXIS2_PLACEMENT_3D ( 'NONE', #5921, #5919, #5917 ) ;
#5447 = AXIS2_PLACEMENT_3D ( 'NONE', #5924, #5922, #5920 ) ;
#5448 = AXIS2_PLACEMENT_3D ( 'NONE', #5927, #5925, #5923 ) ;
#5449 = AXIS2_PLACEMENT_3D ( 'NONE', #5926, #5931, #5932 ) ;
#5450 = AXIS2_PLACEMENT_3D ( 'NONE', #5929, #5935, #5936 ) ;
#5451 = AXIS2_PLACEMENT_3D ( 'NONE', #5930, #5939, #5940 ) ;
#5452 = AXIS2_PLACEMENT_3D ( 'NONE', #5934, #5943, #5944 ) ;
#5453 = AXIS2_PLACEMENT_3D ( 'NONE', #5938, #5947, #5948 ) ;
#5454 = AXIS2_PLACEMENT_3D ( 'NONE', #5950, #5949, #5942 ) ;
#5455 = AXIS2_PLACEMENT_3D ( 'NONE', #5953, #5951, #5946 ) ;
#5456 = AXIS2_PLACEMENT_3D ( 'NONE', #5956, #5954, #5952 ) ;
#5457 = AXIS2_PLACEMENT_3D ( 'NONE', #5955, #5960, #5961 ) ;
#5458 = AXIS2_PLACEMENT_3D ( 'NONE', #5958, #5964, #5965 ) ;
#5459 = AXIS2_PLACEMENT_3D ( 'NONE', #5959, #5968, #5969 ) ;
#5460 = AXIS2_PLACEMENT_3D ( 'NONE', #5963, #5972, #5973 ) ;
#5461 = AXIS2_PLACEMENT_3D ( 'NONE', #5975, #5974, #5967 ) ;
#5462 = AXIS2_PLACEMENT_3D ( 'NONE', #5978, #5976, #5971 ) ;
#5463 = AXIS2_PLACEMENT_3D ( 'NONE', #5981, #5979, #5977 ) ;
#5464 = AXIS2_PLACEMENT_3D ( 'NONE', #5984, #5982, #5980 ) ;
#5465 = AXIS2_PLACEMENT_3D ( 'NONE', #5987, #5985, #5983 ) ;
#5466 = AXIS2_PLACEMENT_3D ( 'NONE', #5990, #5988, #5986 ) ;
#5467 = AXIS2_PLACEMENT_3D ( 'NONE', #5993, #5991, #5989 ) ;
#5468 = AXIS2_PLACEMENT_3D ( 'NONE', #5996, #5994, #5992 ) ;
#5469 = AXIS2_PLACEMENT_3D ( 'NONE', #5999, #5997, #5995 ) ;
#5470 = AXIS2_PLACEMENT_3D ( 'NONE', #5998, #6003, #6004 ) ;
#5471 = AXIS2_PLACEMENT_3D ( 'NONE', #6002, #6007, #6008 ) ;
#5472 = AXIS2_PLACEMENT_3D ( 'NONE', #6010, #6009, #6006 ) ;
#5473 = AXIS2_PLACEMENT_3D ( 'NONE', #6013, #6011, #6005 ) ;
#5474 = AXIS2_PLACEMENT_3D ( 'NONE', #6016, #6014, #6012 ) ;
#5475 = AXIS2_PLACEMENT_3D ( 'NONE', #6602, #6603, #6604 ) ;
#5476 = AXIS2_PLACEMENT_3D ( 'NONE', #6606, #6600, #6608 ) ;
#5477 = AXIS2_PLACEMENT_3D ( 'NONE', #6601, #6611, #6612 ) ;
#5478 = AXIS2_PLACEMENT_3D ( 'NONE', #6614, #6613, #6607 ) ;
#5479 = AXIS2_PLACEMENT_3D ( 'NONE', #6610, #6618, #6619 ) ;
#5480 = AXIS2_PLACEMENT_3D ( 'NONE', #6621, #6620, #6616 ) ;
#5481 = AXIS2_PLACEMENT_3D ( 'NONE', #6624, #6622, #6617 ) ;
#5482 = AXIS2_PLACEMENT_3D ( 'NONE', #6627, #6625, #6623 ) ;
#5483 = AXIS2_PLACEMENT_3D ( 'NONE', #6626, #6631, #6632 ) ;
#5484 = AXIS2_PLACEMENT_3D ( 'NONE', #6629, #6635, #6636 ) ;
#5485 = AXIS2_PLACEMENT_3D ( 'NONE', #6630, #6639, #6640 ) ;
#5486 = AXIS2_PLACEMENT_3D ( 'NONE', #6634, #6643, #6644 ) ;
#5487 = AXIS2_PLACEMENT_3D ( 'NONE', #6638, #6647, #6648 ) ;
#5488 = AXIS2_PLACEMENT_3D ( 'NONE', #6650, #6649, #6642 ) ;
#5489 = AXIS2_PLACEMENT_3D ( 'NONE', #6646, #6654, #6655 ) ;
#5490 = AXIS2_PLACEMENT_3D ( 'NONE', #6652, #6658, #6659 ) ;
#5491 = AXIS2_PLACEMENT_3D ( 'NONE', #6657, #6662, #6663 ) ;
#5492 = AXIS2_PLACEMENT_3D ( 'NONE', #6656, #6666, #6667 ) ;
#5493 = AXIS2_PLACEMENT_3D ( 'NONE', #6665, #6670, #6671 ) ;
#5494 = AXIS2_PLACEMENT_3D ( 'NONE', #6664, #6674, #6675 ) ;
#5495 = AXIS2_PLACEMENT_3D ( 'NONE', #6673, #6678, #6679 ) ;
#5496 = AXIS2_PLACEMENT_3D ( 'NONE', #6672, #6682, #6683 ) ;
#5497 = AXIS2_PLACEMENT_3D ( 'NONE', #6677, #6686, #6687 ) ;
#5498 = AXIS2_PLACEMENT_3D ( 'NONE', #6681, #6690, #6691 ) ;
#5499 = AXIS2_PLACEMENT_3D ( 'NONE', #6685, #6694, #6695 ) ;
#5500 = AXIS2_PLACEMENT_3D ( 'NONE', #6689, #6698, #6699 ) ;
#5501 = AXIS2_PLACEMENT_3D ( 'NONE', #6693, #6702, #6703 ) ;
#5502 = AXIS2_PLACEMENT_3D ( 'NONE', #6697, #6706, #6707 ) ;
#5503 = AXIS2_PLACEMENT_3D ( 'NONE', #6701, #6710, #6711 ) ;
#5504 = AXIS2_PLACEMENT_3D ( 'NONE', #6705, #6714, #6715 ) ;
#5505 = AXIS2_PLACEMENT_3D ( 'NONE', #6717, #6716, #6709 ) ;
#5506 = AXIS2_PLACEMENT_3D ( 'NONE', #6720, #6718, #6713 ) ;
#5507 = AXIS2_PLACEMENT_3D ( 'NONE', #6723, #6721, #6719 ) ;
#5508 = AXIS2_PLACEMENT_3D ( 'NONE', #6726, #6724, #6722 ) ;
#5509 = AXIS2_PLACEMENT_3D ( 'NONE', #6725, #6730, #6731 ) ;
#5510 = AXIS2_PLACEMENT_3D ( 'NONE', #6728, #6734, #6735 ) ;
#5511 = AXIS2_PLACEMENT_3D ( 'NONE', #6729, #6738, #6739 ) ;
#5512 = AXIS2_PLACEMENT_3D ( 'NONE', #6733, #6742, #6743 ) ;
#5513 = AXIS2_PLACEMENT_3D ( 'NONE', #7455, #7464, #7465 ) ;
#5514 = AXIS2_PLACEMENT_3D ( 'NONE', #6737, #6746, #6747 ) ;
#5515 = DIRECTION ( 'NONE',  ( 0.0000000000000000000, 0.0000000000000000000, -1.000000000000000000 ) ) ;
#5516 = CARTESIAN_POINT ( 'NONE',  ( 0.5300000000000001400, -8.350000000000001400, 2.085000000000000000 ) ) ;
#5517 = DIRECTION ( 'NONE',  ( -0.0000000000000000000, -0.0000000000000000000, 1.000000000000000000 ) ) ;
#5518 = DIRECTION ( 'NONE',  ( -1.000000000000000000, -2.668805347656625700E-015, 0.0000000000000000000 ) ) ;
#5519 = CARTESIAN_POINT ( 'NONE',  ( -0.9699999999999999700, -8.350000000000001400, 2.085000000000000000 ) ) ;
#5520 = CARTESIAN_POINT ( 'NONE',  ( 3.069999999999999800, -8.350000000000001400, 2.434999999999999600 ) ) ;
#5521 = DIRECTION ( 'NONE',  ( 0.0000000000000000000, 0.0000000000000000000, -1.000000000000000000 ) ) ;
#5522 = DIRECTION ( 'NONE',  ( -1.000000000000000000, 0.0000000000000000000, 0.0000000000000000000 ) ) ;
#5523 = CARTESIAN_POINT ( 'NONE',  ( -0.8849999999306907800, -8.847770026975617000, 2.259999999999999300 ) ) ;
#5524 = CARTESIAN_POINT ( 'NONE',  ( -0.7266666667280108300, -8.017150351072041700, 2.259999999999999800 ) ) ;
#5525 = CARTESIAN_POINT ( 'NONE',  ( 0.5300000000000001400, -8.350000000000001400, 2.434999999999999600 ) ) ;
#5526 = DIRECTION ( 'NONE',  ( -0.0000000000000000000, -0.0000000000000000000, 1.000000000000000000 ) ) ;
#5527 = DIRECTION ( 'NONE',  ( -1.000000000000000000, 0.0000000000000000000, 0.0000000000000000000 ) ) ;
#5528 = DIRECTION ( 'NONE',  ( 0.0000000000000000000, 0.0000000000000000000, -1.000000000000000000 ) ) ;
#5529 = DIRECTION ( 'NONE',  ( 0.0000000000000000000, 0.0000000000000000000, -1.000000000000000000 ) ) ;
#5530 = CARTESIAN_POINT ( 'NONE',  ( -0.7700000000000000200, -8.350000000000001400, 2.434999999999999600 ) ) ;
#5531 = DIRECTION ( 'NONE',  ( 0.0000000000000000000, 0.0000000000000000000, -1.000000000000000000 ) ) ;
#5532 = DIRECTION ( 'NONE',  ( 0.0000000000000000000, 0.0000000000000000000, -1.000000000000000000 ) ) ;
#5533 = CARTESIAN_POINT ( 'NONE',  ( -2.009999999999999800, -8.350000000000001400, 2.085000000000000000 ) ) ;
#5534 = DIRECTION ( 'NONE',  ( -0.0000000000000000000, -0.0000000000000000000, 1.000000000000000000 ) ) ;
#5535 = DIRECTION ( 'NONE',  ( -1.000000000000000000, 6.672013369141565800E-015, 0.0000000000000000000 ) ) ;
#5536 = CARTESIAN_POINT ( 'NONE',  ( -4.400000000000000400, 6.649999999999999500, 19.93101842600000500 ) ) ;
#5537 = DIRECTION ( 'NONE',  ( 0.0000000000000000000, 0.3515052317917548600, -0.9361859174453676100 ) ) ;
#5538 = CARTESIAN_POINT ( 'NONE',  ( -2.009999999999999800, -8.350000000000001400, 2.434999999999999600 ) ) ;
#5539 = DIRECTION ( 'NONE',  ( 0.0000000000000000000, 0.0000000000000000000, -1.000000000000000000 ) ) ;
#5540 = DIRECTION ( 'NONE',  ( -1.000000000000000000, 0.0000000000000000000, 0.0000000000000000000 ) ) ;
#5541 = CARTESIAN_POINT ( 'NONE',  ( -4.400000000000000400, 6.649999999999999500, 20.50000000000000000 ) ) ;
#5542 = CARTESIAN_POINT ( 'NONE',  ( -4.400000000000000400, 6.649999999999999500, 17.15728932800000500 ) ) ;
#5543 = CARTESIAN_POINT ( 'NONE',  ( 0.5300000000000001400, -8.350000000000001400, 2.085000000000000000 ) ) ;
#5544 = DIRECTION ( 'NONE',  ( 0.0000000000000000000, 0.0000000000000000000, -1.000000000000000000 ) ) ;
#5545 = DIRECTION ( 'NONE',  ( -1.000000000000000000, 0.0000000000000000000, 0.0000000000000000000 ) ) ;
#5546 = CARTESIAN_POINT ( 'NONE',  ( -5.400000000000001200, -7.669999999999999900, 17.56449194900000100 ) ) ;
#5547 = DIRECTION ( 'NONE',  ( 0.0000000000000000000, 0.0000000000000000000, 1.000000000000000000 ) ) ;
#5548 = CARTESIAN_POINT ( 'NONE',  ( -5.400000000000001200, -6.669999999999999900, 20.50000000000000000 ) ) ;
#5549 = DIRECTION ( 'NONE',  ( 0.0000000000000000000, -0.3515052317917548600, 0.9361859174453676100 ) ) ;
#5550 = CARTESIAN_POINT ( 'NONE',  ( -5.400000000000000400, -6.669999999999999900, 17.22383541400000300 ) ) ;
#5551 = DIRECTION ( 'NONE',  ( 0.0000000000000000000, 0.9465831779914595200, -0.3224597449970907400 ) ) ;
#5552 = CARTESIAN_POINT ( 'NONE',  ( -5.400000000000001200, -6.669999999999999900, 19.87976754300000000 ) ) ;
#5553 = DIRECTION ( 'NONE',  ( 0.0000000000000000000, -0.3224597449970907400, -0.9465831779914595200 ) ) ;
#5554 = CARTESIAN_POINT ( 'NONE',  ( -3.399999999999999900, -7.480683364026698500, 17.50000000000909500 ) ) ;
#5555 = DIRECTION ( 'NONE',  ( 0.0000000000000000000, 0.0000000000000000000, -1.000000000000000000 ) ) ;
#5556 = CARTESIAN_POINT ( 'NONE',  ( -3.399999999999999900, -7.669999999593827100, 17.56449194886163700 ) ) ;
#5557 = DIRECTION ( 'NONE',  ( 0.0000000000000000000, 0.3224597449970907400, 0.9465831779914595200 ) ) ;
#5558 = CARTESIAN_POINT ( 'NONE',  ( 3.399999999999999900, -6.669999999999999900, 20.50000000000000000 ) ) ;
#5559 = DIRECTION ( 'NONE',  ( -1.000000000000000000, 0.0000000000000000000, -0.0000000000000000000 ) ) ;
#5560 = CARTESIAN_POINT ( 'NONE',  ( -3.399999999999999900, -7.669999999999999900, 17.56449194900000100 ) ) ;
#5561 = CARTESIAN_POINT ( 'NONE',  ( 3.399999999999999900, -6.669999999999999900, 17.22383541400000300 ) ) ;
#5562 = DIRECTION ( 'NONE',  ( 0.0000000000000000000, 0.9465831781994193900, -0.3224597443866229500 ) ) ;
#5563 = DIRECTION ( 'NONE',  ( 1.000000000000000000, 0.0000000000000000000, 0.0000000000000000000 ) ) ;
#5564 = CARTESIAN_POINT ( 'NONE',  ( -3.399999999999999900, -6.669999999999999900, 19.87976754300000000 ) ) ;
#5565 = DIRECTION ( 'NONE',  ( -0.0000000000000000000, -0.3224597449970907400, -0.9465831779914595200 ) ) ;
#5566 = CARTESIAN_POINT ( 'NONE',  ( -3.399999999999999900, -6.669999999999999900, 17.22383541400000300 ) ) ;
#5567 = DIRECTION ( 'NONE',  ( -0.0000000000000000000, -0.0000000000000000000, 1.000000000000000000 ) ) ;
#5568 = CARTESIAN_POINT ( 'NONE',  ( -3.399999999999999900, -6.669999999999999900, 20.50000000000000000 ) ) ;
#5569 = DIRECTION ( 'NONE',  ( -0.0000000000000000000, 0.3224597449970907400, 0.9465831779914595200 ) ) ;
#5570 = CARTESIAN_POINT ( 'NONE',  ( 3.399999999999999900, -7.669999999999999900, 17.56449194900000100 ) ) ;
#5571 = CARTESIAN_POINT ( 'NONE',  ( 3.399999999999999900, -6.669999999999999900, 19.87976754300000000 ) ) ;
#5572 = DIRECTION ( 'NONE',  ( 0.0000000000000000000, 0.9465831779914595200, -0.3224597449970907400 ) ) ;
#5573 = DIRECTION ( 'NONE',  ( 0.0000000000000000000, -0.3224597449970907400, -0.9465831779914595200 ) ) ;
#5574 = CARTESIAN_POINT ( 'NONE',  ( 3.399999999999999900, -7.480683364026698500, 17.50000000000909500 ) ) ;
#5575 = DIRECTION ( 'NONE',  ( -0.0000000000000000000, -0.0000000000000000000, -1.000000000000000000 ) ) ;
#5576 = CARTESIAN_POINT ( 'NONE',  ( 3.399999999999999900, -7.669999999593827100, 17.56449194886163700 ) ) ;
#5577 = DIRECTION ( 'NONE',  ( 0.0000000000000000000, 0.3224597449970907400, 0.9465831779914595200 ) ) ;
#5578 = CARTESIAN_POINT ( 'NONE',  ( -3.311999999999999400, 3.860000000000000300, 8.800000000000000700 ) ) ;
#5579 = DIRECTION ( 'NONE',  ( -1.000000000000000000, 0.0000000000000000000, -0.0000000000000000000 ) ) ;
#5580 = CARTESIAN_POINT ( 'NONE',  ( 5.400000000000000400, -7.669999999999999900, 17.56449194900000100 ) ) ;
#5581 = CARTESIAN_POINT ( 'NONE',  ( -2.295999999999999800, -2.949999999999999700, 8.800000000000000700 ) ) ;
#5582 = DIRECTION ( 'NONE',  ( 0.0000000000000000000, 0.9465831781994193900, -0.3224597443866229500 ) ) ;
#5583 = DIRECTION ( 'NONE',  ( 1.000000000000000000, 0.0000000000000000000, 0.0000000000000000000 ) ) ;
#5584 = CARTESIAN_POINT ( 'NONE',  ( 5.400000000000001200, -6.669999999999999900, 19.87976754300000000 ) ) ;
#5585 = DIRECTION ( 'NONE',  ( -0.0000000000000000000, -0.3224597449970907400, -0.9465831779914595200 ) ) ;
#5586 = CARTESIAN_POINT ( 'NONE',  ( 5.400000000000000400, -6.669999999999999900, 17.22383541400000300 ) ) ;
#5587 = DIRECTION ( 'NONE',  ( 0.0000000000000000000, 0.0000000000000000000, 1.000000000000000000 ) ) ;
#5588 = CARTESIAN_POINT ( 'NONE',  ( 5.400000000000001200, -6.669999999999999900, 20.50000000000000000 ) ) ;
#5589 = DIRECTION ( 'NONE',  ( -0.0000000000000000000, 0.3224597449970907400, 0.9465831779914595200 ) ) ;
#5590 = CARTESIAN_POINT ( 'NONE',  ( -3.311999999999999400, -2.949999999999999700, 8.800000000000000700 ) ) ;
#5591 = CARTESIAN_POINT ( 'NONE',  ( -2.295999999999999800, 3.860000000000000300, 8.800000000000000700 ) ) ;
#5592 = DIRECTION ( 'NONE',  ( 0.0000000000000000000, -1.000000000000000000, -0.0000000000000000000 ) ) ;
#5593 = DIRECTION ( 'NONE',  ( -0.0000000000000000000, 0.0000000000000000000, -1.000000000000000000 ) ) ;
#5594 = CARTESIAN_POINT ( 'NONE',  ( -1.279999999999999800, -2.949999999999999700, 8.800000000000000700 ) ) ;
#5595 = DIRECTION ( 'NONE',  ( 0.0000000000000000000, -1.000000000000000000, -0.0000000000000000000 ) ) ;
#5596 = CARTESIAN_POINT ( 'NONE',  ( -1.279999999999999800, 3.860000000000000300, 8.800000000000000700 ) ) ;
#5597 = DIRECTION ( 'NONE',  ( -0.0000000000000000000, 0.0000000000000000000, -1.000000000000000000 ) ) ;
#5598 = CARTESIAN_POINT ( 'NONE',  ( -0.2640000000000003500, -2.949999999999999700, 8.800000000000000700 ) ) ;
#5599 = DIRECTION ( 'NONE',  ( 0.0000000000000000000, -1.000000000000000000, -0.0000000000000000000 ) ) ;
#5600 = CARTESIAN_POINT ( 'NONE',  ( -0.2640000000000003500, 3.860000000000000300, 8.800000000000000700 ) ) ;
#5601 = DIRECTION ( 'NONE',  ( -0.0000000000000000000, 0.0000000000000000000, -1.000000000000000000 ) ) ;
#5602 = CARTESIAN_POINT ( 'NONE',  ( 0.7520000000000001100, -2.949999999999999700, 8.800000000000000700 ) ) ;
#5603 = DIRECTION ( 'NONE',  ( 0.0000000000000000000, -1.000000000000000000, -0.0000000000000000000 ) ) ;
#5604 = CARTESIAN_POINT ( 'NONE',  ( 0.7520000000000001100, 3.860000000000000300, 8.800000000000000700 ) ) ;
#5605 = DIRECTION ( 'NONE',  ( -0.0000000000000000000, 0.0000000000000000000, -1.000000000000000000 ) ) ;
#5606 = CARTESIAN_POINT ( 'NONE',  ( 1.768000000000000500, -2.949999999999999700, 8.800000000000000700 ) ) ;
#5607 = DIRECTION ( 'NONE',  ( 0.0000000000000000000, -1.000000000000000000, -0.0000000000000000000 ) ) ;
#5608 = CARTESIAN_POINT ( 'NONE',  ( 1.768000000000000500, 3.860000000000000300, 8.800000000000000700 ) ) ;
#5609 = DIRECTION ( 'NONE',  ( -0.0000000000000000000, 0.0000000000000000000, -1.000000000000000000 ) ) ;
#5610 = CARTESIAN_POINT ( 'NONE',  ( 2.784000000000000700, -2.949999999999999700, 8.800000000000000700 ) ) ;
#5611 = DIRECTION ( 'NONE',  ( 0.0000000000000000000, -1.000000000000000000, -0.0000000000000000000 ) ) ;
#5612 = CARTESIAN_POINT ( 'NONE',  ( 2.784000000000000700, 3.860000000000000300, 8.800000000000000700 ) ) ;
#5613 = DIRECTION ( 'NONE',  ( -0.0000000000000000000, 0.0000000000000000000, -1.000000000000000000 ) ) ;
#5614 = CARTESIAN_POINT ( 'NONE',  ( 3.800000000000000300, -2.949999999999999700, 8.800000000000000700 ) ) ;
#5615 = DIRECTION ( 'NONE',  ( 0.0000000000000000000, -1.000000000000000000, -0.0000000000000000000 ) ) ;
#5616 = CARTESIAN_POINT ( 'NONE',  ( 3.800000000000000300, 3.860000000000000300, 8.800000000000000700 ) ) ;
#5617 = DIRECTION ( 'NONE',  ( -0.0000000000000000000, 0.0000000000000000000, -1.000000000000000000 ) ) ;
#5618 = CARTESIAN_POINT ( 'NONE',  ( 5.970000000000000600, 1.155000000000000000, 19.44261204999999400 ) ) ;
#5619 = DIRECTION ( 'NONE',  ( 0.0000000000000000000, -1.000000000000000000, -0.0000000000000000000 ) ) ;
#5620 = CARTESIAN_POINT ( 'NONE',  ( 5.970000000000000600, 3.860000000000000300, 19.44261204999999400 ) ) ;
#5621 = DIRECTION ( 'NONE',  ( -0.0000000000000000000, 0.0000000000000000000, -1.000000000000000000 ) ) ;
#5622 = CARTESIAN_POINT ( 'NONE',  ( 5.970000000000000600, -1.730000000000000200, 8.800000000000000700 ) ) ;
#5623 = DIRECTION ( 'NONE',  ( -0.1891453365477584200, 0.0000000000000000000, -0.9819491033970320100 ) ) ;
#5624 = CARTESIAN_POINT ( 'NONE',  ( 3.884999999999999800, -1.730000000000000200, 11.47000000000000100 ) ) ;
#5625 = DIRECTION ( 'NONE',  ( -0.0000000000000000000, 1.000000000000000000, 0.0000000000000000000 ) ) ;
#5626 = CARTESIAN_POINT ( 'NONE',  ( 5.970000000000000600, 1.155000000000000200, 8.800000000000000700 ) ) ;
#5627 = DIRECTION ( 'NONE',  ( -0.0000000000000000000, -0.0000000000000000000, 1.000000000000000000 ) ) ;
#5628 = CARTESIAN_POINT ( 'NONE',  ( 5.970000000000000600, -1.730000000000000200, 11.47000000000000100 ) ) ;
#5629 = CARTESIAN_POINT ( 'NONE',  ( 3.120000000000000600, -2.949999999999999700, 8.800000000000000700 ) ) ;
#5630 = DIRECTION ( 'NONE',  ( -1.000000000000000000, -0.0000000000000000000, 0.0000000000000000000 ) ) ;
#5631 = DIRECTION ( 'NONE',  ( -0.0000000000000000000, -0.0000000000000000000, 1.000000000000000000 ) ) ;
#5632 = CARTESIAN_POINT ( 'NONE',  ( -5.970000000000000600, -1.730000000000000200, 8.800000000000000700 ) ) ;
#5633 = DIRECTION ( 'NONE',  ( 1.000000000000000000, 0.0000000000000000000, -0.0000000000000000000 ) ) ;
#5634 = CARTESIAN_POINT ( 'NONE',  ( 3.884999999999999800, -1.730000000000000200, 11.47000000000000100 ) ) ;
#5635 = CARTESIAN_POINT ( 'NONE',  ( -2.029999999999999800, -2.949999999999999700, 8.800000000000000700 ) ) ;
#5636 = DIRECTION ( 'NONE',  ( 0.0000000000000000000, 0.0000000000000000000, -1.000000000000000000 ) ) ;
#5637 = DIRECTION ( 'NONE',  ( 0.0000000000000000000, -1.000000000000000000, -0.0000000000000000000 ) ) ;
#5638 = CARTESIAN_POINT ( 'NONE',  ( 3.885000000000000200, -2.949999999999999700, 8.800000000000000700 ) ) ;
#5639 = DIRECTION ( 'NONE',  ( -0.0000000000000000000, 1.000000000000000000, 0.0000000000000000000 ) ) ;
#5640 = CARTESIAN_POINT ( 'NONE',  ( 3.884999999999999800, -2.949999999999999700, 8.800000000000000700 ) ) ;
#5641 = DIRECTION ( 'NONE',  ( 0.0000000000000000000, -0.0000000000000000000, -1.000000000000000000 ) ) ;
#5642 = CARTESIAN_POINT ( 'NONE',  ( 3.120000000000000600, -2.949999999999999700, 8.800000000000000700 ) ) ;
#5643 = DIRECTION ( 'NONE',  ( -0.0000000000000000000, 1.000000000000000000, 0.0000000000000000000 ) ) ;
#5644 = CARTESIAN_POINT ( 'NONE',  ( 3.120000000000000600, -2.949999999999999700, 20.50000000000000000 ) ) ;
#5645 = CARTESIAN_POINT ( 'NONE',  ( -2.029999999999999800, -5.619999999999999200, 8.800000000000000700 ) ) ;
#5646 = DIRECTION ( 'NONE',  ( -0.0000000000000000000, 1.000000000000000000, 0.0000000000000000000 ) ) ;
#5647 = DIRECTION ( 'NONE',  ( -0.0000000000000000000, 0.0000000000000000000, 1.000000000000000000 ) ) ;
#5648 = CARTESIAN_POINT ( 'NONE',  ( 5.970000000000000600, -2.949999999999999700, 11.47000000000000100 ) ) ;
#5649 = DIRECTION ( 'NONE',  ( -1.000000000000000000, -0.0000000000000000000, -0.0000000000000000000 ) ) ;
#5650 = CARTESIAN_POINT ( 'NONE',  ( 5.970000000000000600, 3.860000000000000300, 11.47000000000000100 ) ) ;
#5651 = DIRECTION ( 'NONE',  ( 0.0000000000000000000, -1.000000000000000000, -0.0000000000000000000 ) ) ;
#5652 = CARTESIAN_POINT ( 'NONE',  ( 2.029999999999999800, -2.949999999999999700, 8.800000000000000700 ) ) ;
#5653 = DIRECTION ( 'NONE',  ( -0.0000000000000000000, 1.000000000000000000, 0.0000000000000000000 ) ) ;
#5654 = CARTESIAN_POINT ( 'NONE',  ( 2.029999999999999800, -5.619999999999999200, 8.800000000000000700 ) ) ;
#5655 = DIRECTION ( 'NONE',  ( 0.0000000000000000000, -0.0000000000000000000, -1.000000000000000000 ) ) ;
#5656 = CARTESIAN_POINT ( 'NONE',  ( 2.029999999999999800, -4.599999999999999600, 20.50000000000000000 ) ) ;
#5657 = CARTESIAN_POINT ( 'NONE',  ( 0.2920000000000000400, 3.860000000000000300, 8.800000000000000700 ) ) ;
#5658 = DIRECTION ( 'NONE',  ( -0.0000000000000000000, 1.000000000000000000, 0.0000000000000000000 ) ) ;
#5659 = DIRECTION ( 'NONE',  ( 0.0000000000000000000, -1.000000000000000000, -0.0000000000000000000 ) ) ;
#5660 = CARTESIAN_POINT ( 'NONE',  ( -2.029999999999999800, -4.599999999999999600, 20.50000000000000000 ) ) ;
#5661 = CARTESIAN_POINT ( 'NONE',  ( 0.2920000000000000400, 3.860000000000000300, 18.94053300399999900 ) ) ;
#5662 = DIRECTION ( 'NONE',  ( -0.0000000000000000000, -1.000000000000000000, 0.0000000000000000000 ) ) ;
#5663 = DIRECTION ( 'NONE',  ( -0.0000000000000000000, 0.0000000000000000000, 1.000000000000000000 ) ) ;
#5664 = CARTESIAN_POINT ( 'NONE',  ( -3.884999999999999800, -1.730000000000000200, 11.47000000000000100 ) ) ;
#5665 = DIRECTION ( 'NONE',  ( 0.0000000000000000000, 1.000000000000000000, 0.0000000000000000000 ) ) ;
#5666 = CARTESIAN_POINT ( 'NONE',  ( -3.884999999999999800, -2.949999999999999700, 8.800000000000000700 ) ) ;
#5667 = DIRECTION ( 'NONE',  ( -0.0000000000000000000, 0.0000000000000000000, 1.000000000000000000 ) ) ;
#5668 = CARTESIAN_POINT ( 'NONE',  ( -3.884999999999999800, -2.949999999999999700, 8.800000000000000700 ) ) ;
#5669 = DIRECTION ( 'NONE',  ( 0.0000000000000000000, -1.000000000000000000, -0.0000000000000000000 ) ) ;
#5670 = CARTESIAN_POINT ( 'NONE',  ( -0.7240000000000000900, 3.860000000000000300, 18.00621949700000000 ) ) ;
#5671 = CARTESIAN_POINT ( 'NONE',  ( 0.2920000000000000400, 3.860000000000000300, 8.800000000000000700 ) ) ;
#5672 = DIRECTION ( 'NONE',  ( 0.0000000000000000000, 0.3746065929078976600, 0.9271838547720384600 ) ) ;
#5673 = DIRECTION ( 'NONE',  ( -0.0000000000000000000, -1.000000000000000000, 0.0000000000000000000 ) ) ;
#5674 = CARTESIAN_POINT ( 'NONE',  ( 1.308000000000000100, 3.860000000000000300, 8.800000000000000700 ) ) ;
#5675 = DIRECTION ( 'NONE',  ( 0.0000000000000000000, -0.3746065929078976600, -0.9271838547720384600 ) ) ;
#5676 = CARTESIAN_POINT ( 'NONE',  ( 1.308000000000000100, 3.860000000000000300, 18.94053300399999900 ) ) ;
#5677 = DIRECTION ( 'NONE',  ( -0.0000000000000000000, -0.0000000000000000000, -1.000000000000000000 ) ) ;
#5678 = CARTESIAN_POINT ( 'NONE',  ( 0.2920000000000000400, 3.860000000000000300, 18.00621949700000000 ) ) ;
#5679 = CARTESIAN_POINT ( 'NONE',  ( 1.308000000000000100, 3.860000000000000300, 8.800000000000000700 ) ) ;
#5680 = DIRECTION ( 'NONE',  ( 0.0000000000000000000, 0.3746065929078976600, 0.9271838547720384600 ) ) ;
#5681 = DIRECTION ( 'NONE',  ( -0.0000000000000000000, -1.000000000000000000, 0.0000000000000000000 ) ) ;
#5682 = CARTESIAN_POINT ( 'NONE',  ( 2.323999999999999800, 3.860000000000000300, 8.800000000000000700 ) ) ;
#5683 = DIRECTION ( 'NONE',  ( 0.0000000000000000000, -0.3746065929078976600, -0.9271838547720384600 ) ) ;
#5684 = CARTESIAN_POINT ( 'NONE',  ( 2.323999999999999800, 3.860000000000000300, 18.94053300399999900 ) ) ;
#5685 = DIRECTION ( 'NONE',  ( -0.0000000000000000000, -0.0000000000000000000, -1.000000000000000000 ) ) ;
#5686 = CARTESIAN_POINT ( 'NONE',  ( 1.308000000000000100, 3.860000000000000300, 18.00621949700000000 ) ) ;
#5687 = CARTESIAN_POINT ( 'NONE',  ( 2.323999999999999800, 3.860000000000000300, 8.800000000000000700 ) ) ;
#5688 = DIRECTION ( 'NONE',  ( 0.0000000000000000000, 0.3746065929078976600, 0.9271838547720384600 ) ) ;
#5689 = DIRECTION ( 'NONE',  ( -0.0000000000000000000, -1.000000000000000000, 0.0000000000000000000 ) ) ;
#5690 = CARTESIAN_POINT ( 'NONE',  ( 3.340000000000000300, 3.860000000000000300, 8.800000000000000700 ) ) ;
#5691 = DIRECTION ( 'NONE',  ( 0.0000000000000000000, -0.3746065929078976600, -0.9271838547720384600 ) ) ;
#5692 = CARTESIAN_POINT ( 'NONE',  ( 3.340000000000000300, 3.860000000000000300, 18.94053300399999900 ) ) ;
#5693 = DIRECTION ( 'NONE',  ( -0.0000000000000000000, -0.0000000000000000000, -1.000000000000000000 ) ) ;
#5694 = CARTESIAN_POINT ( 'NONE',  ( 2.323999999999999800, 3.860000000000000300, 18.00621949700000000 ) ) ;
#5695 = PLANE ( 'NONE',  #5387 ) ;
#5696 = DIRECTION ( 'NONE',  ( 0.0000000000000000000, 0.3746065929078976600, 0.9271838547720384600 ) ) ;
#5697 = DIRECTION ( 'NONE',  ( -0.0000000000000000000, -1.000000000000000000, 0.0000000000000000000 ) ) ;
#5698 = DIRECTION ( 'NONE',  ( 0.0000000000000000000, -0.3746065929078976600, -0.9271838547720384600 ) ) ;
#5699 = PLANE ( 'NONE',  #5386 ) ;
#5700 = CARTESIAN_POINT ( 'NONE',  ( -4.609999999999999400, -7.354459945999998600, 4.624999999999999100 ) ) ;
#5701 = CARTESIAN_POINT ( 'NONE',  ( -5.799329208000000500, -10.27000000000000000, 2.085000000000000000 ) ) ;
#5702 = DIRECTION ( 'NONE',  ( 1.000000000000000000, 0.0000000000000000000, 0.0000000000000000000 ) ) ;
#5703 = DIRECTION ( 'NONE',  ( 0.0000000000000000000, 0.0000000000000000000, -1.000000000000000000 ) ) ;
#5704 = CARTESIAN_POINT ( 'NONE',  ( -5.799329208000000500, -10.27000000000000000, 4.624999999999999100 ) ) ;
#5705 = CARTESIAN_POINT ( 'NONE',  ( -4.270000000000000500, -7.354459945999998600, 4.624999999999999100 ) ) ;
#5706 = DIRECTION ( 'NONE',  ( 0.0000000000000000000, 0.0000000000000000000, 1.000000000000000000 ) ) ;
#5707 = DIRECTION ( 'NONE',  ( 1.000000000000000000, 0.0000000000000000000, -0.0000000000000000000 ) ) ;
#5708 = PLANE ( 'NONE',  #5388 ) ;
#5709 = PLANE ( 'NONE',  #5389 ) ;
#5710 = DIRECTION ( 'NONE',  ( -1.000000000000000000, 0.0000000000000000000, 0.0000000000000000000 ) ) ;
#5711 = DIRECTION ( 'NONE',  ( 0.0000000000000000000, 0.0000000000000000000, 1.000000000000000000 ) ) ;
#5712 = PLANE ( 'NONE',  #5390 ) ;
#5713 = CARTESIAN_POINT ( 'NONE',  ( -5.799329208000000500, -10.27000000000000000, 4.975000000000000500 ) ) ;
#5714 = DIRECTION ( 'NONE',  ( 0.0000000000000000000, 0.0000000000000000000, 1.000000000000000000 ) ) ;
#5715 = DIRECTION ( 'NONE',  ( 1.000000000000000000, 0.0000000000000000000, -0.0000000000000000000 ) ) ;
#5716 = PLANE ( 'NONE',  #5391 ) ;
#5717 = CARTESIAN_POINT ( 'NONE',  ( -5.799329208000000500, -10.27000000000000000, 4.624999999999999100 ) ) ;
#5718 = DIRECTION ( 'NONE',  ( 0.0000000000000000000, 0.0000000000000000000, -1.000000000000000000 ) ) ;
#5719 = DIRECTION ( 'NONE',  ( -1.000000000000000000, 0.0000000000000000000, -0.0000000000000000000 ) ) ;
#5720 = CARTESIAN_POINT ( 'NONE',  ( -5.799329208000000500, -10.27000000000000000, 2.434999999999999600 ) ) ;
#5721 = CARTESIAN_POINT ( 'NONE',  ( -1.730000000000000200, -7.354459945999998600, 4.624999999999999100 ) ) ;
#5722 = DIRECTION ( 'NONE',  ( 0.0000000000000000000, 0.0000000000000000000, 1.000000000000000000 ) ) ;
#5723 = DIRECTION ( 'NONE',  ( 1.000000000000000000, 0.0000000000000000000, -0.0000000000000000000 ) ) ;
#5724 = PLANE ( 'NONE',  #5392 ) ;
#5725 = PLANE ( 'NONE',  #5393 ) ;
#5726 = DIRECTION ( 'NONE',  ( -1.000000000000000000, 0.0000000000000000000, 0.0000000000000000000 ) ) ;
#5727 = DIRECTION ( 'NONE',  ( 0.0000000000000000000, 0.0000000000000000000, 1.000000000000000000 ) ) ;
#5728 = CARTESIAN_POINT ( 'NONE',  ( -5.799329208000000500, -10.27000000000000000, 2.085000000000000000 ) ) ;
#5729 = CARTESIAN_POINT ( 'NONE',  ( -0.8000000000000000400, -7.354459945999998600, 2.434999999999999600 ) ) ;
#5730 = DIRECTION ( 'NONE',  ( 0.0000000000000000000, 0.0000000000000000000, -1.000000000000000000 ) ) ;
#5731 = DIRECTION ( 'NONE',  ( -1.000000000000000000, 0.0000000000000000000, -0.0000000000000000000 ) ) ;
#5732 = PLANE ( 'NONE',  #5394 ) ;
#5733 = PLANE ( 'NONE',  #5395 ) ;
#5734 = DIRECTION ( 'NONE',  ( 1.000000000000000000, 0.0000000000000000000, 0.0000000000000000000 ) ) ;
#5735 = DIRECTION ( 'NONE',  ( 0.0000000000000000000, 0.0000000000000000000, -1.000000000000000000 ) ) ;
#5736 = CARTESIAN_POINT ( 'NONE',  ( -5.799329208000000500, -10.27000000000000000, 2.434999999999999600 ) ) ;
#5737 = CARTESIAN_POINT ( 'NONE',  ( -3.000000000000000000, -6.470000000000000600, 2.434999999999999600 ) ) ;
#5738 = DIRECTION ( 'NONE',  ( 0.0000000000000000000, 0.0000000000000000000, 1.000000000000000000 ) ) ;
#5739 = DIRECTION ( 'NONE',  ( 1.000000000000000000, 0.0000000000000000000, -0.0000000000000000000 ) ) ;
#5740 = PLANE ( 'NONE',  #5396 ) ;
#5741 = PLANE ( 'NONE',  #5397 ) ;
#5742 = DIRECTION ( 'NONE',  ( -1.000000000000000000, 0.0000000000000000000, 0.0000000000000000000 ) ) ;
#5743 = DIRECTION ( 'NONE',  ( 0.0000000000000000000, 0.0000000000000000000, 1.000000000000000000 ) ) ;
#5744 = CARTESIAN_POINT ( 'NONE',  ( -2.069999999999999800, -7.354459945999998600, 4.624999999999999100 ) ) ;
#5745 = CARTESIAN_POINT ( 'NONE',  ( -3.340000000000000300, -7.354459945999998600, 2.434999999999999600 ) ) ;
#5746 = DIRECTION ( 'NONE',  ( 0.0000000000000000000, 0.0000000000000000000, -1.000000000000000000 ) ) ;
#5747 = DIRECTION ( 'NONE',  ( -1.000000000000000000, 0.0000000000000000000, -0.0000000000000000000 ) ) ;
#5748 = PLANE ( 'NONE',  #5398 ) ;
#5749 = CARTESIAN_POINT ( 'NONE',  ( -4.400000000000000400, -8.450000000000001100, 14.85000000000000100 ) ) ;
#5750 = DIRECTION ( 'NONE',  ( 1.000000000000000000, 0.0000000000000000000, 0.0000000000000000000 ) ) ;
#5751 = DIRECTION ( 'NONE',  ( 0.0000000000000000000, 0.0000000000000000000, -1.000000000000000000 ) ) ;
#5752 = PLANE ( 'NONE',  #5399 ) ;
#5753 = CARTESIAN_POINT ( 'NONE',  ( -6.550000000000000700, 6.850000000000000500, 0.0000000000000000000 ) ) ;
#5754 = DIRECTION ( 'NONE',  ( 1.000000000000000000, 0.0000000000000000000, 0.0000000000000000000 ) ) ;
#5755 = DIRECTION ( 'NONE',  ( 0.0000000000000000000, 0.0000000000000000000, -1.000000000000000000 ) ) ;
#5756 = PLANE ( 'NONE',  #5400 ) ;
#5757 = CARTESIAN_POINT ( 'NONE',  ( -4.400000000000000400, -9.650000000000000400, 13.30000000000000100 ) ) ;
#5758 = DIRECTION ( 'NONE',  ( 0.0000000000000000000, -1.000000000000000000, 0.0000000000000000000 ) ) ;
#5759 = DIRECTION ( 'NONE',  ( 0.0000000000000000000, -0.0000000000000000000, -1.000000000000000000 ) ) ;
#5760 = PLANE ( 'NONE',  #5401 ) ;
#5761 = CARTESIAN_POINT ( 'NONE',  ( 6.550000000000000700, 6.850000000000000500, 0.0000000000000000000 ) ) ;
#5762 = DIRECTION ( 'NONE',  ( 1.000000000000000000, 0.0000000000000000000, 0.0000000000000000000 ) ) ;
#5763 = DIRECTION ( 'NONE',  ( 0.0000000000000000000, 0.0000000000000000000, -1.000000000000000000 ) ) ;
#5764 = PLANE ( 'NONE',  #5402 ) ;
#5765 = CARTESIAN_POINT ( 'NONE',  ( 6.750000000000000000, -6.470000000000000600, 0.2000000000000000100 ) ) ;
#5766 = DIRECTION ( 'NONE',  ( 0.0000000000000000000, -1.000000000000000000, 0.0000000000000000000 ) ) ;
#5767 = DIRECTION ( 'NONE',  ( 0.0000000000000000000, -0.0000000000000000000, -1.000000000000000000 ) ) ;
#5768 = PLANE ( 'NONE',  #5403 ) ;
#5769 = CARTESIAN_POINT ( 'NONE',  ( 6.750000000000000000, 6.850000000000000500, 20.50000000000000000 ) ) ;
#5770 = DIRECTION ( 'NONE',  ( -1.000000000000000000, 0.0000000000000000000, 0.0000000000000000000 ) ) ;
#5771 = DIRECTION ( 'NONE',  ( 0.0000000000000000000, 0.0000000000000000000, 1.000000000000000000 ) ) ;
#5772 = PLANE ( 'NONE',  #5404 ) ;
#5773 = CARTESIAN_POINT ( 'NONE',  ( 6.550000000000000700, -5.450000000000000200, 5.128708030999999500 ) ) ;
#5774 = DIRECTION ( 'NONE',  ( 0.0000000000000000000, 0.0000000000000000000, -1.000000000000000000 ) ) ;
#5775 = DIRECTION ( 'NONE',  ( -1.000000000000000000, 0.0000000000000000000, -0.0000000000000000000 ) ) ;
#5776 = PLANE ( 'NONE',  #5405 ) ;
#5777 = CARTESIAN_POINT ( 'NONE',  ( -6.250000000000000000, -6.669999999999999900, 17.30000000000000100 ) ) ;
#5778 = DIRECTION ( 'NONE',  ( -1.000000000000000000, 0.0000000000000000000, 0.0000000000000000000 ) ) ;
#5779 = DIRECTION ( 'NONE',  ( 0.0000000000000000000, 0.0000000000000000000, 1.000000000000000000 ) ) ;
#5780 = PLANE ( 'NONE',  #5406 ) ;
#5781 = CARTESIAN_POINT ( 'NONE',  ( 6.250000000000000000, -6.669999999999999900, 20.50000000000000000 ) ) ;
#5782 = DIRECTION ( 'NONE',  ( 0.0000000000000000000, 0.0000000000000000000, 1.000000000000000000 ) ) ;
#5783 = DIRECTION ( 'NONE',  ( 1.000000000000000000, 0.0000000000000000000, -0.0000000000000000000 ) ) ;
#5784 = PLANE ( 'NONE',  #5407 ) ;
#5785 = CARTESIAN_POINT ( 'NONE',  ( -6.750000000000000000, 6.850000000000000500, 20.50000000000000000 ) ) ;
#5786 = DIRECTION ( 'NONE',  ( 0.0000000000000000000, 0.0000000000000000000, 1.000000000000000000 ) ) ;
#5787 = DIRECTION ( 'NONE',  ( 1.000000000000000000, 0.0000000000000000000, -0.0000000000000000000 ) ) ;
#5788 = PLANE ( 'NONE',  #5408 ) ;
#5789 = CARTESIAN_POINT ( 'NONE',  ( -6.250000000000000000, -6.669999999999999900, 20.50000000000000000 ) ) ;
#5790 = DIRECTION ( 'NONE',  ( -1.000000000000000000, 0.0000000000000000000, 0.0000000000000000000 ) ) ;
#5791 = DIRECTION ( 'NONE',  ( 0.0000000000000000000, 0.0000000000000000000, 1.000000000000000000 ) ) ;
#5792 = PLANE ( 'NONE',  #5409 ) ;
#5793 = DIRECTION ( 'NONE',  ( -1.000000000000000000, 0.0000000000000000000, 0.0000000000000000000 ) ) ;
#5794 = DIRECTION ( 'NONE',  ( 1.000000000000000000, 0.0000000000000000000, 0.0000000000000000000 ) ) ;
#5795 = DIRECTION ( 'NONE',  ( 0.0000000000000000000, 0.0000000000000000000, -1.000000000000000000 ) ) ;
#5796 = PLANE ( 'NONE',  #5410 ) ;
#5797 = DIRECTION ( 'NONE',  ( -1.000000000000000000, 0.0000000000000000000, 0.0000000000000000000 ) ) ;
#5798 = DIRECTION ( 'NONE',  ( 1.000000000000000000, 0.0000000000000000000, 0.0000000000000000000 ) ) ;
#5799 = DIRECTION ( 'NONE',  ( 0.0000000000000000000, 0.0000000000000000000, -1.000000000000000000 ) ) ;
#5800 = DIRECTION ( 'NONE',  ( 0.0000000000000000000, 0.0000000000000000000, -1.000000000000000000 ) ) ;
#5801 = CARTESIAN_POINT ( 'NONE',  ( 0.2400000000000000700, -9.345540054000002400, 2.434999999999999600 ) ) ;
#5802 = DIRECTION ( 'NONE',  ( 0.0000000000000000000, 0.0000000000000000000, -1.000000000000000000 ) ) ;
#5803 = DIRECTION ( 'NONE',  ( -1.000000000000000000, 0.0000000000000000000, 0.0000000000000000000 ) ) ;
#5804 = CARTESIAN_POINT ( 'NONE',  ( 3.069999999999999800, -8.350000000000001400, 2.085000000000000000 ) ) ;
#5805 = DIRECTION ( 'NONE',  ( 0.0000000000000000000, 0.0000000000000000000, -1.000000000000000000 ) ) ;
#5806 = DIRECTION ( 'NONE',  ( -1.000000000000000000, 0.0000000000000000000, 0.0000000000000000000 ) ) ;
#5807 = CARTESIAN_POINT ( 'NONE',  ( 0.2400000000000000700, -7.354459945999998600, 2.434999999999999600 ) ) ;
#5808 = DIRECTION ( 'NONE',  ( 0.0000000000000000000, 0.0000000000000000000, -1.000000000000000000 ) ) ;
#5809 = DIRECTION ( 'NONE',  ( -1.000000000000000000, 0.0000000000000000000, 0.0000000000000000000 ) ) ;
#5810 = CARTESIAN_POINT ( 'NONE',  ( 1.040000000000000000, -7.354459945999998600, 2.434999999999999600 ) ) ;
#5811 = DIRECTION ( 'NONE',  ( 0.0000000000000000000, 0.0000000000000000000, -1.000000000000000000 ) ) ;
#5812 = DIRECTION ( 'NONE',  ( -1.000000000000000000, 0.0000000000000000000, 0.0000000000000000000 ) ) ;
#5813 = CARTESIAN_POINT ( 'NONE',  ( -0.6300000000000001200, -8.042754170000000300, 2.434999999999999600 ) ) ;
#5814 = DIRECTION ( 'NONE',  ( 0.0000000000000000000, 0.0000000000000000000, -1.000000000000000000 ) ) ;
#5815 = CARTESIAN_POINT ( 'NONE',  ( 1.810000000000000300, -9.650000000000000400, 2.434999999999999600 ) ) ;
#5816 = CARTESIAN_POINT ( 'NONE',  ( 0.5300000000000001400, -8.350000000000001400, 2.434999999999999600 ) ) ;
#5817 = PLANE ( 'NONE',  #5417 ) ;
#5818 = CARTESIAN_POINT ( 'NONE',  ( 1.740000000000000200, -9.436160337000000500, 2.434999999999999600 ) ) ;
#5819 = CARTESIAN_POINT ( 'NONE',  ( 2.080000000000000100, -9.436160337000000500, 2.434999999999999600 ) ) ;
#5820 = DIRECTION ( 'NONE',  ( 0.9503759610317383800, 0.3111037330103896300, 0.0000000000000000000 ) ) ;
#5821 = DIRECTION ( 'NONE',  ( -0.3111037330103895700, 0.9503759610317382700, 0.0000000000000000000 ) ) ;
#5822 = PLANE ( 'NONE',  #5418 ) ;
#5823 = CARTESIAN_POINT ( 'NONE',  ( 2.009999999999999800, -9.650000000000000400, 2.434999999999999600 ) ) ;
#5824 = DIRECTION ( 'NONE',  ( 1.000000000000000000, 0.0000000000000000000, 0.0000000000000000000 ) ) ;
#5825 = DIRECTION ( 'NONE',  ( 0.0000000000000000000, 0.0000000000000000000, -1.000000000000000000 ) ) ;
#5826 = PLANE ( 'NONE',  #5419 ) ;
#5827 = DIRECTION ( 'NONE',  ( -1.000000000000000000, 0.0000000000000000000, 0.0000000000000000000 ) ) ;
#5828 = DIRECTION ( 'NONE',  ( -0.9503759610317383800, 0.3111037330103896300, 0.0000000000000000000 ) ) ;
#5829 = DIRECTION ( 'NONE',  ( -0.3111037330103895700, -0.9503759610317382700, 0.0000000000000000000 ) ) ;
#5830 = PLANE ( 'NONE',  #5420 ) ;
#5831 = CARTESIAN_POINT ( 'NONE',  ( 2.080000000000000100, -9.345540054000002400, 2.434999999999999600 ) ) ;
#5832 = DIRECTION ( 'NONE',  ( 0.0000000000000000000, 1.000000000000000000, 0.0000000000000000000 ) ) ;
#5833 = DIRECTION ( 'NONE',  ( 0.0000000000000000000, -0.0000000000000000000, 1.000000000000000000 ) ) ;
#5834 = DIRECTION ( 'NONE',  ( 0.0000000000000000000, 0.0000000000000000000, -1.000000000000000000 ) ) ;
#5835 = CARTESIAN_POINT ( 'NONE',  ( 3.580000000000000100, -9.345540054000002400, 2.434999999999999600 ) ) ;
#5836 = PLANE ( 'NONE',  #5422 ) ;
#5837 = DIRECTION ( 'NONE',  ( -1.000000000000000000, 0.0000000000000000000, 0.0000000000000000000 ) ) ;
#5838 = DIRECTION ( 'NONE',  ( -1.000000000000000000, 0.0000000000000000000, 0.0000000000000000000 ) ) ;
#5839 = DIRECTION ( 'NONE',  ( -1.000000000000000000, 0.0000000000000000000, 0.0000000000000000000 ) ) ;
#5840 = DIRECTION ( 'NONE',  ( 0.0000000000000000000, 0.0000000000000000000, 1.000000000000000000 ) ) ;
#5841 = DIRECTION ( 'NONE',  ( 0.0000000000000000000, 0.0000000000000000000, -1.000000000000000000 ) ) ;
#5842 = CARTESIAN_POINT ( 'NONE',  ( 0.7500000000000000000, -8.350000000000001400, 2.434999999999999600 ) ) ;
#5843 = DIRECTION ( 'NONE',  ( 0.0000000000000000000, 0.0000000000000000000, -1.000000000000000000 ) ) ;
#5844 = DIRECTION ( 'NONE',  ( -1.000000000000000000, 0.0000000000000000000, 0.0000000000000000000 ) ) ;
#5845 = CARTESIAN_POINT ( 'NONE',  ( 0.7500000000000000000, -8.350000000000001400, 2.085000000000000000 ) ) ;
#5846 = DIRECTION ( 'NONE',  ( 0.0000000000000000000, 0.0000000000000000000, -1.000000000000000000 ) ) ;
#5847 = DIRECTION ( 'NONE',  ( -1.000000000000000000, 0.0000000000000000000, 0.0000000000000000000 ) ) ;
#5848 = CARTESIAN_POINT ( 'NONE',  ( 3.069999999999999800, -8.350000000000001400, 2.434999999999999600 ) ) ;
#5849 = DIRECTION ( 'NONE',  ( 0.0000000000000000000, 0.0000000000000000000, -1.000000000000000000 ) ) ;
#5850 = DIRECTION ( 'NONE',  ( -1.000000000000000000, 0.0000000000000000000, 0.0000000000000000000 ) ) ;
#5851 = CARTESIAN_POINT ( 'NONE',  ( 1.909999999999999700, -8.657245830000000800, 2.434999999999999600 ) ) ;
#5852 = DIRECTION ( 'NONE',  ( 0.0000000000000000000, 0.0000000000000000000, -1.000000000000000000 ) ) ;
#5853 = DIRECTION ( 'NONE',  ( -1.000000000000000000, 0.0000000000000000000, 0.0000000000000000000 ) ) ;
#5854 = CARTESIAN_POINT ( 'NONE',  ( 3.580000000000000100, -7.354459945999998600, 2.434999999999999600 ) ) ;
#5855 = DIRECTION ( 'NONE',  ( 0.0000000000000000000, 0.0000000000000000000, -1.000000000000000000 ) ) ;
#5856 = CARTESIAN_POINT ( 'NONE',  ( 4.400000000000000400, -8.450000000000001100, 11.85000000000000100 ) ) ;
#5857 = CARTESIAN_POINT ( 'NONE',  ( 1.909999999999999700, -8.042754170000000300, 2.434999999999999600 ) ) ;
#5858 = PLANE ( 'NONE',  #5429 ) ;
#5859 = CARTESIAN_POINT ( 'NONE',  ( -5.997721494000001200, -6.850000000000000500, 0.5883734840000000000 ) ) ;
#5860 = CARTESIAN_POINT ( 'NONE',  ( -4.400000000000000400, -9.650000000000000400, 13.30000000000000100 ) ) ;
#5861 = DIRECTION ( 'NONE',  ( 0.0000000000000000000, -1.000000000000000000, 0.0000000000000000000 ) ) ;
#5862 = DIRECTION ( 'NONE',  ( 0.0000000000000000000, -0.0000000000000000000, -1.000000000000000000 ) ) ;
#5863 = PLANE ( 'NONE',  #5430 ) ;
#5864 = CARTESIAN_POINT ( 'NONE',  ( -4.400000000000000400, -9.650000000000000400, 13.30000000000000100 ) ) ;
#5865 = DIRECTION ( 'NONE',  ( 0.0000000000000000000, -1.000000000000000000, 0.0000000000000000000 ) ) ;
#5866 = DIRECTION ( 'NONE',  ( 0.0000000000000000000, -0.0000000000000000000, -1.000000000000000000 ) ) ;
#5867 = PLANE ( 'NONE',  #5431 ) ;
#5868 = CARTESIAN_POINT ( 'NONE',  ( -4.400000000000000400, -9.650000000000000400, 13.30000000000000100 ) ) ;
#5869 = DIRECTION ( 'NONE',  ( 0.0000000000000000000, -1.000000000000000000, 0.0000000000000000000 ) ) ;
#5870 = DIRECTION ( 'NONE',  ( 0.0000000000000000000, -0.0000000000000000000, -1.000000000000000000 ) ) ;
#5871 = PLANE ( 'NONE',  #5432 ) ;
#5872 = CARTESIAN_POINT ( 'NONE',  ( -4.270000000000000500, -9.436160337000000500, 4.624999999999999100 ) ) ;
#5873 = DIRECTION ( 'NONE',  ( 0.0000000000000000000, -1.000000000000000000, 0.0000000000000000000 ) ) ;
#5874 = DIRECTION ( 'NONE',  ( 0.0000000000000000000, -0.0000000000000000000, -1.000000000000000000 ) ) ;
#5875 = PLANE ( 'NONE',  #5433 ) ;
#5876 = CARTESIAN_POINT ( 'NONE',  ( -4.339999999999999900, -9.650000000000000400, 4.624999999999999100 ) ) ;
#5877 = DIRECTION ( 'NONE',  ( 0.0000000000000000000, -1.000000000000000000, 0.0000000000000000000 ) ) ;
#5878 = DIRECTION ( 'NONE',  ( 0.0000000000000000000, -0.0000000000000000000, -1.000000000000000000 ) ) ;
#5879 = PLANE ( 'NONE',  #5434 ) ;
#5880 = CARTESIAN_POINT ( 'NONE',  ( -4.540000000000000000, -9.650000000000000400, 4.624999999999999100 ) ) ;
#5881 = DIRECTION ( 'NONE',  ( -1.000000000000000000, 0.0000000000000000000, 0.0000000000000000000 ) ) ;
#5882 = DIRECTION ( 'NONE',  ( 0.0000000000000000000, 0.0000000000000000000, 1.000000000000000000 ) ) ;
#5883 = PLANE ( 'NONE',  #5435 ) ;
#5884 = CARTESIAN_POINT ( 'NONE',  ( -4.540000000000000000, -9.650000000000000400, 4.624999999999999100 ) ) ;
#5885 = DIRECTION ( 'NONE',  ( -0.9503759610317383800, 0.3111037330103896300, 0.0000000000000000000 ) ) ;
#5886 = DIRECTION ( 'NONE',  ( -0.3111037330103895700, -0.9503759610317382700, 0.0000000000000000000 ) ) ;
#5887 = PLANE ( 'NONE',  #5436 ) ;
#5888 = CARTESIAN_POINT ( 'NONE',  ( -4.609999999999999400, -9.436160337000000500, 4.624999999999999100 ) ) ;
#5889 = DIRECTION ( 'NONE',  ( 0.0000000000000000000, 1.000000000000000000, 0.0000000000000000000 ) ) ;
#5890 = DIRECTION ( 'NONE',  ( 0.0000000000000000000, -0.0000000000000000000, 1.000000000000000000 ) ) ;
#5891 = PLANE ( 'NONE',  #5437 ) ;
#5892 = DIRECTION ( 'NONE',  ( 1.000000000000000000, 0.0000000000000000000, 0.0000000000000000000 ) ) ;
#5893 = DIRECTION ( 'NONE',  ( 0.9503759610317383800, 0.3111037330103896300, 0.0000000000000000000 ) ) ;
#5894 = DIRECTION ( 'NONE',  ( -0.3111037330103895700, 0.9503759610317382700, 0.0000000000000000000 ) ) ;
#5895 = PLANE ( 'NONE',  #5438 ) ;
#5896 = DIRECTION ( 'NONE',  ( 1.000000000000000000, 0.0000000000000000000, 0.0000000000000000000 ) ) ;
#5897 = DIRECTION ( 'NONE',  ( 1.000000000000000000, 0.0000000000000000000, 0.0000000000000000000 ) ) ;
#5898 = DIRECTION ( 'NONE',  ( 0.0000000000000000000, 0.0000000000000000000, -1.000000000000000000 ) ) ;
#5899 = DIRECTION ( 'NONE',  ( 0.0000000000000000000, -0.0000000000000000000, 1.000000000000000000 ) ) ;
#5900 = CARTESIAN_POINT ( 'NONE',  ( -6.110000000000000300, -9.345540054000002400, 4.624999999999999100 ) ) ;
#5901 = DIRECTION ( 'NONE',  ( 0.0000000000000000000, -0.0000000000000000000, 1.000000000000000000 ) ) ;
#5902 = DIRECTION ( 'NONE',  ( 1.000000000000000000, 0.0000000000000000000, 0.0000000000000000000 ) ) ;
#5903 = CARTESIAN_POINT ( 'NONE',  ( -3.280000000000000200, -8.350000000000001400, 4.975000000000000500 ) ) ;
#5904 = DIRECTION ( 'NONE',  ( 0.0000000000000000000, -0.0000000000000000000, 1.000000000000000000 ) ) ;
#5905 = DIRECTION ( 'NONE',  ( 1.000000000000000000, 0.0000000000000000000, 0.0000000000000000000 ) ) ;
#5906 = CARTESIAN_POINT ( 'NONE',  ( -6.110000000000000300, -7.354459945999998600, 4.624999999999999100 ) ) ;
#5907 = DIRECTION ( 'NONE',  ( 0.0000000000000000000, -0.0000000000000000000, 1.000000000000000000 ) ) ;
#5908 = DIRECTION ( 'NONE',  ( 1.000000000000000000, 0.0000000000000000000, 0.0000000000000000000 ) ) ;
#5909 = CARTESIAN_POINT ( 'NONE',  ( -0.7399999999999999900, -8.350000000000001400, 4.624999999999999100 ) ) ;
#5910 = DIRECTION ( 'NONE',  ( 0.0000000000000000000, -0.0000000000000000000, 1.000000000000000000 ) ) ;
#5911 = DIRECTION ( 'NONE',  ( 1.000000000000000000, 0.0000000000000000000, 0.0000000000000000000 ) ) ;
#5912 = CARTESIAN_POINT ( 'NONE',  ( -1.900000000000000100, -8.657245830000000800, 4.624999999999999100 ) ) ;
#5913 = DIRECTION ( 'NONE',  ( 0.0000000000000000000, -0.0000000000000000000, 1.000000000000000000 ) ) ;
#5914 = DIRECTION ( 'NONE',  ( 1.000000000000000000, 0.0000000000000000000, 0.0000000000000000000 ) ) ;
#5915 = CARTESIAN_POINT ( 'NONE',  ( -3.060000000000000100, -8.350000000000001400, 4.624999999999999100 ) ) ;
#5916 = DIRECTION ( 'NONE',  ( 0.0000000000000000000, -0.0000000000000000000, 1.000000000000000000 ) ) ;
#5917 = DIRECTION ( 'NONE',  ( 1.000000000000000000, 0.0000000000000000000, 0.0000000000000000000 ) ) ;
#5918 = CARTESIAN_POINT ( 'NONE',  ( -1.900000000000000100, -8.042754170000000300, 4.624999999999999100 ) ) ;
#5919 = DIRECTION ( 'NONE',  ( 0.0000000000000000000, -0.0000000000000000000, 1.000000000000000000 ) ) ;
#5920 = DIRECTION ( 'NONE',  ( 1.000000000000000000, 0.0000000000000000000, 0.0000000000000000000 ) ) ;
#5921 = CARTESIAN_POINT ( 'NONE',  ( -0.2300000000000000700, -7.354459945999998600, 4.624999999999999100 ) ) ;
#5922 = DIRECTION ( 'NONE',  ( 0.0000000000000000000, -0.0000000000000000000, 1.000000000000000000 ) ) ;
#5923 = DIRECTION ( 'NONE',  ( 1.000000000000000000, 0.0000000000000000000, 0.0000000000000000000 ) ) ;
#5924 = CARTESIAN_POINT ( 'NONE',  ( -3.060000000000000100, -8.350000000000001400, 4.975000000000000500 ) ) ;
#5925 = DIRECTION ( 'NONE',  ( 0.0000000000000000000, -0.0000000000000000000, 1.000000000000000000 ) ) ;
#5926 = CARTESIAN_POINT ( 'NONE',  ( -1.730000000000000200, -9.436160337000000500, 4.624999999999999100 ) ) ;
#5927 = CARTESIAN_POINT ( 'NONE',  ( -0.2300000000000000700, -9.345540054000002400, 4.624999999999999100 ) ) ;
#5928 = PLANE ( 'NONE',  #5449 ) ;
#5929 = CARTESIAN_POINT ( 'NONE',  ( -1.800000000000000300, -9.650000000000000400, 4.624999999999999100 ) ) ;
#5930 = CARTESIAN_POINT ( 'NONE',  ( -2.000000000000000000, -9.650000000000000400, 4.624999999999999100 ) ) ;
#5931 = DIRECTION ( 'NONE',  ( -1.000000000000000000, 0.0000000000000000000, 0.0000000000000000000 ) ) ;
#5932 = DIRECTION ( 'NONE',  ( 0.0000000000000000000, 0.0000000000000000000, 1.000000000000000000 ) ) ;
#5933 = PLANE ( 'NONE',  #5450 ) ;
#5934 = CARTESIAN_POINT ( 'NONE',  ( -2.000000000000000000, -9.650000000000000400, 4.624999999999999100 ) ) ;
#5935 = DIRECTION ( 'NONE',  ( -0.9503759610317383800, 0.3111037330103896300, 0.0000000000000000000 ) ) ;
#5936 = DIRECTION ( 'NONE',  ( -0.3111037330103895700, -0.9503759610317382700, 0.0000000000000000000 ) ) ;
#5937 = PLANE ( 'NONE',  #5451 ) ;
#5938 = CARTESIAN_POINT ( 'NONE',  ( -2.069999999999999800, -9.436160337000000500, 4.624999999999999100 ) ) ;
#5939 = DIRECTION ( 'NONE',  ( 0.0000000000000000000, 1.000000000000000000, 0.0000000000000000000 ) ) ;
#5940 = DIRECTION ( 'NONE',  ( 0.0000000000000000000, -0.0000000000000000000, 1.000000000000000000 ) ) ;
#5941 = PLANE ( 'NONE',  #5452 ) ;
#5942 = DIRECTION ( 'NONE',  ( 1.000000000000000000, 0.0000000000000000000, 0.0000000000000000000 ) ) ;
#5943 = DIRECTION ( 'NONE',  ( 0.9503759610317383800, 0.3111037330103896300, 0.0000000000000000000 ) ) ;
#5944 = DIRECTION ( 'NONE',  ( -0.3111037330103895700, 0.9503759610317382700, 0.0000000000000000000 ) ) ;
#5945 = PLANE ( 'NONE',  #5453 ) ;
#5946 = DIRECTION ( 'NONE',  ( 1.000000000000000000, 0.0000000000000000000, 0.0000000000000000000 ) ) ;
#5947 = DIRECTION ( 'NONE',  ( 1.000000000000000000, 0.0000000000000000000, 0.0000000000000000000 ) ) ;
#5948 = DIRECTION ( 'NONE',  ( 0.0000000000000000000, 0.0000000000000000000, -1.000000000000000000 ) ) ;
#5949 = DIRECTION ( 'NONE',  ( 0.0000000000000000000, -0.0000000000000000000, 1.000000000000000000 ) ) ;
#5950 = CARTESIAN_POINT ( 'NONE',  ( -3.569999999999999800, -9.345540054000002400, 4.624999999999999100 ) ) ;
#5951 = DIRECTION ( 'NONE',  ( 0.0000000000000000000, -0.0000000000000000000, 1.000000000000000000 ) ) ;
#5952 = DIRECTION ( 'NONE',  ( 1.000000000000000000, 0.0000000000000000000, 0.0000000000000000000 ) ) ;
#5953 = CARTESIAN_POINT ( 'NONE',  ( -0.5200000000000000200, -8.350000000000001400, 4.975000000000000500 ) ) ;
#5954 = DIRECTION ( 'NONE',  ( 0.0000000000000000000, -0.0000000000000000000, 1.000000000000000000 ) ) ;
#5955 = CARTESIAN_POINT ( 'NONE',  ( 0.8100000000000000500, -9.436160337000000500, 4.624999999999999100 ) ) ;
#5956 = CARTESIAN_POINT ( 'NONE',  ( 2.309999999999999600, -9.345540054000002400, 4.624999999999999100 ) ) ;
#5957 = PLANE ( 'NONE',  #5457 ) ;
#5958 = CARTESIAN_POINT ( 'NONE',  ( 0.7400000000000001000, -9.650000000000000400, 4.624999999999999100 ) ) ;
#5959 = CARTESIAN_POINT ( 'NONE',  ( 0.5400000000000000400, -9.650000000000000400, 4.624999999999999100 ) ) ;
#5960 = DIRECTION ( 'NONE',  ( -1.000000000000000000, 0.0000000000000000000, 0.0000000000000000000 ) ) ;
#5961 = DIRECTION ( 'NONE',  ( 0.0000000000000000000, 0.0000000000000000000, 1.000000000000000000 ) ) ;
#5962 = PLANE ( 'NONE',  #5458 ) ;
#5963 = CARTESIAN_POINT ( 'NONE',  ( 0.5400000000000000400, -9.650000000000000400, 4.624999999999999100 ) ) ;
#5964 = DIRECTION ( 'NONE',  ( -0.9503759610317383800, 0.3111037330103896300, 0.0000000000000000000 ) ) ;
#5965 = DIRECTION ( 'NONE',  ( -0.3111037330103895700, -0.9503759610317382700, 0.0000000000000000000 ) ) ;
#5966 = PLANE ( 'NONE',  #5459 ) ;
#5967 = DIRECTION ( 'NONE',  ( 1.000000000000000000, 0.0000000000000000000, 0.0000000000000000000 ) ) ;
#5968 = DIRECTION ( 'NONE',  ( 0.0000000000000000000, 1.000000000000000000, 0.0000000000000000000 ) ) ;
#5969 = DIRECTION ( 'NONE',  ( 0.0000000000000000000, -0.0000000000000000000, 1.000000000000000000 ) ) ;
#5970 = PLANE ( 'NONE',  #5460 ) ;
#5971 = DIRECTION ( 'NONE',  ( 1.000000000000000000, 0.0000000000000000000, 0.0000000000000000000 ) ) ;
#5972 = DIRECTION ( 'NONE',  ( 0.9503759610317383800, 0.3111037330103896300, 0.0000000000000000000 ) ) ;
#5973 = DIRECTION ( 'NONE',  ( -0.3111037330103895700, 0.9503759610317382700, 0.0000000000000000000 ) ) ;
#5974 = DIRECTION ( 'NONE',  ( 0.0000000000000000000, -0.0000000000000000000, 1.000000000000000000 ) ) ;
#5975 = CARTESIAN_POINT ( 'NONE',  ( -0.7399999999999999900, -8.350000000000001400, 4.975000000000000500 ) ) ;
#5976 = DIRECTION ( 'NONE',  ( 0.0000000000000000000, -0.0000000000000000000, 1.000000000000000000 ) ) ;
#5977 = DIRECTION ( 'NONE',  ( 1.000000000000000000, 0.0000000000000000000, 0.0000000000000000000 ) ) ;
#5978 = CARTESIAN_POINT ( 'NONE',  ( -3.569999999999999800, -7.354459945999998600, 4.624999999999999100 ) ) ;
#5979 = DIRECTION ( 'NONE',  ( 0.0000000000000000000, -0.0000000000000000000, 1.000000000000000000 ) ) ;
#5980 = DIRECTION ( 'NONE',  ( 1.000000000000000000, 0.0000000000000000000, 0.0000000000000000000 ) ) ;
#5981 = CARTESIAN_POINT ( 'NONE',  ( 1.800000000000000300, -8.350000000000001400, 4.624999999999999100 ) ) ;
#5982 = DIRECTION ( 'NONE',  ( 0.0000000000000000000, 0.0000000000000000000, 1.000000000000000000 ) ) ;
#5983 = DIRECTION ( 'NONE',  ( 1.000000000000000000, 0.0000000000000000000, 0.0000000000000000000 ) ) ;
#5984 = CARTESIAN_POINT ( 'NONE',  ( 0.6400000000000001200, -8.657245830000000800, 4.624999999999999100 ) ) ;
#5985 = DIRECTION ( 'NONE',  ( 0.0000000000000000000, -0.0000000000000000000, 1.000000000000000000 ) ) ;
#5986 = DIRECTION ( 'NONE',  ( 1.000000000000000000, 0.0000000000000000000, 0.0000000000000000000 ) ) ;
#5987 = CARTESIAN_POINT ( 'NONE',  ( -0.5200000000000000200, -8.350000000000001400, 4.624999999999999100 ) ) ;
#5988 = DIRECTION ( 'NONE',  ( 0.0000000000000000000, 0.0000000000000000000, 1.000000000000000000 ) ) ;
#5989 = DIRECTION ( 'NONE',  ( 1.000000000000000000, 0.0000000000000000000, 0.0000000000000000000 ) ) ;
#5990 = CARTESIAN_POINT ( 'NONE',  ( 0.6400000000000001200, -8.042754170000000300, 4.624999999999999100 ) ) ;
#5991 = DIRECTION ( 'NONE',  ( 0.0000000000000000000, -0.0000000000000000000, 1.000000000000000000 ) ) ;
#5992 = DIRECTION ( 'NONE',  ( -1.000000000000000000, 0.0000000000000000000, 0.0000000000000000000 ) ) ;
#5993 = CARTESIAN_POINT ( 'NONE',  ( 2.309999999999999600, -7.354459945999998600, 4.624999999999999100 ) ) ;
#5994 = DIRECTION ( 'NONE',  ( 0.0000000000000000000, 0.0000000000000000000, -1.000000000000000000 ) ) ;
#5995 = DIRECTION ( 'NONE',  ( -1.000000000000000000, 0.0000000000000000000, 0.0000000000000000000 ) ) ;
#5996 = CARTESIAN_POINT ( 'NONE',  ( 5.609999999999999400, -8.350000000000001400, 2.434999999999999600 ) ) ;
#5997 = DIRECTION ( 'NONE',  ( 0.0000000000000000000, 0.0000000000000000000, -1.000000000000000000 ) ) ;
#5998 = CARTESIAN_POINT ( 'NONE',  ( -5.799329208000000500, -10.27000000000000000, 2.085000000000000000 ) ) ;
#5999 = CARTESIAN_POINT ( 'NONE',  ( 4.450000000000000200, -8.042754170000000300, 2.434999999999999600 ) ) ;
#6000 = PLANE ( 'NONE',  #5471 ) ;
#6001 = PLANE ( 'NONE',  #5470 ) ;
#6002 = CARTESIAN_POINT ( 'NONE',  ( -5.799329208000000500, -10.27000000000000000, 2.434999999999999600 ) ) ;
#6003 = DIRECTION ( 'NONE',  ( 0.0000000000000000000, 0.0000000000000000000, 1.000000000000000000 ) ) ;
#6004 = DIRECTION ( 'NONE',  ( 1.000000000000000000, 0.0000000000000000000, -0.0000000000000000000 ) ) ;
#6005 = DIRECTION ( 'NONE',  ( -1.000000000000000000, 0.0000000000000000000, 0.0000000000000000000 ) ) ;
#6006 = DIRECTION ( 'NONE',  ( -1.000000000000000000, 0.0000000000000000000, 0.0000000000000000000 ) ) ;
#6007 = DIRECTION ( 'NONE',  ( 0.0000000000000000000, 0.0000000000000000000, -1.000000000000000000 ) ) ;
#6008 = DIRECTION ( 'NONE',  ( -1.000000000000000000, 0.0000000000000000000, -0.0000000000000000000 ) ) ;
#6009 = DIRECTION ( 'NONE',  ( 0.0000000000000000000, 0.0000000000000000000, -1.000000000000000000 ) ) ;
#6010 = CARTESIAN_POINT ( 'NONE',  ( 3.290000000000000500, -8.350000000000001400, 2.434999999999999600 ) ) ;
#6011 = DIRECTION ( 'NONE',  ( 0.0000000000000000000, 0.0000000000000000000, -1.000000000000000000 ) ) ;
#6012 = DIRECTION ( 'NONE',  ( -1.000000000000000000, 0.0000000000000000000, 0.0000000000000000000 ) ) ;
#6013 = CARTESIAN_POINT ( 'NONE',  ( 3.289999999999999600, -8.350000000000001400, 2.085000000000000000 ) ) ;
#6014 = DIRECTION ( 'NONE',  ( 0.0000000000000000000, 0.0000000000000000000, -1.000000000000000000 ) ) ;
#6015 = CARTESIAN_POINT ( 'NONE',  ( 4.400000000000000400, 7.562762816949462100, 17.50000000035649000 ) ) ;
#6016 = CARTESIAN_POINT ( 'NONE',  ( 6.119999999999999200, -7.354459945999998600, 2.434999999999999600 ) ) ;
#6017 = FACE_OUTER_BOUND ( 'NONE', #10636, .T. ) ;
#6018 = CYLINDRICAL_SURFACE ( 'NONE', #5425, 1.299999999999999600 ) ;
#6019 = FACE_OUTER_BOUND ( 'NONE', #10634, .T. ) ;
#6020 = CYLINDRICAL_SURFACE ( 'NONE', #5426, 0.09999999999999961700 ) ;
#6021 = FACE_OUTER_BOUND ( 'NONE', #10632, .T. ) ;
#6022 = CYLINDRICAL_SURFACE ( 'NONE', #5427, 1.500000000000000000 ) ;
#6023 = FACE_OUTER_BOUND ( 'NONE', #10572, .T. ) ;
#6024 = CYLINDRICAL_SURFACE ( 'NONE', #5428, 0.09999999999999961700 ) ;
#6025 = FACE_OUTER_BOUND ( 'NONE', #10635, .T. ) ;
#6026 = FACE_OUTER_BOUND ( 'NONE', #10629, .T. ) ;
#6027 = FACE_OUTER_BOUND ( 'NONE', #10579, .T. ) ;
#6028 = FACE_OUTER_BOUND ( 'NONE', #10578, .T. ) ;
#6029 = FACE_OUTER_BOUND ( 'NONE', #10577, .T. ) ;
#6030 = FACE_OUTER_BOUND ( 'NONE', #10574, .T. ) ;
#6031 = FACE_OUTER_BOUND ( 'NONE', #10575, .T. ) ;
#6032 = FACE_OUTER_BOUND ( 'NONE', #10567, .T. ) ;
#6033 = FACE_OUTER_BOUND ( 'NONE', #10573, .T. ) ;
#6034 = FACE_OUTER_BOUND ( 'NONE', #10576, .T. ) ;
#6035 = FACE_OUTER_BOUND ( 'NONE', #10568, .T. ) ;
#6036 = CYLINDRICAL_SURFACE ( 'NONE', #5439, 1.500000000000000400 ) ;
#6037 = FACE_OUTER_BOUND ( 'NONE', #10571, .T. ) ;
#6038 = CYLINDRICAL_SURFACE ( 'NONE', #5440, 1.500000000000000000 ) ;
#6039 = FACE_OUTER_BOUND ( 'NONE', #10566, .T. ) ;
#6040 = CYLINDRICAL_SURFACE ( 'NONE', #5441, 1.500000000000000400 ) ;
#6041 = FACE_OUTER_BOUND ( 'NONE', #10569, .T. ) ;
#6042 = CYLINDRICAL_SURFACE ( 'NONE', #5442, 1.300000000000000000 ) ;
#6043 = FACE_OUTER_BOUND ( 'NONE', #10555, .T. ) ;
#6044 = CYLINDRICAL_SURFACE ( 'NONE', #5443, 0.1000000000000000500 ) ;
#6045 = FACE_OUTER_BOUND ( 'NONE', #10565, .T. ) ;
#6046 = CYLINDRICAL_SURFACE ( 'NONE', #5444, 1.300000000000000000 ) ;
#6047 = FACE_OUTER_BOUND ( 'NONE', #10564, .T. ) ;
#6048 = CYLINDRICAL_SURFACE ( 'NONE', #5445, 0.1000000000000000500 ) ;
#6049 = FACE_OUTER_BOUND ( 'NONE', #10562, .T. ) ;
#6050 = CYLINDRICAL_SURFACE ( 'NONE', #5446, 1.500000000000000000 ) ;
#6051 = FACE_OUTER_BOUND ( 'NONE', #10563, .T. ) ;
#6052 = CYLINDRICAL_SURFACE ( 'NONE', #5447, 1.500000000000000000 ) ;
#6053 = FACE_OUTER_BOUND ( 'NONE', #10549, .T. ) ;
#6054 = CYLINDRICAL_SURFACE ( 'NONE', #5448, 1.500000000000000000 ) ;
#6055 = FACE_OUTER_BOUND ( 'NONE', #10559, .T. ) ;
#6056 = FACE_OUTER_BOUND ( 'NONE', #10560, .T. ) ;
#6057 = FACE_OUTER_BOUND ( 'NONE', #10552, .T. ) ;
#6058 = FACE_OUTER_BOUND ( 'NONE', #10550, .T. ) ;
#6059 = FACE_OUTER_BOUND ( 'NONE', #10541, .T. ) ;
#6060 = FACE_OUTER_BOUND ( 'NONE', #10547, .T. ) ;
#6061 = CYLINDRICAL_SURFACE ( 'NONE', #5454, 1.500000000000000000 ) ;
#6062 = FACE_OUTER_BOUND ( 'NONE', #10548, .T. ) ;
#6063 = CYLINDRICAL_SURFACE ( 'NONE', #5455, 1.500000000000000000 ) ;
#6064 = FACE_OUTER_BOUND ( 'NONE', #10553, .T. ) ;
#6065 = CYLINDRICAL_SURFACE ( 'NONE', #5456, 1.500000000000000000 ) ;
#6066 = FACE_OUTER_BOUND ( 'NONE', #10538, .T. ) ;
#6067 = FACE_OUTER_BOUND ( 'NONE', #10561, .T. ) ;
#6068 = FACE_OUTER_BOUND ( 'NONE', #10557, .T. ) ;
#6069 = FACE_OUTER_BOUND ( 'NONE', #10558, .T. ) ;
#6070 = FACE_OUTER_BOUND ( 'NONE', #10556, .T. ) ;
#6071 = CYLINDRICAL_SURFACE ( 'NONE', #5461, 1.500000000000000000 ) ;
#6072 = FACE_OUTER_BOUND ( 'NONE', #10551, .T. ) ;
#6073 = CYLINDRICAL_SURFACE ( 'NONE', #5462, 1.500000000000000000 ) ;
#6074 = FACE_OUTER_BOUND ( 'NONE', #10554, .T. ) ;
#6075 = CYLINDRICAL_SURFACE ( 'NONE', #5463, 1.300000000000000300 ) ;
#6076 = FACE_OUTER_BOUND ( 'NONE', #10743, .T. ) ;
#6077 = CYLINDRICAL_SURFACE ( 'NONE', #5464, 0.09999999999999993600 ) ;
#6078 = FACE_OUTER_BOUND ( 'NONE', #10746, .T. ) ;
#6079 = CYLINDRICAL_SURFACE ( 'NONE', #5465, 1.300000000000000300 ) ;
#6080 = FACE_BOUND ( 'NONE', #10745, .T. ) ;
#6081 = CYLINDRICAL_SURFACE ( 'NONE', #5466, 0.09999999999999993600 ) ;
#6082 = FACE_BOUND ( 'NONE', #10738, .T. ) ;
#6083 = CYLINDRICAL_SURFACE ( 'NONE', #5467, 1.500000000000000000 ) ;
#6084 = FACE_OUTER_BOUND ( 'NONE', #10718, .T. ) ;
#6085 = CYLINDRICAL_SURFACE ( 'NONE', #5468, 1.300000000000000000 ) ;
#6086 = FACE_OUTER_BOUND ( 'NONE', #10731, .T. ) ;
#6087 = CYLINDRICAL_SURFACE ( 'NONE', #5469, 0.1000000000000002600 ) ;
#6088 = FACE_OUTER_BOUND ( 'NONE', #10744, .T. ) ;
#6089 = FACE_OUTER_BOUND ( 'NONE', #10742, .T. ) ;
#6090 = FACE_OUTER_BOUND ( 'NONE', #10741, .T. ) ;
#6091 = FACE_OUTER_BOUND ( 'NONE', #10716, .T. ) ;
#6092 = FACE_BOUND ( 'NONE', #10715, .T. ) ;
#6093 = CYLINDRICAL_SURFACE ( 'NONE', #5472, 1.300000000000000300 ) ;
#6094 = FACE_BOUND ( 'NONE', #10714, .T. ) ;
#6095 = CYLINDRICAL_SURFACE ( 'NONE', #5473, 1.499999999999999100 ) ;
#6096 = FACE_BOUND ( 'NONE', #10711, .T. ) ;
#6097 = CYLINDRICAL_SURFACE ( 'NONE', #5474, 1.500000000000000400 ) ;
#6098 = FACE_BOUND ( 'NONE', #10702, .T. ) ;
#6099 = FACE_BOUND ( 'NONE', #10708, .T. ) ;
#6100 = FACE_BOUND ( 'NONE', #10720, .T. ) ;
#6101 = FACE_BOUND ( 'NONE', #10717, .T. ) ;
#6102 = FACE_BOUND ( 'NONE', #10722, .T. ) ;
#6103 = FACE_BOUND ( 'NONE', #10723, .T. ) ;
#6104 = FACE_BOUND ( 'NONE', #10724, .T. ) ;
#6105 = FACE_BOUND ( 'NONE', #10725, .T. ) ;
#6106 = FACE_BOUND ( 'NONE', #10726, .T. ) ;
#6107 = FACE_BOUND ( 'NONE', #10727, .T. ) ;
#6108 = FACE_BOUND ( 'NONE', #10728, .T. ) ;
#6109 = FACE_BOUND ( 'NONE', #10729, .T. ) ;
#6110 = FACE_OUTER_BOUND ( 'NONE', #10730, .T. ) ;
#6111 = FACE_OUTER_BOUND ( 'NONE', #10712, .T. ) ;
#6112 = FACE_OUTER_BOUND ( 'NONE', #10740, .T. ) ;
#6113 = FACE_OUTER_BOUND ( 'NONE', #10739, .T. ) ;
#6114 = FACE_OUTER_BOUND ( 'NONE', #10736, .T. ) ;
#6115 = FACE_OUTER_BOUND ( 'NONE', #10737, .T. ) ;
#6116 = FACE_OUTER_BOUND ( 'NONE', #10735, .T. ) ;
#6117 = CYLINDRICAL_SURFACE ( 'NONE', #5478, 0.1000000000000002600 ) ;
#6118 = FACE_OUTER_BOUND ( 'NONE', #10721, .T. ) ;
#6119 = FACE_OUTER_BOUND ( 'NONE', #10733, .T. ) ;
#6120 = CYLINDRICAL_SURFACE ( 'NONE', #5480, 1.500000000000000200 ) ;
#6121 = FACE_OUTER_BOUND ( 'NONE', #10734, .T. ) ;
#6122 = CYLINDRICAL_SURFACE ( 'NONE', #5481, 1.499999999999999600 ) ;
#6123 = FACE_BOUND ( 'NONE', #10667, .T. ) ;
#6124 = CYLINDRICAL_SURFACE ( 'NONE', #5482, 1.500000000000000200 ) ;
#6125 = FACE_OUTER_BOUND ( 'NONE', #10732, .T. ) ;
#6126 = FACE_OUTER_BOUND ( 'NONE', #10704, .T. ) ;
#6127 = FACE_OUTER_BOUND ( 'NONE', #10719, .T. ) ;
#6128 = FACE_BOUND ( 'NONE', #10656, .T. ) ;
#6129 = FACE_OUTER_BOUND ( 'NONE', #10669, .T. ) ;
#6130 = FACE_BOUND ( 'NONE', #10662, .T. ) ;
#6131 = CYLINDRICAL_SURFACE ( 'NONE', #5488, 1.500000000000000400 ) ;
#6132 = FACE_OUTER_BOUND ( 'NONE', #10658, .T. ) ;
#6133 = FACE_OUTER_BOUND ( 'NONE', #10646, .T. ) ;
#6134 = FACE_OUTER_BOUND ( 'NONE', #10654, .T. ) ;
#6135 = FACE_OUTER_BOUND ( 'NONE', #10663, .T. ) ;
#6136 = FACE_OUTER_BOUND ( 'NONE', #10659, .T. ) ;
#6137 = FACE_OUTER_BOUND ( 'NONE', #10610, .T. ) ;
#6138 = FACE_OUTER_BOUND ( 'NONE', #10660, .T. ) ;
#6139 = FACE_OUTER_BOUND ( 'NONE', #10661, .T. ) ;
#6140 = FACE_OUTER_BOUND ( 'NONE', #10649, .T. ) ;
#6141 = FACE_OUTER_BOUND ( 'NONE', #10657, .T. ) ;
#6142 = FACE_OUTER_BOUND ( 'NONE', #10645, .T. ) ;
#6143 = FACE_OUTER_BOUND ( 'NONE', #10652, .T. ) ;
#6144 = FACE_OUTER_BOUND ( 'NONE', #10644, .T. ) ;
#6145 = FACE_OUTER_BOUND ( 'NONE', #10653, .T. ) ;
#6146 = FACE_OUTER_BOUND ( 'NONE', #10650, .T. ) ;
#6147 = FACE_OUTER_BOUND ( 'NONE', #10655, .T. ) ;
#6148 = FACE_OUTER_BOUND ( 'NONE', #10616, .T. ) ;
#6149 = FACE_OUTER_BOUND ( 'NONE', #10611, .T. ) ;
#6150 = FACE_OUTER_BOUND ( 'NONE', #10612, .T. ) ;
#6151 = FACE_OUTER_BOUND ( 'NONE', #10609, .T. ) ;
#6152 = CYLINDRICAL_SURFACE ( 'NONE', #5505, 0.09999999999999993600 ) ;
#6153 = FACE_OUTER_BOUND ( 'NONE', #10605, .T. ) ;
#6154 = CYLINDRICAL_SURFACE ( 'NONE', #5506, 1.299999999999999600 ) ;
#6155 = FACE_OUTER_BOUND ( 'NONE', #10608, .T. ) ;
#6156 = CYLINDRICAL_SURFACE ( 'NONE', #5507, 1.499999999999999600 ) ;
#6157 = FACE_OUTER_BOUND ( 'NONE', #10601, .T. ) ;
#6158 = CYLINDRICAL_SURFACE ( 'NONE', #5508, 1.500000000000000000 ) ;
#6159 = FACE_OUTER_BOUND ( 'NONE', #10607, .T. ) ;
#6160 = FACE_OUTER_BOUND ( 'NONE', #10585, .T. ) ;
#6161 = FACE_OUTER_BOUND ( 'NONE', #10604, .T. ) ;
#6162 = FACE_OUTER_BOUND ( 'NONE', #10603, .T. ) ;
#6163 = FACE_OUTER_BOUND ( 'NONE', #10606, .T. ) ;
#6164 = FACE_OUTER_BOUND ( 'NONE', #10600, .T. ) ;
#6165 = CYLINDRICAL_SURFACE ( 'NONE', #7136, 1.500000000000000000 ) ;
#6166 = FACE_OUTER_BOUND ( 'NONE', #10599, .T. ) ;
#6167 = CYLINDRICAL_SURFACE ( 'NONE', #7137, 1.500000000000000000 ) ;
#6168 = FACE_OUTER_BOUND ( 'NONE', #10586, .T. ) ;
#6169 = CYLINDRICAL_SURFACE ( 'NONE', #7138, 1.500000000000000000 ) ;
#6170 = FACE_OUTER_BOUND ( 'NONE', #10581, .T. ) ;
#6171 = CYLINDRICAL_SURFACE ( 'NONE', #7139, 1.500000000000000000 ) ;
#6172 = FACE_OUTER_BOUND ( 'NONE', #10582, .T. ) ;
#6173 = CYLINDRICAL_SURFACE ( 'NONE', #7140, 1.300000000000000000 ) ;
#6174 = FACE_OUTER_BOUND ( 'NONE', #10584, .T. ) ;
#6175 = CYLINDRICAL_SURFACE ( 'NONE', #7141, 0.09999999999999982500 ) ;
#6176 = FACE_OUTER_BOUND ( 'NONE', #10570, .T. ) ;
#6177 = CYLINDRICAL_SURFACE ( 'NONE', #7142, 1.300000000000000300 ) ;
#6178 = FACE_OUTER_BOUND ( 'NONE', #10580, .T. ) ;
#6179 = CYLINDRICAL_SURFACE ( 'NONE', #7143, 0.1000000000000002600 ) ;
#6180 = FACE_OUTER_BOUND ( 'NONE', #10598, .T. ) ;
#6181 = CYLINDRICAL_SURFACE ( 'NONE', #7144, 1.300000000000000000 ) ;
#6182 = FACE_OUTER_BOUND ( 'NONE', #10597, .T. ) ;
#6183 = CYLINDRICAL_SURFACE ( 'NONE', #7145, 0.1000000000000002600 ) ;
#6184 = FACE_OUTER_BOUND ( 'NONE', #10596, .T. ) ;
#6185 = CYLINDRICAL_SURFACE ( 'NONE', #7146, 1.500000000000000400 ) ;
#6186 = FACE_OUTER_BOUND ( 'NONE', #10595, .T. ) ;
#6187 = CYLINDRICAL_SURFACE ( 'NONE', #7147, 1.499999999999999800 ) ;
#6188 = FACE_OUTER_BOUND ( 'NONE', #10594, .T. ) ;
#6189 = CYLINDRICAL_SURFACE ( 'NONE', #7148, 1.299999999999999200 ) ;
#6190 = FACE_OUTER_BOUND ( 'NONE', #10583, .T. ) ;
#6191 = CYLINDRICAL_SURFACE ( 'NONE', #7149, 0.09999999999999982500 ) ;
#6192 = FACE_OUTER_BOUND ( 'NONE', #10593, .T. ) ;
#6193 = CYLINDRICAL_SURFACE ( 'NONE', #7150, 1.499999999999999600 ) ;
#6194 = FACE_OUTER_BOUND ( 'NONE', #10587, .T. ) ;
#6195 = CYLINDRICAL_SURFACE ( 'NONE', #7151, 1.500000000000000000 ) ;
#6196 = FACE_OUTER_BOUND ( 'NONE', #10592, .T. ) ;
#6197 = FACE_OUTER_BOUND ( 'NONE', #10588, .T. ) ;
#6198 = FACE_OUTER_BOUND ( 'NONE', #10590, .T. ) ;
#6199 = FACE_OUTER_BOUND ( 'NONE', #10589, .T. ) ;
#6200 = FACE_OUTER_BOUND ( 'NONE', #10591, .T. ) ;
#6201 = FACE_OUTER_BOUND ( 'NONE', #10543, .T. ) ;
#6202 = CYLINDRICAL_SURFACE ( 'NONE', #7157, 1.500000000000000400 ) ;
#6203 = FACE_OUTER_BOUND ( 'NONE', #10537, .T. ) ;
#6204 = CYLINDRICAL_SURFACE ( 'NONE', #7158, 1.500000000000000000 ) ;
#6205 = FACE_OUTER_BOUND ( 'NONE', #10542, .T. ) ;
#6206 = CYLINDRICAL_SURFACE ( 'NONE', #7159, 1.500000000000000400 ) ;
#6207 = FACE_OUTER_BOUND ( 'NONE', #10536, .T. ) ;
#6208 = CYLINDRICAL_SURFACE ( 'NONE', #7160, 1.499999999999999800 ) ;
#6209 = FACE_OUTER_BOUND ( 'NONE', #10539, .T. ) ;
#6210 = CYLINDRICAL_SURFACE ( 'NONE', #7161, 0.1000000000000002600 ) ;
#6211 = FACE_OUTER_BOUND ( 'NONE', #10523, .T. ) ;
#6212 = CYLINDRICAL_SURFACE ( 'NONE', #7162, 1.300000000000000000 ) ;
#6213 = FACE_OUTER_BOUND ( 'NONE', #10535, .T. ) ;
#6214 = CYLINDRICAL_SURFACE ( 'NONE', #7163, 0.1000000000000002600 ) ;
#6215 = FACE_OUTER_BOUND ( 'NONE', #10534, .T. ) ;
#6216 = CYLINDRICAL_SURFACE ( 'NONE', #7164, 1.300000000000000000 ) ;
#6217 = FACE_OUTER_BOUND ( 'NONE', #10520, .T. ) ;
#6218 = CYLINDRICAL_SURFACE ( 'NONE', #7165, 1.499999999999999600 ) ;
#6219 = FACE_OUTER_BOUND ( 'NONE', #10533, .T. ) ;
#6220 = CYLINDRICAL_SURFACE ( 'NONE', #7166, 1.500000000000000000 ) ;
#6221 = FACE_OUTER_BOUND ( 'NONE', #10545, .T. ) ;
#6222 = CYLINDRICAL_SURFACE ( 'NONE', #7167, 1.499999999999999600 ) ;
#6223 = FACE_OUTER_BOUND ( 'NONE', #10518, .T. ) ;
#6224 = FACE_OUTER_BOUND ( 'NONE', #10521, .T. ) ;
#6225 = FACE_OUTER_BOUND ( 'NONE', #10511, .T. ) ;
#6226 = FACE_OUTER_BOUND ( 'NONE', #10514, .T. ) ;
#6227 = FACE_OUTER_BOUND ( 'NONE', #10515, .T. ) ;
#6228 = FACE_OUTER_BOUND ( 'NONE', #10532, .T. ) ;
#6229 = FACE_OUTER_BOUND ( 'NONE', #10524, .T. ) ;
#6230 = FACE_OUTER_BOUND ( 'NONE', #10528, .T. ) ;
#6231 = FACE_OUTER_BOUND ( 'NONE', #10525, .T. ) ;
#6232 = FACE_OUTER_BOUND ( 'NONE', #10544, .T. ) ;
#6233 = FACE_OUTER_BOUND ( 'NONE', #10546, .T. ) ;
#6234 = FACE_OUTER_BOUND ( 'NONE', #10530, .T. ) ;
#6235 = CYLINDRICAL_SURFACE ( 'NONE', #7179, 1.499999999999999600 ) ;
#6236 = FACE_OUTER_BOUND ( 'NONE', #10540, .T. ) ;
#6237 = CYLINDRICAL_SURFACE ( 'NONE', #7180, 1.499999999999999800 ) ;
#6238 = FACE_OUTER_BOUND ( 'NONE', #10529, .T. ) ;
#6239 = CYLINDRICAL_SURFACE ( 'NONE', #7181, 1.500000000000000000 ) ;
#6240 = FACE_OUTER_BOUND ( 'NONE', #10531, .T. ) ;
#6241 = FACE_BOUND ( 'NONE', #10527, .T. ) ;
#6242 = CYLINDRICAL_SURFACE ( 'NONE', #7183, 1.500000000000000000 ) ;
#6243 = FACE_OUTER_BOUND ( 'NONE', #10526, .T. ) ;
#6244 = CYLINDRICAL_SURFACE ( 'NONE', #7184, 1.499999999999999600 ) ;
#6245 = FACE_OUTER_BOUND ( 'NONE', #10519, .T. ) ;
#6246 = CYLINDRICAL_SURFACE ( 'NONE', #7185, 1.499999999999999600 ) ;
#6247 = FACE_OUTER_BOUND ( 'NONE', #9007, .T. ) ;
#6248 = FACE_OUTER_BOUND ( 'NONE', #10512, .T. ) ;
#6249 = FACE_OUTER_BOUND ( 'NONE', #10522, .T. ) ;
#6250 = FACE_OUTER_BOUND ( 'NONE', #10517, .T. ) ;
#6251 = FACE_OUTER_BOUND ( 'NONE', #10516, .T. ) ;
#6252 = FACE_OUTER_BOUND ( 'NONE', #10509, .T. ) ;
#6253 = FACE_OUTER_BOUND ( 'NONE', #10513, .T. ) ;
#6254 = FACE_OUTER_BOUND ( 'NONE', #8961, .T. ) ;
#6255 = FACE_OUTER_BOUND ( 'NONE', #8999, .T. ) ;
#6256 = FACE_OUTER_BOUND ( 'NONE', #8995, .T. ) ;
#6257 = FACE_OUTER_BOUND ( 'NONE', #8997, .T. ) ;
#6258 = FACE_OUTER_BOUND ( 'NONE', #9000, .T. ) ;
#6259 = FACE_OUTER_BOUND ( 'NONE', #9050, .T. ) ;
#6260 = FACE_OUTER_BOUND ( 'NONE', #9055, .T. ) ;
#6261 = FACE_OUTER_BOUND ( 'NONE', #9008, .T. ) ;
#6262 = FACE_OUTER_BOUND ( 'NONE', #9049, .T. ) ;
#6263 = FACE_OUTER_BOUND ( 'NONE', #9056, .T. ) ;
#6264 = CYLINDRICAL_SURFACE ( 'NONE', #7201, 0.9999999999999974500 ) ;
#6265 = FACE_OUTER_BOUND ( 'NONE', #9022, .T. ) ;
#6266 = FACE_OUTER_BOUND ( 'NONE', #9018, .T. ) ;
#6267 = FACE_OUTER_BOUND ( 'NONE', #9005, .T. ) ;
#6268 = FACE_OUTER_BOUND ( 'NONE', #9006, .T. ) ;
#6269 = FACE_OUTER_BOUND ( 'NONE', #9003, .T. ) ;
#6270 = FACE_OUTER_BOUND ( 'NONE', #9004, .T. ) ;
#6271 = FACE_OUTER_BOUND ( 'NONE', #9002, .T. ) ;
#6272 = FACE_OUTER_BOUND ( 'NONE', #8960, .T. ) ;
#6273 = FACE_OUTER_BOUND ( 'NONE', #9053, .T. ) ;
#6274 = FACE_OUTER_BOUND ( 'NONE', #9023, .T. ) ;
#6275 = FACE_OUTER_BOUND ( 'NONE', #9013, .T. ) ;
#6276 = FACE_OUTER_BOUND ( 'NONE', #9009, .T. ) ;
#6277 = FACE_OUTER_BOUND ( 'NONE', #9052, .T. ) ;
#6278 = FACE_OUTER_BOUND ( 'NONE', #9030, .T. ) ;
#6279 = FACE_OUTER_BOUND ( 'NONE', #9020, .T. ) ;
#6280 = CYLINDRICAL_SURFACE ( 'NONE', #7216, 0.7999999999999986000 ) ;
#6281 = FACE_OUTER_BOUND ( 'NONE', #9040, .T. ) ;
#6282 = FACE_OUTER_BOUND ( 'NONE', #9021, .T. ) ;
#6283 = FACE_OUTER_BOUND ( 'NONE', #9054, .T. ) ;
#6284 = FACE_OUTER_BOUND ( 'NONE', #9012, .T. ) ;
#6285 = FACE_OUTER_BOUND ( 'NONE', #9017, .T. ) ;
#6286 = FACE_OUTER_BOUND ( 'NONE', #9014, .T. ) ;
#6287 = FACE_OUTER_BOUND ( 'NONE', #9016, .T. ) ;
#6288 = FACE_OUTER_BOUND ( 'NONE', #9019, .T. ) ;
#6289 = FACE_OUTER_BOUND ( 'NONE', #9026, .T. ) ;
#6290 = CYLINDRICAL_SURFACE ( 'NONE', #7225, 0.7999999999999986000 ) ;
#6291 = FACE_OUTER_BOUND ( 'NONE', #9058, .T. ) ;
#6292 = FACE_OUTER_BOUND ( 'NONE', #9045, .T. ) ;
#6293 = FACE_OUTER_BOUND ( 'NONE', #9044, .T. ) ;
#6294 = FACE_OUTER_BOUND ( 'NONE', #9029, .T. ) ;
#6295 = FACE_OUTER_BOUND ( 'NONE', #9043, .T. ) ;
#6296 = CYLINDRICAL_SURFACE ( 'NONE', #7230, 1.500000000000000000 ) ;
#6297 = FACE_OUTER_BOUND ( 'NONE', #9046, .T. ) ;
#6298 = FACE_OUTER_BOUND ( 'NONE', #9051, .T. ) ;
#6299 = FACE_OUTER_BOUND ( 'NONE', #9033, .T. ) ;
#6300 = CYLINDRICAL_SURFACE ( 'NONE', #7233, 1.300000000000000000 ) ;
#6301 = FACE_OUTER_BOUND ( 'NONE', #9032, .T. ) ;
#6302 = CYLINDRICAL_SURFACE ( 'NONE', #7234, 1.500000000000000400 ) ;
#6303 = FACE_OUTER_BOUND ( 'NONE', #9035, .T. ) ;
#6304 = FACE_OUTER_BOUND ( 'NONE', #9038, .T. ) ;
#6305 = FACE_OUTER_BOUND ( 'NONE', #9039, .T. ) ;
#6306 = CYLINDRICAL_SURFACE ( 'NONE', #7237, 1.300000000000000000 ) ;
#6307 = FACE_OUTER_BOUND ( 'NONE', #9036, .T. ) ;
#6308 = CYLINDRICAL_SURFACE ( 'NONE', #7238, 1.500000000000000000 ) ;
#6309 = FACE_OUTER_BOUND ( 'NONE', #9042, .T. ) ;
#6310 = CYLINDRICAL_SURFACE ( 'NONE', #7239, 0.9999999999999974500 ) ;
#6311 = FACE_OUTER_BOUND ( 'NONE', #9047, .T. ) ;
#6312 = CYLINDRICAL_SURFACE ( 'NONE', #7240, 1.300000000000000300 ) ;
#6313 = FACE_OUTER_BOUND ( 'NONE', #9010, .T. ) ;
#6314 = CYLINDRICAL_SURFACE ( 'NONE', #7241, 1.500000000000000000 ) ;
#6315 = FACE_OUTER_BOUND ( 'NONE', #9031, .T. ) ;
#6316 = CYLINDRICAL_SURFACE ( 'NONE', #7242, 1.300000000000000000 ) ;
#6317 = FACE_OUTER_BOUND ( 'NONE', #9041, .T. ) ;
#6318 = CYLINDRICAL_SURFACE ( 'NONE', #7243, 1.499999999999999600 ) ;
#6319 = FACE_OUTER_BOUND ( 'NONE', #9048, .T. ) ;
#6320 = CYLINDRICAL_SURFACE ( 'NONE', #7244, 1.300000000000000000 ) ;
#6321 = FACE_OUTER_BOUND ( 'NONE', #9028, .T. ) ;
#6322 = CYLINDRICAL_SURFACE ( 'NONE', #7245, 1.500000000000000000 ) ;
#6323 = FACE_OUTER_BOUND ( 'NONE', #9024, .T. ) ;
#6324 = CYLINDRICAL_SURFACE ( 'NONE', #7246, 1.500000000000000000 ) ;
#6325 = FACE_OUTER_BOUND ( 'NONE', #9027, .T. ) ;
#6326 = CYLINDRICAL_SURFACE ( 'NONE', #7247, 1.300000000000000300 ) ;
#6327 = FACE_OUTER_BOUND ( 'NONE', #8963, .T. ) ;
#6328 = CYLINDRICAL_SURFACE ( 'NONE', #7248, 1.499999999999999800 ) ;
#6329 = FACE_OUTER_BOUND ( 'NONE', #9025, .T. ) ;
#6330 = FACE_OUTER_BOUND ( 'NONE', #9015, .T. ) ;
#6331 = FACE_OUTER_BOUND ( 'NONE', #9034, .T. ) ;
#6332 = FACE_OUTER_BOUND ( 'NONE', #8965, .T. ) ;
#6333 = FACE_OUTER_BOUND ( 'NONE', #9037, .T. ) ;
#6334 = FACE_OUTER_BOUND ( 'NONE', #8964, .T. ) ;
#6335 = CYLINDRICAL_SURFACE ( 'NONE', #7254, 1.299999999999999600 ) ;
#6336 = FACE_BOUND ( 'NONE', #8985, .T. ) ;
#6337 = CYLINDRICAL_SURFACE ( 'NONE', #7255, 1.300000000000000000 ) ;
#6338 = FACE_OUTER_BOUND ( 'NONE', #8959, .T. ) ;
#6339 = FACE_OUTER_BOUND ( 'NONE', #8958, .T. ) ;
#6340 = FACE_OUTER_BOUND ( 'NONE', #7823, .T. ) ;
#6341 = FACE_OUTER_BOUND ( 'NONE', #7803, .T. ) ;
#6342 = FACE_OUTER_BOUND ( 'NONE', #7809, .T. ) ;
#6343 = FACE_OUTER_BOUND ( 'NONE', #8987, .T. ) ;
#6344 = FACE_OUTER_BOUND ( 'NONE', #8981, .T. ) ;
#6345 = FACE_OUTER_BOUND ( 'NONE', #7795, .T. ) ;
#6346 = FACE_OUTER_BOUND ( 'NONE', #7822, .T. ) ;
#6347 = FACE_OUTER_BOUND ( 'NONE', #8986, .T. ) ;
#6348 = FACE_OUTER_BOUND ( 'NONE', #8972, .T. ) ;
#6349 = FACE_OUTER_BOUND ( 'NONE', #8980, .T. ) ;
#6350 = FACE_OUTER_BOUND ( 'NONE', #8983, .T. ) ;
#6351 = FACE_OUTER_BOUND ( 'NONE', #8990, .T. ) ;
#6352 = FACE_BOUND ( 'NONE', #8988, .T. ) ;
#6353 = FACE_BOUND ( 'NONE', #8989, .T. ) ;
#6354 = FACE_BOUND ( 'NONE', #8984, .T. ) ;
#6355 = FACE_BOUND ( 'NONE', #8996, .T. ) ;
#6356 = FACE_BOUND ( 'NONE', #8994, .T. ) ;
#6357 = FACE_BOUND ( 'NONE', #8991, .T. ) ;
#6358 = FACE_BOUND ( 'NONE', #8993, .T. ) ;
#6359 = FACE_OUTER_BOUND ( 'NONE', #8982, .T. ) ;
#6360 = FACE_OUTER_BOUND ( 'NONE', #8974, .T. ) ;
#6361 = FACE_OUTER_BOUND ( 'NONE', #8975, .T. ) ;
#6362 = FACE_BOUND ( 'NONE', #7796, .T. ) ;
#6363 = FACE_OUTER_BOUND ( 'NONE', #8978, .T. ) ;
#6364 = FACE_OUTER_BOUND ( 'NONE', #8979, .T. ) ;
#6365 = FACE_OUTER_BOUND ( 'NONE', #8977, .T. ) ;
#6366 = FACE_OUTER_BOUND ( 'NONE', #8976, .T. ) ;
#6367 = FACE_OUTER_BOUND ( 'NONE', #8950, .T. ) ;
#6368 = FACE_OUTER_BOUND ( 'NONE', #8970, .T. ) ;
#6369 = FACE_OUTER_BOUND ( 'NONE', #8973, .T. ) ;
#6370 = FACE_OUTER_BOUND ( 'NONE', #8969, .T. ) ;
#6371 = FACE_OUTER_BOUND ( 'NONE', #8971, .T. ) ;
#6372 = FACE_OUTER_BOUND ( 'NONE', #9011, .T. ) ;
#6373 = FACE_OUTER_BOUND ( 'NONE', #8968, .T. ) ;
#6374 = FACE_OUTER_BOUND ( 'NONE', #8967, .T. ) ;
#6375 = FACE_OUTER_BOUND ( 'NONE', #8966, .T. ) ;
#6376 = FACE_OUTER_BOUND ( 'NONE', #8953, .T. ) ;
#6377 = FACE_OUTER_BOUND ( 'NONE', #8956, .T. ) ;
#6378 = FACE_OUTER_BOUND ( 'NONE', #8952, .T. ) ;
#6379 = FACE_OUTER_BOUND ( 'NONE', #8957, .T. ) ;
#6380 = FACE_OUTER_BOUND ( 'NONE', #8955, .T. ) ;
#6381 = FACE_OUTER_BOUND ( 'NONE', #8962, .T. ) ;
#6382 = FACE_OUTER_BOUND ( 'NONE', #8998, .T. ) ;
#6383 = FACE_OUTER_BOUND ( 'NONE', #8951, .T. ) ;
#6384 = FACE_OUTER_BOUND ( 'NONE', #8954, .T. ) ;
#6385 = FACE_OUTER_BOUND ( 'NONE', #9001, .T. ) ;
#6386 = FACE_OUTER_BOUND ( 'NONE', #8992, .T. ) ;
#6387 = FACE_OUTER_BOUND ( 'NONE', #7802, .T. ) ;
#6388 = FACE_OUTER_BOUND ( 'NONE', #7801, .T. ) ;
#6389 = FACE_OUTER_BOUND ( 'NONE', #7811, .T. ) ;
#6390 = FACE_OUTER_BOUND ( 'NONE', #7815, .T. ) ;
#6391 = FACE_BOUND ( 'NONE', #7810, .T. ) ;
#6392 = FACE_BOUND ( 'NONE', #7806, .T. ) ;
#6393 = FACE_BOUND ( 'NONE', #7797, .T. ) ;
#6394 = FACE_BOUND ( 'NONE', #7800, .T. ) ;
#6395 = FACE_BOUND ( 'NONE', #7799, .T. ) ;
#6396 = FACE_BOUND ( 'NONE', #7821, .T. ) ;
#6397 = FACE_BOUND ( 'NONE', #7820, .T. ) ;
#6398 = FACE_OUTER_BOUND ( 'NONE', #7816, .T. ) ;
#6399 = FACE_OUTER_BOUND ( 'NONE', #7805, .T. ) ;
#6400 = FACE_OUTER_BOUND ( 'NONE', #7807, .T. ) ;
#6401 = FACE_OUTER_BOUND ( 'NONE', #7798, .T. ) ;
#6402 = FACE_OUTER_BOUND ( 'NONE', #7814, .T. ) ;
#6403 = FACE_OUTER_BOUND ( 'NONE', #7813, .T. ) ;
#6404 = FACE_OUTER_BOUND ( 'NONE', #7817, .T. ) ;
#6405 = FACE_OUTER_BOUND ( 'NONE', #7804, .T. ) ;
#6406 = FACE_OUTER_BOUND ( 'NONE', #10498, .T. ) ;
#6407 = FACE_OUTER_BOUND ( 'NONE', #9057, .T. ) ;
#6408 = FACE_OUTER_BOUND ( 'NONE', #10501, .T. ) ;
#6409 = FACE_OUTER_BOUND ( 'NONE', #7812, .T. ) ;
#6410 = FACE_OUTER_BOUND ( 'NONE', #10499, .T. ) ;
#6411 = CONICAL_SURFACE ( 'NONE', #7915, 1.602204080999999600, 0.1261630605633491700 ) ;
#6412 = LINE ( 'NONE', #7601, #6427 ) ;
#6413 = CONICAL_SURFACE ( 'NONE', #7917, 1.550000000000000900, 0.08314123188844219100 ) ;
#6414 = FACE_OUTER_BOUND ( 'NONE', #10503, .T. ) ;
#6415 = FACE_OUTER_BOUND ( 'NONE', #10502, .T. ) ;
#6416 = FACE_OUTER_BOUND ( 'NONE', #10508, .T. ) ;
#6417 = FACE_OUTER_BOUND ( 'NONE', #10506, .T. ) ;
#6418 = FACE_OUTER_BOUND ( 'NONE', #10504, .T. ) ;
#6419 = FACE_OUTER_BOUND ( 'NONE', #10507, .T. ) ;
#6420 = FACE_OUTER_BOUND ( 'NONE', #10510, .T. ) ;
#6421 = FACE_OUTER_BOUND ( 'NONE', #10505, .T. ) ;
#6422 = FACE_OUTER_BOUND ( 'NONE', #10500, .T. ) ;
#6423 = CIRCLE ( 'NONE', #7931, 0.9999999999999974500 ) ;
#6424 = VECTOR ( 'NONE', #7608, 1000.000000000000000 ) ;
#6425 = LINE ( 'NONE', #7607, #6424 ) ;
#6426 = LINE ( 'NONE', #7613, #6430 ) ;
#6427 = VECTOR ( 'NONE', #7610, 1000.000000000000200 ) ;
#6428 = LINE ( 'NONE', #7612, #6432 ) ;
#6429 = LINE ( 'NONE', #7611, #6434 ) ;
#6430 = VECTOR ( 'NONE', #7609, 1000.000000000000100 ) ;
#6431 = LINE ( 'NONE', #7622, #6437 ) ;
#6432 = VECTOR ( 'NONE', #7617, 1000.000000000000000 ) ;
#6433 = CIRCLE ( 'NONE', #7933, 0.7999999999999986000 ) ;
#6434 = VECTOR ( 'NONE', #7619, 1000.000000000000200 ) ;
#6435 = LINE ( 'NONE', #7621, #6441 ) ;
#6436 = LINE ( 'NONE', #7626, #6439 ) ;
#6437 = VECTOR ( 'NONE', #7618, 1000.000000000000100 ) ;
#6438 = CIRCLE ( 'NONE', #7934, 0.9999999999999974500 ) ;
#6439 = VECTOR ( 'NONE', #7628, 1000.000000000000100 ) ;
#6440 = LINE ( 'NONE', #7630, #6443 ) ;
#6441 = VECTOR ( 'NONE', #7629, 999.9999999999998900 ) ;
#6442 = LINE ( 'NONE', #7632, #6445 ) ;
#6443 = VECTOR ( 'NONE', #7631, 1000.000000000000000 ) ;
#6444 = LINE ( 'NONE', #7636, #6452 ) ;
#6445 = VECTOR ( 'NONE', #7634, 1000.000000000000000 ) ;
#6446 = LINE ( 'NONE', #7633, #6448 ) ;
#6447 = LINE ( 'NONE', #7640, #6450 ) ;
#6448 = VECTOR ( 'NONE', #7627, 1000.000000000000000 ) ;
#6449 = LINE ( 'NONE', #7635, #6460 ) ;
#6450 = VECTOR ( 'NONE', #7642, 1000.000000000000000 ) ;
#6451 = LINE ( 'NONE', #7644, #6454 ) ;
#6452 = VECTOR ( 'NONE', #7643, 1000.000000000000100 ) ;
#6453 = LINE ( 'NONE', #7646, #6456 ) ;
#6454 = VECTOR ( 'NONE', #7645, 1000.000000000000000 ) ;
#6455 = LINE ( 'NONE', #7648, #6458 ) ;
#6456 = VECTOR ( 'NONE', #7647, 1000.000000000000000 ) ;
#6457 = LINE ( 'NONE', #7641, #6466 ) ;
#6458 = VECTOR ( 'NONE', #7650, 1000.000000000000200 ) ;
#6459 = LINE ( 'NONE', #7652, #6462 ) ;
#6460 = VECTOR ( 'NONE', #7651, 1000.000000000000000 ) ;
#6461 = LINE ( 'NONE', #7654, #6464 ) ;
#6462 = VECTOR ( 'NONE', #7653, 1000.000000000000000 ) ;
#6463 = LINE ( 'NONE', #7649, #6472 ) ;
#6464 = VECTOR ( 'NONE', #7656, 1000.000000000000200 ) ;
#6465 = LINE ( 'NONE', #7658, #6468 ) ;
#6466 = VECTOR ( 'NONE', #7657, 1000.000000000000000 ) ;
#6467 = LINE ( 'NONE', #7660, #6470 ) ;
#6468 = VECTOR ( 'NONE', #7659, 1000.000000000000000 ) ;
#6469 = LINE ( 'NONE', #7655, #6478 ) ;
#6470 = VECTOR ( 'NONE', #7662, 1000.000000000000200 ) ;
#6471 = LINE ( 'NONE', #7664, #6474 ) ;
#6472 = VECTOR ( 'NONE', #7663, 1000.000000000000000 ) ;
#6473 = LINE ( 'NONE', #7666, #6476 ) ;
#6474 = VECTOR ( 'NONE', #7665, 1000.000000000000000 ) ;
#6475 = LINE ( 'NONE', #7661, #6484 ) ;
#6476 = VECTOR ( 'NONE', #7668, 1000.000000000000200 ) ;
#6477 = LINE ( 'NONE', #7670, #6480 ) ;
#6478 = VECTOR ( 'NONE', #7669, 1000.000000000000000 ) ;
#6479 = LINE ( 'NONE', #7672, #6482 ) ;
#6480 = VECTOR ( 'NONE', #7671, 1000.000000000000000 ) ;
#6481 = LINE ( 'NONE', #7667, #6490 ) ;
#6482 = VECTOR ( 'NONE', #7674, 1000.000000000000200 ) ;
#6483 = LINE ( 'NONE', #7676, #6486 ) ;
#6484 = VECTOR ( 'NONE', #7675, 1000.000000000000000 ) ;
#6485 = LINE ( 'NONE', #7678, #6488 ) ;
#6486 = VECTOR ( 'NONE', #7677, 1000.000000000000000 ) ;
#6487 = LINE ( 'NONE', #7673, #6496 ) ;
#6488 = VECTOR ( 'NONE', #7680, 1000.000000000000200 ) ;
#6489 = LINE ( 'NONE', #7682, #6492 ) ;
#6490 = VECTOR ( 'NONE', #7681, 1000.000000000000000 ) ;
#6491 = LINE ( 'NONE', #7684, #6494 ) ;
#6492 = VECTOR ( 'NONE', #7683, 1000.000000000000000 ) ;
#6493 = LINE ( 'NONE', #7679, #6502 ) ;
#6494 = VECTOR ( 'NONE', #7686, 1000.000000000000200 ) ;
#6495 = LINE ( 'NONE', #7688, #6498 ) ;
#6496 = VECTOR ( 'NONE', #7687, 1000.000000000000000 ) ;
#6497 = LINE ( 'NONE', #7690, #6500 ) ;
#6498 = VECTOR ( 'NONE', #7689, 1000.000000000000000 ) ;
#6499 = LINE ( 'NONE', #7685, #6504 ) ;
#6500 = VECTOR ( 'NONE', #7692, 1000.000000000000200 ) ;
#6501 = LINE ( 'NONE', #7697, #6517 ) ;
#6502 = VECTOR ( 'NONE', #7693, 1000.000000000000000 ) ;
#6503 = CIRCLE ( 'NONE', #7935, 0.7999999999999986000 ) ;
#6504 = VECTOR ( 'NONE', #7695, 1000.000000000000000 ) ;
#6505 = LINE ( 'NONE', #7694, #6507 ) ;
#6506 = LINE ( 'NONE', #7701, #6509 ) ;
#6507 = VECTOR ( 'NONE', #7691, 1000.000000000000100 ) ;
#6508 = LINE ( 'NONE', #7703, #6511 ) ;
#6509 = VECTOR ( 'NONE', #7702, 999.9999999999998900 ) ;
#6510 = LINE ( 'NONE', #7705, #6513 ) ;
#6511 = VECTOR ( 'NONE', #7704, 1000.000000000000000 ) ;
#6512 = LINE ( 'NONE', #7707, #6515 ) ;
#6513 = VECTOR ( 'NONE', #7706, 1000.000000000000100 ) ;
#6514 = LINE ( 'NONE', #7696, #6525 ) ;
#6515 = VECTOR ( 'NONE', #7708, 1000.000000000000000 ) ;
#6516 = LINE ( 'NONE', #7710, #6519 ) ;
#6517 = VECTOR ( 'NONE', #7709, 1000.000000000000000 ) ;
#6518 = LINE ( 'NONE', #7712, #6521 ) ;
#6519 = VECTOR ( 'NONE', #7711, 1000.000000000000000 ) ;
#6520 = LINE ( 'NONE', #7714, #6523 ) ;
#6521 = VECTOR ( 'NONE', #7713, 1000.000000000000000 ) ;
#6522 = CIRCLE ( 'NONE', #7936, 0.7999999999999986000 ) ;
#6523 = VECTOR ( 'NONE', #7716, 1000.000000000000000 ) ;
#6524 = LINE ( 'NONE', #7718, #6527 ) ;
#6525 = VECTOR ( 'NONE', #7717, 1000.000000000000000 ) ;
#6526 = LINE ( 'NONE', #7720, #6529 ) ;
#6527 = VECTOR ( 'NONE', #7719, 1000.000000000000000 ) ;
#6528 = LINE ( 'NONE', #7722, #6531 ) ;
#6529 = VECTOR ( 'NONE', #7721, 1000.000000000000000 ) ;
#6530 = LINE ( 'NONE', #7724, #6533 ) ;
#6531 = VECTOR ( 'NONE', #7723, 1000.000000000000000 ) ;
#6532 = LINE ( 'NONE', #7728, #6594 ) ;
#6533 = VECTOR ( 'NONE', #7726, 1000.000000000000000 ) ;
#6534 = LINE ( 'NONE', #7725, #6536 ) ;
#6535 = LINE ( 'NONE', #7732, #6538 ) ;
#6536 = VECTOR ( 'NONE', #7715, 1000.000000000000000 ) ;
#6537 = LINE ( 'NONE', #7734, #6540 ) ;
#6538 = VECTOR ( 'NONE', #7733, 1000.000000000000000 ) ;
#6539 = LINE ( 'NONE', #7736, #6542 ) ;
#6540 = VECTOR ( 'NONE', #7735, 1000.000000000000100 ) ;
#6541 = LINE ( 'NONE', #7738, #6544 ) ;
#6542 = VECTOR ( 'NONE', #7737, 1000.000000000000000 ) ;
#6543 = LINE ( 'NONE', #7740, #6546 ) ;
#6544 = VECTOR ( 'NONE', #7739, 1000.000000000000000 ) ;
#6545 = LINE ( 'NONE', #7742, #6548 ) ;
#6546 = VECTOR ( 'NONE', #7741, 1000.000000000000100 ) ;
#6547 = LINE ( 'NONE', #7744, #6550 ) ;
#6548 = VECTOR ( 'NONE', #7743, 1000.000000000000000 ) ;
#6549 = LINE ( 'NONE', #7746, #6552 ) ;
#6550 = VECTOR ( 'NONE', #7745, 1000.000000000000000 ) ;
#6551 = LINE ( 'NONE', #7748, #6554 ) ;
#6552 = VECTOR ( 'NONE', #7747, 1000.000000000000100 ) ;
#6553 = LINE ( 'NONE', #7750, #6556 ) ;
#6554 = VECTOR ( 'NONE', #7749, 1000.000000000000000 ) ;
#6555 = LINE ( 'NONE', #7752, #6558 ) ;
#6556 = VECTOR ( 'NONE', #7751, 1000.000000000000000 ) ;
#6557 = LINE ( 'NONE', #7754, #6560 ) ;
#6558 = VECTOR ( 'NONE', #7753, 1000.000000000000100 ) ;
#6559 = LINE ( 'NONE', #7756, #6562 ) ;
#6560 = VECTOR ( 'NONE', #7755, 1000.000000000000000 ) ;
#6561 = LINE ( 'NONE', #7758, #6564 ) ;
#6562 = VECTOR ( 'NONE', #7757, 1000.000000000000000 ) ;
#6563 = LINE ( 'NONE', #7760, #6566 ) ;
#6564 = VECTOR ( 'NONE', #7759, 1000.000000000000100 ) ;
#6565 = LINE ( 'NONE', #7762, #6568 ) ;
#6566 = VECTOR ( 'NONE', #7761, 1000.000000000000000 ) ;
#6567 = LINE ( 'NONE', #7764, #6570 ) ;
#6568 = VECTOR ( 'NONE', #7763, 1000.000000000000000 ) ;
#6569 = LINE ( 'NONE', #7766, #6572 ) ;
#6570 = VECTOR ( 'NONE', #7765, 1000.000000000000100 ) ;
#6571 = LINE ( 'NONE', #7768, #6574 ) ;
#6572 = VECTOR ( 'NONE', #7767, 1000.000000000000000 ) ;
#6573 = LINE ( 'NONE', #7770, #6576 ) ;
#6574 = VECTOR ( 'NONE', #7769, 1000.000000000000000 ) ;
#6575 = LINE ( 'NONE', #7772, #6578 ) ;
#6576 = VECTOR ( 'NONE', #7771, 1000.000000000000100 ) ;
#6577 = LINE ( 'NONE', #7774, #6580 ) ;
#6578 = VECTOR ( 'NONE', #7773, 1000.000000000000000 ) ;
#6579 = LINE ( 'NONE', #7776, #6582 ) ;
#6580 = VECTOR ( 'NONE', #7775, 1000.000000000000000 ) ;
#6581 = LINE ( 'NONE', #7778, #6584 ) ;
#6582 = VECTOR ( 'NONE', #7777, 1000.000000000000100 ) ;
#6583 = LINE ( 'NONE', #7780, #6586 ) ;
#6584 = VECTOR ( 'NONE', #7779, 1000.000000000000000 ) ;
#6585 = LINE ( 'NONE', #7782, #6588 ) ;
#6586 = VECTOR ( 'NONE', #7781, 1000.000000000000100 ) ;
#6587 = LINE ( 'NONE', #7784, #6590 ) ;
#6588 = VECTOR ( 'NONE', #7783, 999.9999999999998900 ) ;
#6589 = LINE ( 'NONE', #7786, #6592 ) ;
#6590 = VECTOR ( 'NONE', #7785, 1000.000000000000100 ) ;
#6591 = LINE ( 'NONE', #7727, #6597 ) ;
#6592 = VECTOR ( 'NONE', #7788, 1000.000000000000000 ) ;
#6593 = LINE ( 'NONE', #7790, #6595 ) ;
#6594 = VECTOR ( 'NONE', #7789, 999.9999999999998900 ) ;
#6595 = VECTOR ( 'NONE', #7792, 1000.000000000000000 ) ;
#6596 = LINE ( 'NONE', #7794, #6598 ) ;
#6597 = VECTOR ( 'NONE', #7793, 999.9999999999998900 ) ;
#6598 = VECTOR ( 'NONE', #7965, 1000.000000000000000 ) ;
#6599 = PLANE ( 'NONE',  #5475 ) ;
#6600 = DIRECTION ( 'NONE',  ( 0.0000000000000000000, -1.000000000000000000, 0.0000000000000000000 ) ) ;
#6601 = CARTESIAN_POINT ( 'NONE',  ( -4.900000000000000400, -6.470000000000000600, 15.97837986200000100 ) ) ;
#6602 = CARTESIAN_POINT ( 'NONE',  ( 4.619999999999999200, -6.470000000000000600, 2.434999999999999600 ) ) ;
#6603 = DIRECTION ( 'NONE',  ( -1.000000000000000000, 0.0000000000000000000, 0.0000000000000000000 ) ) ;
#6604 = DIRECTION ( 'NONE',  ( 0.0000000000000000000, 0.0000000000000000000, 1.000000000000000000 ) ) ;
#6605 = PLANE ( 'NONE',  #5476 ) ;
#6606 = CARTESIAN_POINT ( 'NONE',  ( -4.900000000000000400, -6.470000000000000600, 11.05010817300000200 ) ) ;
#6607 = DIRECTION ( 'NONE',  ( -1.000000000000000000, 0.0000000000000000000, 0.0000000000000000000 ) ) ;
#6608 = DIRECTION ( 'NONE',  ( 0.0000000000000000000, -0.0000000000000000000, -1.000000000000000000 ) ) ;
#6609 = PLANE ( 'NONE',  #5477 ) ;
#6610 = CARTESIAN_POINT ( 'NONE',  ( 4.280000000000000200, -7.354459945999998600, 2.434999999999999600 ) ) ;
#6611 = DIRECTION ( 'NONE',  ( -1.000000000000000000, 0.0000000000000000000, 0.0000000000000000000 ) ) ;
#6612 = DIRECTION ( 'NONE',  ( 0.0000000000000000000, 0.0000000000000000000, 1.000000000000000000 ) ) ;
#6613 = DIRECTION ( 'NONE',  ( 0.0000000000000000000, 0.0000000000000000000, -1.000000000000000000 ) ) ;
#6614 = CARTESIAN_POINT ( 'NONE',  ( 4.450000000000000200, -8.657245830000000800, 2.434999999999999600 ) ) ;
#6615 = PLANE ( 'NONE',  #5479 ) ;
#6616 = DIRECTION ( 'NONE',  ( -1.000000000000000000, 0.0000000000000000000, 0.0000000000000000000 ) ) ;
#6617 = DIRECTION ( 'NONE',  ( -1.000000000000000000, 0.0000000000000000000, 0.0000000000000000000 ) ) ;
#6618 = DIRECTION ( 'NONE',  ( 1.000000000000000000, 0.0000000000000000000, 0.0000000000000000000 ) ) ;
#6619 = DIRECTION ( 'NONE',  ( 0.0000000000000000000, 0.0000000000000000000, -1.000000000000000000 ) ) ;
#6620 = DIRECTION ( 'NONE',  ( 0.0000000000000000000, 0.0000000000000000000, -1.000000000000000000 ) ) ;
#6621 = CARTESIAN_POINT ( 'NONE',  ( 2.780000000000000200, -7.354459945999998600, 2.434999999999999600 ) ) ;
#6622 = DIRECTION ( 'NONE',  ( 0.0000000000000000000, 0.0000000000000000000, -1.000000000000000000 ) ) ;
#6623 = DIRECTION ( 'NONE',  ( -1.000000000000000000, 0.0000000000000000000, 0.0000000000000000000 ) ) ;
#6624 = CARTESIAN_POINT ( 'NONE',  ( 5.609999999999999400, -8.350000000000001400, 2.085000000000000000 ) ) ;
#6625 = DIRECTION ( 'NONE',  ( 0.0000000000000000000, 0.0000000000000000000, -1.000000000000000000 ) ) ;
#6626 = CARTESIAN_POINT ( 'NONE',  ( 4.280000000000000200, -9.436160337000000500, 2.434999999999999600 ) ) ;
#6627 = CARTESIAN_POINT ( 'NONE',  ( 2.780000000000000200, -9.345540054000002400, 2.434999999999999600 ) ) ;
#6628 = PLANE ( 'NONE',  #5483 ) ;
#6629 = CARTESIAN_POINT ( 'NONE',  ( 4.349999999999999600, -9.650000000000000400, 2.434999999999999600 ) ) ;
#6630 = CARTESIAN_POINT ( 'NONE',  ( 4.549999999999999800, -9.650000000000000400, 2.434999999999999600 ) ) ;
#6631 = DIRECTION ( 'NONE',  ( 1.000000000000000000, 0.0000000000000000000, 0.0000000000000000000 ) ) ;
#6632 = DIRECTION ( 'NONE',  ( 0.0000000000000000000, 0.0000000000000000000, -1.000000000000000000 ) ) ;
#6633 = PLANE ( 'NONE',  #5484 ) ;
#6634 = CARTESIAN_POINT ( 'NONE',  ( 4.619999999999999200, -9.436160337000000500, 2.434999999999999600 ) ) ;
#6635 = DIRECTION ( 'NONE',  ( 0.9503759610317383800, 0.3111037330103896300, 0.0000000000000000000 ) ) ;
#6636 = DIRECTION ( 'NONE',  ( -0.3111037330103895700, 0.9503759610317382700, 0.0000000000000000000 ) ) ;
#6637 = PLANE ( 'NONE',  #5485 ) ;
#6638 = CARTESIAN_POINT ( 'NONE',  ( 4.619999999999999200, -9.345540054000002400, 2.434999999999999600 ) ) ;
#6639 = DIRECTION ( 'NONE',  ( 0.0000000000000000000, 1.000000000000000000, 0.0000000000000000000 ) ) ;
#6640 = DIRECTION ( 'NONE',  ( 0.0000000000000000000, -0.0000000000000000000, 1.000000000000000000 ) ) ;
#6641 = PLANE ( 'NONE',  #5486 ) ;
#6642 = DIRECTION ( 'NONE',  ( -1.000000000000000000, 0.0000000000000000000, 0.0000000000000000000 ) ) ;
#6643 = DIRECTION ( 'NONE',  ( -0.9503759610317383800, 0.3111037330103896300, 0.0000000000000000000 ) ) ;
#6644 = DIRECTION ( 'NONE',  ( -0.3111037330103895700, -0.9503759610317382700, 0.0000000000000000000 ) ) ;
#6645 = PLANE ( 'NONE',  #5487 ) ;
#6646 = CARTESIAN_POINT ( 'NONE',  ( 0.4700000000000000300, -7.354459945999998600, 4.624999999999999100 ) ) ;
#6647 = DIRECTION ( 'NONE',  ( -1.000000000000000000, 0.0000000000000000000, 0.0000000000000000000 ) ) ;
#6648 = DIRECTION ( 'NONE',  ( 0.0000000000000000000, 0.0000000000000000000, 1.000000000000000000 ) ) ;
#6649 = DIRECTION ( 'NONE',  ( 0.0000000000000000000, 0.0000000000000000000, -1.000000000000000000 ) ) ;
#6650 = CARTESIAN_POINT ( 'NONE',  ( 6.119999999999999200, -9.345540054000002400, 2.434999999999999600 ) ) ;
#6651 = PLANE ( 'NONE',  #5489 ) ;
#6652 = CARTESIAN_POINT ( 'NONE',  ( -5.799329208000000500, -10.27000000000000000, 4.624999999999999100 ) ) ;
#6653 = PLANE ( 'NONE',  #5490 ) ;
#6654 = DIRECTION ( 'NONE',  ( 1.000000000000000000, 0.0000000000000000000, 0.0000000000000000000 ) ) ;
#6655 = DIRECTION ( 'NONE',  ( 0.0000000000000000000, 0.0000000000000000000, -1.000000000000000000 ) ) ;
#6656 = CARTESIAN_POINT ( 'NONE',  ( -5.799329208000000500, -10.27000000000000000, 4.975000000000000500 ) ) ;
#6657 = CARTESIAN_POINT ( 'NONE',  ( 0.8100000000000000500, -7.354459945999998600, 4.624999999999999100 ) ) ;
#6658 = DIRECTION ( 'NONE',  ( 0.0000000000000000000, 0.0000000000000000000, 1.000000000000000000 ) ) ;
#6659 = DIRECTION ( 'NONE',  ( 1.000000000000000000, 0.0000000000000000000, -0.0000000000000000000 ) ) ;
#6660 = PLANE ( 'NONE',  #5491 ) ;
#6661 = PLANE ( 'NONE',  #5492 ) ;
#6662 = DIRECTION ( 'NONE',  ( -1.000000000000000000, 0.0000000000000000000, 0.0000000000000000000 ) ) ;
#6663 = DIRECTION ( 'NONE',  ( 0.0000000000000000000, 0.0000000000000000000, 1.000000000000000000 ) ) ;
#6664 = CARTESIAN_POINT ( 'NONE',  ( -5.799329208000000500, -10.27000000000000000, 4.624999999999999100 ) ) ;
#6665 = CARTESIAN_POINT ( 'NONE',  ( 3.009999999999999800, -7.354459945999998600, 4.624999999999999100 ) ) ;
#6666 = DIRECTION ( 'NONE',  ( 0.0000000000000000000, 0.0000000000000000000, -1.000000000000000000 ) ) ;
#6667 = DIRECTION ( 'NONE',  ( -1.000000000000000000, 0.0000000000000000000, -0.0000000000000000000 ) ) ;
#6668 = PLANE ( 'NONE',  #5493 ) ;
#6669 = PLANE ( 'NONE',  #5494 ) ;
#6670 = DIRECTION ( 'NONE',  ( 1.000000000000000000, 0.0000000000000000000, 0.0000000000000000000 ) ) ;
#6671 = DIRECTION ( 'NONE',  ( 0.0000000000000000000, 0.0000000000000000000, -1.000000000000000000 ) ) ;
#6672 = CARTESIAN_POINT ( 'NONE',  ( -2.000000000000000000, -6.470000000000000600, 16.50000000000000000 ) ) ;
#6673 = CARTESIAN_POINT ( 'NONE',  ( 3.349999999999999600, -7.354459945999998600, 4.624999999999999100 ) ) ;
#6674 = DIRECTION ( 'NONE',  ( 0.0000000000000000000, 0.0000000000000000000, 1.000000000000000000 ) ) ;
#6675 = DIRECTION ( 'NONE',  ( 1.000000000000000000, 0.0000000000000000000, -0.0000000000000000000 ) ) ;
#6676 = PLANE ( 'NONE',  #5495 ) ;
#6677 = CARTESIAN_POINT ( 'NONE',  ( -2.000000000000000000, -6.470000000000000600, 16.00000000000000000 ) ) ;
#6678 = DIRECTION ( 'NONE',  ( -1.000000000000000000, 0.0000000000000000000, 0.0000000000000000000 ) ) ;
#6679 = DIRECTION ( 'NONE',  ( 0.0000000000000000000, 0.0000000000000000000, 1.000000000000000000 ) ) ;
#6680 = PLANE ( 'NONE',  #5496 ) ;
#6681 = CARTESIAN_POINT ( 'NONE',  ( -2.000000000000000000, -6.470000000000000600, 16.50000000000000000 ) ) ;
#6682 = DIRECTION ( 'NONE',  ( -1.000000000000000000, 0.0000000000000000000, 0.0000000000000000000 ) ) ;
#6683 = DIRECTION ( 'NONE',  ( 0.0000000000000000000, 0.0000000000000000000, 1.000000000000000000 ) ) ;
#6684 = PLANE ( 'NONE',  #5497 ) ;
#6685 = CARTESIAN_POINT ( 'NONE',  ( 5.997721494000001200, -6.850000000000000500, 0.5883734840000000000 ) ) ;
#6686 = DIRECTION ( 'NONE',  ( 0.0000000000000000000, 0.0000000000000000000, -1.000000000000000000 ) ) ;
#6687 = DIRECTION ( 'NONE',  ( -1.000000000000000000, 0.0000000000000000000, -0.0000000000000000000 ) ) ;
#6688 = PLANE ( 'NONE',  #5498 ) ;
#6689 = CARTESIAN_POINT ( 'NONE',  ( 5.997721494000001200, -6.850000000000000500, 4.434385983000000300 ) ) ;
#6690 = DIRECTION ( 'NONE',  ( 0.0000000000000000000, 0.0000000000000000000, 1.000000000000000000 ) ) ;
#6691 = DIRECTION ( 'NONE',  ( 1.000000000000000000, 0.0000000000000000000, -0.0000000000000000000 ) ) ;
#6692 = PLANE ( 'NONE',  #5499 ) ;
#6693 = CARTESIAN_POINT ( 'NONE',  ( 5.997721494000001200, -6.850000000000000500, 4.434385983000000300 ) ) ;
#6694 = DIRECTION ( 'NONE',  ( 0.0000000000000000000, 0.0000000000000000000, 1.000000000000000000 ) ) ;
#6695 = DIRECTION ( 'NONE',  ( 1.000000000000000000, 0.0000000000000000000, -0.0000000000000000000 ) ) ;
#6696 = PLANE ( 'NONE',  #5500 ) ;
#6697 = CARTESIAN_POINT ( 'NONE',  ( 5.584726862999999300, -6.850000000000000500, 4.434385983000000300 ) ) ;
#6698 = DIRECTION ( 'NONE',  ( -1.000000000000000000, 0.0000000000000000000, 0.0000000000000000000 ) ) ;
#6699 = DIRECTION ( 'NONE',  ( 0.0000000000000000000, 0.0000000000000000000, 1.000000000000000000 ) ) ;
#6700 = PLANE ( 'NONE',  #5501 ) ;
#6701 = CARTESIAN_POINT ( 'NONE',  ( -6.550000000000000700, -5.450000000000000200, 5.128708030999999500 ) ) ;
#6702 = DIRECTION ( 'NONE',  ( 0.0000000000000000000, 0.0000000000000000000, -1.000000000000000000 ) ) ;
#6703 = DIRECTION ( 'NONE',  ( -1.000000000000000000, 0.0000000000000000000, -0.0000000000000000000 ) ) ;
#6704 = PLANE ( 'NONE',  #5502 ) ;
#6705 = CARTESIAN_POINT ( 'NONE',  ( 2.000000000000000000, -6.470000000000000600, 16.50000000000000000 ) ) ;
#6706 = DIRECTION ( 'NONE',  ( 1.000000000000000000, 0.0000000000000000000, 0.0000000000000000000 ) ) ;
#6707 = DIRECTION ( 'NONE',  ( 0.0000000000000000000, 0.0000000000000000000, -1.000000000000000000 ) ) ;
#6708 = PLANE ( 'NONE',  #5503 ) ;
#6709 = DIRECTION ( 'NONE',  ( -1.000000000000000000, 0.0000000000000000000, 0.0000000000000000000 ) ) ;
#6710 = DIRECTION ( 'NONE',  ( 0.0000000000000000000, 0.0000000000000000000, 1.000000000000000000 ) ) ;
#6711 = DIRECTION ( 'NONE',  ( 1.000000000000000000, 0.0000000000000000000, -0.0000000000000000000 ) ) ;
#6712 = PLANE ( 'NONE',  #5504 ) ;
#6713 = DIRECTION ( 'NONE',  ( -1.000000000000000000, 0.0000000000000000000, 0.0000000000000000000 ) ) ;
#6714 = DIRECTION ( 'NONE',  ( 1.000000000000000000, 0.0000000000000000000, 0.0000000000000000000 ) ) ;
#6715 = DIRECTION ( 'NONE',  ( 0.0000000000000000000, 0.0000000000000000000, -1.000000000000000000 ) ) ;
#6716 = DIRECTION ( 'NONE',  ( 0.0000000000000000000, 0.0000000000000000000, -1.000000000000000000 ) ) ;
#6717 = CARTESIAN_POINT ( 'NONE',  ( -0.6300000000000001200, -8.657245830000000800, 2.434999999999999600 ) ) ;
#6718 = DIRECTION ( 'NONE',  ( 0.0000000000000000000, 0.0000000000000000000, -1.000000000000000000 ) ) ;
#6719 = DIRECTION ( 'NONE',  ( -1.000000000000000000, 0.0000000000000000000, 0.0000000000000000000 ) ) ;
#6720 = CARTESIAN_POINT ( 'NONE',  ( -1.790000000000000300, -8.350000000000001400, 2.434999999999999600 ) ) ;
#6721 = DIRECTION ( 'NONE',  ( 0.0000000000000000000, 0.0000000000000000000, -1.000000000000000000 ) ) ;
#6722 = DIRECTION ( 'NONE',  ( -1.000000000000000000, 0.0000000000000000000, 0.0000000000000000000 ) ) ;
#6723 = CARTESIAN_POINT ( 'NONE',  ( -1.790000000000000300, -8.350000000000001400, 2.085000000000000000 ) ) ;
#6724 = DIRECTION ( 'NONE',  ( 0.0000000000000000000, 0.0000000000000000000, -1.000000000000000000 ) ) ;
#6725 = CARTESIAN_POINT ( 'NONE',  ( -0.4600000000000000200, -9.345540054000002400, 2.434999999999999600 ) ) ;
#6726 = CARTESIAN_POINT ( 'NONE',  ( 1.040000000000000000, -9.345540054000002400, 2.434999999999999600 ) ) ;
#6727 = PLANE ( 'NONE',  #5509 ) ;
#6728 = CARTESIAN_POINT ( 'NONE',  ( -0.4600000000000000200, -9.436160337000000500, 2.434999999999999600 ) ) ;
#6729 = CARTESIAN_POINT ( 'NONE',  ( -0.5300000000000001400, -9.650000000000000400, 2.434999999999999600 ) ) ;
#6730 = DIRECTION ( 'NONE',  ( -1.000000000000000000, 0.0000000000000000000, 0.0000000000000000000 ) ) ;
#6731 = DIRECTION ( 'NONE',  ( 0.0000000000000000000, 0.0000000000000000000, 1.000000000000000000 ) ) ;
#6732 = PLANE ( 'NONE',  #5510 ) ;
#6733 = CARTESIAN_POINT ( 'NONE',  ( -0.7300000000000000900, -9.650000000000000400, 2.434999999999999600 ) ) ;
#6734 = DIRECTION ( 'NONE',  ( -0.9503759610317383800, 0.3111037330103896300, 0.0000000000000000000 ) ) ;
#6735 = DIRECTION ( 'NONE',  ( -0.3111037330103895700, -0.9503759610317382700, 0.0000000000000000000 ) ) ;
#6736 = PLANE ( 'NONE',  #5511 ) ;
#6737 = CARTESIAN_POINT ( 'NONE',  ( -0.8000000000000000400, -9.436160337000000500, 2.434999999999999600 ) ) ;
#6738 = DIRECTION ( 'NONE',  ( 0.0000000000000000000, 1.000000000000000000, 0.0000000000000000000 ) ) ;
#6739 = DIRECTION ( 'NONE',  ( 0.0000000000000000000, -0.0000000000000000000, 1.000000000000000000 ) ) ;
#6740 = PLANE ( 'NONE',  #5512 ) ;
#6741 = DIRECTION ( 'NONE',  ( -1.000000000000000000, 0.0000000000000000000, 0.0000000000000000000 ) ) ;
#6742 = DIRECTION ( 'NONE',  ( 0.9503759610317383800, 0.3111037330103896300, 0.0000000000000000000 ) ) ;
#6743 = DIRECTION ( 'NONE',  ( -0.3111037330103895700, 0.9503759610317382700, 0.0000000000000000000 ) ) ;
#6744 = PLANE ( 'NONE',  #5514 ) ;
#6745 = DIRECTION ( 'NONE',  ( -1.000000000000000000, 0.0000000000000000000, 0.0000000000000000000 ) ) ;
#6746 = DIRECTION ( 'NONE',  ( 1.000000000000000000, 0.0000000000000000000, 0.0000000000000000000 ) ) ;
#6747 = DIRECTION ( 'NONE',  ( 0.0000000000000000000, 0.0000000000000000000, -1.000000000000000000 ) ) ;
#6748 = DIRECTION ( 'NONE',  ( 0.0000000000000000000, 0.0000000000000000000, -1.000000000000000000 ) ) ;
#6749 = CARTESIAN_POINT ( 'NONE',  ( -2.299999999999999800, -9.345540054000002400, 2.434999999999999600 ) ) ;
#6750 = DIRECTION ( 'NONE',  ( 0.0000000000000000000, 0.0000000000000000000, -1.000000000000000000 ) ) ;
#6751 = DIRECTION ( 'NONE',  ( -1.000000000000000000, 0.0000000000000000000, 0.0000000000000000000 ) ) ;
#6752 = CARTESIAN_POINT ( 'NONE',  ( 0.5300000000000001400, -8.350000000000001400, 2.085000000000000000 ) ) ;
#6753 = DIRECTION ( 'NONE',  ( 0.0000000000000000000, 0.0000000000000000000, -1.000000000000000000 ) ) ;
#6754 = DIRECTION ( 'NONE',  ( -1.000000000000000000, 0.0000000000000000000, 0.0000000000000000000 ) ) ;
#6755 = CARTESIAN_POINT ( 'NONE',  ( -2.299999999999999800, -7.354459945999998600, 2.434999999999999600 ) ) ;
#6756 = DIRECTION ( 'NONE',  ( 0.0000000000000000000, 0.0000000000000000000, -1.000000000000000000 ) ) ;
#6757 = DIRECTION ( 'NONE',  ( -1.000000000000000000, 0.0000000000000000000, 0.0000000000000000000 ) ) ;
#6758 = CARTESIAN_POINT ( 'NONE',  ( -1.500000000000000000, -7.354459945999998600, 2.434999999999999600 ) ) ;
#6759 = DIRECTION ( 'NONE',  ( 0.0000000000000000000, 0.0000000000000000000, -1.000000000000000000 ) ) ;
#6760 = DIRECTION ( 'NONE',  ( -1.000000000000000000, 0.0000000000000000000, 0.0000000000000000000 ) ) ;
#6761 = CARTESIAN_POINT ( 'NONE',  ( -2.009999999999999800, -8.350000000000001400, 2.434999999999999600 ) ) ;
#6762 = DIRECTION ( 'NONE',  ( 0.0000000000000000000, 0.0000000000000000000, -1.000000000000000000 ) ) ;
#6763 = DIRECTION ( 'NONE',  ( 1.000000000000000000, 0.0000000000000000000, 0.0000000000000000000 ) ) ;
#6764 = CARTESIAN_POINT ( 'NONE',  ( -3.169999999999999900, -8.657245830000000800, 2.434999999999999600 ) ) ;
#6765 = DIRECTION ( 'NONE',  ( 0.0000000000000000000, -0.0000000000000000000, 1.000000000000000000 ) ) ;
#6766 = DIRECTION ( 'NONE',  ( 1.000000000000000000, 0.0000000000000000000, 0.0000000000000000000 ) ) ;
#6767 = CARTESIAN_POINT ( 'NONE',  ( -3.280000000000000200, -8.350000000000001400, 4.624999999999999100 ) ) ;
#6768 = DIRECTION ( 'NONE',  ( 0.0000000000000000000, -0.0000000000000000000, 1.000000000000000000 ) ) ;
#6769 = DIRECTION ( 'NONE',  ( 1.000000000000000000, 0.0000000000000000000, 0.0000000000000000000 ) ) ;
#6770 = CARTESIAN_POINT ( 'NONE',  ( -4.440000000000000400, -8.657245830000000800, 4.624999999999999100 ) ) ;
#6771 = DIRECTION ( 'NONE',  ( 0.0000000000000000000, -0.0000000000000000000, 1.000000000000000000 ) ) ;
#6772 = DIRECTION ( 'NONE',  ( 1.000000000000000000, 0.0000000000000000000, 0.0000000000000000000 ) ) ;
#6773 = CARTESIAN_POINT ( 'NONE',  ( -5.599999999999999600, -8.350000000000001400, 4.624999999999999100 ) ) ;
#6774 = DIRECTION ( 'NONE',  ( 0.0000000000000000000, -0.0000000000000000000, 1.000000000000000000 ) ) ;
#6775 = DIRECTION ( 'NONE',  ( 1.000000000000000000, 0.0000000000000000000, 0.0000000000000000000 ) ) ;
#6776 = CARTESIAN_POINT ( 'NONE',  ( -4.440000000000000400, -8.042754170000000300, 4.624999999999999100 ) ) ;
#6777 = DIRECTION ( 'NONE',  ( 0.0000000000000000000, -0.0000000000000000000, 1.000000000000000000 ) ) ;
#6778 = DIRECTION ( 'NONE',  ( 1.000000000000000000, 0.0000000000000000000, 0.0000000000000000000 ) ) ;
#6779 = CARTESIAN_POINT ( 'NONE',  ( -5.599999999999999600, -8.350000000000001400, 4.975000000000000500 ) ) ;
#6780 = DIRECTION ( 'NONE',  ( 0.0000000000000000000, -0.0000000000000000000, 1.000000000000000000 ) ) ;
#6781 = DIRECTION ( 'NONE',  ( -1.000000000000000000, 0.0000000000000000000, 0.0000000000000000000 ) ) ;
#6782 = CARTESIAN_POINT ( 'NONE',  ( -2.770000000000000000, -9.345540054000002400, 4.624999999999999100 ) ) ;
#6783 = DIRECTION ( 'NONE',  ( 0.0000000000000000000, 0.0000000000000000000, -1.000000000000000000 ) ) ;
#6784 = DIRECTION ( 'NONE',  ( -1.000000000000000000, 0.0000000000000000000, 0.0000000000000000000 ) ) ;
#6785 = CARTESIAN_POINT ( 'NONE',  ( -4.330000000000000100, -8.350000000000001400, 2.434999999999999600 ) ) ;
#6786 = DIRECTION ( 'NONE',  ( 0.0000000000000000000, 0.0000000000000000000, -1.000000000000000000 ) ) ;
#6787 = DIRECTION ( 'NONE',  ( -1.000000000000000000, 0.0000000000000000000, 0.0000000000000000000 ) ) ;
#6788 = CARTESIAN_POINT ( 'NONE',  ( -3.169999999999999900, -8.042754170000000300, 2.434999999999999600 ) ) ;
#6789 = DIRECTION ( 'NONE',  ( 0.0000000000000000000, 0.0000000000000000000, -1.000000000000000000 ) ) ;
#6790 = DIRECTION ( 'NONE',  ( -1.000000000000000000, 0.0000000000000000000, 0.0000000000000000000 ) ) ;
#6791 = CARTESIAN_POINT ( 'NONE',  ( -4.330000000000000100, -8.350000000000001400, 2.085000000000000000 ) ) ;
#6792 = DIRECTION ( 'NONE',  ( 0.0000000000000000000, 0.0000000000000000000, -1.000000000000000000 ) ) ;
#6793 = CARTESIAN_POINT ( 'NONE',  ( -3.000000000000000000, -9.345540054000002400, 2.434999999999999600 ) ) ;
#6794 = CARTESIAN_POINT ( 'NONE',  ( -1.500000000000000000, -9.345540054000002400, 2.434999999999999600 ) ) ;
#6795 = PLANE ( 'NONE',  #7152 ) ;
#6796 = CARTESIAN_POINT ( 'NONE',  ( -3.000000000000000000, -9.436160337000000500, 2.434999999999999600 ) ) ;
#6797 = CARTESIAN_POINT ( 'NONE',  ( -3.069999999999999800, -9.650000000000000400, 2.434999999999999600 ) ) ;
#6798 = DIRECTION ( 'NONE',  ( -1.000000000000000000, 0.0000000000000000000, 0.0000000000000000000 ) ) ;
#6799 = DIRECTION ( 'NONE',  ( 0.0000000000000000000, 0.0000000000000000000, 1.000000000000000000 ) ) ;
#6800 = PLANE ( 'NONE',  #7153 ) ;
#6801 = CARTESIAN_POINT ( 'NONE',  ( -3.270000000000000000, -9.650000000000000400, 2.434999999999999600 ) ) ;
#6802 = DIRECTION ( 'NONE',  ( -0.9503759610317383800, 0.3111037330103896300, 0.0000000000000000000 ) ) ;
#6803 = DIRECTION ( 'NONE',  ( -0.3111037330103895700, -0.9503759610317382700, 0.0000000000000000000 ) ) ;
#6804 = PLANE ( 'NONE',  #7154 ) ;
#6805 = CARTESIAN_POINT ( 'NONE',  ( -3.340000000000000300, -9.436160337000000500, 2.434999999999999600 ) ) ;
#6806 = DIRECTION ( 'NONE',  ( 0.0000000000000000000, 1.000000000000000000, 0.0000000000000000000 ) ) ;
#6807 = DIRECTION ( 'NONE',  ( 0.0000000000000000000, -0.0000000000000000000, 1.000000000000000000 ) ) ;
#6808 = PLANE ( 'NONE',  #7155 ) ;
#6809 = DIRECTION ( 'NONE',  ( -1.000000000000000000, 0.0000000000000000000, 0.0000000000000000000 ) ) ;
#6810 = DIRECTION ( 'NONE',  ( 0.9503759610317383800, 0.3111037330103896300, 0.0000000000000000000 ) ) ;
#6811 = DIRECTION ( 'NONE',  ( -0.3111037330103895700, 0.9503759610317382700, 0.0000000000000000000 ) ) ;
#6812 = PLANE ( 'NONE',  #7156 ) ;
#6813 = DIRECTION ( 'NONE',  ( -1.000000000000000000, 0.0000000000000000000, 0.0000000000000000000 ) ) ;
#6814 = DIRECTION ( 'NONE',  ( 1.000000000000000000, 0.0000000000000000000, 0.0000000000000000000 ) ) ;
#6815 = DIRECTION ( 'NONE',  ( 0.0000000000000000000, 0.0000000000000000000, -1.000000000000000000 ) ) ;
#6816 = DIRECTION ( 'NONE',  ( 0.0000000000000000000, 0.0000000000000000000, -1.000000000000000000 ) ) ;
#6817 = CARTESIAN_POINT ( 'NONE',  ( -4.839999999999999900, -9.345540054000002400, 2.434999999999999600 ) ) ;
#6818 = DIRECTION ( 'NONE',  ( 0.0000000000000000000, 0.0000000000000000000, -1.000000000000000000 ) ) ;
#6819 = DIRECTION ( 'NONE',  ( -1.000000000000000000, 0.0000000000000000000, 0.0000000000000000000 ) ) ;
#6820 = CARTESIAN_POINT ( 'NONE',  ( -2.009999999999999800, -8.350000000000001400, 2.085000000000000000 ) ) ;
#6821 = DIRECTION ( 'NONE',  ( 0.0000000000000000000, 0.0000000000000000000, -1.000000000000000000 ) ) ;
#6822 = DIRECTION ( 'NONE',  ( 1.000000000000000000, 0.0000000000000000000, 0.0000000000000000000 ) ) ;
#6823 = CARTESIAN_POINT ( 'NONE',  ( -4.839999999999999900, -7.354459945999998600, 2.434999999999999600 ) ) ;
#6824 = DIRECTION ( 'NONE',  ( 0.0000000000000000000, -0.0000000000000000000, 1.000000000000000000 ) ) ;
#6825 = DIRECTION ( 'NONE',  ( 1.000000000000000000, 0.0000000000000000000, 0.0000000000000000000 ) ) ;
#6826 = CARTESIAN_POINT ( 'NONE',  ( -2.770000000000000000, -7.354459945999998600, 4.624999999999999100 ) ) ;
#6827 = DIRECTION ( 'NONE',  ( 0.0000000000000000000, 0.0000000000000000000, 1.000000000000000000 ) ) ;
#6828 = DIRECTION ( 'NONE',  ( 1.000000000000000000, 0.0000000000000000000, 0.0000000000000000000 ) ) ;
#6829 = CARTESIAN_POINT ( 'NONE',  ( 3.180000000000000200, -8.657245830000000800, 4.624999999999999100 ) ) ;
#6830 = DIRECTION ( 'NONE',  ( 0.0000000000000000000, -0.0000000000000000000, 1.000000000000000000 ) ) ;
#6831 = DIRECTION ( 'NONE',  ( 1.000000000000000000, 0.0000000000000000000, 0.0000000000000000000 ) ) ;
#6832 = CARTESIAN_POINT ( 'NONE',  ( 2.020000000000000000, -8.350000000000001400, 4.624999999999999100 ) ) ;
#6833 = DIRECTION ( 'NONE',  ( 0.0000000000000000000, 0.0000000000000000000, 1.000000000000000000 ) ) ;
#6834 = DIRECTION ( 'NONE',  ( 1.000000000000000000, 0.0000000000000000000, 0.0000000000000000000 ) ) ;
#6835 = CARTESIAN_POINT ( 'NONE',  ( 3.180000000000000200, -8.042754170000000300, 4.624999999999999100 ) ) ;
#6836 = DIRECTION ( 'NONE',  ( 0.0000000000000000000, -0.0000000000000000000, 1.000000000000000000 ) ) ;
#6837 = DIRECTION ( 'NONE',  ( 1.000000000000000000, 0.0000000000000000000, 0.0000000000000000000 ) ) ;
#6838 = CARTESIAN_POINT ( 'NONE',  ( 4.339999999999999900, -8.350000000000001400, 4.624999999999999100 ) ) ;
#6839 = DIRECTION ( 'NONE',  ( 0.0000000000000000000, -0.0000000000000000000, 1.000000000000000000 ) ) ;
#6840 = DIRECTION ( 'NONE',  ( 1.000000000000000000, 0.0000000000000000000, 0.0000000000000000000 ) ) ;
#6841 = CARTESIAN_POINT ( 'NONE',  ( 4.850000000000000500, -7.354459945999998600, 4.624999999999999100 ) ) ;
#6842 = DIRECTION ( 'NONE',  ( 0.0000000000000000000, 0.0000000000000000000, 1.000000000000000000 ) ) ;
#6843 = DIRECTION ( 'NONE',  ( 1.000000000000000000, 0.0000000000000000000, 0.0000000000000000000 ) ) ;
#6844 = CARTESIAN_POINT ( 'NONE',  ( 2.020000000000000000, -8.350000000000001400, 4.975000000000000500 ) ) ;
#6845 = DIRECTION ( 'NONE',  ( 0.0000000000000000000, -0.0000000000000000000, 1.000000000000000000 ) ) ;
#6846 = CARTESIAN_POINT ( 'NONE',  ( 3.349999999999999600, -9.436160337000000500, 4.624999999999999100 ) ) ;
#6847 = CARTESIAN_POINT ( 'NONE',  ( 4.850000000000000500, -9.345540054000002400, 4.624999999999999100 ) ) ;
#6848 = PLANE ( 'NONE',  #7168 ) ;
#6849 = CARTESIAN_POINT ( 'NONE',  ( 3.280000000000000200, -9.650000000000000400, 4.624999999999999100 ) ) ;
#6850 = CARTESIAN_POINT ( 'NONE',  ( -6.550000000000000700, 5.653797976999999100, 8.443409716000001500 ) ) ;
#6851 = DIRECTION ( 'NONE',  ( -1.000000000000000000, 0.0000000000000000000, 0.0000000000000000000 ) ) ;
#6852 = DIRECTION ( 'NONE',  ( 0.0000000000000000000, 0.0000000000000000000, 1.000000000000000000 ) ) ;
#6853 = PLANE ( 'NONE',  #7169 ) ;
#6854 = CARTESIAN_POINT ( 'NONE',  ( -6.550000000000000700, 6.850000000000000500, 9.639611737999999300 ) ) ;
#6855 = DIRECTION ( 'NONE',  ( -0.9503759610317383800, 0.3111037330103896300, 0.0000000000000000000 ) ) ;
#6856 = DIRECTION ( 'NONE',  ( -0.3111037330103895700, -0.9503759610317382700, 0.0000000000000000000 ) ) ;
#6857 = PLANE ( 'NONE',  #7170 ) ;
#6858 = CARTESIAN_POINT ( 'NONE',  ( -6.750000000000000000, 6.649999999999999500, 20.50000000000000000 ) ) ;
#6859 = DIRECTION ( 'NONE',  ( 0.0000000000000000000, -1.000000000000000000, 0.0000000000000000000 ) ) ;
#6860 = DIRECTION ( 'NONE',  ( 0.0000000000000000000, -0.0000000000000000000, -1.000000000000000000 ) ) ;
#6861 = PLANE ( 'NONE',  #7171 ) ;
#6862 = CARTESIAN_POINT ( 'NONE',  ( -6.250000000000000000, -6.669999999999999900, 17.30000000000000100 ) ) ;
#6863 = DIRECTION ( 'NONE',  ( 0.0000000000000000000, -0.7071067811865475700, 0.7071067811865475700 ) ) ;
#6864 = DIRECTION ( 'NONE',  ( 0.0000000000000000000, -0.7071067811865474600, -0.7071067811865474600 ) ) ;
#6865 = PLANE ( 'NONE',  #7172 ) ;
#6866 = CARTESIAN_POINT ( 'NONE',  ( 6.550000000000000700, 6.850000000000000500, 9.639611737999999300 ) ) ;
#6867 = DIRECTION ( 'NONE',  ( 0.0000000000000000000, 1.000000000000000000, 0.0000000000000000000 ) ) ;
#6868 = DIRECTION ( 'NONE',  ( 0.0000000000000000000, -0.0000000000000000000, 1.000000000000000000 ) ) ;
#6869 = PLANE ( 'NONE',  #7173 ) ;
#6870 = CARTESIAN_POINT ( 'NONE',  ( 6.550000000000000700, 5.653797976999999100, 8.443409716000001500 ) ) ;
#6871 = DIRECTION ( 'NONE',  ( 0.0000000000000000000, -1.000000000000000000, 0.0000000000000000000 ) ) ;
#6872 = DIRECTION ( 'NONE',  ( 0.0000000000000000000, -0.0000000000000000000, -1.000000000000000000 ) ) ;
#6873 = PLANE ( 'NONE',  #7174 ) ;
#6874 = CARTESIAN_POINT ( 'NONE',  ( 3.080000000000000100, -9.650000000000000400, 4.624999999999999100 ) ) ;
#6875 = DIRECTION ( 'NONE',  ( 0.0000000000000000000, -0.7071067811865475700, 0.7071067811865475700 ) ) ;
#6876 = DIRECTION ( 'NONE',  ( 0.0000000000000000000, -0.7071067811865474600, -0.7071067811865474600 ) ) ;
#6877 = PLANE ( 'NONE',  #7175 ) ;
#6878 = CARTESIAN_POINT ( 'NONE',  ( 3.080000000000000100, -9.650000000000000400, 4.624999999999999100 ) ) ;
#6879 = DIRECTION ( 'NONE',  ( 0.0000000000000000000, -1.000000000000000000, 0.0000000000000000000 ) ) ;
#6880 = DIRECTION ( 'NONE',  ( 0.0000000000000000000, -0.0000000000000000000, -1.000000000000000000 ) ) ;
#6881 = PLANE ( 'NONE',  #7176 ) ;
#6882 = CARTESIAN_POINT ( 'NONE',  ( 3.009999999999999800, -9.436160337000000500, 4.624999999999999100 ) ) ;
#6883 = DIRECTION ( 'NONE',  ( 0.0000000000000000000, 1.000000000000000000, 0.0000000000000000000 ) ) ;
#6884 = DIRECTION ( 'NONE',  ( 0.0000000000000000000, -0.0000000000000000000, 1.000000000000000000 ) ) ;
#6885 = PLANE ( 'NONE',  #7177 ) ;
#6886 = DIRECTION ( 'NONE',  ( 1.000000000000000000, 0.0000000000000000000, 0.0000000000000000000 ) ) ;
#6887 = DIRECTION ( 'NONE',  ( 0.9503759610317383800, 0.3111037330103896300, 0.0000000000000000000 ) ) ;
#6888 = DIRECTION ( 'NONE',  ( -0.3111037330103895700, 0.9503759610317382700, 0.0000000000000000000 ) ) ;
#6889 = PLANE ( 'NONE',  #7178 ) ;
#6890 = DIRECTION ( 'NONE',  ( 1.000000000000000000, 0.0000000000000000000, 0.0000000000000000000 ) ) ;
#6891 = DIRECTION ( 'NONE',  ( 1.000000000000000000, 0.0000000000000000000, 0.0000000000000000000 ) ) ;
#6892 = DIRECTION ( 'NONE',  ( 0.0000000000000000000, 0.0000000000000000000, -1.000000000000000000 ) ) ;
#6893 = DIRECTION ( 'NONE',  ( 0.0000000000000000000, 0.0000000000000000000, 1.000000000000000000 ) ) ;
#6894 = CARTESIAN_POINT ( 'NONE',  ( 1.510000000000000000, -9.345540054000002400, 4.624999999999999100 ) ) ;
#6895 = DIRECTION ( 'NONE',  ( 0.0000000000000000000, 0.0000000000000000000, 1.000000000000000000 ) ) ;
#6896 = DIRECTION ( 'NONE',  ( 1.000000000000000000, 0.0000000000000000000, 0.0000000000000000000 ) ) ;
#6897 = CARTESIAN_POINT ( 'NONE',  ( 1.800000000000000300, -8.350000000000001400, 4.975000000000000500 ) ) ;
#6898 = DIRECTION ( 'NONE',  ( 0.0000000000000000000, 0.0000000000000000000, 1.000000000000000000 ) ) ;
#6899 = CARTESIAN_POINT ( 'NONE',  ( 0.4700000000000000300, -9.436160337000000500, 4.624999999999999100 ) ) ;
#6900 = CARTESIAN_POINT ( 'NONE',  ( -1.030000000000000000, -7.354459945999998600, 4.624999999999999100 ) ) ;
#6901 = PLANE ( 'NONE',  #7182 ) ;
#6902 = DIRECTION ( 'NONE',  ( 1.000000000000000000, 0.0000000000000000000, 0.0000000000000000000 ) ) ;
#6903 = DIRECTION ( 'NONE',  ( 1.000000000000000000, 0.0000000000000000000, 0.0000000000000000000 ) ) ;
#6904 = DIRECTION ( 'NONE',  ( 1.000000000000000000, 0.0000000000000000000, 0.0000000000000000000 ) ) ;
#6905 = DIRECTION ( 'NONE',  ( 0.0000000000000000000, 0.0000000000000000000, -1.000000000000000000 ) ) ;
#6906 = DIRECTION ( 'NONE',  ( 0.0000000000000000000, 0.0000000000000000000, 1.000000000000000000 ) ) ;
#6907 = CARTESIAN_POINT ( 'NONE',  ( -1.030000000000000000, -9.345540054000002400, 4.624999999999999100 ) ) ;
#6908 = DIRECTION ( 'NONE',  ( 0.0000000000000000000, -0.0000000000000000000, 1.000000000000000000 ) ) ;
#6909 = DIRECTION ( 'NONE',  ( 1.000000000000000000, 0.0000000000000000000, 0.0000000000000000000 ) ) ;
#6910 = CARTESIAN_POINT ( 'NONE',  ( 4.339999999999999900, -8.350000000000001400, 4.975000000000000500 ) ) ;
#6911 = DIRECTION ( 'NONE',  ( 0.0000000000000000000, 0.0000000000000000000, 1.000000000000000000 ) ) ;
#6912 = CARTESIAN_POINT ( 'NONE',  ( -6.750000000000000000, -6.850000000000000500, 20.50000000000000000 ) ) ;
#6913 = CARTESIAN_POINT ( 'NONE',  ( 1.510000000000000000, -7.354459945999998600, 4.624999999999999100 ) ) ;
#6914 = PLANE ( 'NONE',  #7186 ) ;
#6915 = CARTESIAN_POINT ( 'NONE',  ( 5.584726862999999300, -6.850000000000000500, 4.434385983000000300 ) ) ;
#6916 = CARTESIAN_POINT ( 'NONE',  ( -6.750000000000000000, -6.850000000000000500, 20.50000000000000000 ) ) ;
#6917 = DIRECTION ( 'NONE',  ( 0.0000000000000000000, 1.000000000000000000, 0.0000000000000000000 ) ) ;
#6918 = DIRECTION ( 'NONE',  ( 0.0000000000000000000, -0.0000000000000000000, 1.000000000000000000 ) ) ;
#6919 = PLANE ( 'NONE',  #7187 ) ;
#6920 = PLANE ( 'NONE',  #7188 ) ;
#6921 = DIRECTION ( 'NONE',  ( 0.0000000000000000000, -1.000000000000000000, 0.0000000000000000000 ) ) ;
#6922 = DIRECTION ( 'NONE',  ( 0.0000000000000000000, -0.0000000000000000000, -1.000000000000000000 ) ) ;
#6923 = CARTESIAN_POINT ( 'NONE',  ( -6.550000000000000700, -5.450000000000000200, 2.772743794999999800 ) ) ;
#6924 = CARTESIAN_POINT ( 'NONE',  ( -6.750000000000000000, -6.470000000000000600, 8.009999999999999800 ) ) ;
#6925 = DIRECTION ( 'NONE',  ( 0.0000000000000000000, 0.0000000000000000000, 1.000000000000000000 ) ) ;
#6926 = DIRECTION ( 'NONE',  ( 1.000000000000000000, 0.0000000000000000000, -0.0000000000000000000 ) ) ;
#6927 = PLANE ( 'NONE',  #7189 ) ;
#6928 = CARTESIAN_POINT ( 'NONE',  ( -6.550000000000000700, 5.653797976999999100, 2.772743794999999800 ) ) ;
#6929 = DIRECTION ( 'NONE',  ( 0.3047757270674993400, 0.9524241472109351600, 0.0000000000000000000 ) ) ;
#6930 = DIRECTION ( 'NONE',  ( -0.9524241472109351600, 0.3047757270674993400, 0.0000000000000000000 ) ) ;
#6931 = PLANE ( 'NONE',  #7190 ) ;
#6932 = CARTESIAN_POINT ( 'NONE',  ( 6.550000000000000700, 5.653797976999999100, 2.772743794999999800 ) ) ;
#6933 = DIRECTION ( 'NONE',  ( 0.0000000000000000000, 1.000000000000000000, 0.0000000000000000000 ) ) ;
#6934 = DIRECTION ( 'NONE',  ( 0.0000000000000000000, -0.0000000000000000000, 1.000000000000000000 ) ) ;
#6935 = PLANE ( 'NONE',  #7191 ) ;
#6936 = CARTESIAN_POINT ( 'NONE',  ( 6.550000000000000700, -5.450000000000000200, 2.772743794999999800 ) ) ;
#6937 = DIRECTION ( 'NONE',  ( 0.0000000000000000000, 0.0000000000000000000, 1.000000000000000000 ) ) ;
#6938 = DIRECTION ( 'NONE',  ( 1.000000000000000000, 0.0000000000000000000, -0.0000000000000000000 ) ) ;
#6939 = PLANE ( 'NONE',  #7192 ) ;
#6940 = CARTESIAN_POINT ( 'NONE',  ( 6.750000000000000000, -6.470000000000000600, 8.009999999999999800 ) ) ;
#6941 = DIRECTION ( 'NONE',  ( 0.0000000000000000000, 0.0000000000000000000, 1.000000000000000000 ) ) ;
#6942 = DIRECTION ( 'NONE',  ( 1.000000000000000000, 0.0000000000000000000, -0.0000000000000000000 ) ) ;
#6943 = PLANE ( 'NONE',  #7193 ) ;
#6944 = CARTESIAN_POINT ( 'NONE',  ( 4.400000000000000400, 7.750000000000000000, 17.57030104600000100 ) ) ;
#6945 = DIRECTION ( 'NONE',  ( 0.0000000000000000000, 1.000000000000000000, 0.0000000000000000000 ) ) ;
#6946 = DIRECTION ( 'NONE',  ( 0.0000000000000000000, -0.0000000000000000000, 1.000000000000000000 ) ) ;
#6947 = PLANE ( 'NONE',  #7194 ) ;
#6948 = CARTESIAN_POINT ( 'NONE',  ( -6.093779763000000600, -6.470000000000000600, 8.009999999999999800 ) ) ;
#6949 = DIRECTION ( 'NONE',  ( 0.3047757270674993400, -0.9524241472109351600, 0.0000000000000000000 ) ) ;
#6950 = DIRECTION ( 'NONE',  ( 0.9524241472109351600, 0.3047757270674993400, 0.0000000000000000000 ) ) ;
#6951 = PLANE ( 'NONE',  #7195 ) ;
#6952 = CARTESIAN_POINT ( 'NONE',  ( 6.093779763000000600, -6.470000000000000600, 8.009999999999999800 ) ) ;
#6953 = DIRECTION ( 'NONE',  ( 0.0000000000000000000, -0.3515052317917548600, 0.9361859174453676100 ) ) ;
#6954 = DIRECTION ( 'NONE',  ( 0.0000000000000000000, -0.9361859174453676100, -0.3515052317917548600 ) ) ;
#6955 = PLANE ( 'NONE',  #7196 ) ;
#6956 = CARTESIAN_POINT ( 'NONE',  ( -5.781196722000001600, -0.2450000000000000500, 18.26895679000000100 ) ) ;
#6957 = DIRECTION ( 'NONE',  ( -0.3047757270674993400, -0.9524241472109351600, 0.0000000000000000000 ) ) ;
#6958 = DIRECTION ( 'NONE',  ( 0.9524241472109351600, -0.3047757270674993400, 0.0000000000000000000 ) ) ;
#6959 = PLANE ( 'NONE',  #7197 ) ;
#6960 = CARTESIAN_POINT ( 'NONE',  ( -5.582480110999999700, -0.2450000000000000500, 18.24633582000000200 ) ) ;
#6961 = DIRECTION ( 'NONE',  ( -0.3047757270674993400, 0.9524241472109351600, 0.0000000000000000000 ) ) ;
#6962 = DIRECTION ( 'NONE',  ( -0.9524241472109351600, -0.3047757270674993400, 0.0000000000000000000 ) ) ;
#6963 = PLANE ( 'NONE',  #7198 ) ;
#6964 = CARTESIAN_POINT ( 'NONE',  ( -5.767587712999999300, -0.2450000000000000500, 16.62023601199999900 ) ) ;
#6965 = DIRECTION ( 'NONE',  ( -0.9935830577693081100, 0.0000000000000000000, 0.1131048509737391400 ) ) ;
#6966 = DIRECTION ( 'NONE',  ( 0.1131048509737391400, 0.0000000000000000000, 0.9935830577693081100 ) ) ;
#6967 = PLANE ( 'NONE',  #7199 ) ;
#6968 = DIRECTION ( 'NONE',  ( 0.0000000000000000000, 0.0000000000000000000, 1.000000000000000000 ) ) ;
#6969 = DIRECTION ( 'NONE',  ( 0.9935830577693081100, 0.0000000000000000000, -0.1131048509737391400 ) ) ;
#6970 = DIRECTION ( 'NONE',  ( -0.1131048509737391400, 0.0000000000000000000, -0.9935830577693081100 ) ) ;
#6971 = PLANE ( 'NONE',  #7200 ) ;
#6972 = CARTESIAN_POINT ( 'NONE',  ( -3.771999999999999800, 3.860000000000000300, 18.00621949700000000 ) ) ;
#6973 = DIRECTION ( 'NONE',  ( -0.1131048509737391400, 0.0000000000000000000, -0.9935830577693081100 ) ) ;
#6974 = DIRECTION ( 'NONE',  ( -0.9935830577693081100, 0.0000000000000000000, 0.1131048509737391400 ) ) ;
#6975 = DIRECTION ( 'NONE',  ( -0.0000000000000000000, 1.000000000000000000, 0.0000000000000000000 ) ) ;
#6976 = CARTESIAN_POINT ( 'NONE',  ( -6.576063168000001000, 1.155000000000000000, 18.35944067100000200 ) ) ;
#6977 = PLANE ( 'NONE',  #7202 ) ;
#6978 = CARTESIAN_POINT ( 'NONE',  ( 0.2920000000000000400, 3.860000000000000300, 18.94053300399999900 ) ) ;
#6979 = CARTESIAN_POINT ( 'NONE',  ( -0.7240000000000000900, 3.860000000000000300, 18.94053300399999900 ) ) ;
#6980 = DIRECTION ( 'NONE',  ( 0.0000000000000000000, 0.9271838547720385700, -0.3746065929078977200 ) ) ;
#6981 = DIRECTION ( 'NONE',  ( 0.0000000000000000000, 0.3746065929078977200, 0.9271838547720385700 ) ) ;
#6982 = PLANE ( 'NONE',  #7203 ) ;
#6983 = CARTESIAN_POINT ( 'NONE',  ( -1.740000000000000200, 3.860000000000000300, 18.94053300399999900 ) ) ;
#6984 = DIRECTION ( 'NONE',  ( 0.0000000000000000000, -0.9271838547720385700, 0.3746065929078977200 ) ) ;
#6985 = DIRECTION ( 'NONE',  ( 0.0000000000000000000, -0.3746065929078977200, -0.9271838547720385700 ) ) ;
#6986 = PLANE ( 'NONE',  #7204 ) ;
#6987 = CARTESIAN_POINT ( 'NONE',  ( -2.755999999999999800, 3.860000000000000300, 18.94053300399999900 ) ) ;
#6988 = DIRECTION ( 'NONE',  ( 0.0000000000000000000, -0.9271838547720385700, 0.3746065929078977200 ) ) ;
#6989 = DIRECTION ( 'NONE',  ( 0.0000000000000000000, -0.3746065929078977200, -0.9271838547720385700 ) ) ;
#6990 = PLANE ( 'NONE',  #7205 ) ;
#6991 = CARTESIAN_POINT ( 'NONE',  ( 2.323999999999999800, 3.860000000000000300, 18.94053300399999900 ) ) ;
#6992 = DIRECTION ( 'NONE',  ( 0.0000000000000000000, -0.9271838547720385700, 0.3746065929078977200 ) ) ;
#6993 = DIRECTION ( 'NONE',  ( 0.0000000000000000000, -0.3746065929078977200, -0.9271838547720385700 ) ) ;
#6994 = PLANE ( 'NONE',  #7206 ) ;
#6995 = CARTESIAN_POINT ( 'NONE',  ( 1.308000000000000100, 3.860000000000000300, 18.94053300399999900 ) ) ;
#6996 = DIRECTION ( 'NONE',  ( 0.0000000000000000000, -0.9271838547720385700, 0.3746065929078977200 ) ) ;
#6997 = DIRECTION ( 'NONE',  ( 0.0000000000000000000, -0.3746065929078977200, -0.9271838547720385700 ) ) ;
#6998 = PLANE ( 'NONE',  #7207 ) ;
#6999 = CARTESIAN_POINT ( 'NONE',  ( -5.970000000000000600, -0.2450000000000000500, 20.50000000000000000 ) ) ;
#7000 = DIRECTION ( 'NONE',  ( 0.0000000000000000000, -0.9271838547720385700, 0.3746065929078977200 ) ) ;
#7001 = DIRECTION ( 'NONE',  ( 0.0000000000000000000, -0.3746065929078977200, -0.9271838547720385700 ) ) ;
#7002 = PLANE ( 'NONE',  #7208 ) ;
#7003 = CARTESIAN_POINT ( 'NONE',  ( 3.340000000000000300, 3.860000000000000300, 18.94053300399999900 ) ) ;
#7004 = DIRECTION ( 'NONE',  ( 0.0000000000000000000, -0.9271838547720385700, 0.3746065929078977200 ) ) ;
#7005 = DIRECTION ( 'NONE',  ( 0.0000000000000000000, -0.3746065929078977200, -0.9271838547720385700 ) ) ;
#7006 = PLANE ( 'NONE',  #7209 ) ;
#7007 = CARTESIAN_POINT ( 'NONE',  ( 4.400000000000000400, 6.649999999999999500, 17.15728932800000500 ) ) ;
#7008 = DIRECTION ( 'NONE',  ( 0.9819491032988325600, 0.0000000000000000000, 0.1891453370575618700 ) ) ;
#7009 = DIRECTION ( 'NONE',  ( 0.1891453370575618400, 0.0000000000000000000, -0.9819491032988324500 ) ) ;
#7010 = PLANE ( 'NONE',  #7210 ) ;
#7011 = CARTESIAN_POINT ( 'NONE',  ( 2.399999999999999900, 6.649999999999999500, 17.15728932800000500 ) ) ;
#7012 = DIRECTION ( 'NONE',  ( 0.0000000000000000000, -0.9271838547720385700, 0.3746065929078977200 ) ) ;
#7013 = DIRECTION ( 'NONE',  ( 0.0000000000000000000, -0.3746065929078977200, -0.9271838547720385700 ) ) ;
#7014 = PLANE ( 'NONE',  #7211 ) ;
#7015 = CARTESIAN_POINT ( 'NONE',  ( -6.576063168000001000, -0.2450000000000000500, 18.35944067100000200 ) ) ;
#7016 = DIRECTION ( 'NONE',  ( 1.000000000000000000, 0.0000000000000000000, 0.0000000000000000000 ) ) ;
#7017 = DIRECTION ( 'NONE',  ( 0.0000000000000000000, 0.0000000000000000000, -1.000000000000000000 ) ) ;
#7018 = PLANE ( 'NONE',  #7212 ) ;
#7019 = CARTESIAN_POINT ( 'NONE',  ( 3.340000000000000300, 3.860000000000000300, 8.800000000000000700 ) ) ;
#7020 = DIRECTION ( 'NONE',  ( 1.000000000000000000, 0.0000000000000000000, 0.0000000000000000000 ) ) ;
#7021 = DIRECTION ( 'NONE',  ( 0.0000000000000000000, 0.0000000000000000000, -1.000000000000000000 ) ) ;
#7022 = PLANE ( 'NONE',  #7213 ) ;
#7023 = CARTESIAN_POINT ( 'NONE',  ( -3.771999999999999800, 3.860000000000000300, 18.94053300399999900 ) ) ;
#7024 = DIRECTION ( 'NONE',  ( 0.0000000000000000000, -1.000000000000000000, 0.0000000000000000000 ) ) ;
#7025 = DIRECTION ( 'NONE',  ( 0.0000000000000000000, -0.0000000000000000000, -1.000000000000000000 ) ) ;
#7026 = PLANE ( 'NONE',  #7214 ) ;
#7027 = DIRECTION ( 'NONE',  ( 0.0000000000000000000, 0.0000000000000000000, 1.000000000000000000 ) ) ;
#7028 = DIRECTION ( 'NONE',  ( -1.000000000000000000, 0.0000000000000000000, 0.0000000000000000000 ) ) ;
#7029 = DIRECTION ( 'NONE',  ( 0.0000000000000000000, 0.0000000000000000000, 1.000000000000000000 ) ) ;
#7030 = PLANE ( 'NONE',  #7215 ) ;
#7031 = CARTESIAN_POINT ( 'NONE',  ( -3.120000000000000600, -4.599999999999999600, 8.800000000000000700 ) ) ;
#7032 = DIRECTION ( 'NONE',  ( 0.0000000000000000000, -0.9271838547720385700, 0.3746065929078977200 ) ) ;
#7033 = DIRECTION ( 'NONE',  ( 0.0000000000000000000, -0.3746065929078977200, -0.9271838547720385700 ) ) ;
#7034 = DIRECTION ( 'NONE',  ( -0.0000000000000000000, 1.000000000000000000, 0.0000000000000000000 ) ) ;
#7035 = CARTESIAN_POINT ( 'NONE',  ( -6.576063168000001000, -0.2450000000000000500, 18.35944067100000200 ) ) ;
#7036 = PLANE ( 'NONE',  #7217 ) ;
#7037 = CARTESIAN_POINT ( 'NONE',  ( 3.120000000000000600, -4.599999999999999600, 8.800000000000000700 ) ) ;
#7038 = CARTESIAN_POINT ( 'NONE',  ( -1.740000000000000200, 3.860000000000000300, 18.00621949700000000 ) ) ;
#7039 = DIRECTION ( 'NONE',  ( 0.0000000000000000000, -1.000000000000000000, 0.0000000000000000000 ) ) ;
#7040 = DIRECTION ( 'NONE',  ( 0.0000000000000000000, -0.0000000000000000000, -1.000000000000000000 ) ) ;
#7041 = PLANE ( 'NONE',  #7218 ) ;
#7042 = CARTESIAN_POINT ( 'NONE',  ( -2.755999999999999800, 3.860000000000000300, 18.00621949700000000 ) ) ;
#7043 = DIRECTION ( 'NONE',  ( 0.0000000000000000000, -1.000000000000000000, 0.0000000000000000000 ) ) ;
#7044 = DIRECTION ( 'NONE',  ( 0.0000000000000000000, -0.0000000000000000000, -1.000000000000000000 ) ) ;
#7045 = PLANE ( 'NONE',  #7219 ) ;
#7046 = CARTESIAN_POINT ( 'NONE',  ( 0.2920000000000000400, 3.860000000000000300, 18.00621949700000000 ) ) ;
#7047 = DIRECTION ( 'NONE',  ( 0.0000000000000000000, 0.9271838547720385700, -0.3746065929078977200 ) ) ;
#7048 = DIRECTION ( 'NONE',  ( 0.0000000000000000000, 0.3746065929078977200, 0.9271838547720385700 ) ) ;
#7049 = PLANE ( 'NONE',  #7220 ) ;
#7050 = CARTESIAN_POINT ( 'NONE',  ( -0.7240000000000000900, 3.860000000000000300, 18.00621949700000000 ) ) ;
#7051 = DIRECTION ( 'NONE',  ( 0.0000000000000000000, 0.9271838547720385700, -0.3746065929078977200 ) ) ;
#7052 = DIRECTION ( 'NONE',  ( 0.0000000000000000000, 0.3746065929078977200, 0.9271838547720385700 ) ) ;
#7053 = PLANE ( 'NONE',  #7221 ) ;
#7054 = CARTESIAN_POINT ( 'NONE',  ( 2.323999999999999800, 3.860000000000000300, 18.00621949700000000 ) ) ;
#7055 = DIRECTION ( 'NONE',  ( 0.0000000000000000000, 0.9271838547720385700, -0.3746065929078977200 ) ) ;
#7056 = DIRECTION ( 'NONE',  ( 0.0000000000000000000, 0.3746065929078977200, 0.9271838547720385700 ) ) ;
#7057 = PLANE ( 'NONE',  #7222 ) ;
#7058 = CARTESIAN_POINT ( 'NONE',  ( 1.308000000000000100, 3.860000000000000300, 18.00621949700000000 ) ) ;
#7059 = DIRECTION ( 'NONE',  ( 0.0000000000000000000, 0.9271838547720385700, -0.3746065929078977200 ) ) ;
#7060 = DIRECTION ( 'NONE',  ( 0.0000000000000000000, 0.3746065929078977200, 0.9271838547720385700 ) ) ;
#7061 = PLANE ( 'NONE',  #7223 ) ;
#7062 = DIRECTION ( 'NONE',  ( 0.0000000000000000000, 0.0000000000000000000, 1.000000000000000000 ) ) ;
#7063 = DIRECTION ( 'NONE',  ( 0.0000000000000000000, 0.9271838547720385700, -0.3746065929078977200 ) ) ;
#7064 = DIRECTION ( 'NONE',  ( 0.0000000000000000000, 0.3746065929078977200, 0.9271838547720385700 ) ) ;
#7065 = PLANE ( 'NONE',  #7224 ) ;
#7066 = CARTESIAN_POINT ( 'NONE',  ( 3.340000000000000300, 3.860000000000000300, 18.00621949700000000 ) ) ;
#7067 = DIRECTION ( 'NONE',  ( 0.0000000000000000000, 0.9271838547720385700, -0.3746065929078977200 ) ) ;
#7068 = DIRECTION ( 'NONE',  ( 0.0000000000000000000, 0.3746065929078977200, 0.9271838547720385700 ) ) ;
#7069 = DIRECTION ( 'NONE',  ( -0.0000000000000000000, 1.000000000000000000, 0.0000000000000000000 ) ) ;
#7070 = CARTESIAN_POINT ( 'NONE',  ( 6.576063168000001000, -0.2450000000000000500, 18.35944067100000200 ) ) ;
#7071 = PLANE ( 'NONE',  #7226 ) ;
#7072 = CARTESIAN_POINT ( 'NONE',  ( 5.582480110999999700, -0.2450000000000000500, 18.24633582000000200 ) ) ;
#7073 = CARTESIAN_POINT ( 'NONE',  ( 5.781196722000001600, -0.2450000000000000500, 18.26895679000000100 ) ) ;
#7074 = DIRECTION ( 'NONE',  ( 0.0000000000000000000, 0.9271838547720385700, -0.3746065929078977200 ) ) ;
#7075 = DIRECTION ( 'NONE',  ( 0.0000000000000000000, 0.3746065929078977200, 0.9271838547720385700 ) ) ;
#7076 = PLANE ( 'NONE',  #7227 ) ;
#7077 = CARTESIAN_POINT ( 'NONE',  ( 5.970000000000000600, -0.2450000000000000500, 20.50000000000000000 ) ) ;
#7078 = DIRECTION ( 'NONE',  ( -0.9935830577693081100, 0.0000000000000000000, -0.1131048509737391400 ) ) ;
#7079 = DIRECTION ( 'NONE',  ( -0.1131048509737391400, 0.0000000000000000000, 0.9935830577693081100 ) ) ;
#7080 = PLANE ( 'NONE',  #7228 ) ;
#7081 = DIRECTION ( 'NONE',  ( -1.000000000000000000, 0.0000000000000000000, 0.0000000000000000000 ) ) ;
#7082 = DIRECTION ( 'NONE',  ( 0.9935830577693081100, 0.0000000000000000000, 0.1131048509737391400 ) ) ;
#7083 = DIRECTION ( 'NONE',  ( 0.1131048509737391400, 0.0000000000000000000, -0.9935830577693081100 ) ) ;
#7084 = PLANE ( 'NONE',  #7229 ) ;
#7085 = CARTESIAN_POINT ( 'NONE',  ( -1.740000000000000200, 3.860000000000000300, 8.800000000000000700 ) ) ;
#7086 = DIRECTION ( 'NONE',  ( -0.9819491032988325600, 0.0000000000000000000, 0.1891453370575618700 ) ) ;
#7087 = DIRECTION ( 'NONE',  ( 0.1891453370575618400, 0.0000000000000000000, 0.9819491032988324500 ) ) ;
#7088 = DIRECTION ( 'NONE',  ( 0.0000000000000000000, 0.0000000000000000000, -1.000000000000000000 ) ) ;
#7089 = CARTESIAN_POINT ( 'NONE',  ( -2.009999999999999800, -8.350000000000001400, 2.085000000000000000 ) ) ;
#7090 = PLANE ( 'NONE',  #7231 ) ;
#7091 = CARTESIAN_POINT ( 'NONE',  ( -2.755999999999999800, 3.860000000000000300, 8.800000000000000700 ) ) ;
#7092 = DIRECTION ( 'NONE',  ( 1.000000000000000000, 0.0000000000000000000, 0.0000000000000000000 ) ) ;
#7093 = DIRECTION ( 'NONE',  ( -1.000000000000000000, 0.0000000000000000000, 0.0000000000000000000 ) ) ;
#7094 = DIRECTION ( 'NONE',  ( 0.0000000000000000000, 0.0000000000000000000, 1.000000000000000000 ) ) ;
#7095 = PLANE ( 'NONE',  #7232 ) ;
#7096 = DIRECTION ( 'NONE',  ( 1.000000000000000000, 0.0000000000000000000, 0.0000000000000000000 ) ) ;
#7097 = DIRECTION ( 'NONE',  ( -1.000000000000000000, 0.0000000000000000000, 0.0000000000000000000 ) ) ;
#7098 = DIRECTION ( 'NONE',  ( 0.0000000000000000000, 0.0000000000000000000, 1.000000000000000000 ) ) ;
#7099 = DIRECTION ( 'NONE',  ( 0.0000000000000000000, -0.0000000000000000000, 1.000000000000000000 ) ) ;
#7100 = CARTESIAN_POINT ( 'NONE',  ( -5.599999999999999600, -8.350000000000001400, 4.624999999999999100 ) ) ;
#7101 = DIRECTION ( 'NONE',  ( 0.0000000000000000000, -0.0000000000000000000, 1.000000000000000000 ) ) ;
#7102 = CARTESIAN_POINT ( 'NONE',  ( -3.771999999999999800, 3.860000000000000300, 8.800000000000000700 ) ) ;
#7103 = CARTESIAN_POINT ( 'NONE',  ( -5.599999999999999600, -8.350000000000001400, 4.975000000000000500 ) ) ;
#7104 = PLANE ( 'NONE',  #7235 ) ;
#7105 = CARTESIAN_POINT ( 'NONE',  ( 6.576063168000001000, -0.2450000000000000500, 18.35944067100000200 ) ) ;
#7106 = DIRECTION ( 'NONE',  ( 1.000000000000000000, 0.0000000000000000000, 0.0000000000000000000 ) ) ;
#7107 = DIRECTION ( 'NONE',  ( -1.000000000000000000, 0.0000000000000000000, 0.0000000000000000000 ) ) ;
#7108 = DIRECTION ( 'NONE',  ( 0.0000000000000000000, 0.0000000000000000000, 1.000000000000000000 ) ) ;
#7109 = PLANE ( 'NONE',  #7236 ) ;
#7110 = DIRECTION ( 'NONE',  ( 1.000000000000000000, 0.0000000000000000000, 0.0000000000000000000 ) ) ;
#7111 = DIRECTION ( 'NONE',  ( 0.0000000000000000000, 1.000000000000000000, 0.0000000000000000000 ) ) ;
#7112 = DIRECTION ( 'NONE',  ( 0.0000000000000000000, -0.0000000000000000000, 1.000000000000000000 ) ) ;
#7113 = DIRECTION ( 'NONE',  ( 0.0000000000000000000, -0.0000000000000000000, 1.000000000000000000 ) ) ;
#7114 = CARTESIAN_POINT ( 'NONE',  ( -3.060000000000000100, -8.350000000000001400, 4.624999999999999100 ) ) ;
#7115 = DIRECTION ( 'NONE',  ( 0.0000000000000000000, -0.0000000000000000000, 1.000000000000000000 ) ) ;
#7116 = DIRECTION ( 'NONE',  ( 0.0000000000000000000, 0.0000000000000000000, 1.000000000000000000 ) ) ;
#7117 = CARTESIAN_POINT ( 'NONE',  ( -3.060000000000000100, -8.350000000000001400, 4.975000000000000500 ) ) ;
#7118 = DIRECTION ( 'NONE',  ( -0.0000000000000000000, 1.000000000000000000, 0.0000000000000000000 ) ) ;
#7119 = DIRECTION ( 'NONE',  ( 1.000000000000000000, 0.0000000000000000000, 0.0000000000000000000 ) ) ;
#7120 = CARTESIAN_POINT ( 'NONE',  ( 6.576063168000001000, 1.155000000000000000, 18.35944067100000200 ) ) ;
#7121 = DIRECTION ( 'NONE',  ( 0.0000000000000000000, -0.0000000000000000000, 1.000000000000000000 ) ) ;
#7122 = DIRECTION ( 'NONE',  ( 1.000000000000000000, 0.0000000000000000000, 0.0000000000000000000 ) ) ;
#7123 = CARTESIAN_POINT ( 'NONE',  ( -0.5200000000000000200, -8.350000000000001400, 4.624999999999999100 ) ) ;
#7124 = DIRECTION ( 'NONE',  ( 0.0000000000000000000, -0.0000000000000000000, 1.000000000000000000 ) ) ;
#7125 = DIRECTION ( 'NONE',  ( 1.000000000000000000, 0.0000000000000000000, 0.0000000000000000000 ) ) ;
#7126 = CARTESIAN_POINT ( 'NONE',  ( -0.5200000000000000200, -8.350000000000001400, 4.975000000000000500 ) ) ;
#7127 = DIRECTION ( 'NONE',  ( 0.0000000000000000000, -0.0000000000000000000, 1.000000000000000000 ) ) ;
#7128 = DIRECTION ( 'NONE',  ( -1.000000000000000000, 0.0000000000000000000, 0.0000000000000000000 ) ) ;
#7129 = CARTESIAN_POINT ( 'NONE',  ( 2.020000000000000000, -8.350000000000001400, 4.624999999999999100 ) ) ;
#7130 = DIRECTION ( 'NONE',  ( 0.0000000000000000000, 0.0000000000000000000, -1.000000000000000000 ) ) ;
#7131 = DIRECTION ( 'NONE',  ( 0.0000000000000000000, 0.0000000000000000000, -1.000000000000000000 ) ) ;
#7132 = CARTESIAN_POINT ( 'NONE',  ( 5.609999999999999400, -8.350000000000001400, 2.085000000000000000 ) ) ;
#7133 = CARTESIAN_POINT ( 'NONE',  ( 5.609999999999999400, -8.350000000000001400, 2.434999999999999600 ) ) ;
#7134 = PRODUCT ( 'M-RJE56-188-1X10-REVT1', 'M-RJE56-188-1X10-REVT1', '', ( #8771 ) ) ;
#7135 = PERSON ( 'UNSPECIFIED', 'UNSPECIFIED', 'UNSPECIFIED', ('UNSPECIFIED'), ('UNSPECIFIED'), ('UNSPECIFIED') ) ;
#7136 = AXIS2_PLACEMENT_3D ( 'NONE', #6749, #6748, #6741 ) ;
#7137 = AXIS2_PLACEMENT_3D ( 'NONE', #6752, #6750, #6745 ) ;
#7138 = AXIS2_PLACEMENT_3D ( 'NONE', #6755, #6753, #6751 ) ;
#7139 = AXIS2_PLACEMENT_3D ( 'NONE', #6758, #6756, #6754 ) ;
#7140 = AXIS2_PLACEMENT_3D ( 'NONE', #6761, #6759, #6757 ) ;
#7141 = AXIS2_PLACEMENT_3D ( 'NONE', #6764, #6762, #6760 ) ;
#7142 = AXIS2_PLACEMENT_3D ( 'NONE', #6767, #6765, #6763 ) ;
#7143 = AXIS2_PLACEMENT_3D ( 'NONE', #6770, #6768, #6766 ) ;
#7144 = AXIS2_PLACEMENT_3D ( 'NONE', #6773, #6771, #6769 ) ;
#7145 = AXIS2_PLACEMENT_3D ( 'NONE', #6776, #6774, #6772 ) ;
#7146 = AXIS2_PLACEMENT_3D ( 'NONE', #6779, #6777, #6775 ) ;
#7147 = AXIS2_PLACEMENT_3D ( 'NONE', #6782, #6780, #6778 ) ;
#7148 = AXIS2_PLACEMENT_3D ( 'NONE', #6785, #6783, #6781 ) ;
#7149 = AXIS2_PLACEMENT_3D ( 'NONE', #6788, #6786, #6784 ) ;
#7150 = AXIS2_PLACEMENT_3D ( 'NONE', #6791, #6789, #6787 ) ;
#7151 = AXIS2_PLACEMENT_3D ( 'NONE', #6794, #6792, #6790 ) ;
#7152 = AXIS2_PLACEMENT_3D ( 'NONE', #6793, #6798, #6799 ) ;
#7153 = AXIS2_PLACEMENT_3D ( 'NONE', #6796, #6802, #6803 ) ;
#7154 = AXIS2_PLACEMENT_3D ( 'NONE', #6797, #6806, #6807 ) ;
#7155 = AXIS2_PLACEMENT_3D ( 'NONE', #6801, #6810, #6811 ) ;
#7156 = AXIS2_PLACEMENT_3D ( 'NONE', #6805, #6814, #6815 ) ;
#7157 = AXIS2_PLACEMENT_3D ( 'NONE', #6817, #6816, #6809 ) ;
#7158 = AXIS2_PLACEMENT_3D ( 'NONE', #6820, #6818, #6813 ) ;
#7159 = AXIS2_PLACEMENT_3D ( 'NONE', #6823, #6821, #6819 ) ;
#7160 = AXIS2_PLACEMENT_3D ( 'NONE', #6826, #6824, #6822 ) ;
#7161 = AXIS2_PLACEMENT_3D ( 'NONE', #6829, #6827, #6825 ) ;
#7162 = AXIS2_PLACEMENT_3D ( 'NONE', #6832, #6830, #6828 ) ;
#7163 = AXIS2_PLACEMENT_3D ( 'NONE', #6835, #6833, #6831 ) ;
#7164 = AXIS2_PLACEMENT_3D ( 'NONE', #6838, #6836, #6834 ) ;
#7165 = AXIS2_PLACEMENT_3D ( 'NONE', #6841, #6839, #6837 ) ;
#7166 = AXIS2_PLACEMENT_3D ( 'NONE', #6844, #6842, #6840 ) ;
#7167 = AXIS2_PLACEMENT_3D ( 'NONE', #6847, #6845, #6843 ) ;
#7168 = AXIS2_PLACEMENT_3D ( 'NONE', #6846, #6851, #6852 ) ;
#7169 = AXIS2_PLACEMENT_3D ( 'NONE', #6849, #6855, #6856 ) ;
#7170 = AXIS2_PLACEMENT_3D ( 'NONE', #6850, #6859, #6860 ) ;
#7171 = AXIS2_PLACEMENT_3D ( 'NONE', #6854, #6863, #6864 ) ;
#7172 = AXIS2_PLACEMENT_3D ( 'NONE', #6858, #6867, #6868 ) ;
#7173 = AXIS2_PLACEMENT_3D ( 'NONE', #6862, #6871, #6872 ) ;
#7174 = AXIS2_PLACEMENT_3D ( 'NONE', #6866, #6875, #6876 ) ;
#7175 = AXIS2_PLACEMENT_3D ( 'NONE', #6870, #6879, #6880 ) ;
#7176 = AXIS2_PLACEMENT_3D ( 'NONE', #6874, #6883, #6884 ) ;
#7177 = AXIS2_PLACEMENT_3D ( 'NONE', #6878, #6887, #6888 ) ;
#7178 = AXIS2_PLACEMENT_3D ( 'NONE', #6882, #6891, #6892 ) ;
#7179 = AXIS2_PLACEMENT_3D ( 'NONE', #6894, #6893, #6886 ) ;
#7180 = AXIS2_PLACEMENT_3D ( 'NONE', #6897, #6895, #6890 ) ;
#7181 = AXIS2_PLACEMENT_3D ( 'NONE', #6900, #6898, #6896 ) ;
#7182 = AXIS2_PLACEMENT_3D ( 'NONE', #6899, #6904, #6905 ) ;
#7183 = AXIS2_PLACEMENT_3D ( 'NONE', #6907, #6906, #6902 ) ;
#7184 = AXIS2_PLACEMENT_3D ( 'NONE', #6910, #6908, #6903 ) ;
#7185 = AXIS2_PLACEMENT_3D ( 'NONE', #6913, #6911, #6909 ) ;
#7186 = AXIS2_PLACEMENT_3D ( 'NONE', #6912, #6917, #6918 ) ;
#7187 = AXIS2_PLACEMENT_3D ( 'NONE', #6915, #6921, #6922 ) ;
#7188 = AXIS2_PLACEMENT_3D ( 'NONE', #6916, #6925, #6926 ) ;
#7189 = AXIS2_PLACEMENT_3D ( 'NONE', #6924, #6929, #6930 ) ;
#7190 = AXIS2_PLACEMENT_3D ( 'NONE', #6923, #6933, #6934 ) ;
#7191 = AXIS2_PLACEMENT_3D ( 'NONE', #6928, #6937, #6938 ) ;
#7192 = AXIS2_PLACEMENT_3D ( 'NONE', #6932, #6941, #6942 ) ;
#7193 = AXIS2_PLACEMENT_3D ( 'NONE', #6936, #6945, #6946 ) ;
#7194 = AXIS2_PLACEMENT_3D ( 'NONE', #6940, #6949, #6950 ) ;
#7195 = AXIS2_PLACEMENT_3D ( 'NONE', #6944, #6953, #6954 ) ;
#7196 = AXIS2_PLACEMENT_3D ( 'NONE', #6948, #6957, #6958 ) ;
#7197 = AXIS2_PLACEMENT_3D ( 'NONE', #6952, #6961, #6962 ) ;
#7198 = AXIS2_PLACEMENT_3D ( 'NONE', #6956, #6965, #6966 ) ;
#7199 = AXIS2_PLACEMENT_3D ( 'NONE', #6960, #6969, #6970 ) ;
#7200 = AXIS2_PLACEMENT_3D ( 'NONE', #6964, #6973, #6974 ) ;
#7201 = AXIS2_PLACEMENT_3D ( 'NONE', #6976, #6975, #6968 ) ;
#7202 = AXIS2_PLACEMENT_3D ( 'NONE', #6972, #6980, #6981 ) ;
#7203 = AXIS2_PLACEMENT_3D ( 'NONE', #6978, #6984, #6985 ) ;
#7204 = AXIS2_PLACEMENT_3D ( 'NONE', #6979, #6988, #6989 ) ;
#7205 = AXIS2_PLACEMENT_3D ( 'NONE', #6983, #6992, #6993 ) ;
#7206 = AXIS2_PLACEMENT_3D ( 'NONE', #6987, #6996, #6997 ) ;
#7207 = AXIS2_PLACEMENT_3D ( 'NONE', #6991, #7000, #7001 ) ;
#7208 = AXIS2_PLACEMENT_3D ( 'NONE', #6995, #7004, #7005 ) ;
#7209 = AXIS2_PLACEMENT_3D ( 'NONE', #6999, #7008, #7009 ) ;
#7210 = AXIS2_PLACEMENT_3D ( 'NONE', #7003, #7012, #7013 ) ;
#7211 = AXIS2_PLACEMENT_3D ( 'NONE', #7007, #7016, #7017 ) ;
#7212 = AXIS2_PLACEMENT_3D ( 'NONE', #7011, #7020, #7021 ) ;
#7213 = AXIS2_PLACEMENT_3D ( 'NONE', #7015, #7024, #7025 ) ;
#7214 = AXIS2_PLACEMENT_3D ( 'NONE', #7019, #7028, #7029 ) ;
#7215 = AXIS2_PLACEMENT_3D ( 'NONE', #7023, #7032, #7033 ) ;
#7216 = AXIS2_PLACEMENT_3D ( 'NONE', #7035, #7034, #7027 ) ;
#7217 = AXIS2_PLACEMENT_3D ( 'NONE', #7031, #7039, #7040 ) ;
#7218 = AXIS2_PLACEMENT_3D ( 'NONE', #7037, #7043, #7044 ) ;
#7219 = AXIS2_PLACEMENT_3D ( 'NONE', #7038, #7047, #7048 ) ;
#7220 = AXIS2_PLACEMENT_3D ( 'NONE', #7042, #7051, #7052 ) ;
#7221 = AXIS2_PLACEMENT_3D ( 'NONE', #7046, #7055, #7056 ) ;
#7222 = AXIS2_PLACEMENT_3D ( 'NONE', #7050, #7059, #7060 ) ;
#7223 = AXIS2_PLACEMENT_3D ( 'NONE', #7054, #7063, #7064 ) ;
#7224 = AXIS2_PLACEMENT_3D ( 'NONE', #7058, #7067, #7068 ) ;
#7225 = AXIS2_PLACEMENT_3D ( 'NONE', #7070, #7069, #7062 ) ;
#7226 = AXIS2_PLACEMENT_3D ( 'NONE', #7066, #7074, #7075 ) ;
#7227 = AXIS2_PLACEMENT_3D ( 'NONE', #7072, #7078, #7079 ) ;
#7228 = AXIS2_PLACEMENT_3D ( 'NONE', #7073, #7082, #7083 ) ;
#7229 = AXIS2_PLACEMENT_3D ( 'NONE', #7077, #7086, #7087 ) ;
#7230 = AXIS2_PLACEMENT_3D ( 'NONE', #7089, #7088, #7081 ) ;
#7231 = AXIS2_PLACEMENT_3D ( 'NONE', #7085, #7093, #7094 ) ;
#7232 = AXIS2_PLACEMENT_3D ( 'NONE', #7091, #7097, #7098 ) ;
#7233 = AXIS2_PLACEMENT_3D ( 'NONE', #7100, #7099, #7092 ) ;
#7234 = AXIS2_PLACEMENT_3D ( 'NONE', #7103, #7101, #7096 ) ;
#7235 = AXIS2_PLACEMENT_3D ( 'NONE', #7102, #7107, #7108 ) ;
#7236 = AXIS2_PLACEMENT_3D ( 'NONE', #7105, #7111, #7112 ) ;
#7237 = AXIS2_PLACEMENT_3D ( 'NONE', #7114, #7113, #7106 ) ;
#7238 = AXIS2_PLACEMENT_3D ( 'NONE', #7117, #7115, #7110 ) ;
#7239 = AXIS2_PLACEMENT_3D ( 'NONE', #7120, #7118, #7116 ) ;
#7240 = AXIS2_PLACEMENT_3D ( 'NONE', #7123, #7121, #7119 ) ;
#7241 = AXIS2_PLACEMENT_3D ( 'NONE', #7126, #7124, #7122 ) ;
#7242 = AXIS2_PLACEMENT_3D ( 'NONE', #7129, #7127, #7125 ) ;
#7243 = AXIS2_PLACEMENT_3D ( 'NONE', #7132, #7130, #7128 ) ;
#7244 = AXIS2_PLACEMENT_3D ( 'NONE', #7133, #7131, #7289 ) ;
#7245 = AXIS2_PLACEMENT_3D ( 'NONE', #7292, #7290, #7293 ) ;
#7246 = AXIS2_PLACEMENT_3D ( 'NONE', #7296, #7294, #7291 ) ;
#7247 = AXIS2_PLACEMENT_3D ( 'NONE', #7299, #7297, #7295 ) ;
#7248 = AXIS2_PLACEMENT_3D ( 'NONE', #7302, #7300, #7298 ) ;
#7249 = AXIS2_PLACEMENT_3D ( 'NONE', #7301, #7306, #7307 ) ;
#7250 = AXIS2_PLACEMENT_3D ( 'NONE', #7304, #7310, #7311 ) ;
#7251 = AXIS2_PLACEMENT_3D ( 'NONE', #7305, #7314, #7315 ) ;
#7252 = AXIS2_PLACEMENT_3D ( 'NONE', #7309, #7318, #7319 ) ;
#7253 = AXIS2_PLACEMENT_3D ( 'NONE', #7313, #7322, #7323 ) ;
#7254 = AXIS2_PLACEMENT_3D ( 'NONE', #7325, #7324, #7317 ) ;
#7255 = AXIS2_PLACEMENT_3D ( 'NONE', #7328, #7326, #7321 ) ;
#7256 = AXIS2_PLACEMENT_3D ( 'NONE', #7327, #7332, #7333 ) ;
#7257 = AXIS2_PLACEMENT_3D ( 'NONE', #7330, #7336, #7337 ) ;
#7258 = AXIS2_PLACEMENT_3D ( 'NONE', #7331, #7340, #7341 ) ;
#7259 = AXIS2_PLACEMENT_3D ( 'NONE', #7335, #7344, #7345 ) ;
#7260 = AXIS2_PLACEMENT_3D ( 'NONE', #7339, #7348, #7349 ) ;
#7261 = AXIS2_PLACEMENT_3D ( 'NONE', #7343, #7352, #7353 ) ;
#7262 = AXIS2_PLACEMENT_3D ( 'NONE', #7347, #7356, #7357 ) ;
#7263 = AXIS2_PLACEMENT_3D ( 'NONE', #7351, #7360, #7361 ) ;
#7264 = AXIS2_PLACEMENT_3D ( 'NONE', #7355, #7364, #7365 ) ;
#7265 = AXIS2_PLACEMENT_3D ( 'NONE', #7359, #7368, #7369 ) ;
#7266 = AXIS2_PLACEMENT_3D ( 'NONE', #7363, #7372, #7373 ) ;
#7267 = AXIS2_PLACEMENT_3D ( 'NONE', #7367, #7376, #7377 ) ;
#7268 = AXIS2_PLACEMENT_3D ( 'NONE', #7371, #7380, #7381 ) ;
#7269 = AXIS2_PLACEMENT_3D ( 'NONE', #7375, #7384, #7385 ) ;
#7270 = AXIS2_PLACEMENT_3D ( 'NONE', #7379, #7388, #7389 ) ;
#7271 = AXIS2_PLACEMENT_3D ( 'NONE', #7383, #7392, #7393 ) ;
#7272 = AXIS2_PLACEMENT_3D ( 'NONE', #7387, #7396, #7397 ) ;
#7273 = AXIS2_PLACEMENT_3D ( 'NONE', #7399, #7391, #7401 ) ;
#7274 = AXIS2_PLACEMENT_3D ( 'NONE', #7398, #7404, #7405 ) ;
#7275 = AXIS2_PLACEMENT_3D ( 'NONE', #7395, #7408, #7409 ) ;
#7276 = AXIS2_PLACEMENT_3D ( 'NONE', #7403, #7412, #7413 ) ;
#7277 = AXIS2_PLACEMENT_3D ( 'NONE', #7407, #7416, #7417 ) ;
#7278 = AXIS2_PLACEMENT_3D ( 'NONE', #7411, #7420, #7421 ) ;
#7279 = AXIS2_PLACEMENT_3D ( 'NONE', #7415, #7424, #7425 ) ;
#7280 = AXIS2_PLACEMENT_3D ( 'NONE', #7419, #7428, #7429 ) ;
#7281 = AXIS2_PLACEMENT_3D ( 'NONE', #7423, #7432, #7433 ) ;
#7282 = AXIS2_PLACEMENT_3D ( 'NONE', #7427, #7436, #7437 ) ;
#7283 = AXIS2_PLACEMENT_3D ( 'NONE', #7431, #7440, #7441 ) ;
#7284 = AXIS2_PLACEMENT_3D ( 'NONE', #7435, #7444, #7445 ) ;
#7285 = AXIS2_PLACEMENT_3D ( 'NONE', #7439, #7448, #7449 ) ;
#7286 = AXIS2_PLACEMENT_3D ( 'NONE', #7443, #7452, #7453 ) ;
#7287 = AXIS2_PLACEMENT_3D ( 'NONE', #7447, #7456, #7457 ) ;
#7288 = AXIS2_PLACEMENT_3D ( 'NONE', #7451, #7460, #7461 ) ;
#7289 = DIRECTION ( 'NONE',  ( -1.000000000000000000, 0.0000000000000000000, 0.0000000000000000000 ) ) ;
#7290 = DIRECTION ( 'NONE',  ( 0.0000000000000000000, 0.0000000000000000000, 1.000000000000000000 ) ) ;
#7291 = DIRECTION ( 'NONE',  ( -1.000000000000000000, 0.0000000000000000000, 0.0000000000000000000 ) ) ;
#7292 = CARTESIAN_POINT ( 'NONE',  ( 2.020000000000000000, -8.350000000000001400, 4.975000000000000500 ) ) ;
#7293 = DIRECTION ( 'NONE',  ( 1.000000000000000000, 0.0000000000000000000, 0.0000000000000000000 ) ) ;
#7294 = DIRECTION ( 'NONE',  ( 0.0000000000000000000, 0.0000000000000000000, -1.000000000000000000 ) ) ;
#7295 = DIRECTION ( 'NONE',  ( -1.000000000000000000, 0.0000000000000000000, 0.0000000000000000000 ) ) ;
#7296 = CARTESIAN_POINT ( 'NONE',  ( 0.5300000000000001400, -8.350000000000001400, 2.085000000000000000 ) ) ;
#7297 = DIRECTION ( 'NONE',  ( 0.0000000000000000000, 0.0000000000000000000, -1.000000000000000000 ) ) ;
#7298 = DIRECTION ( 'NONE',  ( -1.000000000000000000, 0.0000000000000000000, 0.0000000000000000000 ) ) ;
#7299 = CARTESIAN_POINT ( 'NONE',  ( 0.5300000000000001400, -8.350000000000001400, 2.434999999999999600 ) ) ;
#7300 = DIRECTION ( 'NONE',  ( 0.0000000000000000000, 0.0000000000000000000, -1.000000000000000000 ) ) ;
#7301 = CARTESIAN_POINT ( 'NONE',  ( 0.2920000000000000400, 3.860000000000000300, 8.800000000000000700 ) ) ;
#7302 = CARTESIAN_POINT ( 'NONE',  ( 3.069999999999999800, -8.350000000000001400, 2.085000000000000000 ) ) ;
#7303 = PLANE ( 'NONE',  #7249 ) ;
#7304 = CARTESIAN_POINT ( 'NONE',  ( -0.7240000000000000900, 3.860000000000000300, 8.800000000000000700 ) ) ;
#7305 = CARTESIAN_POINT ( 'NONE',  ( 2.323999999999999800, 3.860000000000000300, 8.800000000000000700 ) ) ;
#7306 = DIRECTION ( 'NONE',  ( -1.000000000000000000, 0.0000000000000000000, 0.0000000000000000000 ) ) ;
#7307 = DIRECTION ( 'NONE',  ( 0.0000000000000000000, 0.0000000000000000000, 1.000000000000000000 ) ) ;
#7308 = PLANE ( 'NONE',  #7250 ) ;
#7309 = CARTESIAN_POINT ( 'NONE',  ( 1.308000000000000100, 3.860000000000000300, 8.800000000000000700 ) ) ;
#7310 = DIRECTION ( 'NONE',  ( -1.000000000000000000, 0.0000000000000000000, 0.0000000000000000000 ) ) ;
#7311 = DIRECTION ( 'NONE',  ( 0.0000000000000000000, 0.0000000000000000000, 1.000000000000000000 ) ) ;
#7312 = PLANE ( 'NONE',  #7251 ) ;
#7313 = CARTESIAN_POINT ( 'NONE',  ( 5.767587712999999300, -0.2450000000000000500, 16.62023601199999900 ) ) ;
#7314 = DIRECTION ( 'NONE',  ( -1.000000000000000000, 0.0000000000000000000, 0.0000000000000000000 ) ) ;
#7315 = DIRECTION ( 'NONE',  ( 0.0000000000000000000, 0.0000000000000000000, 1.000000000000000000 ) ) ;
#7316 = PLANE ( 'NONE',  #7252 ) ;
#7317 = DIRECTION ( 'NONE',  ( -1.000000000000000000, 0.0000000000000000000, 0.0000000000000000000 ) ) ;
#7318 = DIRECTION ( 'NONE',  ( -1.000000000000000000, 0.0000000000000000000, 0.0000000000000000000 ) ) ;
#7319 = DIRECTION ( 'NONE',  ( 0.0000000000000000000, 0.0000000000000000000, 1.000000000000000000 ) ) ;
#7320 = PLANE ( 'NONE',  #7253 ) ;
#7321 = DIRECTION ( 'NONE',  ( -1.000000000000000000, 0.0000000000000000000, 0.0000000000000000000 ) ) ;
#7322 = DIRECTION ( 'NONE',  ( 0.1131048509737391400, 0.0000000000000000000, -0.9935830577693081100 ) ) ;
#7323 = DIRECTION ( 'NONE',  ( -0.9935830577693081100, 0.0000000000000000000, -0.1131048509737391400 ) ) ;
#7324 = DIRECTION ( 'NONE',  ( 0.0000000000000000000, 0.0000000000000000000, -1.000000000000000000 ) ) ;
#7325 = CARTESIAN_POINT ( 'NONE',  ( 3.069999999999999800, -8.350000000000001400, 2.434999999999999600 ) ) ;
#7326 = DIRECTION ( 'NONE',  ( 0.0000000000000000000, 0.0000000000000000000, -1.000000000000000000 ) ) ;
#7327 = CARTESIAN_POINT ( 'NONE',  ( 1.768000000000000200, 3.860000000000000300, 8.800000000000000700 ) ) ;
#7328 = CARTESIAN_POINT ( 'NONE',  ( -2.009999999999999800, -8.350000000000001400, 2.434999999999999600 ) ) ;
#7329 = PLANE ( 'NONE',  #7256 ) ;
#7330 = CARTESIAN_POINT ( 'NONE',  ( 0.7520000000000002200, 3.860000000000000300, 8.800000000000000700 ) ) ;
#7331 = CARTESIAN_POINT ( 'NONE',  ( -0.2640000000000000100, 3.860000000000000300, 8.800000000000000700 ) ) ;
#7332 = DIRECTION ( 'NONE',  ( -1.000000000000000000, 0.0000000000000000000, 0.0000000000000000000 ) ) ;
#7333 = DIRECTION ( 'NONE',  ( 0.0000000000000000000, 0.0000000000000000000, 1.000000000000000000 ) ) ;
#7334 = PLANE ( 'NONE',  #7257 ) ;
#7335 = CARTESIAN_POINT ( 'NONE',  ( -1.280000000000000000, 3.860000000000000300, 8.800000000000000700 ) ) ;
#7336 = DIRECTION ( 'NONE',  ( -1.000000000000000000, 0.0000000000000000000, 0.0000000000000000000 ) ) ;
#7337 = DIRECTION ( 'NONE',  ( 0.0000000000000000000, 0.0000000000000000000, 1.000000000000000000 ) ) ;
#7338 = PLANE ( 'NONE',  #7258 ) ;
#7339 = CARTESIAN_POINT ( 'NONE',  ( -2.295999999999999800, 3.860000000000000300, 8.800000000000000700 ) ) ;
#7340 = DIRECTION ( 'NONE',  ( -1.000000000000000000, 0.0000000000000000000, 0.0000000000000000000 ) ) ;
#7341 = DIRECTION ( 'NONE',  ( 0.0000000000000000000, 0.0000000000000000000, 1.000000000000000000 ) ) ;
#7342 = PLANE ( 'NONE',  #7259 ) ;
#7343 = CARTESIAN_POINT ( 'NONE',  ( -4.250000000000000000, -7.270000000000000500, 8.009999999999999800 ) ) ;
#7344 = DIRECTION ( 'NONE',  ( -1.000000000000000000, 0.0000000000000000000, 0.0000000000000000000 ) ) ;
#7345 = DIRECTION ( 'NONE',  ( 0.0000000000000000000, 0.0000000000000000000, 1.000000000000000000 ) ) ;
#7346 = PLANE ( 'NONE',  #7260 ) ;
#7347 = CARTESIAN_POINT ( 'NONE',  ( -3.994000000000000200, -6.470000000000000600, 7.009999999999999800 ) ) ;
#7348 = DIRECTION ( 'NONE',  ( -1.000000000000000000, 0.0000000000000000000, 0.0000000000000000000 ) ) ;
#7349 = DIRECTION ( 'NONE',  ( 0.0000000000000000000, 0.0000000000000000000, 1.000000000000000000 ) ) ;
#7350 = PLANE ( 'NONE',  #7261 ) ;
#7351 = CARTESIAN_POINT ( 'NONE',  ( 4.400000000000000400, 6.649999999999999500, 19.93101842600000500 ) ) ;
#7352 = DIRECTION ( 'NONE',  ( -0.9524241472109351600, 0.3047757270674993400, 0.0000000000000000000 ) ) ;
#7353 = DIRECTION ( 'NONE',  ( -0.3047757270674993400, -0.9524241472109351600, 0.0000000000000000000 ) ) ;
#7354 = PLANE ( 'NONE',  #7262 ) ;
#7355 = CARTESIAN_POINT ( 'NONE',  ( -4.400000000000000400, 6.649999999999999500, 19.93101842600000500 ) ) ;
#7356 = DIRECTION ( 'NONE',  ( 0.0000000000000000000, 0.0000000000000000000, -1.000000000000000000 ) ) ;
#7357 = DIRECTION ( 'NONE',  ( -1.000000000000000000, 0.0000000000000000000, -0.0000000000000000000 ) ) ;
#7358 = PLANE ( 'NONE',  #7263 ) ;
#7359 = CARTESIAN_POINT ( 'NONE',  ( -6.750000000000000000, 6.850000000000000500, 20.50000000000000000 ) ) ;
#7360 = DIRECTION ( 'NONE',  ( 0.0000000000000000000, 0.9361859174453676100, 0.3515052317917548600 ) ) ;
#7361 = DIRECTION ( 'NONE',  ( 0.0000000000000000000, -0.3515052317917548600, 0.9361859174453676100 ) ) ;
#7362 = PLANE ( 'NONE',  #7264 ) ;
#7363 = CARTESIAN_POINT ( 'NONE',  ( 6.750000000000000000, 6.850000000000000500, 20.50000000000000000 ) ) ;
#7364 = DIRECTION ( 'NONE',  ( 0.0000000000000000000, -0.9361859174453676100, -0.3515052317917548600 ) ) ;
#7365 = DIRECTION ( 'NONE',  ( 0.0000000000000000000, 0.3515052317917548600, -0.9361859174453676100 ) ) ;
#7366 = PLANE ( 'NONE',  #7265 ) ;
#7367 = CARTESIAN_POINT ( 'NONE',  ( 3.399999999999999900, -6.669999999999999900, 19.87976754300000000 ) ) ;
#7368 = DIRECTION ( 'NONE',  ( 1.000000000000000000, 0.0000000000000000000, 0.0000000000000000000 ) ) ;
#7369 = DIRECTION ( 'NONE',  ( 0.0000000000000000000, 0.0000000000000000000, -1.000000000000000000 ) ) ;
#7370 = PLANE ( 'NONE',  #7266 ) ;
#7371 = CARTESIAN_POINT ( 'NONE',  ( -3.399999999999999900, -6.669999999999999900, 19.87976754300000000 ) ) ;
#7372 = DIRECTION ( 'NONE',  ( -1.000000000000000000, 0.0000000000000000000, 0.0000000000000000000 ) ) ;
#7373 = DIRECTION ( 'NONE',  ( 0.0000000000000000000, 0.0000000000000000000, 1.000000000000000000 ) ) ;
#7374 = PLANE ( 'NONE',  #7267 ) ;
#7375 = CARTESIAN_POINT ( 'NONE',  ( 3.994000000000000200, -6.470000000000000600, 8.009999999999999800 ) ) ;
#7376 = DIRECTION ( 'NONE',  ( 0.0000000000000000000, 0.9465831779914596300, -0.3224597449970907900 ) ) ;
#7377 = DIRECTION ( 'NONE',  ( 0.0000000000000000000, 0.3224597449970907900, 0.9465831779914596300 ) ) ;
#7378 = PLANE ( 'NONE',  #7268 ) ;
#7379 = CARTESIAN_POINT ( 'NONE',  ( 3.994000000000000200, -6.470000000000000600, 7.009999999999999800 ) ) ;
#7380 = DIRECTION ( 'NONE',  ( 0.0000000000000000000, 0.9465831779914596300, -0.3224597449970907900 ) ) ;
#7381 = DIRECTION ( 'NONE',  ( 0.0000000000000000000, 0.3224597449970907900, 0.9465831779914596300 ) ) ;
#7382 = PLANE ( 'NONE',  #7269 ) ;
#7383 = CARTESIAN_POINT ( 'NONE',  ( 4.250000000000000000, -7.270000000000000500, 8.009999999999999800 ) ) ;
#7384 = DIRECTION ( 'NONE',  ( 0.0000000000000000000, 0.0000000000000000000, -1.000000000000000000 ) ) ;
#7385 = DIRECTION ( 'NONE',  ( -1.000000000000000000, 0.0000000000000000000, -0.0000000000000000000 ) ) ;
#7386 = PLANE ( 'NONE',  #7270 ) ;
#7387 = CARTESIAN_POINT ( 'NONE',  ( -6.576063168000001000, 1.155000000000000000, 18.35944067100000200 ) ) ;
#7388 = DIRECTION ( 'NONE',  ( 0.0000000000000000000, 0.0000000000000000000, -1.000000000000000000 ) ) ;
#7389 = DIRECTION ( 'NONE',  ( -1.000000000000000000, 0.0000000000000000000, -0.0000000000000000000 ) ) ;
#7390 = PLANE ( 'NONE',  #7271 ) ;
#7391 = DIRECTION ( 'NONE',  ( 0.0000000000000000000, 0.0000000000000000000, 1.000000000000000000 ) ) ;
#7392 = DIRECTION ( 'NONE',  ( -0.9524241472109351600, -0.3047757270674993400, 0.0000000000000000000 ) ) ;
#7393 = DIRECTION ( 'NONE',  ( 0.3047757270674993400, -0.9524241472109351600, 0.0000000000000000000 ) ) ;
#7394 = PLANE ( 'NONE',  #7272 ) ;
#7395 = CARTESIAN_POINT ( 'NONE',  ( -6.166389820999999200, -0.2450000000000000500, 20.46217093299999600 ) ) ;
#7396 = DIRECTION ( 'NONE',  ( 0.0000000000000000000, -1.000000000000000000, 0.0000000000000000000 ) ) ;
#7397 = DIRECTION ( 'NONE',  ( 0.0000000000000000000, -0.0000000000000000000, -1.000000000000000000 ) ) ;
#7398 = CARTESIAN_POINT ( 'NONE',  ( -5.970000000000000600, -1.730000000000000200, 11.47000000000000100 ) ) ;
#7399 = CARTESIAN_POINT ( 'NONE',  ( -5.970000000000000600, -2.949999999999999700, 8.800000000000000700 ) ) ;
#7400 = PLANE ( 'NONE',  #7273 ) ;
#7401 = DIRECTION ( 'NONE',  ( 1.000000000000000000, 0.0000000000000000000, -0.0000000000000000000 ) ) ;
#7402 = PLANE ( 'NONE',  #7274 ) ;
#7403 = CARTESIAN_POINT ( 'NONE',  ( -3.120000000000000600, -2.949999999999999700, 8.800000000000000700 ) ) ;
#7404 = DIRECTION ( 'NONE',  ( 0.0000000000000000000, -1.000000000000000000, 0.0000000000000000000 ) ) ;
#7405 = DIRECTION ( 'NONE',  ( 0.0000000000000000000, -0.0000000000000000000, -1.000000000000000000 ) ) ;
#7406 = PLANE ( 'NONE',  #7275 ) ;
#7407 = CARTESIAN_POINT ( 'NONE',  ( -5.970000000000000600, -1.730000000000000200, 11.47000000000000100 ) ) ;
#7408 = DIRECTION ( 'NONE',  ( -0.9819491032988325600, 0.0000000000000000000, -0.1891453370575618700 ) ) ;
#7409 = DIRECTION ( 'NONE',  ( -0.1891453370575618400, 0.0000000000000000000, 0.9819491032988324500 ) ) ;
#7410 = PLANE ( 'NONE',  #7276 ) ;
#7411 = CARTESIAN_POINT ( 'NONE',  ( -3.884999999999999800, -2.949999999999999700, 11.47000000000000100 ) ) ;
#7412 = DIRECTION ( 'NONE',  ( -1.000000000000000000, 0.0000000000000000000, 0.0000000000000000000 ) ) ;
#7413 = DIRECTION ( 'NONE',  ( 0.0000000000000000000, 0.0000000000000000000, 1.000000000000000000 ) ) ;
#7414 = PLANE ( 'NONE',  #7277 ) ;
#7415 = CARTESIAN_POINT ( 'NONE',  ( -2.029999999999999800, -4.599999999999999600, 8.800000000000000700 ) ) ;
#7416 = DIRECTION ( 'NONE',  ( 0.0000000000000000000, 0.0000000000000000000, -1.000000000000000000 ) ) ;
#7417 = DIRECTION ( 'NONE',  ( -1.000000000000000000, 0.0000000000000000000, -0.0000000000000000000 ) ) ;
#7418 = PLANE ( 'NONE',  #7278 ) ;
#7419 = CARTESIAN_POINT ( 'NONE',  ( 2.029999999999999800, -4.599999999999999600, 8.800000000000000700 ) ) ;
#7420 = DIRECTION ( 'NONE',  ( -1.000000000000000000, 0.0000000000000000000, 0.0000000000000000000 ) ) ;
#7421 = DIRECTION ( 'NONE',  ( 0.0000000000000000000, 0.0000000000000000000, 1.000000000000000000 ) ) ;
#7422 = PLANE ( 'NONE',  #7279 ) ;
#7423 = CARTESIAN_POINT ( 'NONE',  ( 5.970000000000000600, -1.730000000000000200, 11.47000000000000100 ) ) ;
#7424 = DIRECTION ( 'NONE',  ( -1.000000000000000000, 0.0000000000000000000, 0.0000000000000000000 ) ) ;
#7425 = DIRECTION ( 'NONE',  ( 0.0000000000000000000, 0.0000000000000000000, 1.000000000000000000 ) ) ;
#7426 = PLANE ( 'NONE',  #7280 ) ;
#7427 = CARTESIAN_POINT ( 'NONE',  ( 3.120000000000000600, -2.949999999999999700, 8.800000000000000700 ) ) ;
#7428 = DIRECTION ( 'NONE',  ( 1.000000000000000000, 0.0000000000000000000, 0.0000000000000000000 ) ) ;
#7429 = DIRECTION ( 'NONE',  ( 0.0000000000000000000, 0.0000000000000000000, -1.000000000000000000 ) ) ;
#7430 = PLANE ( 'NONE',  #7281 ) ;
#7431 = CARTESIAN_POINT ( 'NONE',  ( 3.884999999999999800, -2.949999999999999700, 11.47000000000000100 ) ) ;
#7432 = DIRECTION ( 'NONE',  ( 0.0000000000000000000, 0.0000000000000000000, 1.000000000000000000 ) ) ;
#7433 = DIRECTION ( 'NONE',  ( 1.000000000000000000, 0.0000000000000000000, -0.0000000000000000000 ) ) ;
#7434 = PLANE ( 'NONE',  #7282 ) ;
#7435 = CARTESIAN_POINT ( 'NONE',  ( 5.970000000000000600, -1.730000000000000200, 11.47000000000000100 ) ) ;
#7436 = DIRECTION ( 'NONE',  ( 1.000000000000000000, 0.0000000000000000000, 0.0000000000000000000 ) ) ;
#7437 = DIRECTION ( 'NONE',  ( 0.0000000000000000000, 0.0000000000000000000, -1.000000000000000000 ) ) ;
#7438 = PLANE ( 'NONE',  #7283 ) ;
#7439 = CARTESIAN_POINT ( 'NONE',  ( 6.576063168000001000, 1.155000000000000000, 18.35944067100000200 ) ) ;
#7440 = DIRECTION ( 'NONE',  ( 1.000000000000000000, 0.0000000000000000000, 0.0000000000000000000 ) ) ;
#7441 = DIRECTION ( 'NONE',  ( 0.0000000000000000000, 0.0000000000000000000, -1.000000000000000000 ) ) ;
#7442 = PLANE ( 'NONE',  #7284 ) ;
#7443 = CARTESIAN_POINT ( 'NONE',  ( 6.166389820999999200, -0.2450000000000000500, 20.46217093299999600 ) ) ;
#7444 = DIRECTION ( 'NONE',  ( 0.0000000000000000000, -1.000000000000000000, 0.0000000000000000000 ) ) ;
#7445 = DIRECTION ( 'NONE',  ( 0.0000000000000000000, -0.0000000000000000000, -1.000000000000000000 ) ) ;
#7446 = PLANE ( 'NONE',  #7285 ) ;
#7447 = CARTESIAN_POINT ( 'NONE',  ( 3.799999999999999800, 3.860000000000000300, 8.800000000000000700 ) ) ;
#7448 = DIRECTION ( 'NONE',  ( 0.0000000000000000000, 1.000000000000000000, 0.0000000000000000000 ) ) ;
#7449 = DIRECTION ( 'NONE',  ( 0.0000000000000000000, -0.0000000000000000000, 1.000000000000000000 ) ) ;
#7450 = PLANE ( 'NONE',  #7286 ) ;
#7451 = CARTESIAN_POINT ( 'NONE',  ( 2.784000000000000300, 3.860000000000000300, 8.800000000000000700 ) ) ;
#7452 = DIRECTION ( 'NONE',  ( 0.9819491032988325600, 0.0000000000000000000, -0.1891453370575618700 ) ) ;
#7453 = DIRECTION ( 'NONE',  ( -0.1891453370575618400, 0.0000000000000000000, -0.9819491032988324500 ) ) ;
#7454 = PLANE ( 'NONE',  #7287 ) ;
#7455 = CARTESIAN_POINT ( 'NONE',  ( -3.399999999999999900, -6.669999999999999900, 17.22383541400000300 ) ) ;
#7456 = DIRECTION ( 'NONE',  ( -1.000000000000000000, 0.0000000000000000000, 0.0000000000000000000 ) ) ;
#7457 = DIRECTION ( 'NONE',  ( 0.0000000000000000000, 0.0000000000000000000, 1.000000000000000000 ) ) ;
#7458 = PLANE ( 'NONE',  #7288 ) ;
#7459 = CARTESIAN_POINT ( 'NONE',  ( -3.399999999999999900, -7.669999999999999900, 17.56449194900000100 ) ) ;
#7460 = DIRECTION ( 'NONE',  ( -1.000000000000000000, 0.0000000000000000000, 0.0000000000000000000 ) ) ;
#7461 = DIRECTION ( 'NONE',  ( 0.0000000000000000000, 0.0000000000000000000, 1.000000000000000000 ) ) ;
#7462 = PLANE ( 'NONE',  #5513 ) ;
#7463 = CARTESIAN_POINT ( 'NONE',  ( -5.400000000000000400, -6.669999999999999900, 17.22383541400000300 ) ) ;
#7464 = DIRECTION ( 'NONE',  ( 1.000000000000000000, 0.0000000000000000000, 0.0000000000000000000 ) ) ;
#7465 = DIRECTION ( 'NONE',  ( 0.0000000000000000000, 0.0000000000000000000, -1.000000000000000000 ) ) ;
#7466 = PLANE ( 'NONE',  #7896 ) ;
#7467 = CARTESIAN_POINT ( 'NONE',  ( -3.311999999999999400, 3.860000000000000300, 8.800000000000000700 ) ) ;
#7468 = DIRECTION ( 'NONE',  ( 0.0000000000000000000, -0.3224597449970907900, -0.9465831779914596300 ) ) ;
#7469 = DIRECTION ( 'NONE',  ( 0.0000000000000000000, 0.9465831779914596300, -0.3224597449970907900 ) ) ;
#7470 = PLANE ( 'NONE',  #7897 ) ;
#7471 = CARTESIAN_POINT ( 'NONE',  ( 5.400000000000000400, -6.669999999999999900, 17.22383541400000300 ) ) ;
#7472 = DIRECTION ( 'NONE',  ( 1.000000000000000000, 0.0000000000000000000, 0.0000000000000000000 ) ) ;
#7473 = DIRECTION ( 'NONE',  ( 0.0000000000000000000, 0.0000000000000000000, -1.000000000000000000 ) ) ;
#7474 = PLANE ( 'NONE',  #7898 ) ;
#7475 = CARTESIAN_POINT ( 'NONE',  ( 3.399999999999999900, -7.669999999999999900, 17.56449194900000100 ) ) ;
#7476 = DIRECTION ( 'NONE',  ( -1.000000000000000000, 0.0000000000000000000, 0.0000000000000000000 ) ) ;
#7477 = DIRECTION ( 'NONE',  ( 0.0000000000000000000, 0.0000000000000000000, 1.000000000000000000 ) ) ;
#7478 = PLANE ( 'NONE',  #7899 ) ;
#7479 = CARTESIAN_POINT ( 'NONE',  ( 3.399999999999999900, -6.669999999999999900, 17.22383541400000300 ) ) ;
#7480 = DIRECTION ( 'NONE',  ( -1.000000000000000000, 0.0000000000000000000, 0.0000000000000000000 ) ) ;
#7481 = DIRECTION ( 'NONE',  ( 0.0000000000000000000, 0.0000000000000000000, 1.000000000000000000 ) ) ;
#7482 = PLANE ( 'NONE',  #7900 ) ;
#7483 = CARTESIAN_POINT ( 'NONE',  ( -4.400000000000000400, 6.649999999999999500, 17.15728932800000500 ) ) ;
#7484 = DIRECTION ( 'NONE',  ( 0.0000000000000000000, -0.3224597449970907900, -0.9465831779914596300 ) ) ;
#7485 = DIRECTION ( 'NONE',  ( 0.0000000000000000000, 0.9465831779914596300, -0.3224597449970907900 ) ) ;
#7486 = PLANE ( 'NONE',  #7901 ) ;
#7487 = CARTESIAN_POINT ( 'NONE',  ( -4.400000000000000400, 7.750000000000000000, 17.57030104600000100 ) ) ;
#7488 = DIRECTION ( 'NONE',  ( -1.000000000000000000, 0.0000000000000000000, 0.0000000000000000000 ) ) ;
#7489 = DIRECTION ( 'NONE',  ( 0.0000000000000000000, 0.0000000000000000000, 1.000000000000000000 ) ) ;
#7490 = PLANE ( 'NONE',  #7902 ) ;
#7491 = CARTESIAN_POINT ( 'NONE',  ( -2.399999999999999900, 6.649999999999999500, 17.15728932800000500 ) ) ;
#7492 = DIRECTION ( 'NONE',  ( -1.000000000000000000, 0.0000000000000000000, 0.0000000000000000000 ) ) ;
#7493 = DIRECTION ( 'NONE',  ( 0.0000000000000000000, 0.0000000000000000000, 1.000000000000000000 ) ) ;
#7494 = PLANE ( 'NONE',  #7903 ) ;
#7495 = CARTESIAN_POINT ( 'NONE',  ( -3.994000000000000200, -6.470000000000000600, 8.009999999999999800 ) ) ;
#7496 = DIRECTION ( 'NONE',  ( 0.0000000000000000000, 0.3515052317917548600, -0.9361859174453676100 ) ) ;
#7497 = DIRECTION ( 'NONE',  ( 0.0000000000000000000, 0.9361859174453676100, 0.3515052317917548600 ) ) ;
#7498 = PLANE ( 'NONE',  #7904 ) ;
#7499 = CARTESIAN_POINT ( 'NONE',  ( 4.400000000000000400, 6.649999999999999500, 20.50000000000000000 ) ) ;
#7500 = DIRECTION ( 'NONE',  ( -1.000000000000000000, 0.0000000000000000000, 0.0000000000000000000 ) ) ;
#7501 = DIRECTION ( 'NONE',  ( 0.0000000000000000000, 0.0000000000000000000, 1.000000000000000000 ) ) ;
#7502 = PLANE ( 'NONE',  #7905 ) ;
#7503 = CARTESIAN_POINT ( 'NONE',  ( -4.400000000000000400, 6.649999999999999500, 20.50000000000000000 ) ) ;
#7504 = DIRECTION ( 'NONE',  ( 0.0000000000000000000, 0.0000000000000000000, -1.000000000000000000 ) ) ;
#7505 = DIRECTION ( 'NONE',  ( -1.000000000000000000, 0.0000000000000000000, -0.0000000000000000000 ) ) ;
#7506 = PLANE ( 'NONE',  #7906 ) ;
#7507 = CARTESIAN_POINT ( 'NONE',  ( -3.399999999999999900, -6.669999999999999900, 20.50000000000000000 ) ) ;
#7508 = DIRECTION ( 'NONE',  ( 0.0000000000000000000, -0.9361859174453676100, -0.3515052317917548600 ) ) ;
#7509 = DIRECTION ( 'NONE',  ( 0.0000000000000000000, 0.3515052317917548600, -0.9361859174453676100 ) ) ;
#7510 = PLANE ( 'NONE',  #7907 ) ;
#7511 = CARTESIAN_POINT ( 'NONE',  ( 3.399999999999999900, -6.669999999999999900, 20.50000000000000000 ) ) ;
#7512 = DIRECTION ( 'NONE',  ( 0.0000000000000000000, 0.9361859174453676100, 0.3515052317917548600 ) ) ;
#7513 = DIRECTION ( 'NONE',  ( 0.0000000000000000000, -0.3515052317917548600, 0.9361859174453676100 ) ) ;
#7514 = PLANE ( 'NONE',  #7908 ) ;
#7515 = DIRECTION ( 'NONE',  ( 0.0000000000000000000, 1.000000000000000000, 0.0000000000000000000 ) ) ;
#7516 = DIRECTION ( 'NONE',  ( 0.0000000000000000000, -0.9465831779914596300, 0.3224597449970907900 ) ) ;
#7517 = DIRECTION ( 'NONE',  ( 0.0000000000000000000, -0.3224597449970907900, -0.9465831779914596300 ) ) ;
#7518 = PLANE ( 'NONE',  #7909 ) ;
#7519 = CARTESIAN_POINT ( 'NONE',  ( 5.970000000000000600, -2.949999999999999700, 8.800000000000000700 ) ) ;
#7520 = DIRECTION ( 'NONE',  ( 0.0000000000000000000, -0.9465831779914596300, 0.3224597449970907900 ) ) ;
#7521 = DIRECTION ( 'NONE',  ( 0.0000000000000000000, -0.3224597449970907900, -0.9465831779914596300 ) ) ;
#7522 = CARTESIAN_POINT ( 'NONE',  ( 5.970000000000000600, 3.860000000000000300, 8.800000000000000700 ) ) ;
#7523 = CARTESIAN_POINT ( 'NONE',  ( -5.970000000000000600, 3.860000000000000300, 8.800000000000000700 ) ) ;
#7524 = PLANE ( 'NONE',  #7910 ) ;
#7525 = DIRECTION ( 'NONE',  ( 0.0000000000000000000, -0.0000000000000000000, 1.000000000000000000 ) ) ;
#7526 = PLANE ( 'NONE',  #7911 ) ;
#7527 = CARTESIAN_POINT ( 'NONE',  ( -2.029999999999999800, -5.619999999999999200, 8.800000000000000700 ) ) ;
#7528 = DIRECTION ( 'NONE',  ( 1.000000000000000000, 0.0000000000000000000, 0.0000000000000000000 ) ) ;
#7529 = DIRECTION ( 'NONE',  ( 0.0000000000000000000, 0.0000000000000000000, -1.000000000000000000 ) ) ;
#7530 = PLANE ( 'NONE',  #7912 ) ;
#7531 = CARTESIAN_POINT ( 'NONE',  ( -5.970000000000000600, -2.949999999999999700, 8.800000000000000700 ) ) ;
#7532 = DIRECTION ( 'NONE',  ( 0.0000000000000000000, -1.000000000000000000, 0.0000000000000000000 ) ) ;
#7533 = DIRECTION ( 'NONE',  ( 0.0000000000000000000, -0.0000000000000000000, -1.000000000000000000 ) ) ;
#7534 = PLANE ( 'NONE',  #7913 ) ;
#7535 = CARTESIAN_POINT ( 'NONE',  ( -5.970000000000000600, 3.860000000000000300, 8.800000000000000700 ) ) ;
#7536 = DIRECTION ( 'NONE',  ( 0.0000000000000000000, -1.000000000000000000, 0.0000000000000000000 ) ) ;
#7537 = DIRECTION ( 'NONE',  ( 0.0000000000000000000, -0.0000000000000000000, -1.000000000000000000 ) ) ;
#7538 = PLANE ( 'NONE',  #7914 ) ;
#7539 = DIRECTION ( 'NONE',  ( 0.0000000000000000000, 0.0000000000000000000, 1.000000000000000000 ) ) ;
#7540 = DIRECTION ( 'NONE',  ( 0.0000000000000000000, -1.000000000000000000, 0.0000000000000000000 ) ) ;
#7541 = DIRECTION ( 'NONE',  ( 0.0000000000000000000, -0.0000000000000000000, -1.000000000000000000 ) ) ;
#7542 = PLANE ( 'NONE',  #7916 ) ;
#7543 = DIRECTION ( 'NONE',  ( 0.0000000000000000000, 0.0000000000000000000, 1.000000000000000000 ) ) ;
#7544 = DIRECTION ( 'NONE',  ( -1.000000000000000000, 0.0000000000000000000, 0.0000000000000000000 ) ) ;
#7545 = DIRECTION ( 'NONE',  ( 0.0000000000000000000, 0.0000000000000000000, 1.000000000000000000 ) ) ;
#7546 = DIRECTION ( 'NONE',  ( 0.0000000000000000000, 1.000000000000000000, 0.0000000000000000000 ) ) ;
#7547 = CARTESIAN_POINT ( 'NONE',  ( 4.400000000000000400, -8.450000000000001100, 13.30000000000000100 ) ) ;
#7548 = DIRECTION ( 'NONE',  ( -0.0000000000000000000, 1.000000000000000000, 0.0000000000000000000 ) ) ;
#7549 = CARTESIAN_POINT ( 'NONE',  ( -6.550000000000000700, 6.850000000000000500, 9.427479703999999600 ) ) ;
#7550 = CARTESIAN_POINT ( 'NONE',  ( -4.400000000000000400, -8.450000000000001100, 13.30000000000000100 ) ) ;
#7551 = PLANE ( 'NONE',  #7918 ) ;
#7552 = CARTESIAN_POINT ( 'NONE',  ( -6.550000000000000700, 5.803797976999999400, 8.381277680999998500 ) ) ;
#7553 = CARTESIAN_POINT ( 'NONE',  ( -6.550000000000000700, 5.803797976999999400, 2.622743794999999900 ) ) ;
#7554 = DIRECTION ( 'NONE',  ( 0.0000000000000000000, 0.7071067811865475700, -0.7071067811865475700 ) ) ;
#7555 = DIRECTION ( 'NONE',  ( 0.0000000000000000000, 0.7071067811865474600, 0.7071067811865474600 ) ) ;
#7556 = PLANE ( 'NONE',  #7919 ) ;
#7557 = CARTESIAN_POINT ( 'NONE',  ( -6.550000000000000700, 5.646183977999998900, 2.622743794999999900 ) ) ;
#7558 = DIRECTION ( 'NONE',  ( 0.0000000000000000000, 1.000000000000000000, 0.0000000000000000000 ) ) ;
#7559 = DIRECTION ( 'NONE',  ( 0.0000000000000000000, -0.0000000000000000000, 1.000000000000000000 ) ) ;
#7560 = PLANE ( 'NONE',  #7920 ) ;
#7561 = CARTESIAN_POINT ( 'NONE',  ( -6.550000000000000700, 5.646183977999998900, 2.622743794999999900 ) ) ;
#7562 = DIRECTION ( 'NONE',  ( 0.0000000000000000000, 0.9516921159052542700, 0.3070539309694312900 ) ) ;
#7563 = DIRECTION ( 'NONE',  ( 0.0000000000000000000, -0.3070539309694312900, 0.9516921159052542700 ) ) ;
#7564 = PLANE ( 'NONE',  #7921 ) ;
#7565 = CARTESIAN_POINT ( 'NONE',  ( -6.550000000000000700, -5.450000000000000200, 0.0000000000000000000 ) ) ;
#7566 = DIRECTION ( 'NONE',  ( 0.0000000000000000000, -0.9516921159052542700, -0.3070539309694312900 ) ) ;
#7567 = DIRECTION ( 'NONE',  ( 0.0000000000000000000, 0.3070539309694312900, -0.9516921159052542700 ) ) ;
#7568 = PLANE ( 'NONE',  #7922 ) ;
#7569 = CARTESIAN_POINT ( 'NONE',  ( -6.750000000000000000, 6.850000000000000500, 20.50000000000000000 ) ) ;
#7570 = DIRECTION ( 'NONE',  ( 0.0000000000000000000, 0.0000000000000000000, -1.000000000000000000 ) ) ;
#7571 = DIRECTION ( 'NONE',  ( -1.000000000000000000, 0.0000000000000000000, -0.0000000000000000000 ) ) ;
#7572 = PLANE ( 'NONE',  #7923 ) ;
#7573 = CARTESIAN_POINT ( 'NONE',  ( 6.750000000000000000, 6.850000000000000500, 20.50000000000000000 ) ) ;
#7574 = DIRECTION ( 'NONE',  ( 0.0000000000000000000, 1.000000000000000000, 0.0000000000000000000 ) ) ;
#7575 = DIRECTION ( 'NONE',  ( 0.0000000000000000000, -0.0000000000000000000, 1.000000000000000000 ) ) ;
#7576 = PLANE ( 'NONE',  #7924 ) ;
#7577 = CARTESIAN_POINT ( 'NONE',  ( 6.550000000000000700, 5.803797976999999400, 2.622743794999999900 ) ) ;
#7578 = DIRECTION ( 'NONE',  ( 1.000000000000000000, 0.0000000000000000000, 0.0000000000000000000 ) ) ;
#7579 = DIRECTION ( 'NONE',  ( 0.0000000000000000000, 0.0000000000000000000, -1.000000000000000000 ) ) ;
#7580 = PLANE ( 'NONE',  #7925 ) ;
#7581 = CARTESIAN_POINT ( 'NONE',  ( 6.550000000000000700, 5.803797976999999400, 8.381277680999998500 ) ) ;
#7582 = DIRECTION ( 'NONE',  ( -1.000000000000000000, 0.0000000000000000000, 0.0000000000000000000 ) ) ;
#7583 = DIRECTION ( 'NONE',  ( 0.0000000000000000000, 0.0000000000000000000, 1.000000000000000000 ) ) ;
#7584 = PLANE ( 'NONE',  #7926 ) ;
#7585 = CARTESIAN_POINT ( 'NONE',  ( 6.550000000000000700, 6.850000000000000500, 9.427479703999999600 ) ) ;
#7586 = DIRECTION ( 'NONE',  ( 0.0000000000000000000, 0.9516921159052542700, 0.3070539309694312900 ) ) ;
#7587 = DIRECTION ( 'NONE',  ( 0.0000000000000000000, -0.3070539309694312900, 0.9516921159052542700 ) ) ;
#7588 = PLANE ( 'NONE',  #7927 ) ;
#7589 = CARTESIAN_POINT ( 'NONE',  ( 6.550000000000000700, -5.450000000000000200, 0.0000000000000000000 ) ) ;
#7590 = DIRECTION ( 'NONE',  ( 0.0000000000000000000, 1.000000000000000000, 0.0000000000000000000 ) ) ;
#7591 = DIRECTION ( 'NONE',  ( 0.0000000000000000000, -0.0000000000000000000, 1.000000000000000000 ) ) ;
#7592 = PLANE ( 'NONE',  #7928 ) ;
#7593 = CARTESIAN_POINT ( 'NONE',  ( 6.550000000000000700, 5.646183977999998900, 2.622743794999999900 ) ) ;
#7594 = DIRECTION ( 'NONE',  ( 0.0000000000000000000, 0.7071067811865475700, -0.7071067811865475700 ) ) ;
#7595 = DIRECTION ( 'NONE',  ( 0.0000000000000000000, 0.7071067811865474600, 0.7071067811865474600 ) ) ;
#7596 = PLANE ( 'NONE',  #7929 ) ;
#7597 = CARTESIAN_POINT ( 'NONE',  ( 6.550000000000000700, 5.646183977999998900, 2.622743794999999900 ) ) ;
#7598 = DIRECTION ( 'NONE',  ( 0.0000000000000000000, 1.000000000000000000, 0.0000000000000000000 ) ) ;
#7599 = DIRECTION ( 'NONE',  ( 0.0000000000000000000, -0.0000000000000000000, 1.000000000000000000 ) ) ;
#7600 = PLANE ( 'NONE',  #7930 ) ;
#7601 = CARTESIAN_POINT ( 'NONE',  ( 3.340000000000000300, 3.860000000000000300, 18.00621949700000000 ) ) ;
#7602 = DIRECTION ( 'NONE',  ( 0.0000000000000000000, 0.0000000000000000000, -1.000000000000000000 ) ) ;
#7603 = DIRECTION ( 'NONE',  ( -1.000000000000000000, 0.0000000000000000000, -0.0000000000000000000 ) ) ;
#7604 = PLANE ( 'NONE',  #7932 ) ;
#7605 = DIRECTION ( 'NONE',  ( 0.0000000000000000000, -0.9516921159052542700, -0.3070539309694312900 ) ) ;
#7606 = DIRECTION ( 'NONE',  ( 0.0000000000000000000, 0.3070539309694312900, -0.9516921159052542700 ) ) ;
#7607 = CARTESIAN_POINT ( 'NONE',  ( 3.340000000000000300, 3.860000000000000300, 8.800000000000000700 ) ) ;
#7608 = DIRECTION ( 'NONE',  ( -0.0000000000000000000, -0.0000000000000000000, -1.000000000000000000 ) ) ;
#7609 = DIRECTION ( 'NONE',  ( 0.1891453370575618400, 0.0000000000000000000, -0.9819491032988324500 ) ) ;
#7610 = DIRECTION ( 'NONE',  ( 0.0000000000000000000, 0.3746065929078976600, 0.9271838547720384600 ) ) ;
#7611 = CARTESIAN_POINT ( 'NONE',  ( -5.970000000000000600, -0.2450000000000000500, 19.44261204999999400 ) ) ;
#7612 = CARTESIAN_POINT ( 'NONE',  ( -5.970000000000000600, -0.2450000000000000500, 18.35944067100000200 ) ) ;
#7613 = CARTESIAN_POINT ( 'NONE',  ( -5.970000000000000600, -0.2450000000000000500, 20.50000000000000000 ) ) ;
#7614 = CARTESIAN_POINT ( 'NONE',  ( -6.576063168000001000, -0.2450000001234969000, 18.35944067100000200 ) ) ;
#7615 = DIRECTION ( 'NONE',  ( -0.0000000000000000000, 1.000000000000000000, 0.0000000000000000000 ) ) ;
#7616 = DIRECTION ( 'NONE',  ( 0.0000000000000000000, 0.0000000000000000000, 1.000000000000000000 ) ) ;
#7617 = DIRECTION ( 'NONE',  ( 0.0000000000000000000, -0.0000000000000000000, -1.000000000000000000 ) ) ;
#7618 = DIRECTION ( 'NONE',  ( -0.1131048514346730000, 0.0000000000000000000, -0.9935830577168375300 ) ) ;
#7619 = DIRECTION ( 'NONE',  ( 0.1891453365477584200, 0.0000000000000000000, -0.9819491033970320100 ) ) ;
#7620 = ORIENTED_EDGE ( 'NONE', *, *, #9635, .T. ) ;
#7621 = CARTESIAN_POINT ( 'NONE',  ( -5.767587712999999300, -0.2450000000000000500, 16.62023601199999900 ) ) ;
#7622 = CARTESIAN_POINT ( 'NONE',  ( -5.781196722000001600, -0.2450000000000000500, 18.26895679000000100 ) ) ;
#7623 = CARTESIAN_POINT ( 'NONE',  ( -6.576063168000001000, -0.2449999998765015600, 18.35944067100000200 ) ) ;
#7624 = DIRECTION ( 'NONE',  ( 0.0000000000000000000, -1.000000000000000000, -0.0000000000000000000 ) ) ;
#7625 = DIRECTION ( 'NONE',  ( -5.421010862427531600E-015, 0.0000000000000000000, 1.000000000000000000 ) ) ;
#7626 = CARTESIAN_POINT ( 'NONE',  ( -5.767587712999999300, -0.2450000000000000500, 16.62023601199999900 ) ) ;
#7627 = DIRECTION ( 'NONE',  ( 0.0000000000000000000, 1.000000000000000000, 0.0000000000000000000 ) ) ;
#7628 = DIRECTION ( 'NONE',  ( -0.9935830577693081100, 0.0000000000000000000, 0.1131048509737391400 ) ) ;
#7629 = DIRECTION ( 'NONE',  ( 0.1131048514346733000, 0.0000000000000000000, 0.9935830577168376400 ) ) ;
#7630 = CARTESIAN_POINT ( 'NONE',  ( -5.594114064568149300, -0.2450000000000000500, 18.54858600808318100 ) ) ;
#7631 = DIRECTION ( 'NONE',  ( -0.0000000000000000000, 1.000000000000000000, 0.0000000000000000000 ) ) ;
#7632 = CARTESIAN_POINT ( 'NONE',  ( -5.582480110999999700, -0.2450000000000000500, 18.24633582000000200 ) ) ;
#7633 = CARTESIAN_POINT ( 'NONE',  ( -5.767587712245633800, -0.2450000000000000500, 16.62023601191412700 ) ) ;
#7634 = DIRECTION ( 'NONE',  ( -0.0000000000000000000, -1.000000000000000000, -0.0000000000000000000 ) ) ;
#7635 = CARTESIAN_POINT ( 'NONE',  ( -2.755999999999999800, 0.1404458874027189100, 8.799999997817160100 ) ) ;
#7636 = CARTESIAN_POINT ( 'NONE',  ( -5.767587712999999300, 1.155000000000000500, 16.62023601199999900 ) ) ;
#7637 = CARTESIAN_POINT ( 'NONE',  ( -6.576063168000001000, 1.154999999876505300, 18.35944067100000200 ) ) ;
#7638 = DIRECTION ( 'NONE',  ( 0.0000000000000000000, -1.000000000000000000, -0.0000000000000000000 ) ) ;
#7639 = DIRECTION ( 'NONE',  ( -2.081668171172173900E-014, 0.0000000000000000000, 1.000000000000000000 ) ) ;
#7640 = CARTESIAN_POINT ( 'NONE',  ( -5.966304323245634800, -0.2450000000000000500, 16.64285698191413200 ) ) ;
#7641 = CARTESIAN_POINT ( 'NONE',  ( -1.740000000000000200, 0.1404458874027189100, 8.799999997817160100 ) ) ;
#7642 = DIRECTION ( 'NONE',  ( -0.0000000000000000000, -1.000000000000000000, 0.0000000000000000000 ) ) ;
#7643 = DIRECTION ( 'NONE',  ( 0.9935830577693081100, -0.0000000000000000000, -0.1131048509737391400 ) ) ;
#7644 = CARTESIAN_POINT ( 'NONE',  ( -3.771999999999999800, 0.1404458874027189100, 8.799999997817160100 ) ) ;
#7645 = DIRECTION ( 'NONE',  ( -1.000000000000000000, 0.0000000000000000000, -0.0000000000000000000 ) ) ;
#7646 = CARTESIAN_POINT ( 'NONE',  ( -3.771999999999999800, 3.860000000000000300, 18.00621949700000000 ) ) ;
#7647 = DIRECTION ( 'NONE',  ( 1.000000000000000000, -0.0000000000000000000, 0.0000000000000000000 ) ) ;
#7648 = CARTESIAN_POINT ( 'NONE',  ( -3.311999999999999400, 0.1404458819999998300, 8.800000000000000700 ) ) ;
#7649 = CARTESIAN_POINT ( 'NONE',  ( -0.7240000000000000900, 0.1404458874027189100, 8.799999997817160100 ) ) ;
#7650 = DIRECTION ( 'NONE',  ( 0.0000000000000000000, 0.3746065934520204600, 0.9271838545521985400 ) ) ;
#7651 = DIRECTION ( 'NONE',  ( -1.000000000000000000, 0.0000000000000000000, -0.0000000000000000000 ) ) ;
#7652 = CARTESIAN_POINT ( 'NONE',  ( -2.755999999999999800, 3.860000000000000300, 18.00621949700000000 ) ) ;
#7653 = DIRECTION ( 'NONE',  ( 1.000000000000000000, -0.0000000000000000000, 0.0000000000000000000 ) ) ;
#7654 = CARTESIAN_POINT ( 'NONE',  ( -2.295999999999999800, 0.1404458819999998300, 8.800000000000000700 ) ) ;
#7655 = CARTESIAN_POINT ( 'NONE',  ( 0.2920000000000000400, 0.1404458874027189100, 8.799999997817160100 ) ) ;
#7656 = DIRECTION ( 'NONE',  ( 0.0000000000000000000, 0.3746065934520204600, 0.9271838545521985400 ) ) ;
#7657 = DIRECTION ( 'NONE',  ( -1.000000000000000000, 0.0000000000000000000, -0.0000000000000000000 ) ) ;
#7658 = CARTESIAN_POINT ( 'NONE',  ( -1.740000000000000200, 3.860000000000000300, 18.00621949700000000 ) ) ;
#7659 = DIRECTION ( 'NONE',  ( 1.000000000000000000, -0.0000000000000000000, 0.0000000000000000000 ) ) ;
#7660 = CARTESIAN_POINT ( 'NONE',  ( -1.280000000000000000, 0.1404458819999998300, 8.800000000000000700 ) ) ;
#7661 = CARTESIAN_POINT ( 'NONE',  ( 1.308000000000000100, 0.1404458874027189100, 8.799999997817160100 ) ) ;
#7662 = DIRECTION ( 'NONE',  ( 0.0000000000000000000, 0.3746065934520204600, 0.9271838545521985400 ) ) ;
#7663 = DIRECTION ( 'NONE',  ( -1.000000000000000000, 0.0000000000000000000, -0.0000000000000000000 ) ) ;
#7664 = CARTESIAN_POINT ( 'NONE',  ( -0.7240000000000000900, 3.860000000000000300, 18.00621949700000000 ) ) ;
#7665 = DIRECTION ( 'NONE',  ( 1.000000000000000000, -0.0000000000000000000, 0.0000000000000000000 ) ) ;
#7666 = CARTESIAN_POINT ( 'NONE',  ( -0.2640000000000000100, 0.1404458819999998300, 8.800000000000000700 ) ) ;
#7667 = CARTESIAN_POINT ( 'NONE',  ( 2.323999999999999800, 0.1404458874027189100, 8.799999997817160100 ) ) ;
#7668 = DIRECTION ( 'NONE',  ( 0.0000000000000000000, 0.3746065934520204600, 0.9271838545521985400 ) ) ;
#7669 = DIRECTION ( 'NONE',  ( -1.000000000000000000, 0.0000000000000000000, -0.0000000000000000000 ) ) ;
#7670 = CARTESIAN_POINT ( 'NONE',  ( 0.2920000000000000400, 3.860000000000000300, 18.00621949700000000 ) ) ;
#7671 = DIRECTION ( 'NONE',  ( 1.000000000000000000, -0.0000000000000000000, 0.0000000000000000000 ) ) ;
#7672 = CARTESIAN_POINT ( 'NONE',  ( 0.7520000000000002200, 0.1404458819999998300, 8.800000000000000700 ) ) ;
#7673 = CARTESIAN_POINT ( 'NONE',  ( 3.340000000000000300, 0.1404458874027189100, 8.799999997817160100 ) ) ;
#7674 = DIRECTION ( 'NONE',  ( 0.0000000000000000000, 0.3746065934520204600, 0.9271838545521985400 ) ) ;
#7675 = DIRECTION ( 'NONE',  ( -1.000000000000000000, 0.0000000000000000000, -0.0000000000000000000 ) ) ;
#7676 = CARTESIAN_POINT ( 'NONE',  ( 1.308000000000000100, 3.860000000000000300, 18.00621949700000000 ) ) ;
#7677 = DIRECTION ( 'NONE',  ( 1.000000000000000000, -0.0000000000000000000, 0.0000000000000000000 ) ) ;
#7678 = CARTESIAN_POINT ( 'NONE',  ( 1.768000000000000200, 0.1404458819999998300, 8.800000000000000700 ) ) ;
#7679 = CARTESIAN_POINT ( 'NONE',  ( 5.790503885568149700, -0.2450000000000000500, 18.51075694108318400 ) ) ;
#7680 = DIRECTION ( 'NONE',  ( 0.0000000000000000000, 0.3746065934520204600, 0.9271838545521985400 ) ) ;
#7681 = DIRECTION ( 'NONE',  ( -1.000000000000000000, 0.0000000000000000000, -0.0000000000000000000 ) ) ;
#7682 = CARTESIAN_POINT ( 'NONE',  ( 2.323999999999999800, 3.860000000000000300, 18.00621949700000000 ) ) ;
#7683 = DIRECTION ( 'NONE',  ( 1.000000000000000000, -0.0000000000000000000, 0.0000000000000000000 ) ) ;
#7684 = CARTESIAN_POINT ( 'NONE',  ( 2.784000000000000300, 0.1404458819999998300, 8.800000000000000700 ) ) ;
#7685 = CARTESIAN_POINT ( 'NONE',  ( 5.781196722000001600, -0.2450000000000000500, 18.26895679000000100 ) ) ;
#7686 = DIRECTION ( 'NONE',  ( 0.0000000000000000000, 0.3746065934520204600, 0.9271838545521985400 ) ) ;
#7687 = DIRECTION ( 'NONE',  ( -1.000000000000000000, 0.0000000000000000000, -0.0000000000000000000 ) ) ;
#7688 = CARTESIAN_POINT ( 'NONE',  ( 3.340000000000000300, 3.860000000000000300, 18.00621949700000000 ) ) ;
#7689 = DIRECTION ( 'NONE',  ( 1.000000000000000000, -0.0000000000000000000, 0.0000000000000000000 ) ) ;
#7690 = CARTESIAN_POINT ( 'NONE',  ( 3.799999999999999800, 0.1404458819999998300, 8.800000000000000700 ) ) ;
#7691 = DIRECTION ( 'NONE',  ( 0.1131048514346730000, 0.0000000000000000000, -0.9935830577168375300 ) ) ;
#7692 = DIRECTION ( 'NONE',  ( 0.0000000000000000000, 0.3746065934520204600, 0.9271838545521985400 ) ) ;
#7693 = DIRECTION ( 'NONE',  ( 0.0000000000000000000, 1.000000000000000000, 0.0000000000000000000 ) ) ;
#7694 = CARTESIAN_POINT ( 'NONE',  ( 5.781196722000001600, 1.155000000000000000, 18.26895679000000100 ) ) ;
#7695 = DIRECTION ( 'NONE',  ( 0.0000000000000000000, -1.000000000000000000, -0.0000000000000000000 ) ) ;
#7696 = CARTESIAN_POINT ( 'NONE',  ( -3.120000000000000600, -4.599999999999999600, 8.800000000000000700 ) ) ;
#7697 = CARTESIAN_POINT ( 'NONE',  ( 2.029999999999999800, -4.599999999999999600, 8.800000000000000700 ) ) ;
#7698 = CARTESIAN_POINT ( 'NONE',  ( 6.576063168000001000, 1.155000000123497200, 18.35944067100000200 ) ) ;
#7699 = DIRECTION ( 'NONE',  ( -0.0000000000000000000, 1.000000000000000000, 0.0000000000000000000 ) ) ;
#7700 = DIRECTION ( 'NONE',  ( 0.0000000000000000000, 0.0000000000000000000, 1.000000000000000000 ) ) ;
#7701 = CARTESIAN_POINT ( 'NONE',  ( 5.767587712999999300, 1.155000000000000000, 16.62023601199999900 ) ) ;
#7702 = DIRECTION ( 'NONE',  ( -0.1131048514346733000, 0.0000000000000000000, 0.9935830577168376400 ) ) ;
#7703 = CARTESIAN_POINT ( 'NONE',  ( 5.970000000000000600, -0.2450000000000000500, 20.50000000000000000 ) ) ;
#7704 = DIRECTION ( 'NONE',  ( 0.0000000000000000000, 1.000000000000000000, -0.0000000000000000000 ) ) ;
#7705 = CARTESIAN_POINT ( 'NONE',  ( 5.594114064999998500, 1.155000000000000000, 18.54858600799999700 ) ) ;
#7706 = DIRECTION ( 'NONE',  ( 0.1891453368402560800, 0.0000000000000000000, 0.9819491033406904100 ) ) ;
#7707 = CARTESIAN_POINT ( 'NONE',  ( 3.120000000000000600, -4.599999999999999600, 8.800000000000000700 ) ) ;
#7708 = DIRECTION ( 'NONE',  ( -1.000000000000000000, -0.0000000000000000000, -0.0000000000000000000 ) ) ;
#7709 = DIRECTION ( 'NONE',  ( 0.0000000000000000000, 0.0000000000000000000, -1.000000000000000000 ) ) ;
#7710 = CARTESIAN_POINT ( 'NONE',  ( 3.120000000000000600, -4.599999999999999600, 20.50000000000000000 ) ) ;
#7711 = DIRECTION ( 'NONE',  ( 1.000000000000000000, 0.0000000000000000000, 0.0000000000000000000 ) ) ;
#7712 = CARTESIAN_POINT ( 'NONE',  ( 3.120000000000000600, -4.599999999999999600, 8.800000000000000700 ) ) ;
#7713 = DIRECTION ( 'NONE',  ( -0.0000000000000000000, -0.0000000000000000000, 1.000000000000000000 ) ) ;
#7714 = CARTESIAN_POINT ( 'NONE',  ( -3.120000000000000600, -4.599999999999999600, 8.800000000000000700 ) ) ;
#7715 = DIRECTION ( 'NONE',  ( -1.000000000000000000, -0.0000000000000000000, -0.0000000000000000000 ) ) ;
#7716 = DIRECTION ( 'NONE',  ( -1.000000000000000000, -0.0000000000000000000, -0.0000000000000000000 ) ) ;
#7717 = DIRECTION ( 'NONE',  ( -0.0000000000000000000, -0.0000000000000000000, -1.000000000000000000 ) ) ;
#7718 = CARTESIAN_POINT ( 'NONE',  ( -3.120000000000000600, -4.599999999999999600, 20.50000000000000000 ) ) ;
#7719 = DIRECTION ( 'NONE',  ( 1.000000000000000000, 0.0000000000000000000, 0.0000000000000000000 ) ) ;
#7720 = CARTESIAN_POINT ( 'NONE',  ( -2.029999999999999800, -4.599999999999999600, 8.800000000000000700 ) ) ;
#7721 = DIRECTION ( 'NONE',  ( 0.0000000000000000000, 0.0000000000000000000, 1.000000000000000000 ) ) ;
#7722 = CARTESIAN_POINT ( 'NONE',  ( -5.781196722000001600, -0.2450000000000000500, 18.26895679000000100 ) ) ;
#7723 = DIRECTION ( 'NONE',  ( 0.0000000000000000000, 1.000000000000000000, -0.0000000000000000000 ) ) ;
#7724 = CARTESIAN_POINT ( 'NONE',  ( -5.790503885568149700, -0.2450000000000000500, 18.51075694108318400 ) ) ;
#7725 = CARTESIAN_POINT ( 'NONE',  ( -3.771999999999999800, 3.860000000000000300, 18.94053300399999900 ) ) ;
#7726 = DIRECTION ( 'NONE',  ( -0.0000000000000000000, -1.000000000000000000, -0.0000000000000000000 ) ) ;
#7727 = CARTESIAN_POINT ( 'NONE',  ( 4.189044854999999700, -7.079515170999999700, 7.009999999999999800 ) ) ;
#7728 = CARTESIAN_POINT ( 'NONE',  ( 6.093779763000000600, -6.470000000000000600, 8.009999999999999800 ) ) ;
#7729 = CARTESIAN_POINT ( 'NONE',  ( -6.576063168000001000, 1.155000000123497200, 18.35944067100000200 ) ) ;
#7730 = DIRECTION ( 'NONE',  ( -0.0000000000000000000, 1.000000000000000000, 0.0000000000000000000 ) ) ;
#7731 = DIRECTION ( 'NONE',  ( 0.0000000000000000000, 0.0000000000000000000, 1.000000000000000000 ) ) ;
#7732 = CARTESIAN_POINT ( 'NONE',  ( -5.970000000000000600, -0.2370412780000000800, 8.800000000000000700 ) ) ;
#7733 = DIRECTION ( 'NONE',  ( -1.000000000000000000, -0.0000000000000000000, 0.0000000000000000000 ) ) ;
#7734 = CARTESIAN_POINT ( 'NONE',  ( -3.311999999999999400, 3.860000000000000300, 18.94053300399999900 ) ) ;
#7735 = DIRECTION ( 'NONE',  ( 0.0000000000000000000, -0.3746065934502642000, -0.9271838545529081900 ) ) ;
#7736 = CARTESIAN_POINT ( 'NONE',  ( -2.755999999999999800, 3.860000000000000300, 18.94053300399999900 ) ) ;
#7737 = DIRECTION ( 'NONE',  ( -1.000000000000000000, -0.0000000000000000000, -0.0000000000000000000 ) ) ;
#7738 = CARTESIAN_POINT ( 'NONE',  ( -5.970000000000000600, -0.2370412780000000800, 8.800000000000000700 ) ) ;
#7739 = DIRECTION ( 'NONE',  ( -1.000000000000000000, -0.0000000000000000000, 0.0000000000000000000 ) ) ;
#7740 = CARTESIAN_POINT ( 'NONE',  ( -2.295999999999999800, 3.860000000000000300, 18.94053300399999900 ) ) ;
#7741 = DIRECTION ( 'NONE',  ( 0.0000000000000000000, -0.3746065934502642000, -0.9271838545529081900 ) ) ;
#7742 = CARTESIAN_POINT ( 'NONE',  ( -1.740000000000000200, 3.860000000000000300, 18.94053300399999900 ) ) ;
#7743 = DIRECTION ( 'NONE',  ( -1.000000000000000000, -0.0000000000000000000, -0.0000000000000000000 ) ) ;
#7744 = CARTESIAN_POINT ( 'NONE',  ( -5.970000000000000600, -0.2370412780000000800, 8.800000000000000700 ) ) ;
#7745 = DIRECTION ( 'NONE',  ( -1.000000000000000000, -0.0000000000000000000, 0.0000000000000000000 ) ) ;
#7746 = CARTESIAN_POINT ( 'NONE',  ( -1.280000000000000000, 3.860000000000000300, 18.94053300399999900 ) ) ;
#7747 = DIRECTION ( 'NONE',  ( 0.0000000000000000000, -0.3746065934502642000, -0.9271838545529081900 ) ) ;
#7748 = CARTESIAN_POINT ( 'NONE',  ( -0.7240000000000000900, 3.860000000000000300, 18.94053300399999900 ) ) ;
#7749 = DIRECTION ( 'NONE',  ( -1.000000000000000000, -0.0000000000000000000, -0.0000000000000000000 ) ) ;
#7750 = CARTESIAN_POINT ( 'NONE',  ( -5.970000000000000600, -0.2370412780000000800, 8.800000000000000700 ) ) ;
#7751 = DIRECTION ( 'NONE',  ( -1.000000000000000000, -0.0000000000000000000, 0.0000000000000000000 ) ) ;
#7752 = CARTESIAN_POINT ( 'NONE',  ( -0.2640000000000000100, 3.860000000000000300, 18.94053300399999900 ) ) ;
#7753 = DIRECTION ( 'NONE',  ( 0.0000000000000000000, -0.3746065934502642000, -0.9271838545529081900 ) ) ;
#7754 = CARTESIAN_POINT ( 'NONE',  ( 0.2920000000000000400, 3.860000000000000300, 18.94053300399999900 ) ) ;
#7755 = DIRECTION ( 'NONE',  ( -1.000000000000000000, -0.0000000000000000000, -0.0000000000000000000 ) ) ;
#7756 = CARTESIAN_POINT ( 'NONE',  ( -5.970000000000000600, -0.2370412780000000800, 8.800000000000000700 ) ) ;
#7757 = DIRECTION ( 'NONE',  ( -1.000000000000000000, -0.0000000000000000000, 0.0000000000000000000 ) ) ;
#7758 = CARTESIAN_POINT ( 'NONE',  ( 0.7520000000000002200, 3.860000000000000300, 18.94053300399999900 ) ) ;
#7759 = DIRECTION ( 'NONE',  ( 0.0000000000000000000, -0.3746065934502642000, -0.9271838545529081900 ) ) ;
#7760 = CARTESIAN_POINT ( 'NONE',  ( 1.308000000000000100, 3.860000000000000300, 18.94053300399999900 ) ) ;
#7761 = DIRECTION ( 'NONE',  ( -1.000000000000000000, -0.0000000000000000000, -0.0000000000000000000 ) ) ;
#7762 = CARTESIAN_POINT ( 'NONE',  ( -5.970000000000000600, -0.2370412780000000800, 8.800000000000000700 ) ) ;
#7763 = DIRECTION ( 'NONE',  ( -1.000000000000000000, -0.0000000000000000000, 0.0000000000000000000 ) ) ;
#7764 = CARTESIAN_POINT ( 'NONE',  ( 1.768000000000000200, 3.860000000000000300, 18.94053300399999900 ) ) ;
#7765 = DIRECTION ( 'NONE',  ( 0.0000000000000000000, -0.3746065934502642000, -0.9271838545529081900 ) ) ;
#7766 = CARTESIAN_POINT ( 'NONE',  ( 2.323999999999999800, 3.860000000000000300, 18.94053300399999900 ) ) ;
#7767 = DIRECTION ( 'NONE',  ( -1.000000000000000000, -0.0000000000000000000, -0.0000000000000000000 ) ) ;
#7768 = CARTESIAN_POINT ( 'NONE',  ( -5.970000000000000600, -0.2370412780000000800, 8.800000000000000700 ) ) ;
#7769 = DIRECTION ( 'NONE',  ( -1.000000000000000000, -0.0000000000000000000, 0.0000000000000000000 ) ) ;
#7770 = CARTESIAN_POINT ( 'NONE',  ( 2.784000000000000300, 3.860000000000000300, 18.94053300399999900 ) ) ;
#7771 = DIRECTION ( 'NONE',  ( 0.0000000000000000000, -0.3746065934502642000, -0.9271838545529081900 ) ) ;
#7772 = CARTESIAN_POINT ( 'NONE',  ( 3.340000000000000300, 3.860000000000000300, 18.94053300399999900 ) ) ;
#7773 = DIRECTION ( 'NONE',  ( -1.000000000000000000, -0.0000000000000000000, -0.0000000000000000000 ) ) ;
#7774 = CARTESIAN_POINT ( 'NONE',  ( -5.970000000000000600, -0.2370412780000000800, 8.800000000000000700 ) ) ;
#7775 = DIRECTION ( 'NONE',  ( -1.000000000000000000, -0.0000000000000000000, 0.0000000000000000000 ) ) ;
#7776 = CARTESIAN_POINT ( 'NONE',  ( 3.799999999999999800, 3.860000000000000300, 18.94053300399999900 ) ) ;
#7777 = DIRECTION ( 'NONE',  ( 0.0000000000000000000, -0.3746065934502642000, -0.9271838545529081900 ) ) ;
#7778 = CARTESIAN_POINT ( 'NONE',  ( -5.970000000000000600, -0.2450000000000000500, 20.50000000000000000 ) ) ;
#7779 = DIRECTION ( 'NONE',  ( 0.0000000000000000000, -1.000000000000000000, -0.0000000000000000000 ) ) ;
#7780 = CARTESIAN_POINT ( 'NONE',  ( -5.970000000000000600, 1.155000000000000000, 20.50000000000000000 ) ) ;
#7781 = DIRECTION ( 'NONE',  ( 0.1891453368402560800, 0.0000000000000000000, -0.9819491033406904100 ) ) ;
#7782 = CARTESIAN_POINT ( 'NONE',  ( -5.582480110999999700, 1.155000000000000000, 18.24633582000000200 ) ) ;
#7783 = DIRECTION ( 'NONE',  ( -0.1131048514346733000, 0.0000000000000000000, -0.9935830577168376400 ) ) ;
#7784 = CARTESIAN_POINT ( 'NONE',  ( -5.966304324000000200, 1.155000000000000000, 16.64285698200000100 ) ) ;
#7785 = DIRECTION ( 'NONE',  ( 0.1131048514346730000, 0.0000000000000000000, 0.9935830577168375300 ) ) ;
#7786 = CARTESIAN_POINT ( 'NONE',  ( 4.189044854753265500, -7.079515171078954300, 8.009999999999999800 ) ) ;
#7787 = CARTESIAN_POINT ( 'NONE',  ( -4.189044854999999700, -7.079515170999999700, 8.009999999999999800 ) ) ;
#7788 = DIRECTION ( 'NONE',  ( -0.0000000000000000000, -0.0000000000000000000, -1.000000000000000000 ) ) ;
#7789 = DIRECTION ( 'NONE',  ( -0.9524241471354599800, -0.3047757273033594400, 0.0000000000000000000 ) ) ;
#7790 = CARTESIAN_POINT ( 'NONE',  ( 6.093779763000000600, -6.470000000000000600, 8.009999999999999800 ) ) ;
#7791 = CARTESIAN_POINT ( 'NONE',  ( 4.400000000000000400, 7.562762815999999300, 17.50000000000000000 ) ) ;
#7792 = DIRECTION ( 'NONE',  ( -0.0000000000000000000, -0.0000000000000000000, -1.000000000000000000 ) ) ;
#7793 = DIRECTION ( 'NONE',  ( 0.9524241471354599800, 0.3047757273033594400, 0.0000000000000000000 ) ) ;
#7794 = CARTESIAN_POINT ( 'NONE',  ( -6.093779763000000600, -6.470000000000000600, 8.009999999999999800 ) ) ;
#7795 = EDGE_LOOP ( 'NONE', ( #10893, #10894, #10895, #383, #384 ) ) ;
#7796 = EDGE_LOOP ( 'NONE', ( #442, #443, #444, #445 ) ) ;
#7797 = EDGE_LOOP ( 'NONE', ( #438, #439, #440, #441 ) ) ;
#7798 = EDGE_LOOP ( 'NONE', ( #510, #511, #512, #513 ) ) ;
#7799 = EDGE_LOOP ( 'NONE', ( #446, #447, #448, #449 ) ) ;
#7800 = EDGE_LOOP ( 'NONE', ( #430, #431, #432, #433 ) ) ;
#7801 = EDGE_LOOP ( 'NONE', ( #414, #415, #416, #417 ) ) ;
#7802 = EDGE_LOOP ( 'NONE', ( #410, #411, #412, #413 ) ) ;
#7803 = EDGE_LOOP ( 'NONE', ( #398, #399, #400, #401 ) ) ;
#7804 = EDGE_LOOP ( 'NONE', ( #498, #499, #500, #501 ) ) ;
#7805 = EDGE_LOOP ( 'NONE', ( #462, #463, #464, #465, #466, #467, #468, #469, #470, #471 ) ) ;
#7806 = EDGE_LOOP ( 'NONE', ( #434, #435, #436, #437 ) ) ;
#7807 = EDGE_LOOP ( 'NONE', ( #472, #473, #474, #475, #476, #477 ) ) ;
#7808 = CLOSED_SHELL ( 'NONE', ( #9519, #9518, #9529, #9523, #9522, #9521, #9530, #9505, #9508, #9509, #9512, #9513, #9515, #9516, #9517, #9520, #9365, #9366, #9367, #9368, #9369, #9375, #9376, #9377, #9378, #9379, #9380, #9381, #9382, #9383, #9384, #9385, #9370, #9371, #9372, #9373, #9374, #9162, #9163, #9160, #9161, #9159, #9174, #9172, #9173, #9170, #9171, #9164, #9165, #9166, #9167, #9168, #9169, #9290, #9291, #9292, #9293, #9294, #9295, #9284, #9285, #9176, #9283, #9286, #9287, #9296, #9288, #9289, #9175, #9386, #9387, #9388, #9389, #9390, #9391, #9392, #9393, #9394, #9401, #9395, #9396, #9397, #9398, #9399, #9400, #9306, #9307, #9304, #9305, #9302, #9303, #9300, #9301, #9298, #9299, #9297, #9330, #9328, #9329, #9326, #9327, #9324, #9325, #9322, #9323, #9320, #9321, #9318, #9319, #9316, #9317, #9314, #9315, #9308, #9309, #9310, #9311, #9312, #9313, #9402, #9403, #9404, #9405, #9406, #9407, #9408, #9409, #9410, #9411, #9412, #9413, #9414, #9415, #9416, #9423, #9424, #9425, #9426, #9427, #9428, #9429, #9430, #9431, #9432, #9433, #9434, #9435, #9417, #9418, #9419, #9420, #9421, #9422, #9331, #9332, #9333, #9334, #9335, #9336, #9337, #9338, #9339, #9340, #9341, #9342, #9343, #9344, #9345, #9346, #9347, #9348, #9349, #9350, #9351, #9358, #9359, #9360, #9361, #9362, #9363, #9364, #9352, #9353, #9354, #9355, #9356, #9357, #9457, #9458, #9455, #9456, #9436, #9437, #9438, #9439, #9440, #9441, #9442, #9443, #9444, #9451, #9452, #9453, #9454, #9459, #9460, #9461, #9462, #9463, #9464, #9465, #9466, #9445, #9446, #9447, #9448, #9449, #9450, #9467, #9468, #9469, #9600, #9599, #9598, #9597, #9596, #9595, #9594, #9593, #9592, #9591, #9590, #9589, #9588, #9587, #9586, #9585, #9584, #9583, #9582, #9581, #9580, #9579, #9578, #9577, #9576, #9575, #9574, #9536, #9537, #9538, #9539, #9540, #9541, #9542, #9543, #9544, #9545, #9546, #9547, #9548, #9549, #9550, #9551, #9552, #9553, #9554, #9555, #9556, #9557, #9558, #9559, #9560, #9561, #9562, #9563, #9531, #9532, #9533, #9534, #9535, #9567, #9568, #9569, #9570, #9564, #9565, #9566, #9571, #9572, #9573, #9486, #9487, #9470, #9471, #9472, #9473, #9474, #9484, #9485, #9482, #9483, #9478, #9479, #9480, #9481, #9490, #9491, #9492, #9493, #9504, #9502, #9503, #9500, #9501, #9498, #9499, #9496, #9497, #9494, #9495, #9477, #9475, #9476, #9488, #9489, #9526, #9527, #9524, #9525, #9506, #9507, #9510, #9511, #9514, #9528 ) ) ;
#7809 = EDGE_LOOP ( 'NONE', ( #394, #395, #396, #397 ) ) ;
#7810 = EDGE_LOOP ( 'NONE', ( #426, #427, #428, #429 ) ) ;
#7811 = EDGE_LOOP ( 'NONE', ( #418, #419, #420, #421 ) ) ;
#7812 = EDGE_LOOP ( 'NONE', ( #514, #515, #516, #517 ) ) ;
#7813 = EDGE_LOOP ( 'NONE', ( #482, #483, #484, #485, #486, #487 ) ) ;
#7814 = EDGE_LOOP ( 'NONE', ( #478, #479, #480, #481 ) ) ;
#7815 = EDGE_LOOP ( 'NONE', ( #422, #423, #424, #425 ) ) ;
#7816 = EDGE_LOOP ( 'NONE', ( #458, #459, #460, #461 ) ) ;
#7817 = EDGE_LOOP ( 'NONE', ( #488, #489, #490, #491, #492, #493, #494, #495, #496, #497 ) ) ;
#7818 = CYLINDRICAL_SURFACE ( 'NONE', #5424, 1.500000000000000000 ) ;
#7819 = ORIENTED_EDGE ( 'NONE', *, *, #9662, .T. ) ;
#7820 = EDGE_LOOP ( 'NONE', ( #454, #455, #456, #457 ) ) ;
#7821 = EDGE_LOOP ( 'NONE', ( #450, #451, #452, #453 ) ) ;
#7822 = EDGE_LOOP ( 'NONE', ( #10889, #10890, #10891, #10892 ) ) ;
#7823 = EDGE_LOOP ( 'NONE', ( #402, #403, #404, #405 ) ) ;
#7824 = DIRECTION ( 'NONE',  ( -0.0000000000000000000, -0.0000000000000000000, -1.000000000000000000 ) ) ;
#7825 = CARTESIAN_POINT ( 'NONE',  ( -0.7240000000000000900, 3.860000000000000300, 18.94053300399999900 ) ) ;
#7826 = DIRECTION ( 'NONE',  ( 0.0000000000000000000, -0.3746065929078976600, -0.9271838547720384600 ) ) ;
#7827 = CARTESIAN_POINT ( 'NONE',  ( -0.7240000000000000900, 3.860000000000000300, 8.800000000000000700 ) ) ;
#7828 = CARTESIAN_POINT ( 'NONE',  ( 6.750000000000000000, 6.850000000000000500, 9.427479703999999600 ) ) ;
#7829 = DIRECTION ( 'NONE',  ( 0.0000000000000000000, 1.000000000000000000, -0.0000000000000000000 ) ) ;
#7830 = DIRECTION ( 'NONE',  ( 0.0000000000000000000, -0.3070539309694312900, 0.9516921159052542700 ) ) ;
#7831 = DIRECTION ( 'NONE',  ( 0.0000000000000000000, -0.0000000000000000000, 1.000000000000000000 ) ) ;
#7832 = CARTESIAN_POINT ( 'NONE',  ( 6.750000000000000000, 6.649999999999999500, 20.50000000000000000 ) ) ;
#7833 = CARTESIAN_POINT ( 'NONE',  ( 6.750000000000000000, 5.803797976999999400, 8.381277680999998500 ) ) ;
#7834 = DIRECTION ( 'NONE',  ( -1.000000000000000000, -0.0000000000000000000, -0.0000000000000000000 ) ) ;
#7835 = DIRECTION ( 'NONE',  ( -1.000000000000000000, -0.0000000000000000000, -0.0000000000000000000 ) ) ;
#7836 = CARTESIAN_POINT ( 'NONE',  ( 6.750000000000000000, 6.850000000000000500, 0.1999999999999987900 ) ) ;
#7837 = CARTESIAN_POINT ( 'NONE',  ( -6.250000000000000000, -6.669999999999999900, 19.87976754300000000 ) ) ;
#7838 = DIRECTION ( 'NONE',  ( -1.000000000000000000, 0.0000000000000000000, -0.0000000000000000000 ) ) ;
#7839 = CARTESIAN_POINT ( 'NONE',  ( 3.994000000000000200, -6.470000000000000600, 8.009999999999999800 ) ) ;
#7840 = DIRECTION ( 'NONE',  ( -0.9524241472109351600, -0.3047757270674993400, -0.0000000000000000000 ) ) ;
#7841 = CARTESIAN_POINT ( 'NONE',  ( 6.750000000000000000, -6.470000000000000600, 8.009999999999999800 ) ) ;
#7842 = DIRECTION ( 'NONE',  ( 0.9524241472109351600, 0.3047757270674993400, 0.0000000000000000000 ) ) ;
#7843 = CARTESIAN_POINT ( 'NONE',  ( 6.750000000000000000, -6.470000000000000600, 7.009999999999998900 ) ) ;
#7844 = DIRECTION ( 'NONE',  ( 1.000000000000000000, -0.0000000000000000000, 0.0000000000000000000 ) ) ;
#7845 = CARTESIAN_POINT ( 'NONE',  ( 6.750000000000000000, 5.803797976999999400, 2.622743794999999900 ) ) ;
#7846 = DIRECTION ( 'NONE',  ( -0.3047757258338278400, 0.9524241476057101500, 0.0000000000000000000 ) ) ;
#7847 = CARTESIAN_POINT ( 'NONE',  ( -6.250000000000000000, -6.669999999999999900, 19.87976754300000000 ) ) ;
#7848 = DIRECTION ( 'NONE',  ( 0.3047757258338278400, -0.9524241476057101500, 0.0000000000000000000 ) ) ;
#7849 = DIRECTION ( 'NONE',  ( 0.0000000000000000000, -0.0000000000000000000, -1.000000000000000000 ) ) ;
#7850 = CARTESIAN_POINT ( 'NONE',  ( 3.994000000000000200, -6.470000000000000600, 7.009999999999999800 ) ) ;
#7851 = CARTESIAN_POINT ( 'NONE',  ( 4.249999999969523000, -7.269999999904759300, 8.009999999999999800 ) ) ;
#7852 = DIRECTION ( 'NONE',  ( -0.0000000000000000000, -0.0000000000000000000, -1.000000000000000000 ) ) ;
#7853 = DIRECTION ( 'NONE',  ( -1.000000000000000000, -0.0000000000000000000, -0.0000000000000000000 ) ) ;
#7854 = CARTESIAN_POINT ( 'NONE',  ( 4.250000000000000000, -7.270000000000000500, 7.009999999999999800 ) ) ;
#7855 = CARTESIAN_POINT ( 'NONE',  ( -2.029999999999999800, -5.619999999999999200, 8.800000000000000700 ) ) ;
#7856 = DIRECTION ( 'NONE',  ( -1.000000000000000000, -0.0000000000000000000, -0.0000000000000000000 ) ) ;
#7857 = CARTESIAN_POINT ( 'NONE',  ( -5.970000000000000600, -2.949999999999999700, 8.800000000000000700 ) ) ;
#7858 = DIRECTION ( 'NONE',  ( 0.0000000000000000000, 1.000000000000000000, -0.0000000000000000000 ) ) ;
#7859 = CARTESIAN_POINT ( 'NONE',  ( 4.189044854999999700, -7.079515170999999700, 8.009999999999999800 ) ) ;
#7860 = DIRECTION ( 'NONE',  ( 1.000000000000000000, 0.0000000000000000000, -0.0000000000000000000 ) ) ;
#7861 = CARTESIAN_POINT ( 'NONE',  ( -5.970000000000000600, 1.155000000000000200, 8.800000000000000700 ) ) ;
#7862 = DIRECTION ( 'NONE',  ( 0.0000000000000000000, -1.000000000000000000, -0.0000000000000000000 ) ) ;
#7863 = DIRECTION ( 'NONE',  ( -1.000000000000000000, -0.0000000000000000000, -0.0000000000000000000 ) ) ;
#7864 = CARTESIAN_POINT ( 'NONE',  ( -5.970000000000000600, 3.860000000000000300, 8.800000000000000700 ) ) ;
#7865 = CARTESIAN_POINT ( 'NONE',  ( 5.970000000000000600, -2.949999999999999700, 8.800000000000000700 ) ) ;
#7866 = DIRECTION ( 'NONE',  ( -0.0000000000000000000, -0.0000000000000000000, -1.000000000000000000 ) ) ;
#7867 = CARTESIAN_POINT ( 'NONE',  ( -5.970000000000000600, -1.730000000000000200, 8.800000000000000700 ) ) ;
#7868 = DIRECTION ( 'NONE',  ( 1.000000000000000000, 0.0000000000000000000, -0.0000000000000000000 ) ) ;
#7869 = CARTESIAN_POINT ( 'NONE',  ( -5.970000000000000600, 3.860000000000000300, 8.800000000000000700 ) ) ;
#7870 = DIRECTION ( 'NONE',  ( -0.1891453365477584200, 0.0000000000000000000, 0.9819491033970320100 ) ) ;
#7871 = CARTESIAN_POINT ( 'NONE',  ( 5.970000000000000600, 3.860000000000000300, 8.800000000000000700 ) ) ;
#7872 = DIRECTION ( 'NONE',  ( -0.0000000000000000000, -1.000000000000000000, 0.0000000000000000000 ) ) ;
#7873 = DIRECTION ( 'NONE',  ( -0.0000000000000000000, -1.000000000000000000, 0.0000000000000000000 ) ) ;
#7874 = CARTESIAN_POINT ( 'NONE',  ( -5.970000000000000600, -1.730000000000000200, 8.800000000000000700 ) ) ;
#7875 = CARTESIAN_POINT ( 'NONE',  ( -3.120000000000000600, -2.949999999999999700, 20.50000000000000000 ) ) ;
#7876 = DIRECTION ( 'NONE',  ( 0.0000000000000000000, -0.0000000000000000000, -1.000000000000000000 ) ) ;
#7877 = CARTESIAN_POINT ( 'NONE',  ( -5.790503885999999800, 1.155000000000000000, 18.51075694100000000 ) ) ;
#7878 = DIRECTION ( 'NONE',  ( 0.0000000000000000000, -1.000000000000000000, -0.0000000000000000000 ) ) ;
#7879 = CARTESIAN_POINT ( 'NONE',  ( -5.970000000000000600, 3.860000000000000300, 19.44261204999999400 ) ) ;
#7880 = DIRECTION ( 'NONE',  ( -1.000000000000000000, -0.0000000000000000000, -0.0000000000000000000 ) ) ;
#7881 = DIRECTION ( 'NONE',  ( -0.0000000000000000000, -1.000000000000000000, -0.0000000000000000000 ) ) ;
#7882 = CARTESIAN_POINT ( 'NONE',  ( -3.120000000000000600, -2.949999999999999700, 8.800000000000000700 ) ) ;
#7883 = CARTESIAN_POINT ( 'NONE',  ( -5.970000000000000600, -1.730000000000000200, 11.47000000000000100 ) ) ;
#7884 = DIRECTION ( 'NONE',  ( 1.000000000000000000, 0.0000000000000000000, 0.0000000000000000000 ) ) ;
#7885 = DIRECTION ( 'NONE',  ( 0.0000000000000000000, -0.0000000000000000000, -1.000000000000000000 ) ) ;
#7886 = CARTESIAN_POINT ( 'NONE',  ( -3.120000000000000600, -2.949999999999999700, 8.800000000000000700 ) ) ;
#7887 = CARTESIAN_POINT ( 'NONE',  ( -3.884999999999999800, -1.730000000000000200, 11.47000000000000100 ) ) ;
#7888 = DIRECTION ( 'NONE',  ( -0.0000000000000000000, -0.0000000000000000000, -1.000000000000000000 ) ) ;
#7889 = CARTESIAN_POINT ( 'NONE',  ( -5.970000000000000600, -2.949999999999999700, 11.47000000000000100 ) ) ;
#7890 = DIRECTION ( 'NONE',  ( 0.0000000000000000000, -0.3746065929078976600, -0.9271838547720384600 ) ) ;
#7891 = CARTESIAN_POINT ( 'NONE',  ( -5.970000000000000600, -1.730000000000000200, 11.47000000000000100 ) ) ;
#7892 = DIRECTION ( 'NONE',  ( -0.0000000000000000000, -1.000000000000000000, 0.0000000000000000000 ) ) ;
#7893 = DIRECTION ( 'NONE',  ( 0.0000000000000000000, 0.3746065929078976600, 0.9271838547720384600 ) ) ;
#7894 = CARTESIAN_POINT ( 'NONE',  ( -0.7240000000000000900, 3.860000000000000300, 8.800000000000000700 ) ) ;
#7895 = CARTESIAN_POINT ( 'NONE',  ( -1.740000000000000200, 3.860000000000000300, 18.00621949700000000 ) ) ;
#7896 = AXIS2_PLACEMENT_3D ( 'NONE', #7459, #7468, #7469 ) ;
#7897 = AXIS2_PLACEMENT_3D ( 'NONE', #7463, #7472, #7473 ) ;
#7898 = AXIS2_PLACEMENT_3D ( 'NONE', #7467, #7476, #7477 ) ;
#7899 = AXIS2_PLACEMENT_3D ( 'NONE', #7471, #7480, #7481 ) ;
#7900 = AXIS2_PLACEMENT_3D ( 'NONE', #7475, #7484, #7485 ) ;
#7901 = AXIS2_PLACEMENT_3D ( 'NONE', #7479, #7488, #7489 ) ;
#7902 = AXIS2_PLACEMENT_3D ( 'NONE', #7483, #7492, #7493 ) ;
#7903 = AXIS2_PLACEMENT_3D ( 'NONE', #7487, #7496, #7497 ) ;
#7904 = AXIS2_PLACEMENT_3D ( 'NONE', #7491, #7500, #7501 ) ;
#7905 = AXIS2_PLACEMENT_3D ( 'NONE', #7495, #7504, #7505 ) ;
#7906 = AXIS2_PLACEMENT_3D ( 'NONE', #7499, #7508, #7509 ) ;
#7907 = AXIS2_PLACEMENT_3D ( 'NONE', #7503, #7512, #7513 ) ;
#7908 = AXIS2_PLACEMENT_3D ( 'NONE', #7507, #7516, #7517 ) ;
#7909 = AXIS2_PLACEMENT_3D ( 'NONE', #7511, #7520, #7521 ) ;
#7910 = AXIS2_PLACEMENT_3D ( 'NONE', #7523, #7515, #7525 ) ;
#7911 = AXIS2_PLACEMENT_3D ( 'NONE', #7522, #7528, #7529 ) ;
#7912 = AXIS2_PLACEMENT_3D ( 'NONE', #7519, #7532, #7533 ) ;
#7913 = AXIS2_PLACEMENT_3D ( 'NONE', #7527, #7536, #7537 ) ;
#7914 = AXIS2_PLACEMENT_3D ( 'NONE', #7531, #7540, #7541 ) ;
#7915 = AXIS2_PLACEMENT_3D ( 'NONE', #7547, #7546, #7539 ) ;
#7916 = AXIS2_PLACEMENT_3D ( 'NONE', #7535, #7544, #7545 ) ;
#7917 = AXIS2_PLACEMENT_3D ( 'NONE', #7550, #7548, #7543 ) ;
#7918 = AXIS2_PLACEMENT_3D ( 'NONE', #7549, #7554, #7555 ) ;
#7919 = AXIS2_PLACEMENT_3D ( 'NONE', #7552, #7558, #7559 ) ;
#7920 = AXIS2_PLACEMENT_3D ( 'NONE', #7553, #7562, #7563 ) ;
#7921 = AXIS2_PLACEMENT_3D ( 'NONE', #7557, #7566, #7567 ) ;
#7922 = AXIS2_PLACEMENT_3D ( 'NONE', #7561, #7570, #7571 ) ;
#7923 = AXIS2_PLACEMENT_3D ( 'NONE', #7565, #7574, #7575 ) ;
#7924 = AXIS2_PLACEMENT_3D ( 'NONE', #7569, #7578, #7579 ) ;
#7925 = AXIS2_PLACEMENT_3D ( 'NONE', #7573, #7582, #7583 ) ;
#7926 = AXIS2_PLACEMENT_3D ( 'NONE', #7577, #7586, #7587 ) ;
#7927 = AXIS2_PLACEMENT_3D ( 'NONE', #7581, #7590, #7591 ) ;
#7928 = AXIS2_PLACEMENT_3D ( 'NONE', #7585, #7594, #7595 ) ;
#7929 = AXIS2_PLACEMENT_3D ( 'NONE', #7589, #7598, #7599 ) ;
#7930 = AXIS2_PLACEMENT_3D ( 'NONE', #7593, #7602, #7603 ) ;
#7931 = AXIS2_PLACEMENT_3D ( 'NONE', #7614, #7615, #7616 ) ;
#7932 = AXIS2_PLACEMENT_3D ( 'NONE', #7597, #7605, #7606 ) ;
#7933 = AXIS2_PLACEMENT_3D ( 'NONE', #7623, #7624, #7625 ) ;
#7934 = AXIS2_PLACEMENT_3D ( 'NONE', #7637, #7638, #7639 ) ;
#7935 = AXIS2_PLACEMENT_3D ( 'NONE', #7698, #7699, #7700 ) ;
#7936 = AXIS2_PLACEMENT_3D ( 'NONE', #7729, #7730, #7731 ) ;
#7937 = AXIS2_PLACEMENT_3D ( 'NONE', #8006, #8007, #8008 ) ;
#7938 = AXIS2_PLACEMENT_3D ( 'NONE', #8011, #8012, #8013 ) ;
#7939 = AXIS2_PLACEMENT_3D ( 'NONE', #8016, #8017, #8018 ) ;
#7940 = AXIS2_PLACEMENT_3D ( 'NONE', #8022, #8023, #8024 ) ;
#7941 = AXIS2_PLACEMENT_3D ( 'NONE', #8026, #8027, #8028 ) ;
#7942 = AXIS2_PLACEMENT_3D ( 'NONE', #8032, #8033, #8034 ) ;
#7943 = AXIS2_PLACEMENT_3D ( 'NONE', #8036, #8037, #8038 ) ;
#7944 = AXIS2_PLACEMENT_3D ( 'NONE', #8042, #8043, #8044 ) ;
#7945 =( GEOMETRIC_REPRESENTATION_CONTEXT ( 3 ) GLOBAL_UNCERTAINTY_ASSIGNED_CONTEXT ( ( #9155 ) ) GLOBAL_UNIT_ASSIGNED_CONTEXT ( ( #8764, #8765, #8766 ) ) REPRESENTATION_CONTEXT ( 'NONE', 'WORKASPACE' ) );
#7946 = AXIS2_PLACEMENT_3D ( 'NONE', #8763, #8769, #8770 ) ;
#7947 = CC_DESIGN_PERSON_AND_ORGANIZATION_ASSIGNMENT ( #8669, #8772, ( #7134 ) ) ;
#7948 = PRODUCT_DEFINITION ( 'UNKNOWN', '', #7953, #9157 ) ;
#7949 = APPROVAL ( #8775, 'UNSPECIFIED' ) ;
#7950 = CC_DESIGN_APPROVAL ( #7949, ( #7948 ) ) ;
#7951 = CC_DESIGN_PERSON_AND_ORGANIZATION_ASSIGNMENT ( #8677, #8777, ( #7948 ) ) ;
#7952 = CC_DESIGN_DATE_AND_TIME_ASSIGNMENT ( #8681, #8778, ( #7948 ) ) ;
#7953 = PRODUCT_DEFINITION_FORMATION_WITH_SPECIFIED_SOURCE ( 'ANY', '', #7134, .NOT_KNOWN. ) ;
#7954 = APPROVAL ( #8779, 'UNSPECIFIED' ) ;
#7955 = CC_DESIGN_APPROVAL ( #7954, ( #7953 ) ) ;
#7956 = CC_DESIGN_PERSON_AND_ORGANIZATION_ASSIGNMENT ( #8689, #8781, ( #7953 ) ) ;
#7957 = CC_DESIGN_PERSON_AND_ORGANIZATION_ASSIGNMENT ( #8690, #8782, ( #7953 ) ) ;
#7958 = SECURITY_CLASSIFICATION ( '', '', #8783 ) ;
#7959 = CC_DESIGN_PERSON_AND_ORGANIZATION_ASSIGNMENT ( #8691, #8784, ( #7958 ) ) ;
#7960 = CC_DESIGN_DATE_AND_TIME_ASSIGNMENT ( #8695, #8785, ( #7958 ) ) ;
#7961 = APPROVAL ( #8786, 'UNSPECIFIED' ) ;
#7962 = CC_DESIGN_APPROVAL ( #7961, ( #7958 ) ) ;
#7963 = CC_DESIGN_SECURITY_CLASSIFICATION ( #7958, ( #7953 ) ) ;
#7964 = PRODUCT_RELATED_PRODUCT_CATEGORY ( 'detail', '', ( #7134 ) ) ;
#7965 = DIRECTION ( 'NONE',  ( 0.0000000000000000000, 0.0000000000000000000, 1.000000000000000000 ) ) ;
#7966 = DIRECTION ( 'NONE',  ( -0.9524241471354599800, 0.3047757273033594400, 0.0000000000000000000 ) ) ;
#7967 = CARTESIAN_POINT ( 'NONE',  ( -4.189044854753265500, -7.079515171078954300, 8.009999999999999800 ) ) ;
#7968 = DIRECTION ( 'NONE',  ( 0.0000000000000000000, 0.0000000000000000000, 1.000000000000000000 ) ) ;
#7969 = CARTESIAN_POINT ( 'NONE',  ( -6.093779763000000600, -6.470000000000000600, 7.009999999999999800 ) ) ;
#7970 = DIRECTION ( 'NONE',  ( 0.9524241471354599800, -0.3047757273033594400, 0.0000000000000000000 ) ) ;
#7971 = CARTESIAN_POINT ( 'NONE',  ( 4.400000000000000400, 7.750000000670239900, 17.57030104625165400 ) ) ;
#7972 = CARTESIAN_POINT ( 'NONE',  ( 2.399999999999999900, 7.750000000000000000, 17.57030104600000100 ) ) ;
#7973 = DIRECTION ( 'NONE',  ( -1.000000000000000000, -0.0000000000000000000, -0.0000000000000000000 ) ) ;
#7974 = DIRECTION ( 'NONE',  ( 0.0000000000000000000, 0.9361859183506272600, 0.3515052293807199900 ) ) ;
#7975 = CARTESIAN_POINT ( 'NONE',  ( 2.399999999999999900, 6.649999999999999500, 19.93101842600000500 ) ) ;
#7976 = DIRECTION ( 'NONE',  ( 1.000000000000000000, 0.0000000000000000000, -0.0000000000000000000 ) ) ;
#7977 = CARTESIAN_POINT ( 'NONE',  ( -2.399999999999999900, 6.649999999999999500, 20.50000000000000000 ) ) ;
#7978 = DIRECTION ( 'NONE',  ( 0.0000000000000000000, -0.9361859183506272600, -0.3515052293807199900 ) ) ;
#7979 = CARTESIAN_POINT ( 'NONE',  ( -2.399999999999999900, 6.649999999999999500, 19.93101842600000500 ) ) ;
#7980 = DIRECTION ( 'NONE',  ( -0.0000000000000000000, 0.3515052317917548600, -0.9361859174453676100 ) ) ;
#7981 = CARTESIAN_POINT ( 'NONE',  ( 2.399999999999999900, 6.649999999999999500, 17.15728932800000500 ) ) ;
#7982 = DIRECTION ( 'NONE',  ( -0.0000000000000000000, -0.0000000000000000000, 1.000000000000000000 ) ) ;
#7983 = CARTESIAN_POINT ( 'NONE',  ( 2.399999999999999900, 6.649999999999999500, 20.50000000000000000 ) ) ;
#7984 = DIRECTION ( 'NONE',  ( -0.0000000000000000000, -0.3515052317917548600, 0.9361859174453676100 ) ) ;
#7985 = CARTESIAN_POINT ( 'NONE',  ( 4.400000000000000400, 6.649999999999999500, 20.50000000000000000 ) ) ;
#7986 = DIRECTION ( 'NONE',  ( 0.0000000000000000000, 0.3515052317917548600, -0.9361859174453676100 ) ) ;
#7987 = CARTESIAN_POINT ( 'NONE',  ( 4.400000000000000400, 6.649999999999999500, 17.15728932800000500 ) ) ;
#7988 = DIRECTION ( 'NONE',  ( 0.0000000000000000000, 0.0000000000000000000, -1.000000000000000000 ) ) ;
#7989 = CARTESIAN_POINT ( 'NONE',  ( 4.400000000000000400, 6.649999999999999500, 19.93101842600000500 ) ) ;
#7990 = DIRECTION ( 'NONE',  ( 0.0000000000000000000, -0.3515052317917548600, 0.9361859174453676100 ) ) ;
#7991 = CARTESIAN_POINT ( 'NONE',  ( -2.399999999999999900, 7.750000000000000000, 17.57030104600000100 ) ) ;
#7992 = DIRECTION ( 'NONE',  ( 0.0000000000000000000, 0.0000000000000000000, -1.000000000000000000 ) ) ;
#7993 = DIRECTION ( 'NONE',  ( -0.0000000000000000000, -0.9361859174453676100, -0.3515052317917548600 ) ) ;
#7994 = DIRECTION ( 'NONE',  ( -0.0000000000000000000, 0.3515052317917548600, -0.9361859174453676100 ) ) ;
#7995 = CARTESIAN_POINT ( 'NONE',  ( -2.399999999999999900, 6.649999999999999500, 17.15728932800000500 ) ) ;
#7996 = CARTESIAN_POINT ( 'NONE',  ( -3.509999999999999800, -8.350000000000001400, 2.085000000000000000 ) ) ;
#7997 = DIRECTION ( 'NONE',  ( -0.0000000000000000000, -0.0000000000000000000, -1.000000000000000000 ) ) ;
#7998 = DIRECTION ( 'NONE',  ( -0.0000000000000000000, -0.3515052317917548600, 0.9361859174453676100 ) ) ;
#7999 = CARTESIAN_POINT ( 'NONE',  ( -4.400000000000000400, 7.562762816949462100, 17.50000000035649000 ) ) ;
#8000 = DIRECTION ( 'NONE',  ( 1.000000000000000000, 0.0000000000000000000, 0.0000000000000000000 ) ) ;
#8001 = CARTESIAN_POINT ( 'NONE',  ( -4.400000000000000400, 7.750000000000000000, 17.57030104600000100 ) ) ;
#8002 = DIRECTION ( 'NONE',  ( 0.0000000000000000000, -0.9361859183506272600, -0.3515052293807199900 ) ) ;
#8003 = CARTESIAN_POINT ( 'NONE',  ( -4.400000000000000400, 7.750000000670239900, 17.57030104625165400 ) ) ;
#8004 = DIRECTION ( 'NONE',  ( -1.000000000000000000, -0.0000000000000000000, 0.0000000000000000000 ) ) ;
#8005 = DIRECTION ( 'NONE',  ( 0.0000000000000000000, 0.0000000000000000000, -1.000000000000000000 ) ) ;
#8006 = CARTESIAN_POINT ( 'NONE',  ( -2.009999999999999800, -8.350000000000001400, 2.434999999999999600 ) ) ;
#8007 = DIRECTION ( 'NONE',  ( -0.0000000000000000000, -0.0000000000000000000, 1.000000000000000000 ) ) ;
#8008 = DIRECTION ( 'NONE',  ( -1.000000000000000000, 0.0000000000000000000, 0.0000000000000000000 ) ) ;
#8009 = CARTESIAN_POINT ( 'NONE',  ( -3.424999999930689500, -8.847770026975618800, 2.259999999999999300 ) ) ;
#8010 = DIRECTION ( 'NONE',  ( 0.0000000000000000000, -0.0000000000000000000, 1.000000000000000000 ) ) ;
#8011 = CARTESIAN_POINT ( 'NONE',  ( -2.009999999999999800, -8.350000000000001400, 2.085000000000000000 ) ) ;
#8012 = DIRECTION ( 'NONE',  ( 0.0000000000000000000, 0.0000000000000000000, -1.000000000000000000 ) ) ;
#8013 = DIRECTION ( 'NONE',  ( -1.000000000000000000, 0.0000000000000000000, 0.0000000000000000000 ) ) ;
#8014 = CARTESIAN_POINT ( 'NONE',  ( -4.299999999999999800, -8.350000000000001400, 4.624999999999999100 ) ) ;
#8015 = DIRECTION ( 'NONE',  ( -0.0000000000000000000, -0.0000000000000000000, -1.000000000000000000 ) ) ;
#8016 = CARTESIAN_POINT ( 'NONE',  ( -5.599999999999999600, -8.350000000000001400, 4.624999999999999100 ) ) ;
#8017 = DIRECTION ( 'NONE',  ( 0.0000000000000000000, -0.0000000000000000000, 1.000000000000000000 ) ) ;
#8018 = DIRECTION ( 'NONE',  ( 1.000000000000000000, 0.0000000000000000000, 0.0000000000000000000 ) ) ;
#8019 = CARTESIAN_POINT ( 'NONE',  ( -4.343333333293090300, -8.017150351077631900, 4.799999999999999800 ) ) ;
#8020 = CARTESIAN_POINT ( 'NONE',  ( -4.099999999999999600, -8.350000000000001400, 4.975000000000000500 ) ) ;
#8021 = DIRECTION ( 'NONE',  ( 0.0000000000000000000, -0.0000000000000000000, 1.000000000000000000 ) ) ;
#8022 = CARTESIAN_POINT ( 'NONE',  ( -5.599999999999999600, -8.350000000000001400, 4.975000000000000500 ) ) ;
#8023 = DIRECTION ( 'NONE',  ( -0.0000000000000000000, 0.0000000000000000000, -1.000000000000000000 ) ) ;
#8024 = DIRECTION ( 'NONE',  ( 1.000000000000000000, 6.672013369141565800E-015, 0.0000000000000000000 ) ) ;
#8025 = DIRECTION ( 'NONE',  ( 0.0000000000000000000, 0.0000000000000000000, -1.000000000000000000 ) ) ;
#8026 = CARTESIAN_POINT ( 'NONE',  ( -5.599999999999999600, -8.350000000000001400, 4.624999999999999100 ) ) ;
#8027 = DIRECTION ( 'NONE',  ( -0.0000000000000000000, 0.0000000000000000000, -1.000000000000000000 ) ) ;
#8028 = DIRECTION ( 'NONE',  ( 1.000000000000000000, 0.0000000000000000000, 0.0000000000000000000 ) ) ;
#8029 = CARTESIAN_POINT ( 'NONE',  ( -4.184999999930689700, -8.847770027024379800, 4.799999999999999800 ) ) ;
#8030 = CARTESIAN_POINT ( 'NONE',  ( -1.760000000000000200, -8.350000000000001400, 4.624999999999999100 ) ) ;
#8031 = DIRECTION ( 'NONE',  ( 0.0000000000000000000, -0.0000000000000000000, 1.000000000000000000 ) ) ;
#8032 = CARTESIAN_POINT ( 'NONE',  ( -5.599999999999999600, -8.350000000000001400, 4.975000000000000500 ) ) ;
#8033 = DIRECTION ( 'NONE',  ( 0.0000000000000000000, -0.0000000000000000000, 1.000000000000000000 ) ) ;
#8034 = DIRECTION ( 'NONE',  ( 1.000000000000000000, 0.0000000000000000000, 0.0000000000000000000 ) ) ;
#8035 = DIRECTION ( 'NONE',  ( -0.0000000000000000000, -0.0000000000000000000, -1.000000000000000000 ) ) ;
#8036 = CARTESIAN_POINT ( 'NONE',  ( -3.060000000000000100, -8.350000000000001400, 4.624999999999999100 ) ) ;
#8037 = DIRECTION ( 'NONE',  ( 0.0000000000000000000, -0.0000000000000000000, 1.000000000000000000 ) ) ;
#8038 = DIRECTION ( 'NONE',  ( 1.000000000000000000, 0.0000000000000000000, 0.0000000000000000000 ) ) ;
#8039 = CARTESIAN_POINT ( 'NONE',  ( -1.803333333293091200, -8.017150351077631900, 4.799999999999999800 ) ) ;
#8040 = CARTESIAN_POINT ( 'NONE',  ( -0.3750000000693093900, -7.852229973024382300, 2.434999999999999600 ) ) ;
#8041 = CARTESIAN_POINT ( 'NONE',  ( -0.5333333333140917200, -8.017150350955713400, 2.434999999999999600 ) ) ;
#8042 = CARTESIAN_POINT ( 'NONE',  ( -3.060000000000000100, -8.350000000000001400, 4.975000000000000500 ) ) ;
#8043 = DIRECTION ( 'NONE',  ( -0.0000000000000000000, 0.0000000000000000000, -1.000000000000000000 ) ) ;
#8044 = DIRECTION ( 'NONE',  ( 1.000000000000000000, 6.672013369141565800E-015, 0.0000000000000000000 ) ) ;
#8045 = CARTESIAN_POINT ( 'NONE',  ( -0.3749999999306907700, -8.847770027024381500, 2.434999999999999600 ) ) ;
#8046 = CARTESIAN_POINT ( 'NONE',  ( -0.5333333333035408200, -8.017150350952920900, 2.085000000000000000 ) ) ;
#8047 = CARTESIAN_POINT ( 'NONE',  ( -0.3749999999999998900, -8.847770027000001000, 2.085000000000000000 ) ) ;
#8048 = CARTESIAN_POINT ( 'NONE',  ( -0.4600000000000001300, -9.345540054000002400, 2.085000000000000000 ) ) ;
#8049 = CARTESIAN_POINT ( 'NONE',  ( -0.4600000000000001900, -9.436160337000000500, 2.085000000000000000 ) ) ;
#8050 = CARTESIAN_POINT ( 'NONE',  ( -0.5300000000483936500, -9.649999999984158800, 2.085000000000000000 ) ) ;
#8051 = CARTESIAN_POINT ( 'NONE',  ( -0.7299999999999998700, -9.650000000000000400, 2.085000000000000000 ) ) ;
#8052 = CARTESIAN_POINT ( 'NONE',  ( -0.4600000000000001300, -9.345540054000002400, 2.434999999999999600 ) ) ;
#8053 = CARTESIAN_POINT ( 'NONE',  ( -0.8000000000483940000, -9.436160337015842000, 2.085000000000000000 ) ) ;
#8054 = CARTESIAN_POINT ( 'NONE',  ( -0.4599999999999999600, -9.436160336999998700, 2.434999999999999600 ) ) ;
#8055 = CARTESIAN_POINT ( 'NONE',  ( -0.8000000000483942200, -9.436160337015842000, 2.434999999999999600 ) ) ;
#8056 = CARTESIAN_POINT ( 'NONE',  ( 2.079999999999999600, -9.345540054000002400, 2.434999999999999600 ) ) ;
#8057 = CARTESIAN_POINT ( 'NONE',  ( 1.739999999951606500, -9.436160337015842000, 2.085000000000000000 ) ) ;
#8058 = CARTESIAN_POINT ( 'NONE',  ( 2.079999999999999600, -9.436160336999998700, 2.434999999999999600 ) ) ;
#8059 = CARTESIAN_POINT ( 'NONE',  ( 1.739999999951606500, -9.436160337015842000, 2.434999999999999600 ) ) ;
#8060 = CARTESIAN_POINT ( 'NONE',  ( 1.740000000000000200, -9.345540054000002400, 2.434999999999999600 ) ) ;
#8061 = CARTESIAN_POINT ( 'NONE',  ( 2.009999999951606100, -9.649999999984158800, 2.434999999999999600 ) ) ;
#8062 = CARTESIAN_POINT ( 'NONE',  ( 1.655000000000000200, -7.852229973000000900, 2.085000000000000000 ) ) ;
#8063 = CARTESIAN_POINT ( 'NONE',  ( 1.810000000000000700, -9.650000000000000400, 2.434999999999999600 ) ) ;
#8064 = CARTESIAN_POINT ( 'NONE',  ( 1.740000000000000200, -9.345540054000002400, 2.085000000000000000 ) ) ;
#8065 = CARTESIAN_POINT ( 'NONE',  ( 1.654999999930690800, -7.852229972975618600, 2.434999999999999600 ) ) ;
#8066 = CARTESIAN_POINT ( 'NONE',  ( 1.740000000000000200, -7.354459945999998600, 2.434999999999999600 ) ) ;
#8067 = CARTESIAN_POINT ( 'NONE',  ( -0.7266666666859091800, -8.682849649044285900, 2.085000000000000000 ) ) ;
#8068 = CARTESIAN_POINT ( 'NONE',  ( -0.4599999999999999600, -7.354459945999998600, 2.434999999999999600 ) ) ;
#8069 = CARTESIAN_POINT ( 'NONE',  ( 1.740000000000000200, -7.354459945999998600, 2.085000000000000000 ) ) ;
#8070 = CARTESIAN_POINT ( 'NONE',  ( -0.5333333333140916100, -8.682849649044285900, 2.085000000000000000 ) ) ;
#8071 = CARTESIAN_POINT ( 'NONE',  ( -0.7266666666753588400, -8.682849649041489900, 2.434999999999999600 ) ) ;
#8072 = CARTESIAN_POINT ( 'NONE',  ( 2.080000000000000100, -7.354459945999998600, 2.434999999999999600 ) ) ;
#8073 = CARTESIAN_POINT ( 'NONE',  ( -5.997721494000001200, -6.850000000000000500, 4.434385983000000300 ) ) ;
#8074 = CARTESIAN_POINT ( 'NONE',  ( 2.006666666685909200, -8.682849649044284100, 2.085000000000000000 ) ) ;
#8075 = CARTESIAN_POINT ( 'NONE',  ( 1.813333333324641500, -8.682849649041489900, 2.434999999999999600 ) ) ;
#8076 = CARTESIAN_POINT ( 'NONE',  ( 2.080000000000000100, -7.354459945999998600, 2.085000000000000000 ) ) ;
#8077 = CARTESIAN_POINT ( 'NONE',  ( 2.165000000000000000, -7.852229973000000900, 2.085000000000000000 ) ) ;
#8078 = CARTESIAN_POINT ( 'NONE',  ( 2.006666666696459000, -8.682849649047080100, 2.434999999999999600 ) ) ;
#8079 = CARTESIAN_POINT ( 'NONE',  ( 2.165000000000000900, -8.847770027000001000, 2.085000000000000000 ) ) ;
#8080 = CARTESIAN_POINT ( 'NONE',  ( 2.006666666696459000, -8.017150350952920900, 2.085000000000000000 ) ) ;
#8081 = CARTESIAN_POINT ( 'NONE',  ( 2.079999999999999600, -9.345540054000002400, 2.085000000000000000 ) ) ;
#8082 = CARTESIAN_POINT ( 'NONE',  ( 2.006666666685909200, -8.017150350955715200, 2.434999999999999600 ) ) ;
#8083 = CARTESIAN_POINT ( 'NONE',  ( 2.079999999999999600, -9.436160337000000500, 2.085000000000000000 ) ) ;
#8084 = CARTESIAN_POINT ( 'NONE',  ( 2.164999999930691000, -7.852229973024382300, 2.434999999999999600 ) ) ;
#8085 = CARTESIAN_POINT ( 'NONE',  ( 2.009999999951606500, -9.649999999984158800, 2.085000000000000000 ) ) ;
#8086 = CARTESIAN_POINT ( 'NONE',  ( 2.165000000069310400, -8.847770027024381500, 2.434999999999999600 ) ) ;
#8087 = CARTESIAN_POINT ( 'NONE',  ( 1.810000000000000100, -9.650000000000000400, 2.085000000000000000 ) ) ;
#8088 = CARTESIAN_POINT ( 'NONE',  ( -6.550000000000000700, -6.470000000000001500, 5.128708030999999500 ) ) ;
#8089 = CARTESIAN_POINT ( 'NONE',  ( 5.997721494000001200, -6.470000000000000600, 4.434385983000000300 ) ) ;
#8090 = CARTESIAN_POINT ( 'NONE',  ( -4.900000000000000400, -8.450000000000001100, 11.93893424105919200 ) ) ;
#8091 = CARTESIAN_POINT ( 'NONE',  ( -4.900000000000000400, -8.450000000000001100, 14.66106575894081000 ) ) ;
#8092 = CARTESIAN_POINT ( 'NONE',  ( -3.899999999999999900, -9.650000000000000400, 11.93893424105919200 ) ) ;
#8093 = CARTESIAN_POINT ( 'NONE',  ( -6.550000000000000700, -6.470000000000001500, 0.2000000000000001500 ) ) ;
#8094 = CARTESIAN_POINT ( 'NONE',  ( 3.899999999999999900, -9.650000000000000400, 11.93893424105919200 ) ) ;
#8095 = CARTESIAN_POINT ( 'NONE',  ( -3.899999999999999900, -9.650000000000000400, 14.66106575894081000 ) ) ;
#8096 = CARTESIAN_POINT ( 'NONE',  ( 4.900000000000000400, -8.450000000000001100, 11.93893424105919200 ) ) ;
#8097 = CARTESIAN_POINT ( 'NONE',  ( 3.899999999999999900, -9.650000000000000400, 14.66106575894081000 ) ) ;
#8098 = CARTESIAN_POINT ( 'NONE',  ( -5.997721494000001200, -6.850000000000000500, 0.5883734839999998900 ) ) ;
#8099 = CARTESIAN_POINT ( 'NONE',  ( 4.900000000000000400, -8.450000000000001100, 14.66106575894081000 ) ) ;
#8100 = CARTESIAN_POINT ( 'NONE',  ( -6.250000000000000000, -6.470000000000000600, 17.30000000000000100 ) ) ;
#8101 = CARTESIAN_POINT ( 'NONE',  ( -5.584726862999999300, -6.850000000000000500, 0.5883734839999998900 ) ) ;
#8102 = CARTESIAN_POINT ( 'NONE',  ( -5.584726862999999300, -6.850000000000000500, 4.434385983000000300 ) ) ;
#8103 = CARTESIAN_POINT ( 'NONE',  ( 1.813333333314091100, -8.682849649044285900, 2.085000000000000000 ) ) ;
#8104 = CARTESIAN_POINT ( 'NONE',  ( -4.609999999999999400, -6.470000000000000600, 4.975000000000000500 ) ) ;
#8105 = CARTESIAN_POINT ( 'NONE',  ( 2.000000000000000000, -6.470000000000000600, 16.00000000000000000 ) ) ;
#8106 = CARTESIAN_POINT ( 'NONE',  ( 3.009999999999999800, -6.470000000000000600, 4.975000000000000500 ) ) ;
#8107 = CARTESIAN_POINT ( 'NONE',  ( 3.009999999999999800, -6.470000000000000600, 4.624999999999999100 ) ) ;
#8108 = CARTESIAN_POINT ( 'NONE',  ( 3.349999999999999600, -6.470000000000000600, 4.975000000000000500 ) ) ;
#8109 = CARTESIAN_POINT ( 'NONE',  ( 2.000000000000000000, -6.470000000000000600, 16.50000000000000000 ) ) ;
#8110 = CARTESIAN_POINT ( 'NONE',  ( -2.000000000000000000, -6.470000000000000600, 16.50000000000000000 ) ) ;
#8111 = CARTESIAN_POINT ( 'NONE',  ( -2.000000000000000000, -6.470000000000000600, 16.00000000000000000 ) ) ;
#8112 = CARTESIAN_POINT ( 'NONE',  ( 5.997721494000001200, -6.470000000000000600, 0.5883734839999997800 ) ) ;
#8113 = CARTESIAN_POINT ( 'NONE',  ( 5.584726862999999300, -6.470000000000000600, 0.5883734839999997800 ) ) ;
#8114 = CARTESIAN_POINT ( 'NONE',  ( -6.750000000000000000, -6.470000000000001500, 5.128708031000000400 ) ) ;
#8115 = CARTESIAN_POINT ( 'NONE',  ( 6.750000000000000000, -6.470000000000001500, 5.128708031000000400 ) ) ;
#8116 = CARTESIAN_POINT ( 'NONE',  ( 6.250000000000000000, -6.470000000000000600, 17.30000000000000100 ) ) ;
#8117 = CARTESIAN_POINT ( 'NONE',  ( 6.550000000000000700, -6.470000000000001500, 5.128708030999999500 ) ) ;
#8118 = CARTESIAN_POINT ( 'NONE',  ( 5.584726862999999300, -6.470000000000000600, 4.434385983000000300 ) ) ;
#8119 = CARTESIAN_POINT ( 'NONE',  ( 6.550000000000000700, -6.470000000000001500, 0.2000000000000001500 ) ) ;
#8120 = CARTESIAN_POINT ( 'NONE',  ( -0.8000000000000002700, -6.470000000000000600, 2.085000000000000000 ) ) ;
#8121 = CARTESIAN_POINT ( 'NONE',  ( 1.740000000000000200, -6.470000000000000600, 2.085000000000000000 ) ) ;
#8122 = CARTESIAN_POINT ( 'NONE',  ( -3.340000000000000300, -6.470000000000000600, 2.434999999999999600 ) ) ;
#8123 = CARTESIAN_POINT ( 'NONE',  ( -4.270000000000000500, -6.470000000000000600, 4.624999999999999100 ) ) ;
#8124 = CARTESIAN_POINT ( 'NONE',  ( -3.340000000000000300, -6.470000000000000600, 2.085000000000000000 ) ) ;
#8125 = CARTESIAN_POINT ( 'NONE',  ( -4.609999999999999400, -6.470000000000000600, 4.624999999999999100 ) ) ;
#8126 = CARTESIAN_POINT ( 'NONE',  ( -4.270000000000000500, -6.470000000000000600, 4.975000000000000500 ) ) ;
#8127 = CARTESIAN_POINT ( 'NONE',  ( -2.069999999999999800, -6.470000000000000600, 4.624999999999999100 ) ) ;
#8128 = CARTESIAN_POINT ( 'NONE',  ( -1.730000000000000000, -6.470000000000000600, 4.624999999999999100 ) ) ;
#8129 = CARTESIAN_POINT ( 'NONE',  ( -2.069999999999999800, -6.470000000000000600, 4.975000000000000500 ) ) ;
#8130 = CARTESIAN_POINT ( 'NONE',  ( -1.729999999999999800, -6.470000000000000600, 4.975000000000000500 ) ) ;
#8131 = CARTESIAN_POINT ( 'NONE',  ( 0.4699999999999999700, -6.470000000000000600, 4.624999999999999100 ) ) ;
#8132 = CARTESIAN_POINT ( 'NONE',  ( 0.8099999999999999400, -6.470000000000000600, 4.624999999999999100 ) ) ;
#8133 = CARTESIAN_POINT ( 'NONE',  ( 0.4699999999999999200, -6.470000000000000600, 4.975000000000000500 ) ) ;
#8134 = CARTESIAN_POINT ( 'NONE',  ( 0.8099999999999999400, -6.470000000000000600, 4.975000000000000500 ) ) ;
#8135 = CARTESIAN_POINT ( 'NONE',  ( 3.350000000000000100, -6.470000000000000600, 4.624999999999999100 ) ) ;
#8136 = CARTESIAN_POINT ( 'NONE',  ( 3.899999999999999900, -6.470000000000000600, 11.93893424105919200 ) ) ;
#8137 = CARTESIAN_POINT ( 'NONE',  ( 4.900000000000000400, -6.470000000000000600, 11.93893424105919200 ) ) ;
#8138 = CARTESIAN_POINT ( 'NONE',  ( 4.900000000000000400, -6.470000000000000600, 14.66106575894081000 ) ) ;
#8139 = CARTESIAN_POINT ( 'NONE',  ( -5.584726862999999300, -6.470000000000000600, 0.5883734839999998900 ) ) ;
#8140 = CARTESIAN_POINT ( 'NONE',  ( -5.997721494000001200, -6.470000000000000600, 0.5883734839999998900 ) ) ;
#8141 = CARTESIAN_POINT ( 'NONE',  ( 2.080000000000000100, -6.470000000000000600, 2.434999999999999600 ) ) ;
#8142 = CARTESIAN_POINT ( 'NONE',  ( -5.584726862999999300, -6.470000000000000600, 4.434385983000000300 ) ) ;
#8143 = CARTESIAN_POINT ( 'NONE',  ( -5.997721494000001200, -6.470000000000000600, 4.434385983000000300 ) ) ;
#8144 = CARTESIAN_POINT ( 'NONE',  ( 1.740000000000000200, -6.470000000000000600, 2.434999999999999600 ) ) ;
#8145 = CARTESIAN_POINT ( 'NONE',  ( -0.4600000000000000200, -6.470000000000000600, 2.434999999999999600 ) ) ;
#8146 = CARTESIAN_POINT ( 'NONE',  ( 2.080000000000000100, -6.470000000000000600, 2.085000000000000000 ) ) ;
#8147 = CARTESIAN_POINT ( 'NONE',  ( 4.619999999999999200, -7.354459945999998600, 2.085000000000000000 ) ) ;
#8148 = CARTESIAN_POINT ( 'NONE',  ( -0.8000000000000003800, -6.470000000000000600, 2.434999999999999600 ) ) ;
#8149 = CARTESIAN_POINT ( 'NONE',  ( -3.000000000000000000, -6.470000000000000600, 2.434999999999999600 ) ) ;
#8150 = CARTESIAN_POINT ( 'NONE',  ( -0.4600000000000001900, -6.470000000000000600, 2.085000000000000000 ) ) ;
#8151 = CARTESIAN_POINT ( 'NONE',  ( -3.000000000000000000, -6.470000000000000600, 2.085000000000000000 ) ) ;
#8152 = CARTESIAN_POINT ( 'NONE',  ( 4.549999999975802300, -9.650000000000000400, 2.434999999999999600 ) ) ;
#8153 = CARTESIAN_POINT ( 'NONE',  ( 4.705000000069308200, -7.852229972975618600, 2.085000000000000000 ) ) ;
#8154 = CARTESIAN_POINT ( 'NONE',  ( 4.619999999999999200, -9.436160337000000500, 2.434999999999999600 ) ) ;
#8155 = CARTESIAN_POINT ( 'NONE',  ( 4.704999999999999200, -7.852229973000000900, 2.434999999999999600 ) ) ;
#8156 = CARTESIAN_POINT ( 'NONE',  ( 4.619999999999999200, -9.345540054000002400, 2.434999999999999600 ) ) ;
#8157 = CARTESIAN_POINT ( 'NONE',  ( 4.704999999999999200, -8.847770027000001000, 2.434999999999999600 ) ) ;
#8158 = CARTESIAN_POINT ( 'NONE',  ( 4.280000000000000200, -6.470000000000000600, 2.085000000000000000 ) ) ;
#8159 = CARTESIAN_POINT ( 'NONE',  ( 4.280000000000000200, -6.470000000000000600, 2.434999999999999600 ) ) ;
#8160 = CARTESIAN_POINT ( 'NONE',  ( 4.619999999999999200, -7.354459945999998600, 2.434999999999999600 ) ) ;
#8161 = CARTESIAN_POINT ( 'NONE',  ( -4.900000000000000400, -6.470000000000000600, 11.93893424105919200 ) ) ;
#8162 = CARTESIAN_POINT ( 'NONE',  ( 4.619999999999999200, -6.470000000000000600, 2.085000000000000000 ) ) ;
#8163 = CARTESIAN_POINT ( 'NONE',  ( -3.899999999999999900, -6.470000000000000600, 11.93893424105919200 ) ) ;
#8164 = CARTESIAN_POINT ( 'NONE',  ( 4.619999999999999200, -6.470000000000000600, 2.434999999999999600 ) ) ;
#8165 = CARTESIAN_POINT ( 'NONE',  ( -3.899999999999999900, -6.470000000000000600, 14.66106575894081000 ) ) ;
#8166 = CARTESIAN_POINT ( 'NONE',  ( -4.900000000000000400, -6.470000000000000600, 14.66106575894081000 ) ) ;
#8167 = CARTESIAN_POINT ( 'NONE',  ( 3.899999999999999900, -6.470000000000000600, 14.66106575894081000 ) ) ;
#8168 = CARTESIAN_POINT ( 'NONE',  ( 4.546666666685908400, -8.017150350955715200, 2.434999999999999600 ) ) ;
#8169 = CARTESIAN_POINT ( 'NONE',  ( 4.195000000000001200, -7.852229973000000900, 2.434999999999999600 ) ) ;
#8170 = CARTESIAN_POINT ( 'NONE',  ( 4.280000000000000200, -7.354459945999998600, 2.434999999999999600 ) ) ;
#8171 = CARTESIAN_POINT ( 'NONE',  ( 4.280000000000001100, -9.345540054000002400, 2.085000000000000000 ) ) ;
#8172 = CARTESIAN_POINT ( 'NONE',  ( 4.353333333314091100, -8.682849649044285900, 2.434999999999999600 ) ) ;
#8173 = CARTESIAN_POINT ( 'NONE',  ( 4.280000000000001100, -9.436160337000002200, 2.085000000000000000 ) ) ;
#8174 = CARTESIAN_POINT ( 'NONE',  ( 4.280000000000000200, -7.354459945999998600, 2.085000000000000000 ) ) ;
#8175 = CARTESIAN_POINT ( 'NONE',  ( 4.349999999999999600, -9.650000000000000400, 2.085000000000000000 ) ) ;
#8176 = CARTESIAN_POINT ( 'NONE',  ( 4.195000000069310200, -7.852229973024382300, 2.085000000000000000 ) ) ;
#8177 = CARTESIAN_POINT ( 'NONE',  ( 4.549999999999998900, -9.650000000000000400, 2.085000000000000000 ) ) ;
#8178 = CARTESIAN_POINT ( 'NONE',  ( 4.280000000000001100, -9.345540054000002400, 2.434999999999999600 ) ) ;
#8179 = CARTESIAN_POINT ( 'NONE',  ( 4.619999999999999200, -9.436160337000000500, 2.085000000000000000 ) ) ;
#8180 = CARTESIAN_POINT ( 'NONE',  ( 4.280000000000000200, -9.436160337000000500, 2.434999999999999600 ) ) ;
#8181 = CARTESIAN_POINT ( 'NONE',  ( 4.619999999999999200, -9.345540054000002400, 2.085000000000000000 ) ) ;
#8182 = CARTESIAN_POINT ( 'NONE',  ( 4.349999999999999600, -9.650000000000000400, 2.434999999999999600 ) ) ;
#8183 = CARTESIAN_POINT ( 'NONE',  ( 4.704999999930690200, -8.847770026975617000, 2.085000000000000000 ) ) ;
#8184 = CARTESIAN_POINT ( 'NONE',  ( 4.546666666685908400, -8.017150350955715200, 2.085000000000000000 ) ) ;
#8185 = CARTESIAN_POINT ( 'NONE',  ( 4.353333333314091100, -8.682849649044285900, 2.085000000000000000 ) ) ;
#8186 = CARTESIAN_POINT ( 'NONE',  ( 4.546666666675358600, -8.682849649041489900, 2.085000000000000000 ) ) ;
#8187 = CARTESIAN_POINT ( 'NONE',  ( 4.546666666685909200, -8.682849649044285900, 2.434999999999999600 ) ) ;
#8188 = CARTESIAN_POINT ( 'NONE',  ( 4.110000000000000300, -8.350000000000001400, 2.085000000000000000 ) ) ;
#8189 = CARTESIAN_POINT ( 'NONE',  ( 4.353333333324641800, -8.017150350958509400, 2.434999999999999600 ) ) ;
#8190 = CARTESIAN_POINT ( 'NONE',  ( 4.194999999930689500, -8.847770027024381500, 2.085000000000000000 ) ) ;
#8191 = CARTESIAN_POINT ( 'NONE',  ( -3.771999999999999800, 0.1404458833506796200, 8.799999999454289700 ) ) ;
#8192 = CARTESIAN_POINT ( 'NONE',  ( 5.767587712245633800, -0.2450000000000000500, 16.62023601191412700 ) ) ;
#8193 = CARTESIAN_POINT ( 'NONE',  ( 4.353333333314091100, -8.017150350955716900, 2.085000000000000000 ) ) ;
#8194 = CARTESIAN_POINT ( 'NONE',  ( 4.309999999999999600, -8.350000000000001400, 2.085000000000000000 ) ) ;
#8195 = CARTESIAN_POINT ( 'NONE',  ( 4.195000000000000300, -8.847770027000001000, 2.434999999999999600 ) ) ;
#8196 = CARTESIAN_POINT ( 'NONE',  ( 4.309999999999999600, -8.350000000000001400, 2.434999999999999600 ) ) ;
#8197 = CARTESIAN_POINT ( 'NONE',  ( 4.110000000000000300, -8.350000000000001400, 2.434999999999999600 ) ) ;
#8198 = CARTESIAN_POINT ( 'NONE',  ( 1.813333333303540900, -8.017150350952920900, 2.434999999999999600 ) ) ;
#8199 = CARTESIAN_POINT ( 'NONE',  ( 1.570000000000000100, -8.350000000000001400, 2.434999999999999600 ) ) ;
#8200 = CARTESIAN_POINT ( 'NONE',  ( 1.813333333314091500, -8.017150350955716900, 2.085000000000000000 ) ) ;
#8201 = CARTESIAN_POINT ( 'NONE',  ( 1.770000000000000200, -8.350000000000001400, 2.085000000000000000 ) ) ;
#8202 = CARTESIAN_POINT ( 'NONE',  ( 1.655000000069309300, -8.847770026975617000, 2.434999999999999600 ) ) ;
#8203 = CARTESIAN_POINT ( 'NONE',  ( -0.7700000000000000200, -8.350000000000001400, 2.434999999999999600 ) ) ;
#8204 = CARTESIAN_POINT ( 'NONE',  ( 1.654999999999999800, -8.847770027000001000, 2.085000000000000000 ) ) ;
#8205 = CARTESIAN_POINT ( 'NONE',  ( 1.570000000000000100, -8.350000000000001400, 2.085000000000000000 ) ) ;
#8206 = CARTESIAN_POINT ( 'NONE',  ( -0.7266666666964596300, -8.017150350952920900, 2.434999999999999600 ) ) ;
#8207 = CARTESIAN_POINT ( 'NONE',  ( -0.9699999999999999700, -8.350000000000001400, 2.434999999999999600 ) ) ;
#8208 = CARTESIAN_POINT ( 'NONE',  ( -0.7266666666859089600, -8.017150350955716900, 2.085000000000000000 ) ) ;
#8209 = CARTESIAN_POINT ( 'NONE',  ( -0.7700000000000000200, -8.350000000000001400, 2.085000000000000000 ) ) ;
#8210 = CARTESIAN_POINT ( 'NONE',  ( -0.8849999999306905600, -8.847770026975617000, 2.434999999999999600 ) ) ;
#8211 = CARTESIAN_POINT ( 'NONE',  ( -3.309999999999999600, -8.350000000000001400, 2.434999999999999600 ) ) ;
#8212 = CARTESIAN_POINT ( 'NONE',  ( -0.8850000000000001200, -8.847770027000001000, 2.085000000000000000 ) ) ;
#8213 = CARTESIAN_POINT ( 'NONE',  ( -0.9699999999999999700, -8.350000000000001400, 2.085000000000000000 ) ) ;
#8214 = CARTESIAN_POINT ( 'NONE',  ( -3.266666666685909000, -8.017150350955716900, 2.434999999999999600 ) ) ;
#8215 = CARTESIAN_POINT ( 'NONE',  ( -3.509999999999999800, -8.350000000000001400, 2.434999999999999600 ) ) ;
#8216 = CARTESIAN_POINT ( 'NONE',  ( -3.266666666675357900, -8.017150350958509400, 2.085000000000000000 ) ) ;
#8217 = CARTESIAN_POINT ( 'NONE',  ( -3.309999999999999600, -8.350000000000001400, 2.085000000000000000 ) ) ;
#8218 = CARTESIAN_POINT ( 'NONE',  ( -3.424999999930689500, -8.847770026975618800, 2.434999999999999600 ) ) ;
#8219 = CARTESIAN_POINT ( 'NONE',  ( -4.299999999999999800, -8.350000000000001400, 4.624999999999999100 ) ) ;
#8220 = CARTESIAN_POINT ( 'NONE',  ( -3.424999999999999400, -8.847770027000001000, 2.085000000000000000 ) ) ;
#8221 = CARTESIAN_POINT ( 'NONE',  ( -3.509999999999999800, -8.350000000000001400, 2.085000000000000000 ) ) ;
#8222 = CARTESIAN_POINT ( 'NONE',  ( -4.343333333314091300, -8.017150350955716900, 4.624999999999999100 ) ) ;
#8223 = CARTESIAN_POINT ( 'NONE',  ( -4.099999999999999600, -8.350000000000001400, 4.624999999999999100 ) ) ;
#8224 = CARTESIAN_POINT ( 'NONE',  ( -4.343333333324642000, -8.017150350958509400, 4.975000000000000500 ) ) ;
#8225 = CARTESIAN_POINT ( 'NONE',  ( -4.299999999999999800, -8.350000000000001400, 4.975000000000000500 ) ) ;
#8226 = CARTESIAN_POINT ( 'NONE',  ( -4.184999999999999600, -8.847770027000001000, 4.624999999999999100 ) ) ;
#8227 = CARTESIAN_POINT ( 'NONE',  ( -1.760000000000000200, -8.350000000000001400, 4.624999999999999100 ) ) ;
#8228 = CARTESIAN_POINT ( 'NONE',  ( -4.184999999930690600, -8.847770027024381500, 4.975000000000000500 ) ) ;
#8229 = CARTESIAN_POINT ( 'NONE',  ( -4.099999999999999600, -8.350000000000001400, 4.975000000000000500 ) ) ;
#8230 = CARTESIAN_POINT ( 'NONE',  ( -1.803333333314091500, -8.017150350955716900, 4.624999999999999100 ) ) ;
#8231 = CARTESIAN_POINT ( 'NONE',  ( -1.560000000000000300, -8.350000000000001400, 4.624999999999999100 ) ) ;
#8232 = CARTESIAN_POINT ( 'NONE',  ( 0.7800000000000001400, -8.350000000000001400, 4.975000000000000500 ) ) ;
#8233 = CARTESIAN_POINT ( 'NONE',  ( 3.435000000069309900, -8.847770027024381500, 4.975000000000000500 ) ) ;
#8234 = CARTESIAN_POINT ( 'NONE',  ( 0.7366666666859088600, -8.017150350955716900, 4.624999999999999100 ) ) ;
#8235 = CARTESIAN_POINT ( 'NONE',  ( -1.560000000000000300, -8.350000000000001400, 4.975000000000000500 ) ) ;
#8236 = CARTESIAN_POINT ( 'NONE',  ( -1.644999999930690100, -8.847770027024381500, 4.975000000000000500 ) ) ;
#8237 = CARTESIAN_POINT ( 'NONE',  ( 0.7800000000000001400, -8.350000000000001400, 4.624999999999999100 ) ) ;
#8238 = CARTESIAN_POINT ( 'NONE',  ( -1.644999999999999800, -8.847770027000001000, 4.624999999999999100 ) ) ;
#8239 = CARTESIAN_POINT ( 'NONE',  ( -1.760000000000000200, -8.350000000000001400, 4.975000000000000500 ) ) ;
#8240 = CARTESIAN_POINT ( 'NONE',  ( 5.582480110993604000, -0.2450000000617484600, 18.24633582005619200 ) ) ;
#8241 = CARTESIAN_POINT ( 'NONE',  ( 0.9799999999999999800, -8.350000000000001400, 4.624999999999999100 ) ) ;
#8242 = CARTESIAN_POINT ( 'NONE',  ( 3.520000000000000000, -8.350000000000001400, 4.624999999999999100 ) ) ;
#8243 = CARTESIAN_POINT ( 'NONE',  ( 3.520000000000000000, -8.350000000000001400, 4.975000000000000500 ) ) ;
#8244 = CARTESIAN_POINT ( 'NONE',  ( 0.8950000000693099100, -8.847770027024383300, 4.975000000000000500 ) ) ;
#8245 = CARTESIAN_POINT ( 'NONE',  ( 3.319999999999999800, -8.350000000000001400, 4.624999999999999100 ) ) ;
#8246 = CARTESIAN_POINT ( 'NONE',  ( 5.966304323743611500, 1.155000000000000500, 16.64285698201471700 ) ) ;
#8247 = CARTESIAN_POINT ( 'NONE',  ( 3.276666666685908800, -8.017150350955716900, 4.624999999999999100 ) ) ;
#8248 = CARTESIAN_POINT ( 'NONE',  ( 3.319999999999999800, -8.350000000000001400, 4.975000000000000500 ) ) ;
#8249 = CARTESIAN_POINT ( 'NONE',  ( 1.770000000000000200, -8.350000000000001400, 2.434999999999999600 ) ) ;
#8250 = CARTESIAN_POINT ( 'NONE',  ( 0.7366666666753581800, -8.017150350958509400, 4.975000000000000500 ) ) ;
#8251 = CARTESIAN_POINT ( 'NONE',  ( 3.435000000000000500, -8.847770027000001000, 4.624999999999999100 ) ) ;
#8252 = CARTESIAN_POINT ( 'NONE',  ( 3.276666666675358100, -8.017150350958509400, 4.975000000000000500 ) ) ;
#8253 = CARTESIAN_POINT ( 'NONE',  ( 5.966304323497089600, -0.2450000000000000500, 16.64285698194275700 ) ) ;
#8254 = CARTESIAN_POINT ( 'NONE',  ( 0.8950000000000000200, -8.847770027000001000, 4.624999999999999100 ) ) ;
#8255 = CARTESIAN_POINT ( 'NONE',  ( -1.803333333324642000, -8.017150350958509400, 4.975000000000000500 ) ) ;
#8256 = CARTESIAN_POINT ( 'NONE',  ( -0.7300000000000002000, -9.650000000000000400, 2.434999999999999600 ) ) ;
#8257 = CARTESIAN_POINT ( 'NONE',  ( -0.4599999999999999600, -7.354459945999998600, 2.085000000000000000 ) ) ;
#8258 = CARTESIAN_POINT ( 'NONE',  ( -0.3750000000000004400, -7.852229973000000900, 2.085000000000000000 ) ) ;
#8259 = CARTESIAN_POINT ( 'NONE',  ( -0.8850000000693094600, -7.852229972975618600, 2.434999999999999600 ) ) ;
#8260 = CARTESIAN_POINT ( 'NONE',  ( -2.915000000000000000, -8.847770027000001000, 2.085000000000000000 ) ) ;
#8261 = CARTESIAN_POINT ( 'NONE',  ( 0.9799999999999999800, -8.350000000000001400, 4.975000000000000500 ) ) ;
#8262 = CARTESIAN_POINT ( 'NONE',  ( -2.915000000000000000, -7.852229973000000900, 2.085000000000000000 ) ) ;
#8263 = CARTESIAN_POINT ( 'NONE',  ( -3.266666666685909000, -8.682849649044285900, 2.085000000000000000 ) ) ;
#8264 = CARTESIAN_POINT ( 'NONE',  ( -3.073333333314091800, -8.017150350955715200, 2.085000000000000000 ) ) ;
#8265 = CARTESIAN_POINT ( 'NONE',  ( -3.000000000000000000, -7.354459945999998600, 2.434999999999999600 ) ) ;
#8266 = CARTESIAN_POINT ( 'NONE',  ( -0.5333333333035409400, -8.682849649047081900, 2.434999999999999600 ) ) ;
#8267 = CARTESIAN_POINT ( 'NONE',  ( -3.073333333314091800, -8.682849649044285900, 2.085000000000000000 ) ) ;
#8268 = CARTESIAN_POINT ( 'NONE',  ( -3.266666666675358300, -8.682849649041489900, 2.434999999999999600 ) ) ;
#8269 = CARTESIAN_POINT ( 'NONE',  ( -3.000000000000000000, -7.354459945999998600, 2.085000000000000000 ) ) ;
#8270 = CARTESIAN_POINT ( 'NONE',  ( -0.7999999999999999300, -7.354459945999998600, 2.085000000000000000 ) ) ;
#8271 = CARTESIAN_POINT ( 'NONE',  ( -0.8000000000000001600, -9.345540054000002400, 2.085000000000000000 ) ) ;
#8272 = CARTESIAN_POINT ( 'NONE',  ( -0.8000000000000001600, -7.354459945999998600, 2.434999999999999600 ) ) ;
#8273 = CARTESIAN_POINT ( 'NONE',  ( -0.8850000000000000100, -7.852229973000000900, 2.085000000000000000 ) ) ;
#8274 = CARTESIAN_POINT ( 'NONE',  ( -0.5300000000483939800, -9.649999999984158800, 2.434999999999999600 ) ) ;
#8275 = CARTESIAN_POINT ( 'NONE',  ( -0.8000000000000001600, -9.345540054000002400, 2.434999999999999600 ) ) ;
#8276 = CARTESIAN_POINT ( 'NONE',  ( -3.340000000000000300, -7.354459945999998600, 2.085000000000000000 ) ) ;
#8277 = CARTESIAN_POINT ( 'NONE',  ( -3.424999999999999400, -7.852229973000000900, 2.085000000000000000 ) ) ;
#8278 = CARTESIAN_POINT ( 'NONE',  ( -3.070000000048394000, -9.649999999984158800, 2.434999999999999600 ) ) ;
#8279 = CARTESIAN_POINT ( 'NONE',  ( -3.340000000000000300, -9.345540054000002400, 2.434999999999999600 ) ) ;
#8280 = CARTESIAN_POINT ( 'NONE',  ( -3.340000000048394000, -9.436160337015842000, 2.434999999999999600 ) ) ;
#8281 = CARTESIAN_POINT ( 'NONE',  ( -2.999999999999999600, -9.436160336999998700, 2.434999999999999600 ) ) ;
#8282 = CARTESIAN_POINT ( 'NONE',  ( -3.340000000048394000, -9.436160337015842000, 2.085000000000000000 ) ) ;
#8283 = CARTESIAN_POINT ( 'NONE',  ( -3.000000000000000000, -9.345540054000002400, 2.434999999999999600 ) ) ;
#8284 = CARTESIAN_POINT ( 'NONE',  ( -3.270000000000000000, -9.650000000000000400, 2.085000000000000000 ) ) ;
#8285 = CARTESIAN_POINT ( 'NONE',  ( -2.914999999930691000, -8.847770027024383300, 2.434999999999999600 ) ) ;
#8286 = CARTESIAN_POINT ( 'NONE',  ( -3.070000000048394000, -9.649999999984158800, 2.085000000000000000 ) ) ;
#8287 = CARTESIAN_POINT ( 'NONE',  ( -2.915000000069308600, -7.852229973024382300, 2.434999999999999600 ) ) ;
#8288 = CARTESIAN_POINT ( 'NONE',  ( -3.000000000000000400, -9.436160337000000500, 2.085000000000000000 ) ) ;
#8289 = CARTESIAN_POINT ( 'NONE',  ( -3.073333333324643300, -8.017150350958509400, 2.434999999999999600 ) ) ;
#8290 = CARTESIAN_POINT ( 'NONE',  ( -3.000000000000000000, -9.345540054000002400, 2.085000000000000000 ) ) ;
#8291 = CARTESIAN_POINT ( 'NONE',  ( -3.073333333303541100, -8.682849649047080100, 2.434999999999999600 ) ) ;
#8292 = CARTESIAN_POINT ( 'NONE',  ( -4.339999999999999900, -9.650000000000000400, 4.975000000000000500 ) ) ;
#8293 = CARTESIAN_POINT ( 'NONE',  ( -3.340000000000000300, -7.354459945999998600, 2.434999999999999600 ) ) ;
#8294 = CARTESIAN_POINT ( 'NONE',  ( -4.269999999999999600, -9.436160336999998700, 4.975000000000000500 ) ) ;
#8295 = CARTESIAN_POINT ( 'NONE',  ( -4.536666666675358800, -8.682849649041491700, 4.975000000000000500 ) ) ;
#8296 = CARTESIAN_POINT ( 'NONE',  ( -4.269999999999999600, -9.345540054000002400, 4.975000000000000500 ) ) ;
#8297 = CARTESIAN_POINT ( 'NONE',  ( -4.536666666675357900, -8.017150350958509400, 4.624999999999999100 ) ) ;
#8298 = CARTESIAN_POINT ( 'NONE',  ( -4.184999999999999600, -7.852229973000000900, 4.624999999999999100 ) ) ;
#8299 = CARTESIAN_POINT ( 'NONE',  ( -4.536666666685909500, -8.682849649044285900, 4.624999999999999100 ) ) ;
#8300 = CARTESIAN_POINT ( 'NONE',  ( -4.536666666685908600, -8.017150350955716900, 4.975000000000000500 ) ) ;
#8301 = CARTESIAN_POINT ( 'NONE',  ( -4.343333333314091300, -8.682849649044285900, 4.624999999999999100 ) ) ;
#8302 = CARTESIAN_POINT ( 'NONE',  ( -4.343333333303540700, -8.682849649047081900, 4.975000000000000500 ) ) ;
#8303 = CARTESIAN_POINT ( 'NONE',  ( -3.340000000000000300, -9.345540054000002400, 2.085000000000000000 ) ) ;
#8304 = CARTESIAN_POINT ( 'NONE',  ( -4.270000000000000500, -7.354459945999998600, 4.624999999999999100 ) ) ;
#8305 = CARTESIAN_POINT ( 'NONE',  ( -4.270000000000000500, -7.354459945999998600, 4.975000000000000500 ) ) ;
#8306 = CARTESIAN_POINT ( 'NONE',  ( -3.425000000069308800, -7.852229972975618600, 2.434999999999999600 ) ) ;
#8307 = CARTESIAN_POINT ( 'NONE',  ( -3.270000000000000000, -9.650000000000000400, 2.434999999999999600 ) ) ;
#8308 = CARTESIAN_POINT ( 'NONE',  ( -1.803333333303540800, -8.682849649047080100, 4.975000000000000500 ) ) ;
#8309 = CARTESIAN_POINT ( 'NONE',  ( -4.695000000000000300, -8.847770027000001000, 4.624999999999999100 ) ) ;
#8310 = CARTESIAN_POINT ( 'NONE',  ( -4.695000000000000300, -7.852229973000000900, 4.624999999999999100 ) ) ;
#8311 = CARTESIAN_POINT ( 'NONE',  ( -4.695000000069310200, -7.852229972975618600, 4.975000000000000500 ) ) ;
#8312 = CARTESIAN_POINT ( 'NONE',  ( -4.610000000048393600, -9.436160337015842000, 4.624999999999999100 ) ) ;
#8313 = CARTESIAN_POINT ( 'NONE',  ( -4.609999999999999400, -7.354459945999998600, 4.975000000000000500 ) ) ;
#8314 = CARTESIAN_POINT ( 'NONE',  ( -4.694999999930690400, -8.847770026975617000, 4.975000000000000500 ) ) ;
#8315 = CARTESIAN_POINT ( 'NONE',  ( -4.609999999999999400, -9.345540054000002400, 4.624999999999999100 ) ) ;
#8316 = CARTESIAN_POINT ( 'NONE',  ( -4.540000000000000000, -9.650000000000000400, 4.624999999999999100 ) ) ;
#8317 = CARTESIAN_POINT ( 'NONE',  ( -4.339999999999999900, -9.650000000000000400, 4.624999999999999100 ) ) ;
#8318 = CARTESIAN_POINT ( 'NONE',  ( -4.609999999999999400, -9.345540054000002400, 4.975000000000000500 ) ) ;
#8319 = CARTESIAN_POINT ( 'NONE',  ( -4.270000000000000500, -9.436160337000000500, 4.624999999999999100 ) ) ;
#8320 = CARTESIAN_POINT ( 'NONE',  ( -4.610000000048393600, -9.436160337015842000, 4.975000000000000500 ) ) ;
#8321 = CARTESIAN_POINT ( 'NONE',  ( -4.269999999999999600, -9.345540054000002400, 4.624999999999999100 ) ) ;
#8322 = CARTESIAN_POINT ( 'NONE',  ( -4.539999999999999100, -9.650000000000000400, 4.975000000000000500 ) ) ;
#8323 = CARTESIAN_POINT ( 'NONE',  ( -4.185000000069308600, -7.852229973024382300, 4.975000000000000500 ) ) ;
#8324 = CARTESIAN_POINT ( 'NONE',  ( -1.803333333314091300, -8.682849649044285900, 4.624999999999999100 ) ) ;
#8325 = CARTESIAN_POINT ( 'NONE',  ( -4.609999999999999400, -7.354459945999998600, 4.624999999999999100 ) ) ;
#8326 = CARTESIAN_POINT ( 'NONE',  ( -1.996666666685909000, -8.017150350955716900, 4.975000000000000500 ) ) ;
#8327 = CARTESIAN_POINT ( 'NONE',  ( -1.996666666675358300, -8.682849649041489900, 4.975000000000000500 ) ) ;
#8328 = CARTESIAN_POINT ( 'NONE',  ( -1.996666666675358300, -8.017150350958509400, 4.624999999999999100 ) ) ;
#8329 = CARTESIAN_POINT ( 'NONE',  ( -1.645000000000000200, -7.852229973000000900, 4.624999999999999100 ) ) ;
#8330 = CARTESIAN_POINT ( 'NONE',  ( -1.730000000000000000, -7.354459945999998600, 4.975000000000000500 ) ) ;
#8331 = CARTESIAN_POINT ( 'NONE',  ( -1.730000000000000000, -7.354459945999998600, 4.624999999999999100 ) ) ;
#8332 = CARTESIAN_POINT ( 'NONE',  ( -1.730000000000000000, -9.345540054000002400, 4.975000000000000500 ) ) ;
#8333 = CARTESIAN_POINT ( 'NONE',  ( -1.996666666685909000, -8.682849649044285900, 4.624999999999999100 ) ) ;
#8334 = CARTESIAN_POINT ( 'NONE',  ( -1.730000000000000000, -9.436160337000002200, 4.975000000000000500 ) ) ;
#8335 = CARTESIAN_POINT ( 'NONE',  ( -1.800000000000000500, -9.650000000000000400, 4.975000000000000500 ) ) ;
#8336 = CARTESIAN_POINT ( 'NONE',  ( -1.645000000069309200, -7.852229973024382300, 4.975000000000000500 ) ) ;
#8337 = CARTESIAN_POINT ( 'NONE',  ( -1.999999999999999600, -9.650000000000000400, 4.975000000000000500 ) ) ;
#8338 = CARTESIAN_POINT ( 'NONE',  ( -1.730000000000000000, -9.345540054000002400, 4.624999999999999100 ) ) ;
#8339 = CARTESIAN_POINT ( 'NONE',  ( -2.070000000048394000, -9.436160337015842000, 4.975000000000000500 ) ) ;
#8340 = CARTESIAN_POINT ( 'NONE',  ( -1.730000000000000000, -9.436160337000000500, 4.624999999999999100 ) ) ;
#8341 = CARTESIAN_POINT ( 'NONE',  ( -2.069999999999999800, -9.345540054000002400, 4.975000000000000500 ) ) ;
#8342 = CARTESIAN_POINT ( 'NONE',  ( -1.800000000000000500, -9.650000000000000400, 4.624999999999999100 ) ) ;
#8343 = CARTESIAN_POINT ( 'NONE',  ( -2.000000000000000000, -9.650000000000000400, 4.624999999999999100 ) ) ;
#8344 = CARTESIAN_POINT ( 'NONE',  ( -2.069999999999999800, -9.345540054000002400, 4.624999999999999100 ) ) ;
#8345 = CARTESIAN_POINT ( 'NONE',  ( -2.154999999930690800, -8.847770026975617000, 4.975000000000000500 ) ) ;
#8346 = CARTESIAN_POINT ( 'NONE',  ( -2.069999999999999800, -7.354459945999998600, 4.975000000000000500 ) ) ;
#8347 = CARTESIAN_POINT ( 'NONE',  ( -2.070000000048394000, -9.436160337015842000, 4.624999999999999100 ) ) ;
#8348 = CARTESIAN_POINT ( 'NONE',  ( -2.155000000069308800, -7.852229972975618600, 4.975000000000000500 ) ) ;
#8349 = CARTESIAN_POINT ( 'NONE',  ( -2.154999999999999800, -7.852229973000001800, 4.624999999999999100 ) ) ;
#8350 = CARTESIAN_POINT ( 'NONE',  ( -2.155000000000000200, -8.847770027000001000, 4.624999999999999100 ) ) ;
#8351 = CARTESIAN_POINT ( 'NONE',  ( 0.7366666666964594200, -8.682849649047080100, 4.975000000000000500 ) ) ;
#8352 = CARTESIAN_POINT ( 'NONE',  ( 0.7366666666859090800, -8.682849649044285900, 4.624999999999999100 ) ) ;
#8353 = CARTESIAN_POINT ( 'NONE',  ( -2.069999999999999800, -7.354459945999998600, 4.624999999999999100 ) ) ;
#8354 = CARTESIAN_POINT ( 'NONE',  ( 0.5433333333140912800, -8.017150350955716900, 4.975000000000000500 ) ) ;
#8355 = CARTESIAN_POINT ( 'NONE',  ( 0.5433333333246412900, -8.682849649041489900, 4.975000000000000500 ) ) ;
#8356 = CARTESIAN_POINT ( 'NONE',  ( 0.5433333333246417300, -8.017150350958509400, 4.624999999999999100 ) ) ;
#8357 = CARTESIAN_POINT ( 'NONE',  ( 0.8950000000000000200, -7.852229973000000900, 4.624999999999999100 ) ) ;
#8358 = CARTESIAN_POINT ( 'NONE',  ( 0.8099999999999999400, -7.354459945999998600, 4.624999999999999100 ) ) ;
#8359 = CARTESIAN_POINT ( 'NONE',  ( 0.8099999999999999400, -9.345540054000002400, 4.975000000000000500 ) ) ;
#8360 = CARTESIAN_POINT ( 'NONE',  ( 0.5433333333140910600, -8.682849649044285900, 4.624999999999999100 ) ) ;
#8361 = CARTESIAN_POINT ( 'NONE',  ( 0.8100000000000002800, -9.436160336999998700, 4.975000000000000500 ) ) ;
#8362 = CARTESIAN_POINT ( 'NONE',  ( 0.8099999999999999400, -7.354459945999998600, 4.975000000000000500 ) ) ;
#8363 = CARTESIAN_POINT ( 'NONE',  ( 0.7400000000000002100, -9.650000000000000400, 4.975000000000000500 ) ) ;
#8364 = CARTESIAN_POINT ( 'NONE',  ( 0.8949999999306904600, -7.852229973024382300, 4.975000000000000500 ) ) ;
#8365 = CARTESIAN_POINT ( 'NONE',  ( 0.5400000000000001500, -9.650000000000000400, 4.975000000000000500 ) ) ;
#8366 = CARTESIAN_POINT ( 'NONE',  ( 0.8099999999999999400, -9.345540054000002400, 4.624999999999999100 ) ) ;
#8367 = CARTESIAN_POINT ( 'NONE',  ( 0.4699999999516060700, -9.436160337015842000, 4.975000000000000500 ) ) ;
#8368 = CARTESIAN_POINT ( 'NONE',  ( 0.8099999999999999400, -9.436160337000000500, 4.624999999999999100 ) ) ;
#8369 = CARTESIAN_POINT ( 'NONE',  ( 0.4699999999999999200, -9.345540054000002400, 4.975000000000000500 ) ) ;
#8370 = CARTESIAN_POINT ( 'NONE',  ( 0.7400000000000005500, -9.650000000000000400, 4.624999999999999100 ) ) ;
#8371 = CARTESIAN_POINT ( 'NONE',  ( 0.5399999999999998100, -9.650000000000000400, 4.624999999999999100 ) ) ;
#8372 = CARTESIAN_POINT ( 'NONE',  ( 0.4699999999999999200, -9.345540054000002400, 4.624999999999999100 ) ) ;
#8373 = CARTESIAN_POINT ( 'NONE',  ( 0.3850000000693090700, -8.847770026975617000, 4.975000000000000500 ) ) ;
#8374 = CARTESIAN_POINT ( 'NONE',  ( 0.4699999999999999200, -7.354459945999998600, 4.975000000000000500 ) ) ;
#8375 = CARTESIAN_POINT ( 'NONE',  ( 0.3849999999306908900, -7.852229972975618600, 4.975000000000000500 ) ) ;
#8376 = CARTESIAN_POINT ( 'NONE',  ( 0.4699999999999999700, -7.354459945999998600, 4.624999999999999100 ) ) ;
#8377 = CARTESIAN_POINT ( 'NONE',  ( 0.3849999999999997300, -8.847770027000001000, 4.624999999999999100 ) ) ;
#8378 = CARTESIAN_POINT ( 'NONE',  ( 0.4699999999516059600, -9.436160337015842000, 4.624999999999999100 ) ) ;
#8379 = CARTESIAN_POINT ( 'NONE',  ( 3.276666666685909200, -8.682849649044285900, 4.624999999999999100 ) ) ;
#8380 = CARTESIAN_POINT ( 'NONE',  ( 3.083333333314091500, -8.682849649044285900, 4.975000000000000500 ) ) ;
#8381 = CARTESIAN_POINT ( 'NONE',  ( 3.083333333303540900, -8.017150350952920900, 4.975000000000000500 ) ) ;
#8382 = CARTESIAN_POINT ( 'NONE',  ( 3.276666666696459900, -8.682849649047080100, 4.975000000000000500 ) ) ;
#8383 = CARTESIAN_POINT ( 'NONE',  ( 0.3850000000000000100, -7.852229973000001800, 4.624999999999999100 ) ) ;
#8384 = CARTESIAN_POINT ( 'NONE',  ( 3.083333333314091500, -8.017150350955715200, 4.624999999999999100 ) ) ;
#8385 = CARTESIAN_POINT ( 'NONE',  ( 3.435000000000000500, -7.852229972999999100, 4.624999999999999100 ) ) ;
#8386 = CARTESIAN_POINT ( 'NONE',  ( 3.349999999999999600, -7.354459945999998600, 4.624999999999999100 ) ) ;
#8387 = CARTESIAN_POINT ( 'NONE',  ( 3.349999999999999600, -9.345540054000002400, 4.975000000000000500 ) ) ;
#8388 = CARTESIAN_POINT ( 'NONE',  ( 3.083333333303540900, -8.682849649047080100, 4.624999999999999100 ) ) ;
#8389 = CARTESIAN_POINT ( 'NONE',  ( 3.350000000000000100, -9.436160337000000500, 4.975000000000000500 ) ) ;
#8390 = CARTESIAN_POINT ( 'NONE',  ( 3.349999999999999600, -7.354459945999998600, 4.975000000000000500 ) ) ;
#8391 = CARTESIAN_POINT ( 'NONE',  ( 3.280000000000000200, -9.650000000000000400, 4.975000000000000500 ) ) ;
#8392 = CARTESIAN_POINT ( 'NONE',  ( 3.434999999930691500, -7.852229973024382300, 4.975000000000000500 ) ) ;
#8393 = CARTESIAN_POINT ( 'NONE',  ( 3.080000000000000500, -9.650000000000000400, 4.975000000000000500 ) ) ;
#8394 = CARTESIAN_POINT ( 'NONE',  ( 3.349999999999999600, -9.345540054000002400, 4.624999999999999100 ) ) ;
#8395 = CARTESIAN_POINT ( 'NONE',  ( 3.009999999951605600, -9.436160337015842000, 4.975000000000000500 ) ) ;
#8396 = CARTESIAN_POINT ( 'NONE',  ( 3.350000000000000100, -9.436160337000000500, 4.624999999999999100 ) ) ;
#8397 = CARTESIAN_POINT ( 'NONE',  ( 3.009999999999999800, -9.345540054000002400, 4.975000000000000500 ) ) ;
#8398 = CARTESIAN_POINT ( 'NONE',  ( 3.280000000000001600, -9.650000000000000400, 4.624999999999999100 ) ) ;
#8399 = CARTESIAN_POINT ( 'NONE',  ( 3.080000000000000500, -9.650000000000000400, 4.624999999999999100 ) ) ;
#8400 = CARTESIAN_POINT ( 'NONE',  ( 3.009999999999999800, -9.345540054000002400, 4.624999999999999100 ) ) ;
#8401 = CARTESIAN_POINT ( 'NONE',  ( 2.925000000069308800, -8.847770026975617000, 4.975000000000000500 ) ) ;
#8402 = CARTESIAN_POINT ( 'NONE',  ( 3.009999999999999800, -7.354459945999998600, 4.975000000000000500 ) ) ;
#8403 = CARTESIAN_POINT ( 'NONE',  ( 2.924999999999999800, -8.847770027000001000, 4.624999999999999100 ) ) ;
#8404 = CARTESIAN_POINT ( 'NONE',  ( -2.000000000000000000, -6.850000000000000500, 16.00000000000000000 ) ) ;
#8405 = CARTESIAN_POINT ( 'NONE',  ( 2.924999999930690400, -7.852229972975618600, 4.975000000000000500 ) ) ;
#8406 = CARTESIAN_POINT ( 'NONE',  ( 3.009999999999999800, -7.354459945999998600, 4.624999999999999100 ) ) ;
#8407 = CARTESIAN_POINT ( 'NONE',  ( 2.924999999999999400, -7.852229972999999100, 4.624999999999999100 ) ) ;
#8408 = CARTESIAN_POINT ( 'NONE',  ( 2.000000000000000400, -6.850000000000000500, 16.00000000000000000 ) ) ;
#8409 = CARTESIAN_POINT ( 'NONE',  ( -2.000000000000000000, -6.850000000000000500, 16.50000000000000000 ) ) ;
#8410 = CARTESIAN_POINT ( 'NONE',  ( 5.584726862999999300, -6.850000000000000500, 4.434385983000000300 ) ) ;
#8411 = CARTESIAN_POINT ( 'NONE',  ( 2.000000000000000400, -6.850000000000000500, 16.50000000000000000 ) ) ;
#8412 = CARTESIAN_POINT ( 'NONE',  ( -6.250000000000000000, -6.470000000000000600, 20.50000000000000000 ) ) ;
#8413 = CARTESIAN_POINT ( 'NONE',  ( 5.997721494000001200, -6.850000000000000500, 4.434385983000000300 ) ) ;
#8414 = CARTESIAN_POINT ( 'NONE',  ( 6.750000000000000000, -6.470000000000001500, 20.50000000000000000 ) ) ;
#8415 = CARTESIAN_POINT ( 'NONE',  ( 6.250000000000000000, -6.470000000000000600, 20.50000000000000000 ) ) ;
#8416 = CARTESIAN_POINT ( 'NONE',  ( -6.750000000000000000, -5.450000000000000200, 5.128708031000000400 ) ) ;
#8417 = CARTESIAN_POINT ( 'NONE',  ( -6.750000000000000000, -6.470000000000001500, 20.50000000000000000 ) ) ;
#8418 = CARTESIAN_POINT ( 'NONE',  ( 5.584726862999999300, -6.850000000000000500, 0.5883734839999998900 ) ) ;
#8419 = CARTESIAN_POINT ( 'NONE',  ( -6.750000000000000000, -5.450000000000000200, 2.772743795000000200 ) ) ;
#8420 = CARTESIAN_POINT ( 'NONE',  ( 3.009999999951605600, -9.436160337015842000, 4.624999999999999100 ) ) ;
#8421 = CARTESIAN_POINT ( 'NONE',  ( -6.550000000000000700, 5.653797976999999100, 2.772743794999999300 ) ) ;
#8422 = CARTESIAN_POINT ( 'NONE',  ( -6.750000000000000000, 5.653797976999999100, 2.772743794999999800 ) ) ;
#8423 = CARTESIAN_POINT ( 'NONE',  ( 5.997721494000001200, -6.850000000000000500, 0.5883734839999998900 ) ) ;
#8424 = CARTESIAN_POINT ( 'NONE',  ( 6.750000000000000000, 6.649999999999999500, 20.50000000000000000 ) ) ;
#8425 = CARTESIAN_POINT ( 'NONE',  ( -6.550000000000000700, -5.450000000000000200, 2.772743794999999800 ) ) ;
#8426 = CARTESIAN_POINT ( 'NONE',  ( -6.550000000000000700, 5.653797977124999500, 8.443409715875001000 ) ) ;
#8427 = CARTESIAN_POINT ( 'NONE',  ( -6.550000000000000700, 6.650000000000000400, 9.439611738000001800 ) ) ;
#8428 = CARTESIAN_POINT ( 'NONE',  ( -6.750000000000000000, 6.649999999999999500, 9.439611738000000000 ) ) ;
#8429 = CARTESIAN_POINT ( 'NONE',  ( -6.750000000000000000, 6.649999999999999500, 20.50000000000000000 ) ) ;
#8430 = CARTESIAN_POINT ( 'NONE',  ( -6.550000000000000700, -5.450000000000000200, 5.128708030999999500 ) ) ;
#8431 = CARTESIAN_POINT ( 'NONE',  ( -6.250000000000000000, -6.669999999999999900, 20.50000000000000000 ) ) ;
#8432 = CARTESIAN_POINT ( 'NONE',  ( 6.250000000000000000, -6.669999999999999900, 20.50000000000000000 ) ) ;
#8433 = CARTESIAN_POINT ( 'NONE',  ( -6.250000000000000000, -6.669999999999999900, 17.30000000000000100 ) ) ;
#8434 = CARTESIAN_POINT ( 'NONE',  ( 6.750000000000000000, 6.649999999999999500, 9.439611737999998200 ) ) ;
#8435 = CARTESIAN_POINT ( 'NONE',  ( 6.750000000000000000, 5.653797977124999500, 8.443409715875001000 ) ) ;
#8436 = CARTESIAN_POINT ( 'NONE',  ( 6.550000000000000700, 6.649999999999999500, 9.439611738000000000 ) ) ;
#8437 = CARTESIAN_POINT ( 'NONE',  ( 6.250000000000000000, -6.669999999999999900, 17.30000000000000100 ) ) ;
#8438 = CARTESIAN_POINT ( 'NONE',  ( 6.550000000000000700, 5.653797977250000900, 8.443409715750000500 ) ) ;
#8439 = CARTESIAN_POINT ( 'NONE',  ( 6.750000000000000000, 5.653797976999999100, 2.772743795000000200 ) ) ;
#8440 = CARTESIAN_POINT ( 'NONE',  ( 6.750000000000000000, -5.450000000000000200, 5.128708031000000400 ) ) ;
#8441 = CARTESIAN_POINT ( 'NONE',  ( 6.550000000000000700, 5.653797976999999100, 2.772743794999999300 ) ) ;
#8442 = CARTESIAN_POINT ( 'NONE',  ( -6.750000000000000000, 5.653797977250000000, 8.443409715750000500 ) ) ;
#8443 = CARTESIAN_POINT ( 'NONE',  ( 6.550000000000000700, -5.450000000000000200, 5.128708030999999500 ) ) ;
#8444 = CARTESIAN_POINT ( 'NONE',  ( 6.550000000000000700, 6.427858003579929800, 0.1999999998644687000 ) ) ;
#8445 = CARTESIAN_POINT ( 'NONE',  ( 6.550000000000000700, -5.450000000000000200, 2.772743794999999800 ) ) ;
#8446 = CARTESIAN_POINT ( 'NONE',  ( 6.750000000000000000, -5.450000000000000200, 2.772743795000000200 ) ) ;
#8447 = CARTESIAN_POINT ( 'NONE',  ( 6.550000000000000700, -5.450000000000000200, 2.622743794999999900 ) ) ;
#8448 = CARTESIAN_POINT ( 'NONE',  ( 6.550000000000000700, 6.649999999999999500, 9.227479704000000300 ) ) ;
#8449 = CARTESIAN_POINT ( 'NONE',  ( 6.550000000000000700, 5.646183977999998900, 2.622743794999999900 ) ) ;
#8450 = CARTESIAN_POINT ( 'NONE',  ( 6.550000000000000700, 5.803797976999999400, 8.381277680999998500 ) ) ;
#8451 = CARTESIAN_POINT ( 'NONE',  ( 6.550000000000000700, 6.585472002579930300, 0.1999999998644687600 ) ) ;
#8452 = CARTESIAN_POINT ( 'NONE',  ( 6.750000000000000000, 6.427858003159859600, 0.1999999997289371700 ) ) ;
#8453 = CARTESIAN_POINT ( 'NONE',  ( 6.550000000000000700, 5.803797976999999400, 2.622743795000000300 ) ) ;
#8454 = CARTESIAN_POINT ( 'NONE',  ( -6.550000000000000700, -5.450000000000000200, 0.2000000000000000100 ) ) ;
#8455 = CARTESIAN_POINT ( 'NONE',  ( 6.750000000000000000, 5.646183977999998900, 2.622743795000000300 ) ) ;
#8456 = CARTESIAN_POINT ( 'NONE',  ( -6.750000000000000000, -5.450000000000000200, 0.1999999999999997100 ) ) ;
#8457 = CARTESIAN_POINT ( 'NONE',  ( -6.750000000000000000, -5.450000000000000200, 2.622743795000000300 ) ) ;
#8458 = CARTESIAN_POINT ( 'NONE',  ( -6.750000000000000000, 6.427858003159859600, 0.1999999997289372300 ) ) ;
#8459 = CARTESIAN_POINT ( 'NONE',  ( 6.550000000000000700, -5.450000000000000200, 0.2000000000000000100 ) ) ;
#8460 = CARTESIAN_POINT ( 'NONE',  ( 6.750000000000000000, -5.450000000000000200, 2.622743795000000300 ) ) ;
#8461 = CARTESIAN_POINT ( 'NONE',  ( -6.550000000000000700, -5.450000000000000200, 2.622743794999999900 ) ) ;
#8462 = CARTESIAN_POINT ( 'NONE',  ( 6.750000000000000000, -5.450000000000000200, 0.1999999999999993700 ) ) ;
#8463 = CARTESIAN_POINT ( 'NONE',  ( -6.550000000000000700, 5.646183977999998900, 2.622743795000000300 ) ) ;
#8464 = CARTESIAN_POINT ( 'NONE',  ( -6.550000000000000700, 6.585472002159860100, 0.1999999997289374200 ) ) ;
#8465 = CARTESIAN_POINT ( 'NONE',  ( -6.750000000000000000, 5.646183977999998900, 2.622743795000000300 ) ) ;
#8466 = CARTESIAN_POINT ( 'NONE',  ( -6.550000000000000700, 5.803797976999999400, 2.622743795000000300 ) ) ;
#8467 = CARTESIAN_POINT ( 'NONE',  ( -4.900000000000000400, -8.450000000001185900, 14.76714007511201900 ) ) ;
#8468 = CARTESIAN_POINT ( 'NONE',  ( -4.900000000000000400, -8.450000000000882100, 11.83285992488795600 ) ) ;
#8469 = CARTESIAN_POINT ( 'NONE',  ( -6.550000000000000700, 5.803797976999999400, 8.381277680999998500 ) ) ;
#8470 = CARTESIAN_POINT ( 'NONE',  ( -4.900000000000000400, -9.649999999999085500, 11.93893424111830000 ) ) ;
#8471 = CARTESIAN_POINT ( 'NONE',  ( 4.900000000000000400, -9.649999999996795800, 14.66106575888205500 ) ) ;
#8472 = CARTESIAN_POINT ( 'NONE',  ( 4.900000000000000400, -9.649999999995287700, 11.93893424111774400 ) ) ;
#8473 = CARTESIAN_POINT ( 'NONE',  ( -6.550000000000000700, 6.427858003159859600, 0.1999999997289374500 ) ) ;
#8474 = CARTESIAN_POINT ( 'NONE',  ( -4.900000000000000400, -9.649999999998710700, 14.66106575888173700 ) ) ;
#8475 = CARTESIAN_POINT ( 'NONE',  ( -6.550000000000000700, 6.649999999999999500, 9.227479703999998500 ) ) ;
#8476 = CARTESIAN_POINT ( 'NONE',  ( -5.970000000000000600, -2.949999999999999700, 20.50000000000000000 ) ) ;
#8477 = CARTESIAN_POINT ( 'NONE',  ( -5.970000000000000600, 3.860000000000000800, 20.50000000000000000 ) ) ;
#8478 = CARTESIAN_POINT ( 'NONE',  ( -6.750000000000000000, -6.470000000000001500, 8.009999999999999800 ) ) ;
#8479 = CARTESIAN_POINT ( 'NONE',  ( 4.900000000000000400, -8.450000000087660700, 14.82218852877606200 ) ) ;
#8480 = CARTESIAN_POINT ( 'NONE',  ( 4.900000000000000400, -8.450000000088573800, 11.77781147122406200 ) ) ;
#8481 = CARTESIAN_POINT ( 'NONE',  ( -4.249999999992380300, -7.269999999976189300, 8.009999999999999800 ) ) ;
#8482 = CARTESIAN_POINT ( 'NONE',  ( -4.249999999992381200, -7.269999999976189300, 7.009999999999998900 ) ) ;
#8483 = CARTESIAN_POINT ( 'NONE',  ( -6.750000000000000000, 6.585472002579930300, 0.1999999998644684300 ) ) ;
#8484 = CARTESIAN_POINT ( 'NONE',  ( 5.970000000000000600, 3.860000000000000800, 20.50000000000000000 ) ) ;
#8485 = CARTESIAN_POINT ( 'NONE',  ( -6.750000000000000000, -6.470000000000001500, 7.009999999999998900 ) ) ;
#8486 = CARTESIAN_POINT ( 'NONE',  ( 5.970000000000000600, -2.949999999999999700, 20.50000000000000000 ) ) ;
#8487 = CARTESIAN_POINT ( 'NONE',  ( -6.750000000000000000, 5.803797976999999400, 8.381277680999998500 ) ) ;
#8488 = CARTESIAN_POINT ( 'NONE',  ( 6.750000000000000000, 6.649999999999999500, 0.1999999999999991000 ) ) ;
#8489 = CARTESIAN_POINT ( 'NONE',  ( -6.750000000000000000, 6.649999999999999500, 9.227479703999998500 ) ) ;
#8490 = CARTESIAN_POINT ( 'NONE',  ( -6.750000000000000000, 6.649999999999999500, 0.1999999999999991000 ) ) ;
#8491 = CARTESIAN_POINT ( 'NONE',  ( 6.750000000000000000, 6.585472002579930300, 0.1999999998644682300 ) ) ;
#8492 = CARTESIAN_POINT ( 'NONE',  ( 6.750000000000000000, 5.803797976999998600, 2.622743795000006500 ) ) ;
#8493 = CARTESIAN_POINT ( 'NONE',  ( -6.750000000000000000, 5.803797977000000300, 2.622743794999994100 ) ) ;
#8494 = CARTESIAN_POINT ( 'NONE',  ( 6.749999999999995600, -6.470000000000001500, 7.009999999999998900 ) ) ;
#8495 = CARTESIAN_POINT ( 'NONE',  ( 6.750000000000000000, 5.803797976999999400, 8.381277680999996700 ) ) ;
#8496 = CARTESIAN_POINT ( 'NONE',  ( 4.249999999992381200, -7.269999999976189300, 7.009999999999998900 ) ) ;
#8497 = CARTESIAN_POINT ( 'NONE',  ( 6.750000000000000000, 6.649999999999999500, 9.227479703999998500 ) ) ;
#8498 = CARTESIAN_POINT ( 'NONE',  ( -5.970000000000000600, 3.860000000000000300, 8.800000000000000700 ) ) ;
#8499 = CARTESIAN_POINT ( 'NONE',  ( -5.970000000000000600, 1.155000000000000200, 19.44261204999749300 ) ) ;
#8500 = CARTESIAN_POINT ( 'NONE',  ( -5.970000000000000600, -1.730000000000000200, 8.800000000000000700 ) ) ;
#8501 = CARTESIAN_POINT ( 'NONE',  ( 4.249999999992381200, -7.269999999976189300, 8.009999999999999800 ) ) ;
#8502 = CARTESIAN_POINT ( 'NONE',  ( -5.970000000000000600, -2.949999999999999700, 11.47000000000000100 ) ) ;
#8503 = CARTESIAN_POINT ( 'NONE',  ( 6.750000000000000000, -6.470000000000001500, 8.009999999999999800 ) ) ;
#8504 = CARTESIAN_POINT ( 'NONE',  ( -3.120000000000000600, -2.949999999999999700, 20.50000000000000000 ) ) ;
#8505 = CARTESIAN_POINT ( 'NONE',  ( -3.120000000000000600, -2.949999999999999700, 8.800000000000000700 ) ) ;
#8506 = CARTESIAN_POINT ( 'NONE',  ( -3.884999999999999800, -1.730000000000000200, 8.800000000000000700 ) ) ;
#8507 = CARTESIAN_POINT ( 'NONE',  ( 5.970000000000000600, 3.860000000000000300, 8.800000000000000700 ) ) ;
#8508 = CARTESIAN_POINT ( 'NONE',  ( -5.970000000000000600, -1.730000000000000200, 11.47000000000000100 ) ) ;
#8509 = CARTESIAN_POINT ( 'NONE',  ( -3.884999999999999800, -2.949999999999999700, 11.47000000000000100 ) ) ;
#8510 = CARTESIAN_POINT ( 'NONE',  ( -2.029999999999999800, -5.619999999999999200, 20.50000000000000000 ) ) ;
#8511 = CARTESIAN_POINT ( 'NONE',  ( 2.029999999999999800, -5.619999999999999200, 20.50000000000000000 ) ) ;
#8512 = CARTESIAN_POINT ( 'NONE',  ( 2.029999999999999800, -5.619999999999999200, 8.800000000000000700 ) ) ;
#8513 = CARTESIAN_POINT ( 'NONE',  ( 5.970000000000000600, -2.949999999999999700, 11.47000000000000100 ) ) ;
#8514 = CARTESIAN_POINT ( 'NONE',  ( 3.120000000000000600, -2.949999999999999700, 20.50000000000000000 ) ) ;
#8515 = CARTESIAN_POINT ( 'NONE',  ( -3.884999999999999800, -1.730000000000000200, 11.47000000000000100 ) ) ;
#8516 = CARTESIAN_POINT ( 'NONE',  ( 3.885000000000000200, -2.949999999999999700, 8.800000000000000700 ) ) ;
#8517 = CARTESIAN_POINT ( 'NONE',  ( -2.029999999999999800, -5.619999999999999200, 8.800000000000000700 ) ) ;
#8518 = CARTESIAN_POINT ( 'NONE',  ( 3.120000000000000600, -2.949999999999999700, 8.800000000000000700 ) ) ;
#8519 = CARTESIAN_POINT ( 'NONE',  ( 3.885000000000000200, -1.730000000000000200, 8.800000000000000700 ) ) ;
#8520 = CARTESIAN_POINT ( 'NONE',  ( 3.884999999999999800, -2.949999999999999700, 11.47000000000000100 ) ) ;
#8521 = CARTESIAN_POINT ( 'NONE',  ( -3.884999999999999800, -2.949999999999999700, 8.800000000000000700 ) ) ;
#8522 = CARTESIAN_POINT ( 'NONE',  ( 5.400000000000000400, -6.669999999999999900, 20.50000000000000000 ) ) ;
#8523 = CARTESIAN_POINT ( 'NONE',  ( 5.970000000000000600, -1.730000000000000200, 11.47000000000000100 ) ) ;
#8524 = CARTESIAN_POINT ( 'NONE',  ( 3.884999999999999800, -1.730000000000000200, 11.47000000000000100 ) ) ;
#8525 = CARTESIAN_POINT ( 'NONE',  ( 5.400000000000000400, -6.669999999999999900, 19.87976754300000000 ) ) ;
#8526 = CARTESIAN_POINT ( 'NONE',  ( 3.400000000000000400, -6.669999999999999000, 19.87976754300000700 ) ) ;
#8527 = CARTESIAN_POINT ( 'NONE',  ( 5.400000000000000400, -7.669999999898457200, 17.56449194896540800 ) ) ;
#8528 = CARTESIAN_POINT ( 'NONE',  ( 5.970000000000001500, 1.155000000000000200, 19.44261204999749600 ) ) ;
#8529 = CARTESIAN_POINT ( 'NONE',  ( 5.400000000000000400, -7.480683364027471200, 17.49999999994123100 ) ) ;
#8530 = CARTESIAN_POINT ( 'NONE',  ( -3.399999999999999900, -6.669999999999999900, 20.50000000000000000 ) ) ;
#8531 = CARTESIAN_POINT ( 'NONE',  ( 3.399999999999999900, -7.669999999898457200, 17.56449194896540800 ) ) ;
#8532 = CARTESIAN_POINT ( 'NONE',  ( 3.399999999999999900, -7.480683364027471200, 17.49999999994123100 ) ) ;
#8533 = CARTESIAN_POINT ( 'NONE',  ( -3.399999999999999900, -6.669999999999999900, 19.87976754300000000 ) ) ;
#8534 = CARTESIAN_POINT ( 'NONE',  ( -5.400000000000000400, -6.669999999999999900, 19.87976754300000000 ) ) ;
#8535 = CARTESIAN_POINT ( 'NONE',  ( -3.399999999999999900, -7.669999999898457200, 17.56449194896540800 ) ) ;
#8536 = CARTESIAN_POINT ( 'NONE',  ( 5.970000000000000600, -1.730000000000000200, 8.800000000000000700 ) ) ;
#8537 = CARTESIAN_POINT ( 'NONE',  ( -3.399999999999999900, -7.480683364027471200, 17.49999999994123100 ) ) ;
#8538 = CARTESIAN_POINT ( 'NONE',  ( -4.400000000000000400, 6.650000000000000400, 20.49999999999999600 ) ) ;
#8539 = CARTESIAN_POINT ( 'NONE',  ( -5.400000000000001200, -7.669999999898457200, 17.56449194896540800 ) ) ;
#8540 = CARTESIAN_POINT ( 'NONE',  ( -5.400000000000001200, -7.480683364027471200, 17.49999999994123100 ) ) ;
#8541 = CARTESIAN_POINT ( 'NONE',  ( -4.400000000000000400, 6.649999999999999500, 19.93101842600000500 ) ) ;
#8542 = CARTESIAN_POINT ( 'NONE',  ( -2.400000000000000400, 6.649999999999999500, 19.93101842600000500 ) ) ;
#8543 = CARTESIAN_POINT ( 'NONE',  ( -4.400000000000000400, 7.750000000167560200, 17.57030104606291200 ) ) ;
#8544 = CARTESIAN_POINT ( 'NONE',  ( 3.399999999999999900, -6.669999999999999900, 20.50000000000000000 ) ) ;
#8545 = CARTESIAN_POINT ( 'NONE',  ( -4.400000000000000400, 7.562762816327891700, 17.49999999984801800 ) ) ;
#8546 = CARTESIAN_POINT ( 'NONE',  ( 4.400000000000000400, 6.649999999999999500, 19.93101842600000900 ) ) ;
#8547 = CARTESIAN_POINT ( 'NONE',  ( -2.399999999999999900, 7.562762816327891700, 17.49999999984801800 ) ) ;
#8548 = CARTESIAN_POINT ( 'NONE',  ( 2.400000000000000400, 6.649999999999999500, 20.50000000000000000 ) ) ;
#8549 = CARTESIAN_POINT ( 'NONE',  ( -2.400000000000000400, 6.649999999999999500, 20.50000000000000000 ) ) ;
#8550 = CARTESIAN_POINT ( 'NONE',  ( -2.399999999999999900, 7.750000000167560200, 17.57030104606291200 ) ) ;
#8551 = CARTESIAN_POINT ( 'NONE',  ( -5.400000000000000400, -6.669999999999999900, 20.50000000000000000 ) ) ;
#8552 = CARTESIAN_POINT ( 'NONE',  ( 2.399999999999999900, 7.562762816282628400, 17.49999999996857300 ) ) ;
#8553 = CARTESIAN_POINT ( 'NONE',  ( 4.400000000000000400, 6.649999999999999500, 20.50000000000000000 ) ) ;
#8554 = CARTESIAN_POINT ( 'NONE',  ( 2.399999999999999900, 7.750000000167560200, 17.57030104606291200 ) ) ;
#8555 = CARTESIAN_POINT ( 'NONE',  ( 4.400000000000000400, 7.562762816327891700, 17.49999999984801800 ) ) ;
#8556 = CARTESIAN_POINT ( 'NONE',  ( -4.189044854900581400, -7.079515170901815100, 7.009999999999998900 ) ) ;
#8557 = CARTESIAN_POINT ( 'NONE',  ( 4.400000000000000400, 7.750000000167560200, 17.57030104606291200 ) ) ;
#8558 = CARTESIAN_POINT ( 'NONE',  ( 6.093779763000000600, -6.470000000000000600, 7.009999999999998900 ) ) ;
#8559 = CARTESIAN_POINT ( 'NONE',  ( -4.189044854838897400, -7.079515170921554000, 8.009999999999999800 ) ) ;
#8560 = CARTESIAN_POINT ( 'NONE',  ( -6.093779763000000600, -6.470000000000000600, 8.009999999999999800 ) ) ;
#8561 = CARTESIAN_POINT ( 'NONE',  ( 4.189044854838897400, -7.079515170921554000, 7.009999999999998900 ) ) ;
#8562 = CARTESIAN_POINT ( 'NONE',  ( 6.093779763000000600, -6.470000000000000600, 8.009999999999999800 ) ) ;
#8563 = CARTESIAN_POINT ( 'NONE',  ( 4.189044854862844500, -7.079515170783892600, 8.009999999999999800 ) ) ;
#8564 = CARTESIAN_POINT ( 'NONE',  ( 3.800000000000000300, -0.2370412765170460400, 8.799999999400846200 ) ) ;
#8565 = CARTESIAN_POINT ( 'NONE',  ( -6.093779762999998800, -6.470000000000001500, 7.009999999999998900 ) ) ;
#8566 = CARTESIAN_POINT ( 'NONE',  ( 2.784000000000000700, -0.2370412765170460400, 8.799999999400846200 ) ) ;
#8567 = CARTESIAN_POINT ( 'NONE',  ( 2.400000000000000400, 6.649999999999999500, 19.93101842600000500 ) ) ;
#8568 = CARTESIAN_POINT ( 'NONE',  ( 1.768000000000000500, -0.2370412765170460400, 8.799999999400846200 ) ) ;
#8569 = CARTESIAN_POINT ( 'NONE',  ( -5.970000000000000600, 1.155000000000000000, 20.50000000000000000 ) ) ;
#8570 = CARTESIAN_POINT ( 'NONE',  ( 0.7520000000000003300, -0.2370412765170460400, 8.799999999400846200 ) ) ;
#8571 = CARTESIAN_POINT ( 'NONE',  ( 3.800000000000000300, 3.860000000000000300, 18.94053300399999900 ) ) ;
#8572 = CARTESIAN_POINT ( 'NONE',  ( -0.2640000000000000100, -0.2370412765170460400, 8.799999999400846200 ) ) ;
#8573 = CARTESIAN_POINT ( 'NONE',  ( 2.784000000000000700, 3.860000000000000300, 18.94053300399999900 ) ) ;
#8574 = CARTESIAN_POINT ( 'NONE',  ( -1.279999999999999800, -0.2370412765170460400, 8.799999999400846200 ) ) ;
#8575 = CARTESIAN_POINT ( 'NONE',  ( 1.768000000000000500, 3.860000000000000300, 18.94053300399999900 ) ) ;
#8576 = CARTESIAN_POINT ( 'NONE',  ( -2.295999999999999400, -0.2370412765170460400, 8.799999999400846200 ) ) ;
#8577 = CARTESIAN_POINT ( 'NONE',  ( 0.7520000000000003300, 3.860000000000000300, 18.94053300399999900 ) ) ;
#8578 = CARTESIAN_POINT ( 'NONE',  ( -3.311999999999998900, -0.2370412765170460400, 8.799999999400846200 ) ) ;
#8579 = CARTESIAN_POINT ( 'NONE',  ( -0.2639999999999999000, 3.860000000000000300, 18.94053300399999900 ) ) ;
#8580 = CARTESIAN_POINT ( 'NONE',  ( -5.790503885700493600, 1.155000000123497200, 18.51075694060767800 ) ) ;
#8581 = CARTESIAN_POINT ( 'NONE',  ( -2.029999999999999800, -4.599999999999999600, 20.50000000000000000 ) ) ;
#8582 = CARTESIAN_POINT ( 'NONE',  ( -3.311999999999998900, 3.860000000000000300, 18.94053300399999900 ) ) ;
#8583 = CARTESIAN_POINT ( 'NONE',  ( -2.295999999999999400, 3.860000000000000300, 18.94053300399999900 ) ) ;
#8584 = CARTESIAN_POINT ( 'NONE',  ( -5.781196722007192300, 1.155000000061748600, 18.26895678993682300 ) ) ;
#8585 = CARTESIAN_POINT ( 'NONE',  ( 3.120000000000000600, -4.599999999999999600, 20.50000000000000000 ) ) ;
#8586 = CARTESIAN_POINT ( 'NONE',  ( -3.120000000000000600, -4.599999999999999600, 20.50000000000000000 ) ) ;
#8587 = CARTESIAN_POINT ( 'NONE',  ( -3.120000000000000600, -4.599999999999999600, 8.800000000000000700 ) ) ;
#8588 = CARTESIAN_POINT ( 'NONE',  ( -2.029999999999999800, -4.599999999999999600, 8.800000000000000700 ) ) ;
#8589 = CARTESIAN_POINT ( 'NONE',  ( 2.029999999999999800, -4.599999999999999600, 20.50000000000000000 ) ) ;
#8590 = CARTESIAN_POINT ( 'NONE',  ( 3.120000000000000600, -4.599999999999999600, 8.800000000000000700 ) ) ;
#8591 = CARTESIAN_POINT ( 'NONE',  ( 5.781196722007192300, 1.155000000061748600, 18.26895678993682300 ) ) ;
#8592 = CARTESIAN_POINT ( 'NONE',  ( -1.279999999999999800, 3.860000000000000300, 18.94053300399999900 ) ) ;
#8593 = CARTESIAN_POINT ( 'NONE',  ( 3.800000000000000300, 3.859999999999999900, 18.00621949700000000 ) ) ;
#8594 = CARTESIAN_POINT ( 'NONE',  ( 5.970000000000000600, 1.155000000000000000, 20.50000000000000000 ) ) ;
#8595 = CARTESIAN_POINT ( 'NONE',  ( 2.784000000000000700, 3.859999999999999900, 18.00621949700000000 ) ) ;
#8596 = CARTESIAN_POINT ( 'NONE',  ( 2.029999999999999800, -4.599999999999999600, 8.800000000000000700 ) ) ;
#8597 = CARTESIAN_POINT ( 'NONE',  ( 1.768000000000000500, 3.859999999999999900, 18.00621949700000000 ) ) ;
#8598 = CARTESIAN_POINT ( 'NONE',  ( 5.790503885700493600, 1.155000000123497200, 18.51075694060767800 ) ) ;
#8599 = CARTESIAN_POINT ( 'NONE',  ( 0.7520000000000003300, 3.859999999999999900, 18.00621949700000000 ) ) ;
#8600 = CARTESIAN_POINT ( 'NONE',  ( 3.800000000000000300, 0.1404458847013597100, 8.799999998908580400 ) ) ;
#8601 = CARTESIAN_POINT ( 'NONE',  ( -0.2640000000000000100, 3.859999999999999900, 18.00621949700000000 ) ) ;
#8602 = CARTESIAN_POINT ( 'NONE',  ( 2.784000000000000700, 0.1404458847013597100, 8.799999998908580400 ) ) ;
#8603 = LINE ( 'NONE', #7787, #8604 ) ;
#8604 = VECTOR ( 'NONE', #7966, 999.9999999999998900 ) ;
#8605 = LINE ( 'NONE', #7969, #8609 ) ;
#8606 = LINE ( 'NONE', #7967, #8607 ) ;
#8607 = VECTOR ( 'NONE', #7968, 1000.000000000000000 ) ;
#8608 = LINE ( 'NONE', #7971, #8611 ) ;
#8609 = VECTOR ( 'NONE', #7970, 999.9999999999998900 ) ;
#8610 = LINE ( 'NONE', #6015, #8616 ) ;
#8611 = VECTOR ( 'NONE', #7973, 1000.000000000000000 ) ;
#8612 = LINE ( 'NONE', #7972, #8618 ) ;
#8613 = LINE ( 'NONE', #7791, #8614 ) ;
#8614 = VECTOR ( 'NONE', #7974, 1000.000000000000100 ) ;
#8615 = LINE ( 'NONE', #7975, #8620 ) ;
#8616 = VECTOR ( 'NONE', #7976, 1000.000000000000000 ) ;
#8617 = LINE ( 'NONE', #7977, #8634 ) ;
#8618 = VECTOR ( 'NONE', #7978, 1000.000000000000100 ) ;
#8619 = LINE ( 'NONE', #7981, #8622 ) ;
#8620 = VECTOR ( 'NONE', #7980, 1000.000000000000000 ) ;
#8621 = LINE ( 'NONE', #7983, #8624 ) ;
#8622 = VECTOR ( 'NONE', #7982, 1000.000000000000000 ) ;
#8623 = LINE ( 'NONE', #7985, #8626 ) ;
#8624 = VECTOR ( 'NONE', #7984, 1000.000000000000000 ) ;
#8625 = LINE ( 'NONE', #7987, #8628 ) ;
#8626 = VECTOR ( 'NONE', #7986, 1000.000000000000000 ) ;
#8627 = LINE ( 'NONE', #7989, #8630 ) ;
#8628 = VECTOR ( 'NONE', #7988, 1000.000000000000000 ) ;
#8629 = LINE ( 'NONE', #7991, #8632 ) ;
#8630 = VECTOR ( 'NONE', #7990, 1000.000000000000000 ) ;
#8631 = LINE ( 'NONE', #7979, #8638 ) ;
#8632 = VECTOR ( 'NONE', #7993, 1000.000000000000000 ) ;
#8633 = LINE ( 'NONE', #7995, #8636 ) ;
#8634 = VECTOR ( 'NONE', #7994, 1000.000000000000000 ) ;
#8635 = CIRCLE ( 'NONE', #7938, 1.500000000000000000 ) ;
#8636 = VECTOR ( 'NONE', #7997, 1000.000000000000000 ) ;
#8637 = LINE ( 'NONE', #7999, #8640 ) ;
#8638 = VECTOR ( 'NONE', #7998, 1000.000000000000000 ) ;
#8639 = LINE ( 'NONE', #8001, #8642 ) ;
#8640 = VECTOR ( 'NONE', #8000, 1000.000000000000000 ) ;
#8641 = LINE ( 'NONE', #8003, #8644 ) ;
#8642 = VECTOR ( 'NONE', #8002, 1000.000000000000100 ) ;
#8643 = CIRCLE ( 'NONE', #7937, 1.500000000000000000 ) ;
#8644 = VECTOR ( 'NONE', #8004, 1000.000000000000000 ) ;
#8645 = LINE ( 'NONE', #7996, #8647 ) ;
#8646 = CIRCLE ( 'NONE', #7939, 1.300000000000000000 ) ;
#8647 = VECTOR ( 'NONE', #7992, 1000.000000000000000 ) ;
#8648 = LINE ( 'NONE', #8009, #8650 ) ;
#8649 = CIRCLE ( 'NONE', #7940, 1.300000000000000000 ) ;
#8650 = VECTOR ( 'NONE', #8005, 1000.000000000000000 ) ;
#8651 = LINE ( 'NONE', #8014, #8653 ) ;
#8652 = CIRCLE ( 'NONE', #7942, 1.500000000000000400 ) ;
#8653 = VECTOR ( 'NONE', #8010, 1000.000000000000000 ) ;
#8654 = LINE ( 'NONE', #8019, #8656 ) ;
#8655 = CIRCLE ( 'NONE', #7941, 1.500000000000000400 ) ;
#8656 = VECTOR ( 'NONE', #8015, 1000.000000000000000 ) ;
#8657 = LINE ( 'NONE', #8020, #8659 ) ;
#8658 = CIRCLE ( 'NONE', #7944, 1.300000000000000000 ) ;
#8659 = VECTOR ( 'NONE', #8021, 1000.000000000000000 ) ;
#8660 = LINE ( 'NONE', #8029, #8662 ) ;
#8661 = CIRCLE ( 'NONE', #7943, 1.300000000000000000 ) ;
#8662 = VECTOR ( 'NONE', #8025, 1000.000000000000000 ) ;
#8663 = LINE ( 'NONE', #8030, #8664 ) ;
#8664 = VECTOR ( 'NONE', #8031, 1000.000000000000000 ) ;
#8665 = LINE ( 'NONE', #8039, #8666 ) ;
#8666 = VECTOR ( 'NONE', #8035, 1000.000000000000000 ) ;
#8667 = SHAPE_DEFINITION_REPRESENTATION ( #9158, #9156 ) ;
#8668 = ORGANIZATION ( 'UNSPECIFIED', 'UNSPECIFIED', '' ) ;
#8669 = PERSON_AND_ORGANIZATION ( #7135, #8668 ) ;
#8670 = PERSON_AND_ORGANIZATION ( #7135, #8668 ) ;
#8671 = APPROVAL_PERSON_ORGANIZATION ( #8670, #7949, #8776 ) ;
#8672 = COORDINATED_UNIVERSAL_TIME_OFFSET ( 5, 0, .BEHIND. ) ;
#8673 = LOCAL_TIME ( 9, 56, 50.00000000000000000, #8672 ) ;
#8674 = CALENDAR_DATE ( 2012, 11, 9 ) ;
#8675 = DATE_AND_TIME ( #8674, #8673 ) ;
#8676 = APPROVAL_DATE_TIME ( #8675, #7949 ) ;
#8677 = PERSON_AND_ORGANIZATION ( #7135, #8668 ) ;
#8678 = COORDINATED_UNIVERSAL_TIME_OFFSET ( 5, 0, .BEHIND. ) ;
#8679 = LOCAL_TIME ( 9, 56, 50.00000000000000000, #8678 ) ;
#8680 = CALENDAR_DATE ( 2012, 11, 9 ) ;
#8681 = DATE_AND_TIME ( #8680, #8679 ) ;
#8682 = PERSON_AND_ORGANIZATION ( #7135, #8668 ) ;
#8683 = APPROVAL_PERSON_ORGANIZATION ( #8682, #7954, #8780 ) ;
#8684 = COORDINATED_UNIVERSAL_TIME_OFFSET ( 5, 0, .BEHIND. ) ;
#8685 = LOCAL_TIME ( 9, 56, 50.00000000000000000, #8684 ) ;
#8686 = CALENDAR_DATE ( 2012, 11, 9 ) ;
#8687 = DATE_AND_TIME ( #8686, #8685 ) ;
#8688 = APPROVAL_DATE_TIME ( #8687, #7954 ) ;
#8689 = PERSON_AND_ORGANIZATION ( #7135, #8668 ) ;
#8690 = PERSON_AND_ORGANIZATION ( #7135, #8668 ) ;
#8691 = PERSON_AND_ORGANIZATION ( #7135, #8668 ) ;
#8692 = COORDINATED_UNIVERSAL_TIME_OFFSET ( 5, 0, .BEHIND. ) ;
#8693 = LOCAL_TIME ( 9, 56, 50.00000000000000000, #8692 ) ;
#8694 = CALENDAR_DATE ( 2012, 11, 9 ) ;
#8695 = DATE_AND_TIME ( #8694, #8693 ) ;
#8696 = PERSON_AND_ORGANIZATION ( #7135, #8668 ) ;
#8697 = APPROVAL_PERSON_ORGANIZATION ( #8696, #7961, #8787 ) ;
#8698 = COORDINATED_UNIVERSAL_TIME_OFFSET ( 5, 0, .BEHIND. ) ;
#8699 = LOCAL_TIME ( 9, 56, 50.00000000000000000, #8698 ) ;
#8700 = CALENDAR_DATE ( 2012, 11, 9 ) ;
#8701 = DATE_AND_TIME ( #8700, #8699 ) ;
#8702 = APPROVAL_DATE_TIME ( #8701, #7961 ) ;
#8703 = CARTESIAN_POINT ( 'NONE',  ( -1.279999999999999800, 3.859999999999999900, 18.00621949700000000 ) ) ;
#8704 = CARTESIAN_POINT ( 'NONE',  ( 1.768000000000000500, 0.1404458847013597100, 8.799999998908580400 ) ) ;
#8705 = CARTESIAN_POINT ( 'NONE',  ( -2.295999999999999400, 3.859999999999999900, 18.00621949700000000 ) ) ;
#8706 = CARTESIAN_POINT ( 'NONE',  ( 0.7520000000000003300, 0.1404458847013597100, 8.799999998908580400 ) ) ;
#8707 = CARTESIAN_POINT ( 'NONE',  ( -3.311999999999998900, 3.859999999999999900, 18.00621949700000000 ) ) ;
#8708 = CARTESIAN_POINT ( 'NONE',  ( -0.2639999999999999000, 0.1404458847013597100, 8.799999998908580400 ) ) ;
#8709 = CARTESIAN_POINT ( 'NONE',  ( -5.966304323743611500, 1.155000000000000500, 16.64285698201471700 ) ) ;
#8710 = CARTESIAN_POINT ( 'NONE',  ( -1.279999999999999800, 0.1404458847013597100, 8.799999998908580400 ) ) ;
#8711 = CARTESIAN_POINT ( 'NONE',  ( -5.582480111019839000, 1.154999999938252500, 18.24633581982572400 ) ) ;
#8712 = CARTESIAN_POINT ( 'NONE',  ( -3.311999999999998900, 0.1404458847013597100, 8.799999998908580400 ) ) ;
#8713 = CARTESIAN_POINT ( 'NONE',  ( -5.966304323492155800, -0.2450000000000000500, 16.64285698198608900 ) ) ;
#8714 = CARTESIAN_POINT ( 'NONE',  ( -5.594114064763145300, 1.154999999876505300, 18.54858600793293600 ) ) ;
#8715 = CARTESIAN_POINT ( 'NONE',  ( -5.790503885700493600, -0.2449999998765015600, 18.51075694060767800 ) ) ;
#8716 = CARTESIAN_POINT ( 'NONE',  ( -5.970000000000000600, -0.2450000000000000000, 19.44261204999999700 ) ) ;
#8717 = CARTESIAN_POINT ( 'NONE',  ( -5.767587712748544400, 1.155000000000000500, 16.62023601197137500 ) ) ;
#8718 = CARTESIAN_POINT ( 'NONE',  ( -5.767587712748544400, -0.2450000000000000500, 16.62023601197137500 ) ) ;
#8719 = CARTESIAN_POINT ( 'NONE',  ( -5.781196722007192300, -0.2449999999382507800, 18.26895678993682300 ) ) ;
#8720 = CARTESIAN_POINT ( 'NONE',  ( 3.340000000000000300, 3.860000000000000800, 18.00621949700000400 ) ) ;
#8721 = CARTESIAN_POINT ( 'NONE',  ( -5.970000000000000600, -0.2450000000000001100, 20.50000000000000000 ) ) ;
#8722 = CARTESIAN_POINT ( 'NONE',  ( -5.582480111019839000, -0.2450000000617484600, 18.24633581982572400 ) ) ;
#8723 = CARTESIAN_POINT ( 'NONE',  ( -5.594114064568150200, -0.2450000000617484600, 18.54858600808318400 ) ) ;
#8724 = CARTESIAN_POINT ( 'NONE',  ( 2.323999999999999400, 3.860000000000000800, 18.00621949700000400 ) ) ;
#8725 = CARTESIAN_POINT ( 'NONE',  ( 3.340000000000000300, 3.860000000000000800, 18.94053300399999900 ) ) ;
#8726 = CARTESIAN_POINT ( 'NONE',  ( 3.340000000000000300, -0.2370412765170451200, 8.799999999400848000 ) ) ;
#8727 = CARTESIAN_POINT ( 'NONE',  ( 3.340000000000000300, 0.1404458833506796200, 8.799999999454289700 ) ) ;
#8728 = CARTESIAN_POINT ( 'NONE',  ( 1.308000000000000100, 3.860000000000000800, 18.00621949700000400 ) ) ;
#8729 = CARTESIAN_POINT ( 'NONE',  ( 2.323999999999999400, 3.860000000000000800, 18.94053300399999900 ) ) ;
#8730 = CARTESIAN_POINT ( 'NONE',  ( 2.323999999999999800, -0.2370412765170451200, 8.799999999400848000 ) ) ;
#8731 = CARTESIAN_POINT ( 'NONE',  ( 2.323999999999999400, 0.1404458833506796200, 8.799999999454289700 ) ) ;
#8732 = CARTESIAN_POINT ( 'NONE',  ( 0.2919999999999998700, 3.860000000000000800, 18.00621949700000400 ) ) ;
#8733 = CARTESIAN_POINT ( 'NONE',  ( 1.308000000000000100, 3.860000000000000800, 18.94053300399999900 ) ) ;
#8734 = CARTESIAN_POINT ( 'NONE',  ( 1.308000000000000100, -0.2370412765170451200, 8.799999999400848000 ) ) ;
#8735 = CARTESIAN_POINT ( 'NONE',  ( 1.308000000000000100, 0.1404458833506796200, 8.799999999454289700 ) ) ;
#8736 = CARTESIAN_POINT ( 'NONE',  ( -0.7240000000000000900, 3.860000000000000800, 18.00621949700000400 ) ) ;
#8737 = CARTESIAN_POINT ( 'NONE',  ( 0.2919999999999998700, 3.860000000000000800, 18.94053300399999900 ) ) ;
#8738 = CARTESIAN_POINT ( 'NONE',  ( 0.2919999999999999300, -0.2370412765170451200, 8.799999999400848000 ) ) ;
#8739 = CARTESIAN_POINT ( 'NONE',  ( 0.2919999999999998700, 0.1404458833506796200, 8.799999999454289700 ) ) ;
#8740 = CARTESIAN_POINT ( 'NONE',  ( -1.740000000000000200, 3.860000000000000800, 18.00621949700000400 ) ) ;
#8741 = CARTESIAN_POINT ( 'NONE',  ( -0.7240000000000000900, 3.860000000000000800, 18.94053300399999900 ) ) ;
#8742 = CARTESIAN_POINT ( 'NONE',  ( -0.7240000000000000900, -0.2370412765170451200, 8.799999999400848000 ) ) ;
#8743 = CARTESIAN_POINT ( 'NONE',  ( -0.7240000000000000900, 0.1404458833506796200, 8.799999999454289700 ) ) ;
#8744 = CARTESIAN_POINT ( 'NONE',  ( -2.755999999999999800, 3.860000000000000800, 18.00621949700000400 ) ) ;
#8745 = CARTESIAN_POINT ( 'NONE',  ( -1.740000000000000200, 3.860000000000000800, 18.94053300399999900 ) ) ;
#8746 = CARTESIAN_POINT ( 'NONE',  ( -1.740000000000000200, -0.2370412765170451200, 8.799999999400848000 ) ) ;
#8747 = CARTESIAN_POINT ( 'NONE',  ( -1.740000000000000200, 0.1404458833506796200, 8.799999999454289700 ) ) ;
#8748 = CARTESIAN_POINT ( 'NONE',  ( -3.771999999999999800, 3.860000000000000800, 18.00621949700000400 ) ) ;
#8749 = CARTESIAN_POINT ( 'NONE',  ( -2.755999999999999800, 3.860000000000000800, 18.94053300399999900 ) ) ;
#8750 = CARTESIAN_POINT ( 'NONE',  ( -2.755999999999999800, -0.2370412765170451200, 8.799999999400848000 ) ) ;
#8751 = CARTESIAN_POINT ( 'NONE',  ( -3.771999999999999800, -0.2370412765170451200, 8.799999999400848000 ) ) ;
#8752 = CARTESIAN_POINT ( 'NONE',  ( 5.970000000000000600, -0.2450000000000001100, 20.50000000000000000 ) ) ;
#8753 = CARTESIAN_POINT ( 'NONE',  ( 5.970000000000000600, -0.2450000000000000000, 19.44261204999999400 ) ) ;
#8754 = CARTESIAN_POINT ( 'NONE',  ( -2.295999999999999400, 0.1404458847013597100, 8.799999998908580400 ) ) ;
#8755 = CARTESIAN_POINT ( 'NONE',  ( -3.771999999999999800, 3.860000000000000800, 18.94053300399999900 ) ) ;
#8756 = CARTESIAN_POINT ( 'NONE',  ( -2.755999999999999800, 0.1404458833506796200, 8.799999999454289700 ) ) ;
#8757 = CARTESIAN_POINT ( 'NONE',  ( 5.790503885700493600, -0.2449999998765015600, 18.51075694060767800 ) ) ;
#8758 = CARTESIAN_POINT ( 'NONE',  ( 5.594114064763145300, 1.154999999876505300, 18.54858600793293600 ) ) ;
#8759 = CARTESIAN_POINT ( 'NONE',  ( 5.781196721986204600, -0.2449999999382507800, 18.26895679012119800 ) ) ;
#8760 = CARTESIAN_POINT ( 'NONE',  ( 5.767587712748544400, 1.155000000000000500, 16.62023601197137500 ) ) ;
#8761 = CARTESIAN_POINT ( 'NONE',  ( 5.582480111019839000, 1.154999999938252500, 18.24633581982572400 ) ) ;
#8762 = CARTESIAN_POINT ( 'NONE',  ( 5.594114064568150200, -0.2450000000617484600, 18.54858600808318400 ) ) ;
#8763 = CARTESIAN_POINT ( 'NONE',  ( 0.0000000000000000000, 0.0000000000000000000, 0.0000000000000000000 ) ) ;
#8764 =( LENGTH_UNIT ( ) NAMED_UNIT ( * ) SI_UNIT ( .MILLI., .METRE. ) );
#8765 =( NAMED_UNIT ( * ) PLANE_ANGLE_UNIT ( ) SI_UNIT ( $, .RADIAN. ) );
#8766 =( NAMED_UNIT ( * ) SI_UNIT ( $, .STERADIAN. ) SOLID_ANGLE_UNIT ( ) );
#8767 = APPLICATION_PROTOCOL_DEFINITION ( 'international standard', 'config_control_design', 1994, #8768 ) ;
#8768 = APPLICATION_CONTEXT ( 'configuration controlled 3d designs of mechanical parts and assemblies' ) ;
#8769 = DIRECTION ( 'NONE',  ( 0.0000000000000000000, 0.0000000000000000000, 1.000000000000000000 ) ) ;
#8770 = DIRECTION ( 'NONE',  ( 1.000000000000000000, 0.0000000000000000000, 0.0000000000000000000 ) ) ;
#8771 = MECHANICAL_CONTEXT ( 'NONE', #8768, 'mechanical' ) ;
#8772 = PERSON_AND_ORGANIZATION_ROLE ( 'design_owner' ) ;
#8773 = APPLICATION_CONTEXT ( 'configuration controlled 3d designs of mechanical parts and assemblies' ) ;
#8774 = APPLICATION_PROTOCOL_DEFINITION ( 'international standard', 'config_control_design', 1994, #8773 ) ;
#8775 = APPROVAL_STATUS ( 'not_yet_approved' ) ;
#8776 = APPROVAL_ROLE ( '' ) ;
#8777 = PERSON_AND_ORGANIZATION_ROLE ( 'creator' ) ;
#8778 = DATE_TIME_ROLE ( 'creation_date' ) ;
#8779 = APPROVAL_STATUS ( 'not_yet_approved' ) ;
#8780 = APPROVAL_ROLE ( '' ) ;
#8781 = PERSON_AND_ORGANIZATION_ROLE ( 'creator' ) ;
#8782 = PERSON_AND_ORGANIZATION_ROLE ( 'design_supplier' ) ;
#8783 = SECURITY_CLASSIFICATION_LEVEL ( 'unclassified' ) ;
#8784 = PERSON_AND_ORGANIZATION_ROLE ( 'classification_officer' ) ;
#8785 = DATE_TIME_ROLE ( 'classification_date' ) ;
#8786 = APPROVAL_STATUS ( 'not_yet_approved' ) ;
#8787 = APPROVAL_ROLE ( '' ) ;
#8788 = ORIENTED_EDGE ( 'NONE', *, *, #9633, .T. ) ;
#8789 = ORIENTED_EDGE ( 'NONE', *, *, #9634, .F. ) ;
#8790 = ORIENTED_EDGE ( 'NONE', *, *, #9280, .T. ) ;
#8791 = ORIENTED_EDGE ( 'NONE', *, *, #9622, .F. ) ;
#8792 = ORIENTED_EDGE ( 'NONE', *, *, #9605, .T. ) ;
#8793 = ORIENTED_EDGE ( 'NONE', *, *, #9612, .F. ) ;
#8794 = ORIENTED_EDGE ( 'NONE', *, *, #46, .T. ) ;
#8795 = ORIENTED_EDGE ( 'NONE', *, *, #9269, .T. ) ;
#8796 = ORIENTED_EDGE ( 'NONE', *, *, #9624, .T. ) ;
#8797 = ORIENTED_EDGE ( 'NONE', *, *, #9626, .T. ) ;
#8798 = ORIENTED_EDGE ( 'NONE', *, *, #47, .T. ) ;
#8799 = ORIENTED_EDGE ( 'NONE', *, *, #42, .T. ) ;
#8800 = ORIENTED_EDGE ( 'NONE', *, *, #9610, .T. ) ;
#8801 = ORIENTED_EDGE ( 'NONE', *, *, #9271, .T. ) ;
#8802 = ORIENTED_EDGE ( 'NONE', *, *, #9606, .T. ) ;
#8803 = ORIENTED_EDGE ( 'NONE', *, *, #9609, .T. ) ;
#8804 = ORIENTED_EDGE ( 'NONE', *, *, #9619, .F. ) ;
#8805 = ORIENTED_EDGE ( 'NONE', *, *, #9279, .T. ) ;
#8806 = ORIENTED_EDGE ( 'NONE', *, *, #9272, .F. ) ;
#8807 = ORIENTED_EDGE ( 'NONE', *, *, #9613, .T. ) ;
#8808 = ORIENTED_EDGE ( 'NONE', *, *, #9277, .T. ) ;
#8809 = ORIENTED_EDGE ( 'NONE', *, *, #9602, .F. ) ;
#8810 = ORIENTED_EDGE ( 'NONE', *, *, #9603, .T. ) ;
#8811 = ORIENTED_EDGE ( 'NONE', *, *, #9615, .F. ) ;
#8812 = ORIENTED_EDGE ( 'NONE', *, *, #46, .F. ) ;
#8813 = ORIENTED_EDGE ( 'NONE', *, *, #9276, .F. ) ;
#8814 = ORIENTED_EDGE ( 'NONE', *, *, #9614, .F. ) ;
#8815 = ORIENTED_EDGE ( 'NONE', *, *, #9268, .F. ) ;
#8816 = ORIENTED_EDGE ( 'NONE', *, *, #9273, .T. ) ;
#8817 = ORIENTED_EDGE ( 'NONE', *, *, #9616, .T. ) ;
#8818 = ORIENTED_EDGE ( 'NONE', *, *, #9603, .F. ) ;
#8819 = ORIENTED_EDGE ( 'NONE', *, *, #9275, .T. ) ;
#8820 = ORIENTED_EDGE ( 'NONE', *, *, #9617, .T. ) ;
#8821 = ORIENTED_EDGE ( 'NONE', *, *, #38, .T. ) ;
#8822 = ORIENTED_EDGE ( 'NONE', *, *, #9270, .F. ) ;
#8823 = ORIENTED_EDGE ( 'NONE', *, *, #9282, .F. ) ;
#8824 = ORIENTED_EDGE ( 'NONE', *, *, #9274, .F. ) ;
#8825 = ORIENTED_EDGE ( 'NONE', *, *, #9607, .F. ) ;
#8826 = ORIENTED_EDGE ( 'NONE', *, *, #48, .F. ) ;
#8827 = ORIENTED_EDGE ( 'NONE', *, *, #9601, .T. ) ;
#8828 = ORIENTED_EDGE ( 'NONE', *, *, #9625, .F. ) ;
#8829 = ORIENTED_EDGE ( 'NONE', *, *, #9278, .F. ) ;
#8830 = ORIENTED_EDGE ( 'NONE', *, *, #9604, .F. ) ;
#8831 = ORIENTED_EDGE ( 'NONE', *, *, #9623, .T. ) ;
#8832 = ORIENTED_EDGE ( 'NONE', *, *, #9621, .T. ) ;
#8833 = ORIENTED_EDGE ( 'NONE', *, *, #9608, .T. ) ;
#8834 = ORIENTED_EDGE ( 'NONE', *, *, #9611, .F. ) ;
#8835 = ORIENTED_EDGE ( 'NONE', *, *, #9609, .F. ) ;
#8836 = ORIENTED_EDGE ( 'NONE', *, *, #9620, .T. ) ;
#8837 = ORIENTED_EDGE ( 'NONE', *, *, #9280, .F. ) ;
#8838 = ORIENTED_EDGE ( 'NONE', *, *, #9281, .T. ) ;
#8839 = ORIENTED_EDGE ( 'NONE', *, *, #9618, .T. ) ;
#8840 = ORIENTED_EDGE ( 'NONE', *, *, #49, .T. ) ;
#8841 = CARTESIAN_POINT ( 'NONE',  ( -6.750000000000000000, 6.850000000000000500, 9.427479703999999600 ) ) ;
#8842 = ORIENTED_EDGE ( 'NONE', *, *, #9632, .T. ) ;
#8843 = ORIENTED_EDGE ( 'NONE', *, *, #9276, .T. ) ;
#8844 = ORIENTED_EDGE ( 'NONE', *, *, #9636, .T. ) ;
#8845 = ORIENTED_EDGE ( 'NONE', *, *, #9629, .T. ) ;
#8846 = ORIENTED_EDGE ( 'NONE', *, *, #9628, .F. ) ;
#8847 = ORIENTED_EDGE ( 'NONE', *, *, #9268, .T. ) ;
#8848 = ORIENTED_EDGE ( 'NONE', *, *, #9627, .T. ) ;
#8849 = DIRECTION ( 'NONE',  ( -0.0000000000000000000, 0.0000000000000000000, -1.000000000000000000 ) ) ;
#8850 = CARTESIAN_POINT ( 'NONE',  ( -3.060000000000000100, -8.350000000000001400, 4.624999999999999100 ) ) ;
#8851 = CARTESIAN_POINT ( 'NONE',  ( -1.560000000000000300, -8.350000000000001400, 4.975000000000000500 ) ) ;
#8852 = DIRECTION ( 'NONE',  ( 0.0000000000000000000, -0.0000000000000000000, 1.000000000000000000 ) ) ;
#8853 = DIRECTION ( 'NONE',  ( 1.000000000000000000, 0.0000000000000000000, 0.0000000000000000000 ) ) ;
#8854 = DIRECTION ( 'NONE',  ( 0.0000000000000000000, 0.0000000000000000000, -1.000000000000000000 ) ) ;
#8855 = DIRECTION ( 'NONE',  ( 0.0000000000000000000, -0.0000000000000000000, 1.000000000000000000 ) ) ;
#8856 = CARTESIAN_POINT ( 'NONE',  ( -1.644999999930689700, -8.847770027024379800, 4.799999999999999800 ) ) ;
#8857 = CARTESIAN_POINT ( 'NONE',  ( -3.060000000000000100, -8.350000000000001400, 4.975000000000000500 ) ) ;
#8858 = DIRECTION ( 'NONE',  ( 0.0000000000000000000, -0.0000000000000000000, 1.000000000000000000 ) ) ;
#8859 = DIRECTION ( 'NONE',  ( 1.000000000000000000, 0.0000000000000000000, 0.0000000000000000000 ) ) ;
#8860 = CARTESIAN_POINT ( 'NONE',  ( 0.7800000000000001400, -8.350000000000001400, 4.624999999999999100 ) ) ;
#8861 = CARTESIAN_POINT ( 'NONE',  ( -0.5200000000000000200, -8.350000000000001400, 4.624999999999999100 ) ) ;
#8862 = DIRECTION ( 'NONE',  ( 0.0000000000000000000, -0.0000000000000000000, 1.000000000000000000 ) ) ;
#8863 = DIRECTION ( 'NONE',  ( 1.000000000000000000, 0.0000000000000000000, 0.0000000000000000000 ) ) ;
#8864 = DIRECTION ( 'NONE',  ( -0.0000000000000000000, -0.0000000000000000000, -1.000000000000000000 ) ) ;
#8865 = DIRECTION ( 'NONE',  ( 0.0000000000000000000, -0.0000000000000000000, 1.000000000000000000 ) ) ;
#8866 = CARTESIAN_POINT ( 'NONE',  ( 0.7366666667069092800, -8.017150351077631900, 4.799999999999999800 ) ) ;
#8867 = CARTESIAN_POINT ( 'NONE',  ( -0.5200000000000000200, -8.350000000000001400, 4.975000000000000500 ) ) ;
#8868 = DIRECTION ( 'NONE',  ( -0.0000000000000000000, 0.0000000000000000000, -1.000000000000000000 ) ) ;
#8869 = DIRECTION ( 'NONE',  ( 1.000000000000000000, 6.672013369141564200E-015, 0.0000000000000000000 ) ) ;
#8870 = CARTESIAN_POINT ( 'NONE',  ( 0.9799999999999999800, -8.350000000000001400, 4.975000000000000500 ) ) ;
#8871 = CARTESIAN_POINT ( 'NONE',  ( -0.5200000000000000200, -8.350000000000001400, 4.624999999999999100 ) ) ;
#8872 = DIRECTION ( 'NONE',  ( -0.0000000000000000000, 0.0000000000000000000, -1.000000000000000000 ) ) ;
#8873 = DIRECTION ( 'NONE',  ( 1.000000000000000000, 0.0000000000000000000, 0.0000000000000000000 ) ) ;
#8874 = DIRECTION ( 'NONE',  ( 0.0000000000000000000, 0.0000000000000000000, -1.000000000000000000 ) ) ;
#8875 = DIRECTION ( 'NONE',  ( 0.0000000000000000000, -0.0000000000000000000, 1.000000000000000000 ) ) ;
#8876 = CARTESIAN_POINT ( 'NONE',  ( 0.8950000000693102400, -8.847770027024381500, 4.799999999999999800 ) ) ;
#8877 = CARTESIAN_POINT ( 'NONE',  ( -0.5200000000000000200, -8.350000000000001400, 4.975000000000000500 ) ) ;
#8878 = DIRECTION ( 'NONE',  ( 0.0000000000000000000, -0.0000000000000000000, 1.000000000000000000 ) ) ;
#8879 = DIRECTION ( 'NONE',  ( 1.000000000000000000, 0.0000000000000000000, 0.0000000000000000000 ) ) ;
#8880 = CARTESIAN_POINT ( 'NONE',  ( 3.319999999999999800, -8.350000000000001400, 4.624999999999999100 ) ) ;
#8881 = CARTESIAN_POINT ( 'NONE',  ( 2.020000000000000000, -8.350000000000001400, 4.624999999999999100 ) ) ;
#8882 = DIRECTION ( 'NONE',  ( 0.0000000000000000000, -0.0000000000000000000, 1.000000000000000000 ) ) ;
#8883 = DIRECTION ( 'NONE',  ( 1.000000000000000000, 0.0000000000000000000, 0.0000000000000000000 ) ) ;
#8884 = DIRECTION ( 'NONE',  ( -0.0000000000000000000, -0.0000000000000000000, -1.000000000000000000 ) ) ;
#8885 = DIRECTION ( 'NONE',  ( 0.0000000000000000000, 0.0000000000000000000, 1.000000000000000000 ) ) ;
#8886 = CARTESIAN_POINT ( 'NONE',  ( 3.276666666706908900, -8.017150351077631900, 4.799999999999999800 ) ) ;
#8887 = CARTESIAN_POINT ( 'NONE',  ( 2.020000000000000000, -8.350000000000001400, 4.975000000000000500 ) ) ;
#8888 = DIRECTION ( 'NONE',  ( -0.0000000000000000000, 0.0000000000000000000, -1.000000000000000000 ) ) ;
#8889 = DIRECTION ( 'NONE',  ( 1.000000000000000000, 6.672013369141565800E-015, 0.0000000000000000000 ) ) ;
#8890 = CARTESIAN_POINT ( 'NONE',  ( 3.520000000000000000, -8.350000000000001400, 4.975000000000000500 ) ) ;
#8891 = CARTESIAN_POINT ( 'NONE',  ( 2.020000000000000000, -8.350000000000001400, 4.624999999999999100 ) ) ;
#8892 = DIRECTION ( 'NONE',  ( -0.0000000000000000000, -0.0000000000000000000, -1.000000000000000000 ) ) ;
#8893 = DIRECTION ( 'NONE',  ( 1.000000000000000000, 0.0000000000000000000, 0.0000000000000000000 ) ) ;
#8894 = DIRECTION ( 'NONE',  ( 0.0000000000000000000, 0.0000000000000000000, -1.000000000000000000 ) ) ;
#8895 = CARTESIAN_POINT ( 'NONE',  ( 5.767587712245633800, -0.2450000000000000500, 16.62023601191412700 ) ) ;
#8896 = CARTESIAN_POINT ( 'NONE',  ( 5.767587712999999300, -0.2450000000000000500, 16.62023601199999900 ) ) ;
#8897 = CARTESIAN_POINT ( 'NONE',  ( 3.435000000069310400, -8.847770027024379800, 4.799999999999999800 ) ) ;
#8898 = CARTESIAN_POINT ( 'NONE',  ( 2.020000000000000000, -8.350000000000001400, 4.975000000000000500 ) ) ;
#8899 = DIRECTION ( 'NONE',  ( 0.0000000000000000000, 0.0000000000000000000, 1.000000000000000000 ) ) ;
#8900 = DIRECTION ( 'NONE',  ( 1.000000000000000000, 0.0000000000000000000, 0.0000000000000000000 ) ) ;
#8901 = CARTESIAN_POINT ( 'NONE',  ( 5.966304323245634800, -0.2450000000000000500, 16.64285698191413200 ) ) ;
#8902 = CARTESIAN_POINT ( 'NONE',  ( 5.767587712999999300, 1.155000000000000500, 16.62023601199999900 ) ) ;
#8903 = DIRECTION ( 'NONE',  ( -0.0000000000000000000, 1.000000000000000000, 0.0000000000000000000 ) ) ;
#8904 = DIRECTION ( 'NONE',  ( 0.9935830578433062500, 0.0000000000000000000, 0.1131048503236929700 ) ) ;
#8905 = CARTESIAN_POINT ( 'NONE',  ( 5.582480110999999700, -0.2450000000000000500, 18.24633582000000200 ) ) ;
#8906 = DIRECTION ( 'NONE',  ( -0.0000000000000000000, -1.000000000000000000, -0.0000000000000000000 ) ) ;
#8907 = DIRECTION ( 'NONE',  ( -0.0000000000000000000, -1.000000000000000000, 0.0000000000000000000 ) ) ;
#8908 = DIRECTION ( 'NONE',  ( 0.9935830577693081100, -0.0000000000000000000, 0.1131048509737391400 ) ) ;
#8909 = CARTESIAN_POINT ( 'NONE',  ( 5.594114064568149300, -0.2450000000000000500, 18.54858600808318100 ) ) ;
#8910 = DIRECTION ( 'NONE',  ( 0.0000000000000000000, 1.000000000000000000, 0.0000000000000000000 ) ) ;
#8911 = CARTESIAN_POINT ( 'NONE',  ( 6.576063168000001000, -0.2450000001234969000, 18.35944067100000200 ) ) ;
#8912 = DIRECTION ( 'NONE',  ( 0.0000000000000000000, -1.000000000000000000, -0.0000000000000000000 ) ) ;
#8913 = DIRECTION ( 'NONE',  ( -9.540979117872462700E-015, 0.0000000000000000000, 1.000000000000000000 ) ) ;
#8914 = DIRECTION ( 'NONE',  ( 0.1131048509737391400, 0.0000000000000000000, -0.9935830577693081100 ) ) ;
#8915 = DIRECTION ( 'NONE',  ( 0.1891453365477584200, 0.0000000000000000000, 0.9819491033970320100 ) ) ;
#8916 = CARTESIAN_POINT ( 'NONE',  ( 5.781196722000001600, -0.2450000000000000500, 18.26895679000000100 ) ) ;
#8917 = CARTESIAN_POINT ( 'NONE',  ( 6.576063168000001000, 1.154999999876505300, 18.35944067100000200 ) ) ;
#8918 = DIRECTION ( 'NONE',  ( 0.0000000000000000000, -1.000000000000000000, -0.0000000000000000000 ) ) ;
#8919 = DIRECTION ( 'NONE',  ( -5.204170427930434700E-015, 0.0000000000000000000, 1.000000000000000000 ) ) ;
#8920 = CARTESIAN_POINT ( 'NONE',  ( -3.771999999999999800, 3.860000000000000300, 18.94053300399999900 ) ) ;
#8921 = CARTESIAN_POINT ( 'NONE',  ( -3.771999999999999800, 3.860000000000000300, 8.800000000000000700 ) ) ;
#8922 = CARTESIAN_POINT ( 'NONE',  ( 5.790503885999999800, -0.2450000000000000500, 18.51075694100000000 ) ) ;
#8923 = CARTESIAN_POINT ( 'NONE',  ( 6.576063168000001000, -0.2449999998765015600, 18.35944067100000200 ) ) ;
#8924 = DIRECTION ( 'NONE',  ( 0.0000000000000000000, -1.000000000000000000, -0.0000000000000000000 ) ) ;
#8925 = DIRECTION ( 'NONE',  ( 0.0000000000000000000, 0.0000000000000000000, 1.000000000000000000 ) ) ;
#8926 = CARTESIAN_POINT ( 'NONE',  ( 5.970000000000000600, -0.2450000000000000500, 18.35944067100000200 ) ) ;
#8927 = DIRECTION ( 'NONE',  ( 0.0000000000000000000, -0.0000000000000000000, 1.000000000000000000 ) ) ;
#8928 = CARTESIAN_POINT ( 'NONE',  ( 5.970000000000000600, -0.2450000000000000500, 20.50000000000000000 ) ) ;
#8929 = DIRECTION ( 'NONE',  ( 0.1891453370575618400, 0.0000000000000000000, 0.9819491032988324500 ) ) ;
#8930 = CARTESIAN_POINT ( 'NONE',  ( 5.582480110999999700, -0.2450000000000000500, 18.24633582000000200 ) ) ;
#8931 = DIRECTION ( 'NONE',  ( -0.1131048509737391400, 0.0000000000000000000, 0.9935830577693081100 ) ) ;
#8932 = CARTESIAN_POINT ( 'NONE',  ( -3.771999999999999800, 3.860000000000000300, 8.800000000000000700 ) ) ;
#8933 = CARTESIAN_POINT ( 'NONE',  ( -2.755999999999999800, 3.860000000000000300, 8.800000000000000700 ) ) ;
#8934 = DIRECTION ( 'NONE',  ( -0.0000000000000000000, -1.000000000000000000, 0.0000000000000000000 ) ) ;
#8935 = DIRECTION ( 'NONE',  ( 0.0000000000000000000, -0.3746065929078976600, -0.9271838547720384600 ) ) ;
#8936 = CARTESIAN_POINT ( 'NONE',  ( -2.755999999999999800, 3.860000000000000300, 18.94053300399999900 ) ) ;
#8937 = DIRECTION ( 'NONE',  ( -0.0000000000000000000, -0.0000000000000000000, -1.000000000000000000 ) ) ;
#8938 = CARTESIAN_POINT ( 'NONE',  ( -3.771999999999999800, 3.860000000000000300, 18.00621949700000000 ) ) ;
#8939 = CARTESIAN_POINT ( 'NONE',  ( -2.755999999999999800, 3.860000000000000300, 8.800000000000000700 ) ) ;
#8940 = DIRECTION ( 'NONE',  ( 0.0000000000000000000, 0.3746065929078976600, 0.9271838547720384600 ) ) ;
#8941 = DIRECTION ( 'NONE',  ( -0.0000000000000000000, -1.000000000000000000, 0.0000000000000000000 ) ) ;
#8942 = CARTESIAN_POINT ( 'NONE',  ( -1.740000000000000200, 3.860000000000000300, 8.800000000000000700 ) ) ;
#8943 = DIRECTION ( 'NONE',  ( 0.0000000000000000000, -0.3746065929078976600, -0.9271838547720384600 ) ) ;
#8944 = CARTESIAN_POINT ( 'NONE',  ( -1.740000000000000200, 3.860000000000000300, 18.94053300399999900 ) ) ;
#8945 = DIRECTION ( 'NONE',  ( -0.0000000000000000000, -0.0000000000000000000, -1.000000000000000000 ) ) ;
#8946 = CARTESIAN_POINT ( 'NONE',  ( -2.755999999999999800, 3.860000000000000300, 18.00621949700000000 ) ) ;
#8947 = CARTESIAN_POINT ( 'NONE',  ( -1.740000000000000200, 3.860000000000000300, 8.800000000000000700 ) ) ;
#8948 = DIRECTION ( 'NONE',  ( 0.0000000000000000000, 0.3746065929078976600, 0.9271838547720384600 ) ) ;
#8949 = DIRECTION ( 'NONE',  ( -0.0000000000000000000, -1.000000000000000000, 0.0000000000000000000 ) ) ;
#8950 = EDGE_LOOP ( 'NONE', ( #10789, #10790, #10791, #10792 ) ) ;
#8951 = EDGE_LOOP ( 'NONE', ( #10452, #10453, #10454, #10455 ) ) ;
#8952 = EDGE_LOOP ( 'NONE', ( #10456, #10457, #10458, #10459 ) ) ;
#8953 = EDGE_LOOP ( 'NONE', ( #10464, #10465, #10466, #10467 ) ) ;
#8954 = EDGE_LOOP ( 'NONE', ( #10448, #10449, #10450, #10451 ) ) ;
#8955 = EDGE_LOOP ( 'NONE', ( #10476, #10477, #10478, #10479 ) ) ;
#8956 = EDGE_LOOP ( 'NONE', ( #10460, #10461, #10462, #10463 ) ) ;
#8957 = EDGE_LOOP ( 'NONE', ( #10480, #10481, #10482, #10483 ) ) ;
#8958 = EDGE_LOOP ( 'NONE', ( #10484, #10485, #10486, #10487 ) ) ;
#8959 = EDGE_LOOP ( 'NONE', ( #10488, #10489, #10490, #10491 ) ) ;
#8960 = EDGE_LOOP ( 'NONE', ( #10436, #10437, #10438, #10439 ) ) ;
#8961 = EDGE_LOOP ( 'NONE', ( #10432, #10433, #10434, #10435 ) ) ;
#8962 = EDGE_LOOP ( 'NONE', ( #10472, #10473, #10474, #10475 ) ) ;
#8963 = EDGE_LOOP ( 'NONE', ( #10492, #10493, #10494, #10495 ) ) ;
#8964 = EDGE_LOOP ( 'NONE', ( #10496, #10497, #10747, #10748 ) ) ;
#8965 = EDGE_LOOP ( 'NONE', ( #10749, #10750, #10751, #10752 ) ) ;
#8966 = EDGE_LOOP ( 'NONE', ( #10753, #10754, #10755, #10756 ) ) ;
#8967 = EDGE_LOOP ( 'NONE', ( #10757, #10758, #10759, #10760 ) ) ;
#8968 = EDGE_LOOP ( 'NONE', ( #10761, #10762, #10763, #10764 ) ) ;
#8969 = EDGE_LOOP ( 'NONE', ( #10777, #10778, #10779, #10780 ) ) ;
#8970 = EDGE_LOOP ( 'NONE', ( #10785, #10786, #10787, #10788 ) ) ;
#8971 = EDGE_LOOP ( 'NONE', ( #10773, #10774, #10775, #10776 ) ) ;
#8972 = EDGE_LOOP ( 'NONE', ( #10881, #10882, #10883, #10884 ) ) ;
#8973 = EDGE_LOOP ( 'NONE', ( #10781, #10782, #10783, #10784 ) ) ;
#8974 = EDGE_LOOP ( 'NONE', ( #10813, #10814, #10815, #10816 ) ) ;
#8975 = EDGE_LOOP ( 'NONE', ( #10809, #10810, #10811, #10812 ) ) ;
#8976 = EDGE_LOOP ( 'NONE', ( #10793, #10794, #10795, #10796 ) ) ;
#8977 = EDGE_LOOP ( 'NONE', ( #10797, #10798, #10799, #10800 ) ) ;
#8978 = EDGE_LOOP ( 'NONE', ( #10805, #10806, #10807, #10808 ) ) ;
#8979 = EDGE_LOOP ( 'NONE', ( #10801, #10802, #10803, #10804 ) ) ;
#8980 = EDGE_LOOP ( 'NONE', ( #10877, #10878, #10879, #10880 ) ) ;
#8981 = EDGE_LOOP ( 'NONE', ( #385, #386, #387, #388, #389 ) ) ;
#8982 = EDGE_LOOP ( 'NONE', ( #10849, #10850, #10851, #10852, #10853, #10854, #10855, #10856, #10857, #10858, #10859, #10860, #10861, #10862, #10863, #10864 ) ) ;
#8983 = EDGE_LOOP ( 'NONE', ( #10873, #10874, #10875, #10876 ) ) ;
#8984 = EDGE_LOOP ( 'NONE', ( #10829, #10830, #10831, #10832 ) ) ;
#8985 = EDGE_LOOP ( 'NONE', ( #10833, #10834, #10835, #10836 ) ) ;
#8986 = EDGE_LOOP ( 'NONE', ( #10885, #10886, #10887, #10888 ) ) ;
#8987 = EDGE_LOOP ( 'NONE', ( #390, #391, #392, #393 ) ) ;
#8988 = EDGE_LOOP ( 'NONE', ( #10817, #10818, #10819, #10820 ) ) ;
#8989 = EDGE_LOOP ( 'NONE', ( #10825, #10826, #10827, #10828 ) ) ;
#8990 = EDGE_LOOP ( 'NONE', ( #10865, #10866, #10867, #10868, #10869, #10870, #10871, #10872 ) ) ;
#8991 = EDGE_LOOP ( 'NONE', ( #10841, #10842, #10843, #10844 ) ) ;
#8992 = EDGE_LOOP ( 'NONE', ( #406, #407, #408, #409 ) ) ;
#8993 = EDGE_LOOP ( 'NONE', ( #10845, #10846, #10847, #10848 ) ) ;
#8994 = EDGE_LOOP ( 'NONE', ( #10837, #10838, #10839, #10840 ) ) ;
#8995 = EDGE_LOOP ( 'NONE', ( #10424, #10425, #10426, #10427 ) ) ;
#8996 = EDGE_LOOP ( 'NONE', ( #10821, #10822, #10823, #10824 ) ) ;
#8997 = EDGE_LOOP ( 'NONE', ( #10420, #10421, #10422, #10423 ) ) ;
#8998 = EDGE_LOOP ( 'NONE', ( #10468, #10469, #10470, #10471 ) ) ;
#8999 = EDGE_LOOP ( 'NONE', ( #10428, #10429, #10430, #10431 ) ) ;
#9000 = EDGE_LOOP ( 'NONE', ( #10416, #10417, #10418, #10419 ) ) ;
#9001 = EDGE_LOOP ( 'NONE', ( #10444, #10445, #10446, #10447 ) ) ;
#9002 = EDGE_LOOP ( 'NONE', ( #10440, #10441, #10442, #10443 ) ) ;
#9003 = EDGE_LOOP ( 'NONE', ( #10412, #10413, #10414, #10415 ) ) ;
#9004 = EDGE_LOOP ( 'NONE', ( #10408, #10409, #10410, #10411 ) ) ;
#9005 = EDGE_LOOP ( 'NONE', ( #10404, #10405, #10406, #10407 ) ) ;
#9006 = EDGE_LOOP ( 'NONE', ( #10400, #10401, #10402, #10403 ) ) ;
#9007 = EDGE_LOOP ( 'NONE', ( #10396, #10397, #10398, #10399 ) ) ;
#9008 = EDGE_LOOP ( 'NONE', ( #10392, #10393, #10394, #10395 ) ) ;
#9009 = EDGE_LOOP ( 'NONE', ( #9757, #9758, #9759, #9760 ) ) ;
#9010 = EDGE_LOOP ( 'NONE', ( #9119, #9120, #9121, #9122 ) ) ;
#9011 = EDGE_LOOP ( 'NONE', ( #10765, #10766, #10767, #10768, #10769, #10770, #10771, #10772 ) ) ;
#9012 = EDGE_LOOP ( 'NONE', ( #7620, #8790, #8844, #9728 ) ) ;
#9013 = EDGE_LOOP ( 'NONE', ( #9761, #9762, #9763, #9764 ) ) ;
#9014 = EDGE_LOOP ( 'NONE', ( #9733, #9734, #9735, #9736 ) ) ;
#9015 = EDGE_LOOP ( 'NONE', ( #9123, #9124, #9125, #9126 ) ) ;
#9016 = EDGE_LOOP ( 'NONE', ( #9737, #9738, #9739, #9740 ) ) ;
#9017 = EDGE_LOOP ( 'NONE', ( #8842, #8843, #8788, #8789 ) ) ;
#9018 = EDGE_LOOP ( 'NONE', ( #7819, #10385, #10386, #10387 ) ) ;
#9019 = EDGE_LOOP ( 'NONE', ( #9729, #9730, #9731, #9732 ) ) ;
#9020 = EDGE_LOOP ( 'NONE', ( #9741, #9742, #9743, #9744 ) ) ;
#9021 = EDGE_LOOP ( 'NONE', ( #8845, #3645, #3638, #3644 ) ) ;
#9022 = EDGE_LOOP ( 'NONE', ( #10388, #10389, #10390, #10391 ) ) ;
#9023 = EDGE_LOOP ( 'NONE', ( #8838, #8823, #8827, #8809 ) ) ;
#9024 = EDGE_LOOP ( 'NONE', ( #8808, #8829, #8805, #8837 ) ) ;
#9025 = EDGE_LOOP ( 'NONE', ( #8816, #8824, #8819, #8813 ) ) ;
#9026 = EDGE_LOOP ( 'NONE', ( #9143, #9144, #9145, #9146 ) ) ;
#9027 = EDGE_LOOP ( 'NONE', ( #8798, #8826, #8840, #8815 ) ) ;
#9028 = EDGE_LOOP ( 'NONE', ( #8795, #8822, #8801, #8806 ) ) ;
#9029 = EDGE_LOOP ( 'NONE', ( #9147, #9148, #9149, #8812 ) ) ;
#9030 = EDGE_LOOP ( 'NONE', ( #9753, #9754, #9755, #9756 ) ) ;
#9031 = EDGE_LOOP ( 'NONE', ( #9079, #9080, #9081, #9082 ) ) ;
#9032 = EDGE_LOOP ( 'NONE', ( #9107, #9108, #9109, #9110 ) ) ;
#9033 = EDGE_LOOP ( 'NONE', ( #9131, #9132, #9133, #9134, #9135, #9136, #9137, #9138 ) ) ;
#9034 = EDGE_LOOP ( 'NONE', ( #9067, #9068, #9069, #9070 ) ) ;
#9035 = EDGE_LOOP ( 'NONE', ( #9127, #9128, #9129, #9130 ) ) ;
#9036 = EDGE_LOOP ( 'NONE', ( #9115, #9116, #9117, #9118 ) ) ;
#9037 = EDGE_LOOP ( 'NONE', ( #9083, #9084, #9085, #9086 ) ) ;
#9038 = EDGE_LOOP ( 'NONE', ( #9103, #9104, #9105, #9106 ) ) ;
#9039 = EDGE_LOOP ( 'NONE', ( #9111, #9112, #9113, #9114 ) ) ;
#9040 = EDGE_LOOP ( 'NONE', ( #8836, #8799, #8832, #8791 ) ) ;
#9041 = EDGE_LOOP ( 'NONE', ( #9075, #9076, #9077, #9078 ) ) ;
#9042 = EDGE_LOOP ( 'NONE', ( #9063, #9064, #9065, #9066 ) ) ;
#9043 = EDGE_LOOP ( 'NONE', ( #9099, #9100, #9101, #9102 ) ) ;
#9044 = EDGE_LOOP ( 'NONE', ( #9091, #9092, #9093, #9094 ) ) ;
#9045 = EDGE_LOOP ( 'NONE', ( #9087, #9088, #9089, #9090 ) ) ;
#9046 = EDGE_LOOP ( 'NONE', ( #9139, #9140, #9141, #9142 ) ) ;
#9047 = EDGE_LOOP ( 'NONE', ( #9060, #9059, #9061, #9062 ) ) ;
#9048 = EDGE_LOOP ( 'NONE', ( #9071, #9072, #9073, #9074 ) ) ;
#9049 = EDGE_LOOP ( 'NONE', ( #8820, #8821, #8839, #8804 ) ) ;
#9050 = EDGE_LOOP ( 'NONE', ( #8814, #8803, #8811, #8817 ) ) ;
#9051 = EDGE_LOOP ( 'NONE', ( #9095, #9096, #9097, #9098 ) ) ;
#9052 = EDGE_LOOP ( 'NONE', ( #8831, #8794, #8796, #8828 ) ) ;
#9053 = EDGE_LOOP ( 'NONE', ( #8818, #8830, #8792, #8802, #8825, #8833, #8835, #8800 ) ) ;
#9054 = EDGE_LOOP ( 'NONE', ( #8797, #8847, #8848, #8846 ) ) ;
#9055 = EDGE_LOOP ( 'NONE', ( #8834, #8810, #8793, #8807 ) ) ;
#9056 = EDGE_LOOP ( 'NONE', ( #9749, #9750, #9751, #9752 ) ) ;
#9057 = EDGE_LOOP ( 'NONE', ( #502, #503, #504, #505 ) ) ;
#9058 = EDGE_LOOP ( 'NONE', ( #9745, #9746, #9747, #9748 ) ) ;
#9059 = ORIENTED_EDGE ( 'NONE', *, *, #9183, .T. ) ;
#9060 = ORIENTED_EDGE ( 'NONE', *, *, #9180, .T. ) ;
#9061 = ORIENTED_EDGE ( 'NONE', *, *, #9181, .T. ) ;
#9062 = ORIENTED_EDGE ( 'NONE', *, *, #9182, .T. ) ;
#9063 = ORIENTED_EDGE ( 'NONE', *, *, #9179, .F. ) ;
#9064 = ORIENTED_EDGE ( 'NONE', *, *, #9178, .T. ) ;
#9065 = ORIENTED_EDGE ( 'NONE', *, *, #9185, .F. ) ;
#9066 = ORIENTED_EDGE ( 'NONE', *, *, #9184, .T. ) ;
#9067 = ORIENTED_EDGE ( 'NONE', *, *, #9195, .F. ) ;
#9068 = ORIENTED_EDGE ( 'NONE', *, *, #9186, .T. ) ;
#9069 = ORIENTED_EDGE ( 'NONE', *, *, #9187, .F. ) ;
#9070 = ORIENTED_EDGE ( 'NONE', *, *, #9188, .F. ) ;
#9071 = ORIENTED_EDGE ( 'NONE', *, *, #9189, .F. ) ;
#9072 = ORIENTED_EDGE ( 'NONE', *, *, #9190, .T. ) ;
#9073 = ORIENTED_EDGE ( 'NONE', *, *, #9191, .F. ) ;
#9074 = ORIENTED_EDGE ( 'NONE', *, *, #9192, .F. ) ;
#9075 = ORIENTED_EDGE ( 'NONE', *, *, #9193, .F. ) ;
#9076 = ORIENTED_EDGE ( 'NONE', *, *, #9200, .T. ) ;
#9077 = ORIENTED_EDGE ( 'NONE', *, *, #9194, .F. ) ;
#9078 = ORIENTED_EDGE ( 'NONE', *, *, #9199, .F. ) ;
#9079 = ORIENTED_EDGE ( 'NONE', *, *, #9197, .F. ) ;
#9080 = ORIENTED_EDGE ( 'NONE', *, *, #9198, .T. ) ;
#9081 = ORIENTED_EDGE ( 'NONE', *, *, #9204, .F. ) ;
#9082 = ORIENTED_EDGE ( 'NONE', *, *, #9201, .F. ) ;
#9083 = ORIENTED_EDGE ( 'NONE', *, *, #9203, .F. ) ;
#9084 = ORIENTED_EDGE ( 'NONE', *, *, #9196, .T. ) ;
#9085 = ORIENTED_EDGE ( 'NONE', *, *, #9202, .F. ) ;
#9086 = ORIENTED_EDGE ( 'NONE', *, *, #9177, .T. ) ;
#9087 = ORIENTED_EDGE ( 'NONE', *, *, #9712, .F. ) ;
#9088 = ORIENTED_EDGE ( 'NONE', *, *, #9713, .T. ) ;
#9089 = ORIENTED_EDGE ( 'NONE', *, *, #9714, .F. ) ;
#9090 = ORIENTED_EDGE ( 'NONE', *, *, #9715, .F. ) ;
#9091 = ORIENTED_EDGE ( 'NONE', *, *, #9716, .F. ) ;
#9092 = ORIENTED_EDGE ( 'NONE', *, *, #9717, .T. ) ;
#9093 = ORIENTED_EDGE ( 'NONE', *, *, #9718, .F. ) ;
#9094 = ORIENTED_EDGE ( 'NONE', *, *, #9719, .T. ) ;
#9095 = ORIENTED_EDGE ( 'NONE', *, *, #9720, .F. ) ;
#9096 = ORIENTED_EDGE ( 'NONE', *, *, #9721, .T. ) ;
#9097 = ORIENTED_EDGE ( 'NONE', *, *, #9722, .F. ) ;
#9098 = ORIENTED_EDGE ( 'NONE', *, *, #9723, .T. ) ;
#9099 = ORIENTED_EDGE ( 'NONE', *, *, #9724, .F. ) ;
#9100 = ORIENTED_EDGE ( 'NONE', *, *, #9725, .T. ) ;
#9101 = ORIENTED_EDGE ( 'NONE', *, *, #9726, .F. ) ;
#9102 = ORIENTED_EDGE ( 'NONE', *, *, #9727, .T. ) ;
#9103 = ORIENTED_EDGE ( 'NONE', *, *, #1, .F. ) ;
#9104 = ORIENTED_EDGE ( 'NONE', *, *, #2, .T. ) ;
#9105 = ORIENTED_EDGE ( 'NONE', *, *, #3, .F. ) ;
#9106 = ORIENTED_EDGE ( 'NONE', *, *, #4, .T. ) ;
#9107 = ORIENTED_EDGE ( 'NONE', *, *, #5, .F. ) ;
#9108 = ORIENTED_EDGE ( 'NONE', *, *, #6, .T. ) ;
#9109 = ORIENTED_EDGE ( 'NONE', *, *, #7, .F. ) ;
#9110 = ORIENTED_EDGE ( 'NONE', *, *, #8, .T. ) ;
#9111 = ORIENTED_EDGE ( 'NONE', *, *, #9, .F. ) ;
#9112 = ORIENTED_EDGE ( 'NONE', *, *, #10, .T. ) ;
#9113 = ORIENTED_EDGE ( 'NONE', *, *, #11, .F. ) ;
#9114 = ORIENTED_EDGE ( 'NONE', *, *, #12, .T. ) ;
#9115 = ORIENTED_EDGE ( 'NONE', *, *, #13, .F. ) ;
#9116 = ORIENTED_EDGE ( 'NONE', *, *, #14, .T. ) ;
#9117 = ORIENTED_EDGE ( 'NONE', *, *, #15, .F. ) ;
#9118 = ORIENTED_EDGE ( 'NONE', *, *, #16, .T. ) ;
#9119 = ORIENTED_EDGE ( 'NONE', *, *, #17, .F. ) ;
#9120 = ORIENTED_EDGE ( 'NONE', *, *, #18, .T. ) ;
#9121 = ORIENTED_EDGE ( 'NONE', *, *, #19, .F. ) ;
#9122 = ORIENTED_EDGE ( 'NONE', *, *, #20, .T. ) ;
#9123 = ORIENTED_EDGE ( 'NONE', *, *, #21, .F. ) ;
#9124 = ORIENTED_EDGE ( 'NONE', *, *, #22, .F. ) ;
#9125 = ORIENTED_EDGE ( 'NONE', *, *, #23, .F. ) ;
#9126 = ORIENTED_EDGE ( 'NONE', *, *, #24, .T. ) ;
#9127 = ORIENTED_EDGE ( 'NONE', *, *, #25, .F. ) ;
#9128 = ORIENTED_EDGE ( 'NONE', *, *, #26, .F. ) ;
#9129 = ORIENTED_EDGE ( 'NONE', *, *, #27, .F. ) ;
#9130 = ORIENTED_EDGE ( 'NONE', *, *, #28, .T. ) ;
#9131 = ORIENTED_EDGE ( 'NONE', *, *, #29, .F. ) ;
#9132 = ORIENTED_EDGE ( 'NONE', *, *, #30, .F. ) ;
#9133 = ORIENTED_EDGE ( 'NONE', *, *, #31, .T. ) ;
#9134 = ORIENTED_EDGE ( 'NONE', *, *, #32, .T. ) ;
#9135 = ORIENTED_EDGE ( 'NONE', *, *, #33, .F. ) ;
#9136 = ORIENTED_EDGE ( 'NONE', *, *, #26, .T. ) ;
#9137 = ORIENTED_EDGE ( 'NONE', *, *, #34, .F. ) ;
#9138 = ORIENTED_EDGE ( 'NONE', *, *, #22, .T. ) ;
#9139 = ORIENTED_EDGE ( 'NONE', *, *, #35, .T. ) ;
#9140 = ORIENTED_EDGE ( 'NONE', *, *, #36, .F. ) ;
#9141 = ORIENTED_EDGE ( 'NONE', *, *, #37, .T. ) ;
#9142 = ORIENTED_EDGE ( 'NONE', *, *, #38, .F. ) ;
#9143 = ORIENTED_EDGE ( 'NONE', *, *, #39, .T. ) ;
#9144 = ORIENTED_EDGE ( 'NONE', *, *, #40, .F. ) ;
#9145 = ORIENTED_EDGE ( 'NONE', *, *, #41, .T. ) ;
#9146 = ORIENTED_EDGE ( 'NONE', *, *, #42, .F. ) ;
#9147 = ORIENTED_EDGE ( 'NONE', *, *, #43, .T. ) ;
#9148 = ORIENTED_EDGE ( 'NONE', *, *, #44, .F. ) ;
#9149 = ORIENTED_EDGE ( 'NONE', *, *, #45, .T. ) ;
#9150 = MANIFOLD_SOLID_BREP ( 'Imported1', #7808 ) ;
#9151 = B_SPLINE_CURVE_WITH_KNOTS ( 'NONE', 3,
 ( #2709, #2705, #2704, #2710 ),
 .UNSPECIFIED., .F., .F.,
 ( 4, 4 ),
 ( 5.791643152383955600E-015, 0.001210768576885884900 ),
 .UNSPECIFIED. ) ;
#9152 = B_SPLINE_CURVE_WITH_KNOTS ( 'NONE', 3,
 ( #2716, #2711, #2712, #2717 ),
 .UNSPECIFIED., .F., .F.,
 ( 4, 4 ),
 ( 4.755583605430406500E-015, 0.001210768576872891100 ),
 .UNSPECIFIED. ) ;
#9153 = B_SPLINE_CURVE_WITH_KNOTS ( 'NONE', 3,
 ( #2723, #2719, #2718, #2724 ),
 .UNSPECIFIED., .F., .F.,
 ( 4, 4 ),
 ( 1.295702577594297300E-015, 0.001204679111031090500 ),
 .UNSPECIFIED. ) ;
#9154 = B_SPLINE_CURVE_WITH_KNOTS ( 'NONE', 3,
 ( #2732, #2725, #2727, #2733 ),
 .UNSPECIFIED., .F., .F.,
 ( 4, 4 ),
 ( 8.846902647481807500E-016, 0.001204679111032184300 ),
 .UNSPECIFIED. ) ;
#9155 = UNCERTAINTY_MEASURE_WITH_UNIT (LENGTH_MEASURE( 1.000000000000000100E-005 ), #8764, 'distance_accuracy_value', 'NONE');
#9156 = ADVANCED_BREP_SHAPE_REPRESENTATION ( 'M-RJE56-188-1X10-REVT1', ( #9150, #7946 ), #7945 ) ;
#9157 = DESIGN_CONTEXT ( 'detailed design', #8773, 'design' ) ;
#9158 = PRODUCT_DEFINITION_SHAPE ( 'NONE', 'NONE',  #7948 ) ;
#9159 = ADVANCED_FACE ( 'NONE', ( #4623 ), #4626, .T. ) ;
#9160 = ADVANCED_FACE ( 'NONE', ( #4616 ), #4628, .T. ) ;
#9161 = ADVANCED_FACE ( 'NONE', ( #4622 ), #5250, .F. ) ;
#9162 = ADVANCED_FACE ( 'NONE', ( #4625 ), #4631, .T. ) ;
#9163 = ADVANCED_FACE ( 'NONE', ( #4629 ), #5257, .F. ) ;
#9164 = ADVANCED_FACE ( 'NONE', ( #4627 ), #5262, .F. ) ;
#9165 = ADVANCED_FACE ( 'NONE', ( #4624 ), #5266, .F. ) ;
#9166 = ADVANCED_FACE ( 'NONE', ( #4632, #4635 ), #5267, .F. ) ;
#9167 = ADVANCED_FACE ( 'NONE', ( #4634 ), #5274, .F. ) ;
#9168 = ADVANCED_FACE ( 'NONE', ( #4630, #4638 ), #5275, .F. ) ;
#9169 = ADVANCED_FACE ( 'NONE', ( #4637 ), #5282, .F. ) ;
#9170 = ADVANCED_FACE ( 'NONE', ( #4633 ), #5286, .F. ) ;
#9171 = ADVANCED_FACE ( 'NONE', ( #4639 ), #5290, .F. ) ;
#9172 = ADVANCED_FACE ( 'NONE', ( #4640 ), #4644, .T. ) ;
#9173 = ADVANCED_FACE ( 'NONE', ( #4642 ), #5296, .F. ) ;
#9174 = ADVANCED_FACE ( 'NONE', ( #4636 ), #5301, .F. ) ;
#9175 = ADVANCED_FACE ( 'NONE', ( #4641, #4647 ), #5302, .F. ) ;
#9176 = ADVANCED_FACE ( 'NONE', ( #4646, #4649 ), #5305, .F. ) ;
#9177 = EDGE_CURVE ( 'NONE', #9938, #9936, #4650, .T. ) ;
#9178 = EDGE_CURVE ( 'NONE', #9919, #9910, #4648, .T. ) ;
#9179 = EDGE_CURVE ( 'NONE', #9919, #9917, #4643, .T. ) ;
#9180 = EDGE_CURVE ( 'NONE', #9911, #9918, #4653, .T. ) ;
#9181 = EDGE_CURVE ( 'NONE', #9916, #9915, #4651, .T. ) ;
#9182 = EDGE_CURVE ( 'NONE', #9915, #9911, #4655, .T. ) ;
#9183 = EDGE_CURVE ( 'NONE', #9918, #9916, #4656, .T. ) ;
#9184 = EDGE_CURVE ( 'NONE', #9912, #9917, #4658, .T. ) ;
#9185 = EDGE_CURVE ( 'NONE', #9912, #9910, #4660, .T. ) ;
#9186 = EDGE_CURVE ( 'NONE', #9971, #9923, #4662, .T. ) ;
#9187 = EDGE_CURVE ( 'NONE', #9922, #9923, #4654, .T. ) ;
#9188 = EDGE_CURVE ( 'NONE', #9920, #9922, #4665, .T. ) ;
#9189 = EDGE_CURVE ( 'NONE', #9921, #9924, #4666, .T. ) ;
#9190 = EDGE_CURVE ( 'NONE', #9921, #9927, #4668, .T. ) ;
#9191 = EDGE_CURVE ( 'NONE', #9926, #9927, #4663, .T. ) ;
#9192 = EDGE_CURVE ( 'NONE', #9924, #9926, #4671, .T. ) ;
#9193 = EDGE_CURVE ( 'NONE', #9925, #9928, #4669, .T. ) ;
#9194 = EDGE_CURVE ( 'NONE', #9930, #9931, #4674, .T. ) ;
#9195 = EDGE_CURVE ( 'NONE', #9971, #9920, #4675, .T. ) ;
#9196 = EDGE_CURVE ( 'NONE', #9933, #9939, #4676, .T. ) ;
#9197 = EDGE_CURVE ( 'NONE', #9929, #9932, #4677, .T. ) ;
#9198 = EDGE_CURVE ( 'NONE', #9929, #9935, #4679, .T. ) ;
#9199 = EDGE_CURVE ( 'NONE', #9928, #9930, #4672, .T. ) ;
#9200 = EDGE_CURVE ( 'NONE', #9925, #9931, #4682, .T. ) ;
#9201 = EDGE_CURVE ( 'NONE', #9932, #9934, #4680, .T. ) ;
#9202 = EDGE_CURVE ( 'NONE', #9938, #9939, #4684, .T. ) ;
#9203 = EDGE_CURVE ( 'NONE', #9933, #9936, #4688, .T. ) ;
#9204 = EDGE_CURVE ( 'NONE', #9934, #9935, #4689, .T. ) ;
#9205 = EDGE_CURVE ( 'NONE', #10263, #10267, #4690, .T. ) ;
#9206 = EDGE_CURVE ( 'NONE', #10263, #10260, #4686, .T. ) ;
#9207 = EDGE_CURVE ( 'NONE', #10265, #10260, #4691, .T. ) ;
#9208 = EDGE_CURVE ( 'NONE', #10261, #10262, #4693, .T. ) ;
#9209 = EDGE_CURVE ( 'NONE', #10273, #10261, #4695, .T. ) ;
#9210 = EDGE_CURVE ( 'NONE', #10273, #10256, #4697, .T. ) ;
#9211 = EDGE_CURVE ( 'NONE', #10262, #10256, #4699, .T. ) ;
#9212 = EDGE_CURVE ( 'NONE', #10259, #10262, #4701, .T. ) ;
#9213 = EDGE_CURVE ( 'NONE', #10257, #10259, #4705, .T. ) ;
#9214 = EDGE_CURVE ( 'NONE', #10261, #10257, #4703, .T. ) ;
#9215 = EDGE_CURVE ( 'NONE', #10255, #10259, #4709, .T. ) ;
#9216 = EDGE_CURVE ( 'NONE', #10255, #10252, #4711, .T. ) ;
#9217 = EDGE_CURVE ( 'NONE', #10257, #10252, #4713, .T. ) ;
#9218 = EDGE_CURVE ( 'NONE', #10253, #10254, #4715, .T. ) ;
#9219 = EDGE_CURVE ( 'NONE', #10266, #10253, #4707, .T. ) ;
#9220 = EDGE_CURVE ( 'NONE', #10266, #10248, #4717, .T. ) ;
#9221 = EDGE_CURVE ( 'NONE', #10254, #10248, #4719, .T. ) ;
#9222 = EDGE_CURVE ( 'NONE', #10251, #10254, #4721, .T. ) ;
#9223 = EDGE_CURVE ( 'NONE', #10249, #10251, #4725, .T. ) ;
#9224 = EDGE_CURVE ( 'NONE', #10253, #10249, #4723, .T. ) ;
#9225 = EDGE_CURVE ( 'NONE', #10247, #10251, #4729, .T. ) ;
#9226 = EDGE_CURVE ( 'NONE', #10247, #10244, #4731, .T. ) ;
#9227 = EDGE_CURVE ( 'NONE', #10249, #10244, #4733, .T. ) ;
#9228 = EDGE_CURVE ( 'NONE', #10334, #10300, #4735, .T. ) ;
#9229 = EDGE_CURVE ( 'NONE', #10304, #10329, #4727, .T. ) ;
#9230 = EDGE_CURVE ( 'NONE', #10376, #10298, #4737, .T. ) ;
#9231 = EDGE_CURVE ( 'NONE', #10305, #10327, #4739, .T. ) ;
#9232 = EDGE_CURVE ( 'NONE', #10332, #10296, #4741, .T. ) ;
#9233 = EDGE_CURVE ( 'NONE', #10314, #10325, #4743, .T. ) ;
#9234 = EDGE_CURVE ( 'NONE', #10330, #10294, #4745, .T. ) ;
#9235 = EDGE_CURVE ( 'NONE', #10301, #10323, #4747, .T. ) ;
#9236 = EDGE_CURVE ( 'NONE', #10328, #10292, #4749, .T. ) ;
#9237 = EDGE_CURVE ( 'NONE', #10299, #10321, #4751, .T. ) ;
#9238 = EDGE_CURVE ( 'NONE', #10326, #10290, #4753, .T. ) ;
#9239 = EDGE_CURVE ( 'NONE', #10297, #10319, #4755, .T. ) ;
#9240 = EDGE_CURVE ( 'NONE', #10324, #10288, #4757, .T. ) ;
#9241 = EDGE_CURVE ( 'NONE', #10295, #10317, #4759, .T. ) ;
#9242 = EDGE_CURVE ( 'NONE', #10322, #10286, #4761, .T. ) ;
#9243 = EDGE_CURVE ( 'NONE', #10293, #10315, #4763, .T. ) ;
#9244 = EDGE_CURVE ( 'NONE', #10250, #10320, #4765, .T. ) ;
#9245 = EDGE_CURVE ( 'NONE', #10375, #10250, #4767, .T. ) ;
#9246 = EDGE_CURVE ( 'NONE', #10250, #10316, #4771, .T. ) ;
#9247 = EDGE_CURVE ( 'NONE', #10245, #10246, #4773, .T. ) ;
#9248 = EDGE_CURVE ( 'NONE', #10258, #10245, #4769, .T. ) ;
#9249 = EDGE_CURVE ( 'NONE', #10241, #10258, #4777, .T. ) ;
#9250 = EDGE_CURVE ( 'NONE', #10246, #10241, #4779, .T. ) ;
#9251 = EDGE_CURVE ( 'NONE', #10246, #10242, #4775, .T. ) ;
#9252 = EDGE_CURVE ( 'NONE', #10238, #10241, #4783, .T. ) ;
#9253 = EDGE_CURVE ( 'NONE', #10242, #10238, #4785, .T. ) ;
#9254 = EDGE_CURVE ( 'NONE', #10312, #10240, #4787, .T. ) ;
#9255 = EDGE_CURVE ( 'NONE', #10307, #10236, #4789, .T. ) ;
#9256 = EDGE_CURVE ( 'NONE', #10240, #10236, #4781, .T. ) ;
#9257 = EDGE_CURVE ( 'NONE', #10235, #10242, #4793, .T. ) ;
#9258 = EDGE_CURVE ( 'NONE', #10245, #10235, #4795, .T. ) ;
#9259 = EDGE_CURVE ( 'NONE', #10234, #10318, #4797, .T. ) ;
#9260 = EDGE_CURVE ( 'NONE', #10233, #10234, #4799, .T. ) ;
#9261 = EDGE_CURVE ( 'NONE', #10233, #10311, #4801, .T. ) ;
#9262 = EDGE_CURVE ( 'NONE', #10310, #10239, #4791, .T. ) ;
#9263 = EDGE_CURVE ( 'NONE', #10303, #10232, #4805, .T. ) ;
#9264 = EDGE_CURVE ( 'NONE', #10239, #10232, #4803, .T. ) ;
#9265 = EDGE_CURVE ( 'NONE', #10231, #10237, #4809, .T. ) ;
#9266 = EDGE_CURVE ( 'NONE', #10243, #10231, #4811, .T. ) ;
#9267 = EDGE_CURVE ( 'NONE', #10228, #10243, #4813, .T. ) ;
#9268 = EDGE_CURVE ( 'NONE', #10365, #10358, #4815, .T. ) ;
#9269 = EDGE_CURVE ( 'NONE', #10361, #10360, #4807, .T. ) ;
#9270 = EDGE_CURVE ( 'NONE', #10359, #10360, #4817, .T. ) ;
#9271 = EDGE_CURVE ( 'NONE', #10359, #10354, #4819, .T. ) ;
#9272 = EDGE_CURVE ( 'NONE', #10361, #10354, #4823, .T. ) ;
#9273 = EDGE_CURVE ( 'NONE', #10357, #10356, #4821, .T. ) ;
#9274 = EDGE_CURVE ( 'NONE', #10355, #10356, #4825, .T. ) ;
#9275 = EDGE_CURVE ( 'NONE', #10355, #10350, #4827, .T. ) ;
#9276 = EDGE_CURVE ( 'NONE', #10357, #10350, #4831, .T. ) ;
#9277 = EDGE_CURVE ( 'NONE', #10353, #10352, #4829, .T. ) ;
#9278 = EDGE_CURVE ( 'NONE', #10351, #10352, #4833, .T. ) ;
#9279 = EDGE_CURVE ( 'NONE', #10351, #10346, #4835, .T. ) ;
#9280 = EDGE_CURVE ( 'NONE', #10353, #10346, #4839, .T. ) ;
#9281 = EDGE_CURVE ( 'NONE', #10349, #10348, #4837, .T. ) ;
#9282 = EDGE_CURVE ( 'NONE', #10347, #10348, #4841, .T. ) ;
#9283 = ADVANCED_FACE ( 'NONE', ( #4843 ), #5699, .F. ) ;
#9284 = ADVANCED_FACE ( 'NONE', ( #4847, #4850 ), #5695, .F. ) ;
#9285 = ADVANCED_FACE ( 'NONE', ( #4849 ), #5708, .F. ) ;
#9286 = ADVANCED_FACE ( 'NONE', ( #4848, #4853 ), #5709, .F. ) ;
#9287 = ADVANCED_FACE ( 'NONE', ( #4852, #4855 ), #5712, .F. ) ;
#9288 = ADVANCED_FACE ( 'NONE', ( #4854, #4857 ), #5716, .F. ) ;
#9289 = ADVANCED_FACE ( 'NONE', ( #4856 ), #5724, .F. ) ;
#9290 = ADVANCED_FACE ( 'NONE', ( #4845, #4860 ), #5725, .F. ) ;
#9291 = ADVANCED_FACE ( 'NONE', ( #4859 ), #5732, .F. ) ;
#9292 = ADVANCED_FACE ( 'NONE', ( #4851, #4863 ), #5733, .F. ) ;
#9293 = ADVANCED_FACE ( 'NONE', ( #4862 ), #5740, .F. ) ;
#9294 = ADVANCED_FACE ( 'NONE', ( #4858, #4866 ), #5741, .F. ) ;
#9295 = ADVANCED_FACE ( 'NONE', ( #4865 ), #5748, .F. ) ;
#9296 = ADVANCED_FACE ( 'NONE', ( #4861 ), #5752, .F. ) ;
#9297 = ADVANCED_FACE ( 'NONE', ( #4867 ), #5756, .F. ) ;
#9298 = ADVANCED_FACE ( 'NONE', ( #4868 ), #5760, .F. ) ;
#9299 = ADVANCED_FACE ( 'NONE', ( #4869 ), #5764, .T. ) ;
#9300 = ADVANCED_FACE ( 'NONE', ( #4870 ), #5768, .F. ) ;
#9301 = ADVANCED_FACE ( 'NONE', ( #4871 ), #5772, .T. ) ;
#9302 = ADVANCED_FACE ( 'NONE', ( #4872 ), #5776, .F. ) ;
#9303 = ADVANCED_FACE ( 'NONE', ( #4873 ), #5780, .F. ) ;
#9304 = ADVANCED_FACE ( 'NONE', ( #4874 ), #5784, .F. ) ;
#9305 = ADVANCED_FACE ( 'NONE', ( #4875 ), #5788, .F. ) ;
#9306 = ADVANCED_FACE ( 'NONE', ( #4876 ), #5792, .F. ) ;
#9307 = ADVANCED_FACE ( 'NONE', ( #4877 ), #5796, .F. ) ;
#9308 = ADVANCED_FACE ( 'NONE', ( #4878 ), #4882, .F. ) ;
#9309 = ADVANCED_FACE ( 'NONE', ( #4880 ), #4884, .T. ) ;
#9310 = ADVANCED_FACE ( 'NONE', ( #4879 ), #4886, .F. ) ;
#9311 = ADVANCED_FACE ( 'NONE', ( #4864 ), #4888, .F. ) ;
#9312 = ADVANCED_FACE ( 'NONE', ( #4881 ), #4890, .F. ) ;
#9313 = ADVANCED_FACE ( 'NONE', ( #4883 ), #4892, .F. ) ;
#9314 = ADVANCED_FACE ( 'NONE', ( #4885 ), #5817, .F. ) ;
#9315 = ADVANCED_FACE ( 'NONE', ( #4889 ), #5822, .F. ) ;
#9316 = ADVANCED_FACE ( 'NONE', ( #4887 ), #5826, .F. ) ;
#9317 = ADVANCED_FACE ( 'NONE', ( #4893 ), #5830, .F. ) ;
#9318 = ADVANCED_FACE ( 'NONE', ( #4894 ), #4898, .F. ) ;
#9319 = ADVANCED_FACE ( 'NONE', ( #4896 ), #5836, .F. ) ;
#9320 = ADVANCED_FACE ( 'NONE', ( #4891 ), #4901, .F. ) ;
#9321 = ADVANCED_FACE ( 'NONE', ( #4899 ), #7818, .T. ) ;
#9322 = ADVANCED_FACE ( 'NONE', ( #4895 ), #6018, .F. ) ;
#9323 = ADVANCED_FACE ( 'NONE', ( #4897 ), #6020, .F. ) ;
#9324 = ADVANCED_FACE ( 'NONE', ( #4900 ), #6022, .F. ) ;
#9325 = ADVANCED_FACE ( 'NONE', ( #3448 ), #6024, .F. ) ;
#9326 = ADVANCED_FACE ( 'NONE', ( #6017 ), #5858, .F. ) ;
#9327 = ADVANCED_FACE ( 'NONE', ( #6021 ), #5863, .T. ) ;
#9328 = ADVANCED_FACE ( 'NONE', ( #6019 ), #5867, .T. ) ;
#9329 = ADVANCED_FACE ( 'NONE', ( #6025 ), #5871, .T. ) ;
#9330 = ADVANCED_FACE ( 'NONE', ( #6026 ), #5875, .T. ) ;
#9331 = ADVANCED_FACE ( 'NONE', ( #6027 ), #5879, .F. ) ;
#9332 = ADVANCED_FACE ( 'NONE', ( #6028 ), #5883, .F. ) ;
#9333 = ADVANCED_FACE ( 'NONE', ( #6029 ), #5887, .F. ) ;
#9334 = ADVANCED_FACE ( 'NONE', ( #6030 ), #5891, .F. ) ;
#9335 = ADVANCED_FACE ( 'NONE', ( #6031 ), #5895, .F. ) ;
#9336 = ADVANCED_FACE ( 'NONE', ( #6032 ), #6036, .F. ) ;
#9337 = ADVANCED_FACE ( 'NONE', ( #6034 ), #6038, .T. ) ;
#9338 = ADVANCED_FACE ( 'NONE', ( #6033 ), #6040, .F. ) ;
#9339 = ADVANCED_FACE ( 'NONE', ( #6023 ), #6042, .F. ) ;
#9340 = ADVANCED_FACE ( 'NONE', ( #6035 ), #6044, .F. ) ;
#9341 = ADVANCED_FACE ( 'NONE', ( #6037 ), #6046, .F. ) ;
#9342 = ADVANCED_FACE ( 'NONE', ( #6039 ), #6048, .F. ) ;
#9343 = ADVANCED_FACE ( 'NONE', ( #6041 ), #6050, .F. ) ;
#9344 = ADVANCED_FACE ( 'NONE', ( #6043 ), #6052, .T. ) ;
#9345 = ADVANCED_FACE ( 'NONE', ( #6045 ), #6054, .F. ) ;
#9346 = ADVANCED_FACE ( 'NONE', ( #6047 ), #5928, .F. ) ;
#9347 = ADVANCED_FACE ( 'NONE', ( #6051 ), #5933, .F. ) ;
#9348 = ADVANCED_FACE ( 'NONE', ( #6049 ), #5937, .F. ) ;
#9349 = ADVANCED_FACE ( 'NONE', ( #6055 ), #5941, .F. ) ;
#9350 = ADVANCED_FACE ( 'NONE', ( #6056 ), #5945, .F. ) ;
#9351 = ADVANCED_FACE ( 'NONE', ( #6057 ), #6061, .F. ) ;
#9352 = ADVANCED_FACE ( 'NONE', ( #6059 ), #6063, .T. ) ;
#9353 = ADVANCED_FACE ( 'NONE', ( #6058 ), #6065, .F. ) ;
#9354 = ADVANCED_FACE ( 'NONE', ( #6053 ), #5957, .F. ) ;
#9355 = ADVANCED_FACE ( 'NONE', ( #6062 ), #5962, .F. ) ;
#9356 = ADVANCED_FACE ( 'NONE', ( #6060 ), #5966, .F. ) ;
#9357 = ADVANCED_FACE ( 'NONE', ( #6066 ), #5970, .F. ) ;
#9358 = ADVANCED_FACE ( 'NONE', ( #6067 ), #6071, .T. ) ;
#9359 = ADVANCED_FACE ( 'NONE', ( #6069 ), #6073, .F. ) ;
#9360 = ADVANCED_FACE ( 'NONE', ( #6068 ), #6075, .F. ) ;
#9361 = ADVANCED_FACE ( 'NONE', ( #6064 ), #6077, .F. ) ;
#9362 = ADVANCED_FACE ( 'NONE', ( #6070 ), #6079, .F. ) ;
#9363 = ADVANCED_FACE ( 'NONE', ( #6072 ), #6081, .F. ) ;
#9364 = ADVANCED_FACE ( 'NONE', ( #6074 ), #6083, .F. ) ;
#9365 = ADVANCED_FACE ( 'NONE', ( #6076 ), #6085, .F. ) ;
#9366 = ADVANCED_FACE ( 'NONE', ( #6078 ), #6087, .F. ) ;
#9367 = ADVANCED_FACE ( 'NONE', ( #6080, #6088 ), #6001, .F. ) ;
#9368 = ADVANCED_FACE ( 'NONE', ( #6082, #6090 ), #6000, .F. ) ;
#9369 = ADVANCED_FACE ( 'NONE', ( #6089 ), #6093, .F. ) ;
#9370 = ADVANCED_FACE ( 'NONE', ( #6091 ), #6095, .T. ) ;
#9371 = ADVANCED_FACE ( 'NONE', ( #6084 ), #6097, .F. ) ;
#9372 = ADVANCED_FACE ( 'NONE', ( #6086 ), #6599, .F. ) ;
#9373 = ADVANCED_FACE ( 'NONE', ( #6094, #6099, #6092, #6098, #6096, #6100, #6101, #6102, #6103, #6104, #6105, #6106, #6107, #6108, #6109, #6110 ), #6605, .T. ) ;
#9374 = ADVANCED_FACE ( 'NONE', ( #6111 ), #6609, .F. ) ;
#9375 = ADVANCED_FACE ( 'NONE', ( #6112 ), #6117, .F. ) ;
#9376 = ADVANCED_FACE ( 'NONE', ( #6115 ), #6615, .F. ) ;
#9377 = ADVANCED_FACE ( 'NONE', ( #6113 ), #6120, .F. ) ;
#9378 = ADVANCED_FACE ( 'NONE', ( #6118 ), #6122, .T. ) ;
#9379 = ADVANCED_FACE ( 'NONE', ( #6114 ), #6124, .F. ) ;
#9380 = ADVANCED_FACE ( 'NONE', ( #6116 ), #6628, .F. ) ;
#9381 = ADVANCED_FACE ( 'NONE', ( #6121 ), #6633, .F. ) ;
#9382 = ADVANCED_FACE ( 'NONE', ( #6119 ), #6637, .F. ) ;
#9383 = ADVANCED_FACE ( 'NONE', ( #6125 ), #6641, .F. ) ;
#9384 = ADVANCED_FACE ( 'NONE', ( #6126 ), #6645, .F. ) ;
#9385 = ADVANCED_FACE ( 'NONE', ( #6127 ), #6131, .F. ) ;
#9386 = ADVANCED_FACE ( 'NONE', ( #6129 ), #6651, .F. ) ;
#9387 = ADVANCED_FACE ( 'NONE', ( #6123, #6133 ), #6653, .F. ) ;
#9388 = ADVANCED_FACE ( 'NONE', ( #6132 ), #6660, .F. ) ;
#9389 = ADVANCED_FACE ( 'NONE', ( #6130, #6136 ), #6661, .F. ) ;
#9390 = ADVANCED_FACE ( 'NONE', ( #6135 ), #6668, .F. ) ;
#9391 = ADVANCED_FACE ( 'NONE', ( #6128, #6139 ), #6669, .F. ) ;
#9392 = ADVANCED_FACE ( 'NONE', ( #6138 ), #6676, .F. ) ;
#9393 = ADVANCED_FACE ( 'NONE', ( #6134 ), #6680, .T. ) ;
#9394 = ADVANCED_FACE ( 'NONE', ( #6140 ), #6684, .T. ) ;
#9395 = ADVANCED_FACE ( 'NONE', ( #6141 ), #6688, .T. ) ;
#9396 = ADVANCED_FACE ( 'NONE', ( #6142 ), #6692, .F. ) ;
#9397 = ADVANCED_FACE ( 'NONE', ( #6143 ), #6696, .F. ) ;
#9398 = ADVANCED_FACE ( 'NONE', ( #6144 ), #6700, .F. ) ;
#9399 = ADVANCED_FACE ( 'NONE', ( #6145 ), #6704, .F. ) ;
#9400 = ADVANCED_FACE ( 'NONE', ( #6146 ), #6708, .F. ) ;
#9401 = ADVANCED_FACE ( 'NONE', ( #6147 ), #6712, .T. ) ;
#9402 = ADVANCED_FACE ( 'NONE', ( #6148 ), #6152, .F. ) ;
#9403 = ADVANCED_FACE ( 'NONE', ( #6150 ), #6154, .F. ) ;
#9404 = ADVANCED_FACE ( 'NONE', ( #6149 ), #6156, .T. ) ;
#9405 = ADVANCED_FACE ( 'NONE', ( #6137 ), #6158, .F. ) ;
#9406 = ADVANCED_FACE ( 'NONE', ( #6151 ), #6727, .F. ) ;
#9407 = ADVANCED_FACE ( 'NONE', ( #6155 ), #6732, .F. ) ;
#9408 = ADVANCED_FACE ( 'NONE', ( #6153 ), #6736, .F. ) ;
#9409 = ADVANCED_FACE ( 'NONE', ( #6159 ), #6740, .F. ) ;
#9410 = ADVANCED_FACE ( 'NONE', ( #6160 ), #6744, .F. ) ;
#9411 = ADVANCED_FACE ( 'NONE', ( #6161 ), #6165, .F. ) ;
#9412 = ADVANCED_FACE ( 'NONE', ( #6163 ), #6167, .T. ) ;
#9413 = ADVANCED_FACE ( 'NONE', ( #6162 ), #6169, .F. ) ;
#9414 = ADVANCED_FACE ( 'NONE', ( #6157 ), #6171, .F. ) ;
#9415 = ADVANCED_FACE ( 'NONE', ( #6164 ), #6173, .F. ) ;
#9416 = ADVANCED_FACE ( 'NONE', ( #6166 ), #6175, .F. ) ;
#9417 = ADVANCED_FACE ( 'NONE', ( #6168 ), #6177, .F. ) ;
#9418 = ADVANCED_FACE ( 'NONE', ( #6170 ), #6179, .F. ) ;
#9419 = ADVANCED_FACE ( 'NONE', ( #6172 ), #6181, .F. ) ;
#9420 = ADVANCED_FACE ( 'NONE', ( #6174 ), #6183, .F. ) ;
#9421 = ADVANCED_FACE ( 'NONE', ( #6176 ), #6185, .T. ) ;
#9422 = ADVANCED_FACE ( 'NONE', ( #6178 ), #6187, .F. ) ;
#9423 = ADVANCED_FACE ( 'NONE', ( #6180 ), #6189, .F. ) ;
#9424 = ADVANCED_FACE ( 'NONE', ( #6182 ), #6191, .F. ) ;
#9425 = ADVANCED_FACE ( 'NONE', ( #6184 ), #6193, .T. ) ;
#9426 = ADVANCED_FACE ( 'NONE', ( #6186 ), #6195, .F. ) ;
#9427 = ADVANCED_FACE ( 'NONE', ( #6188 ), #6795, .F. ) ;
#9428 = ADVANCED_FACE ( 'NONE', ( #6192 ), #6800, .F. ) ;
#9429 = ADVANCED_FACE ( 'NONE', ( #6190 ), #6804, .F. ) ;
#9430 = ADVANCED_FACE ( 'NONE', ( #6196 ), #6808, .F. ) ;
#9431 = ADVANCED_FACE ( 'NONE', ( #6197 ), #6812, .F. ) ;
#9432 = ADVANCED_FACE ( 'NONE', ( #6198 ), #6202, .F. ) ;
#9433 = ADVANCED_FACE ( 'NONE', ( #6200 ), #6204, .T. ) ;
#9434 = ADVANCED_FACE ( 'NONE', ( #6199 ), #6206, .F. ) ;
#9435 = ADVANCED_FACE ( 'NONE', ( #6194 ), #6208, .F. ) ;
#9436 = ADVANCED_FACE ( 'NONE', ( #6201 ), #6210, .F. ) ;
#9437 = ADVANCED_FACE ( 'NONE', ( #6203 ), #6212, .F. ) ;
#9438 = ADVANCED_FACE ( 'NONE', ( #6205 ), #6214, .F. ) ;
#9439 = ADVANCED_FACE ( 'NONE', ( #6207 ), #6216, .F. ) ;
#9440 = ADVANCED_FACE ( 'NONE', ( #6209 ), #6218, .F. ) ;
#9441 = ADVANCED_FACE ( 'NONE', ( #6211 ), #6220, .T. ) ;
#9442 = ADVANCED_FACE ( 'NONE', ( #6213 ), #6222, .F. ) ;
#9443 = ADVANCED_FACE ( 'NONE', ( #6215 ), #6848, .F. ) ;
#9444 = ADVANCED_FACE ( 'NONE', ( #6219 ), #6853, .F. ) ;
#9445 = ADVANCED_FACE ( 'NONE', ( #6217 ), #6857, .F. ) ;
#9446 = ADVANCED_FACE ( 'NONE', ( #6223 ), #6861, .F. ) ;
#9447 = ADVANCED_FACE ( 'NONE', ( #6224 ), #6865, .T. ) ;
#9448 = ADVANCED_FACE ( 'NONE', ( #6225 ), #6869, .T. ) ;
#9449 = ADVANCED_FACE ( 'NONE', ( #6226 ), #6873, .F. ) ;
#9450 = ADVANCED_FACE ( 'NONE', ( #6227 ), #6877, .F. ) ;
#9451 = ADVANCED_FACE ( 'NONE', ( #6228 ), #6881, .F. ) ;
#9452 = ADVANCED_FACE ( 'NONE', ( #6229 ), #6885, .F. ) ;
#9453 = ADVANCED_FACE ( 'NONE', ( #6230 ), #6889, .F. ) ;
#9454 = ADVANCED_FACE ( 'NONE', ( #6231 ), #6235, .F. ) ;
#9455 = ADVANCED_FACE ( 'NONE', ( #6233 ), #6237, .T. ) ;
#9456 = ADVANCED_FACE ( 'NONE', ( #6232 ), #6239, .F. ) ;
#9457 = ADVANCED_FACE ( 'NONE', ( #6221 ), #6901, .F. ) ;
#9458 = ADVANCED_FACE ( 'NONE', ( #6236 ), #6242, .F. ) ;
#9459 = ADVANCED_FACE ( 'NONE', ( #6240 ), #6244, .T. ) ;
#9460 = ADVANCED_FACE ( 'NONE', ( #6234 ), #6246, .F. ) ;
#9461 = ADVANCED_FACE ( 'NONE', ( #6238 ), #6914, .F. ) ;
#9462 = ADVANCED_FACE ( 'NONE', ( #6243 ), #6919, .T. ) ;
#9463 = ADVANCED_FACE ( 'NONE', ( #6241, #6249 ), #6920, .T. ) ;
#9464 = ADVANCED_FACE ( 'NONE', ( #6248 ), #6927, .F. ) ;
#9465 = ADVANCED_FACE ( 'NONE', ( #6245 ), #6931, .F. ) ;
#9466 = ADVANCED_FACE ( 'NONE', ( #6250 ), #6935, .F. ) ;
#9467 = ADVANCED_FACE ( 'NONE', ( #6251 ), #6939, .F. ) ;
#9468 = ADVANCED_FACE ( 'NONE', ( #6252 ), #6943, .F. ) ;
#9469 = ADVANCED_FACE ( 'NONE', ( #6253 ), #6947, .T. ) ;
#9470 = ADVANCED_FACE ( 'NONE', ( #6254 ), #6951, .F. ) ;
#9471 = ADVANCED_FACE ( 'NONE', ( #6255 ), #6955, .F. ) ;
#9472 = ADVANCED_FACE ( 'NONE', ( #6256 ), #6959, .T. ) ;
#9473 = ADVANCED_FACE ( 'NONE', ( #6257 ), #6963, .T. ) ;
#9474 = ADVANCED_FACE ( 'NONE', ( #6258 ), #6967, .T. ) ;
#9475 = ADVANCED_FACE ( 'NONE', ( #6259 ), #6971, .T. ) ;
#9476 = ADVANCED_FACE ( 'NONE', ( #6260 ), #6264, .T. ) ;
#9477 = ADVANCED_FACE ( 'NONE', ( #6262 ), #6977, .T. ) ;
#9478 = ADVANCED_FACE ( 'NONE', ( #6247 ), #6982, .T. ) ;
#9479 = ADVANCED_FACE ( 'NONE', ( #6261 ), #6986, .T. ) ;
#9480 = ADVANCED_FACE ( 'NONE', ( #6265 ), #6990, .T. ) ;
#9481 = ADVANCED_FACE ( 'NONE', ( #6266 ), #6994, .T. ) ;
#9482 = ADVANCED_FACE ( 'NONE', ( #6267 ), #6998, .T. ) ;
#9483 = ADVANCED_FACE ( 'NONE', ( #6268 ), #7002, .T. ) ;
#9484 = ADVANCED_FACE ( 'NONE', ( #6269 ), #7006, .T. ) ;
#9485 = ADVANCED_FACE ( 'NONE', ( #6270 ), #7010, .T. ) ;
#9486 = ADVANCED_FACE ( 'NONE', ( #6271 ), #7014, .T. ) ;
#9487 = ADVANCED_FACE ( 'NONE', ( #6272 ), #7018, .F. ) ;
#9488 = ADVANCED_FACE ( 'NONE', ( #6273 ), #7022, .T. ) ;
#9489 = ADVANCED_FACE ( 'NONE', ( #6274 ), #7026, .T. ) ;
#9490 = ADVANCED_FACE ( 'NONE', ( #6275 ), #7030, .T. ) ;
#9491 = ADVANCED_FACE ( 'NONE', ( #6276 ), #6280, .F. ) ;
#9492 = ADVANCED_FACE ( 'NONE', ( #6278 ), #7036, .F. ) ;
#9493 = ADVANCED_FACE ( 'NONE', ( #6263 ), #7041, .F. ) ;
#9494 = ADVANCED_FACE ( 'NONE', ( #6277 ), #7045, .T. ) ;
#9495 = ADVANCED_FACE ( 'NONE', ( #6281 ), #7049, .T. ) ;
#9496 = ADVANCED_FACE ( 'NONE', ( #6282 ), #7053, .T. ) ;
#9497 = ADVANCED_FACE ( 'NONE', ( #6283 ), #7057, .T. ) ;
#9498 = ADVANCED_FACE ( 'NONE', ( #6284 ), #7061, .T. ) ;
#9499 = ADVANCED_FACE ( 'NONE', ( #6285 ), #7065, .T. ) ;
#9500 = ADVANCED_FACE ( 'NONE', ( #6286 ), #6290, .F. ) ;
#9501 = ADVANCED_FACE ( 'NONE', ( #6288 ), #7071, .T. ) ;
#9502 = ADVANCED_FACE ( 'NONE', ( #6279 ), #7076, .T. ) ;
#9503 = ADVANCED_FACE ( 'NONE', ( #6287 ), #7080, .T. ) ;
#9504 = ADVANCED_FACE ( 'NONE', ( #6291 ), #7084, .T. ) ;
#9505 = ADVANCED_FACE ( 'NONE', ( #6292 ), #6296, .T. ) ;
#9506 = ADVANCED_FACE ( 'NONE', ( #6294 ), #7090, .T. ) ;
#9507 = ADVANCED_FACE ( 'NONE', ( #6289 ), #7095, .T. ) ;
#9508 = ADVANCED_FACE ( 'NONE', ( #6293 ), #6300, .F. ) ;
#9509 = ADVANCED_FACE ( 'NONE', ( #6298 ), #6302, .T. ) ;
#9510 = ADVANCED_FACE ( 'NONE', ( #6297 ), #7104, .T. ) ;
#9511 = ADVANCED_FACE ( 'NONE', ( #6299 ), #7109, .F. ) ;
#9512 = ADVANCED_FACE ( 'NONE', ( #6295 ), #6306, .F. ) ;
#9513 = ADVANCED_FACE ( 'NONE', ( #6304 ), #6308, .T. ) ;
#9514 = ADVANCED_FACE ( 'NONE', ( #6303 ), #6310, .T. ) ;
#9515 = ADVANCED_FACE ( 'NONE', ( #6301 ), #6312, .F. ) ;
#9516 = ADVANCED_FACE ( 'NONE', ( #6305 ), #6314, .T. ) ;
#9517 = ADVANCED_FACE ( 'NONE', ( #6307 ), #6316, .F. ) ;
#9518 = ADVANCED_FACE ( 'NONE', ( #6309 ), #6318, .T. ) ;
#9519 = ADVANCED_FACE ( 'NONE', ( #6311 ), #6320, .F. ) ;
#9520 = ADVANCED_FACE ( 'NONE', ( #6313 ), #6322, .T. ) ;
#9521 = ADVANCED_FACE ( 'NONE', ( #6315 ), #6324, .T. ) ;
#9522 = ADVANCED_FACE ( 'NONE', ( #6317 ), #6326, .F. ) ;
#9523 = ADVANCED_FACE ( 'NONE', ( #6319 ), #6328, .T. ) ;
#9524 = ADVANCED_FACE ( 'NONE', ( #6321 ), #7303, .T. ) ;
#9525 = ADVANCED_FACE ( 'NONE', ( #6325 ), #7308, .T. ) ;
#9526 = ADVANCED_FACE ( 'NONE', ( #6323 ), #7312, .T. ) ;
#9527 = ADVANCED_FACE ( 'NONE', ( #6329 ), #7316, .T. ) ;
#9528 = ADVANCED_FACE ( 'NONE', ( #6330 ), #7320, .T. ) ;
#9529 = ADVANCED_FACE ( 'NONE', ( #6331 ), #6335, .F. ) ;
#9530 = ADVANCED_FACE ( 'NONE', ( #6333 ), #6337, .F. ) ;
#9531 = ADVANCED_FACE ( 'NONE', ( #6332 ), #7329, .F. ) ;
#9532 = ADVANCED_FACE ( 'NONE', ( #6334 ), #7334, .F. ) ;
#9533 = ADVANCED_FACE ( 'NONE', ( #6327 ), #7338, .F. ) ;
#9534 = ADVANCED_FACE ( 'NONE', ( #6338 ), #7342, .F. ) ;
#9535 = ADVANCED_FACE ( 'NONE', ( #6339 ), #7346, .F. ) ;
#9536 = ADVANCED_FACE ( 'NONE', ( #6340 ), #7350, .F. ) ;
#9537 = ADVANCED_FACE ( 'NONE', ( #6341 ), #7354, .T. ) ;
#9538 = ADVANCED_FACE ( 'NONE', ( #6342 ), #7358, .F. ) ;
#9539 = ADVANCED_FACE ( 'NONE', ( #6343 ), #7362, .T. ) ;
#9540 = ADVANCED_FACE ( 'NONE', ( #6344 ), #7366, .F. ) ;
#9541 = ADVANCED_FACE ( 'NONE', ( #6345 ), #7370, .F. ) ;
#9542 = ADVANCED_FACE ( 'NONE', ( #6346 ), #7374, .T. ) ;
#9543 = ADVANCED_FACE ( 'NONE', ( #6347 ), #7378, .T. ) ;
#9544 = ADVANCED_FACE ( 'NONE', ( #6348 ), #7382, .F. ) ;
#9545 = ADVANCED_FACE ( 'NONE', ( #6349 ), #7386, .T. ) ;
#9546 = ADVANCED_FACE ( 'NONE', ( #6350 ), #7390, .T. ) ;
#9547 = ADVANCED_FACE ( 'NONE', ( #6351 ), #7394, .F. ) ;
#9548 = ADVANCED_FACE ( 'NONE', ( #6352, #6355, #6353, #6354, #6336, #6356, #6357, #6358, #6359 ), #7400, .T. ) ;
#9549 = ADVANCED_FACE ( 'NONE', ( #6360 ), #7402, .F. ) ;
#9550 = ADVANCED_FACE ( 'NONE', ( #6361 ), #7406, .T. ) ;
#9551 = ADVANCED_FACE ( 'NONE', ( #6363 ), #7410, .F. ) ;
#9552 = ADVANCED_FACE ( 'NONE', ( #6364 ), #7414, .F. ) ;
#9553 = ADVANCED_FACE ( 'NONE', ( #6365 ), #7418, .F. ) ;
#9554 = ADVANCED_FACE ( 'NONE', ( #6366 ), #7422, .F. ) ;
#9555 = ADVANCED_FACE ( 'NONE', ( #6367 ), #7426, .F. ) ;
#9556 = ADVANCED_FACE ( 'NONE', ( #6368 ), #7430, .T. ) ;
#9557 = ADVANCED_FACE ( 'NONE', ( #6369 ), #7434, .F. ) ;
#9558 = ADVANCED_FACE ( 'NONE', ( #6370 ), #7438, .F. ) ;
#9559 = ADVANCED_FACE ( 'NONE', ( #6371 ), #7442, .F. ) ;
#9560 = ADVANCED_FACE ( 'NONE', ( #6372 ), #7446, .T. ) ;
#9561 = ADVANCED_FACE ( 'NONE', ( #6373 ), #7450, .T. ) ;
#9562 = ADVANCED_FACE ( 'NONE', ( #6374 ), #7454, .F. ) ;
#9563 = ADVANCED_FACE ( 'NONE', ( #6375 ), #7458, .F. ) ;
#9564 = ADVANCED_FACE ( 'NONE', ( #6376 ), #7462, .T. ) ;
#9565 = ADVANCED_FACE ( 'NONE', ( #6377 ), #7466, .T. ) ;
#9566 = ADVANCED_FACE ( 'NONE', ( #6378 ), #7470, .F. ) ;
#9567 = ADVANCED_FACE ( 'NONE', ( #6379 ), #7474, .F. ) ;
#9568 = ADVANCED_FACE ( 'NONE', ( #6380 ), #7478, .F. ) ;
#9569 = ADVANCED_FACE ( 'NONE', ( #6381 ), #7482, .T. ) ;
#9570 = ADVANCED_FACE ( 'NONE', ( #6382 ), #7486, .T. ) ;
#9571 = ADVANCED_FACE ( 'NONE', ( #6383 ), #7490, .T. ) ;
#9572 = ADVANCED_FACE ( 'NONE', ( #6384 ), #7494, .T. ) ;
#9573 = ADVANCED_FACE ( 'NONE', ( #6385 ), #7498, .F. ) ;
#9574 = ADVANCED_FACE ( 'NONE', ( #6386 ), #7502, .F. ) ;
#9575 = ADVANCED_FACE ( 'NONE', ( #6387 ), #7506, .F. ) ;
#9576 = ADVANCED_FACE ( 'NONE', ( #6388 ), #7510, .T. ) ;
#9577 = ADVANCED_FACE ( 'NONE', ( #6389 ), #7514, .T. ) ;
#9578 = ADVANCED_FACE ( 'NONE', ( #6390 ), #7518, .T. ) ;
#9579 = ADVANCED_FACE ( 'NONE', ( #6391, #6394, #6392, #6393, #6362, #6395, #6396, #6397, #6398 ), #7524, .F. ) ;
#9580 = ADVANCED_FACE ( 'NONE', ( #6399 ), #7526, .F. ) ;
#9581 = ADVANCED_FACE ( 'NONE', ( #6400 ), #7530, .F. ) ;
#9582 = ADVANCED_FACE ( 'NONE', ( #6402 ), #7534, .F. ) ;
#9583 = ADVANCED_FACE ( 'NONE', ( #6403 ), #7538, .F. ) ;
#9584 = ADVANCED_FACE ( 'NONE', ( #6404 ), #7542, .F. ) ;
#9585 = ADVANCED_FACE ( 'NONE', ( #6405 ), #6411, .T. ) ;
#9586 = ADVANCED_FACE ( 'NONE', ( #6407 ), #6413, .T. ) ;
#9587 = ADVANCED_FACE ( 'NONE', ( #6406 ), #7551, .F. ) ;
#9588 = ADVANCED_FACE ( 'NONE', ( #6401 ), #7556, .F. ) ;
#9589 = ADVANCED_FACE ( 'NONE', ( #6409 ), #7560, .F. ) ;
#9590 = ADVANCED_FACE ( 'NONE', ( #6408 ), #7564, .F. ) ;
#9591 = ADVANCED_FACE ( 'NONE', ( #6410 ), #7568, .F. ) ;
#9592 = ADVANCED_FACE ( 'NONE', ( #6414 ), #7572, .F. ) ;
#9593 = ADVANCED_FACE ( 'NONE', ( #6415 ), #7576, .F. ) ;
#9594 = ADVANCED_FACE ( 'NONE', ( #6416 ), #7580, .F. ) ;
#9595 = ADVANCED_FACE ( 'NONE', ( #6417 ), #7584, .F. ) ;
#9596 = ADVANCED_FACE ( 'NONE', ( #6418 ), #7588, .F. ) ;
#9597 = ADVANCED_FACE ( 'NONE', ( #6419 ), #7592, .F. ) ;
#9598 = ADVANCED_FACE ( 'NONE', ( #6420 ), #7596, .F. ) ;
#9599 = ADVANCED_FACE ( 'NONE', ( #6421 ), #7600, .F. ) ;
#9600 = ADVANCED_FACE ( 'NONE', ( #6422 ), #7604, .F. ) ;
#9601 = EDGE_CURVE ( 'NONE', #10347, #10342, #6425, .T. ) ;
#9602 = EDGE_CURVE ( 'NONE', #10349, #10342, #6412, .T. ) ;
#9603 = EDGE_CURVE ( 'NONE', #10345, #10344, #6423, .T. ) ;
#9604 = EDGE_CURVE ( 'NONE', #10343, #10345, #6426, .T. ) ;
#9605 = EDGE_CURVE ( 'NONE', #10343, #10338, #6428, .T. ) ;
#9606 = EDGE_CURVE ( 'NONE', #10338, #10337, #6429, .T. ) ;
#9607 = EDGE_CURVE ( 'NONE', #10341, #10337, #6433, .T. ) ;
#9608 = EDGE_CURVE ( 'NONE', #10341, #10335, #6431, .T. ) ;
#9609 = EDGE_CURVE ( 'NONE', #10340, #10335, #6436, .T. ) ;
#9610 = EDGE_CURVE ( 'NONE', #10340, #10344, #6435, .T. ) ;
#9611 = EDGE_CURVE ( 'NONE', #10345, #10336, #6440, .T. ) ;
#9612 = EDGE_CURVE ( 'NONE', #10333, #10344, #6442, .T. ) ;
#9613 = EDGE_CURVE ( 'NONE', #10333, #10336, #6438, .T. ) ;
#9614 = EDGE_CURVE ( 'NONE', #10340, #10339, #6446, .T. ) ;
#9615 = EDGE_CURVE ( 'NONE', #10331, #10335, #6447, .T. ) ;
#9616 = EDGE_CURVE ( 'NONE', #10331, #10339, #6444, .T. ) ;
#9617 = EDGE_CURVE ( 'NONE', #10334, #9913, #6451, .T. ) ;
#9618 = EDGE_CURVE ( 'NONE', #10370, #10329, #6453, .T. ) ;
#9619 = EDGE_CURVE ( 'NONE', #10334, #10329, #6455, .T. ) ;
#9620 = EDGE_CURVE ( 'NONE', #10376, #10378, #6449, .T. ) ;
#9621 = EDGE_CURVE ( 'NONE', #10366, #10327, #6459, .T. ) ;
#9622 = EDGE_CURVE ( 'NONE', #10376, #10327, #6461, .T. ) ;
#9623 = EDGE_CURVE ( 'NONE', #10332, #10369, #6457, .T. ) ;
#9624 = EDGE_CURVE ( 'NONE', #10362, #10325, #6465, .T. ) ;
#9625 = EDGE_CURVE ( 'NONE', #10332, #10325, #6467, .T. ) ;
#9626 = EDGE_CURVE ( 'NONE', #10330, #10365, #6463, .T. ) ;
#9627 = EDGE_CURVE ( 'NONE', #10358, #10323, #6471, .T. ) ;
#9628 = EDGE_CURVE ( 'NONE', #10330, #10323, #6473, .T. ) ;
#9629 = EDGE_CURVE ( 'NONE', #10328, #10361, #6469, .T. ) ;
#9630 = EDGE_CURVE ( 'NONE', #10354, #10321, #6477, .T. ) ;
#9631 = EDGE_CURVE ( 'NONE', #10328, #10321, #6479, .T. ) ;
#9632 = EDGE_CURVE ( 'NONE', #10326, #10357, #6475, .T. ) ;
#9633 = EDGE_CURVE ( 'NONE', #10350, #10319, #6483, .T. ) ;
#9634 = EDGE_CURVE ( 'NONE', #10326, #10319, #6485, .T. ) ;
#9635 = EDGE_CURVE ( 'NONE', #10324, #10353, #6481, .T. ) ;
#9636 = EDGE_CURVE ( 'NONE', #10346, #10317, #6489, .T. ) ;
#9637 = EDGE_CURVE ( 'NONE', #10324, #10317, #6491, .T. ) ;
#9638 = EDGE_CURVE ( 'NONE', #10322, #10349, #6487, .T. ) ;
#9639 = EDGE_CURVE ( 'NONE', #10342, #10315, #6495, .T. ) ;
#9640 = EDGE_CURVE ( 'NONE', #10322, #10315, #6497, .T. ) ;
#9641 = EDGE_CURVE ( 'NONE', #10379, #10320, #6493, .T. ) ;
#9642 = EDGE_CURVE ( 'NONE', #10313, #10381, #6499, .T. ) ;
#9643 = EDGE_CURVE ( 'NONE', #10313, #10320, #6503, .T. ) ;
#9644 = EDGE_CURVE ( 'NONE', #10313, #9968, #6505, .T. ) ;
#9645 = EDGE_CURVE ( 'NONE', #10382, #10383, #6506, .T. ) ;
#9646 = EDGE_CURVE ( 'NONE', #10374, #10316, #6508, .T. ) ;
#9647 = EDGE_CURVE ( 'NONE', #10380, #10316, #6510, .T. ) ;
#9648 = EDGE_CURVE ( 'NONE', #10312, #10318, #6512, .T. ) ;
#9649 = EDGE_CURVE ( 'NONE', #10311, #10318, #6501, .T. ) ;
#9650 = EDGE_CURVE ( 'NONE', #10311, #10307, #6516, .T. ) ;
#9651 = EDGE_CURVE ( 'NONE', #10312, #10307, #6518, .T. ) ;
#9652 = EDGE_CURVE ( 'NONE', #10310, #10309, #6520, .T. ) ;
#9653 = EDGE_CURVE ( 'NONE', #10308, #10309, #6514, .T. ) ;
#9654 = EDGE_CURVE ( 'NONE', #10308, #10303, #6524, .T. ) ;
#9655 = EDGE_CURVE ( 'NONE', #10310, #10303, #6526, .T. ) ;
#9656 = EDGE_CURVE ( 'NONE', #10341, #10306, #6528, .T. ) ;
#9657 = EDGE_CURVE ( 'NONE', #10302, #10337, #6530, .T. ) ;
#9658 = EDGE_CURVE ( 'NONE', #10302, #10306, #6522, .T. ) ;
#9659 = EDGE_CURVE ( 'NONE', #10304, #10377, #6534, .T. ) ;
#9660 = EDGE_CURVE ( 'NONE', #10300, #10373, #6535, .T. ) ;
#9661 = EDGE_CURVE ( 'NONE', #10304, #10300, #6537, .T. ) ;
#9662 = EDGE_CURVE ( 'NONE', #10305, #10371, #6539, .T. ) ;
#9663 = EDGE_CURVE ( 'NONE', #10298, #10372, #6541, .T. ) ;
#9664 = EDGE_CURVE ( 'NONE', #10305, #10298, #6543, .T. ) ;
#9665 = EDGE_CURVE ( 'NONE', #10314, #10367, #6545, .T. ) ;
#9666 = EDGE_CURVE ( 'NONE', #10296, #10368, #6547, .T. ) ;
#9667 = EDGE_CURVE ( 'NONE', #10314, #10296, #6549, .T. ) ;
#9668 = EDGE_CURVE ( 'NONE', #10301, #10363, #6551, .T. ) ;
#9669 = EDGE_CURVE ( 'NONE', #10294, #10364, #6553, .T. ) ;
#9670 = EDGE_CURVE ( 'NONE', #10301, #10294, #6555, .T. ) ;
#9671 = EDGE_CURVE ( 'NONE', #10299, #10359, #6557, .T. ) ;
#9672 = EDGE_CURVE ( 'NONE', #10292, #10360, #6559, .T. ) ;
#9673 = EDGE_CURVE ( 'NONE', #10299, #10292, #6561, .T. ) ;
#9674 = EDGE_CURVE ( 'NONE', #10297, #10355, #6563, .T. ) ;
#9675 = EDGE_CURVE ( 'NONE', #10290, #10356, #6565, .T. ) ;
#9676 = EDGE_CURVE ( 'NONE', #10297, #10290, #6567, .T. ) ;
#9677 = EDGE_CURVE ( 'NONE', #10295, #10351, #6569, .T. ) ;
#9678 = EDGE_CURVE ( 'NONE', #10288, #10352, #6571, .T. ) ;
#9679 = EDGE_CURVE ( 'NONE', #10295, #10288, #6573, .T. ) ;
#9680 = EDGE_CURVE ( 'NONE', #10293, #10347, #6575, .T. ) ;
#9681 = EDGE_CURVE ( 'NONE', #10286, #10348, #6577, .T. ) ;
#9682 = EDGE_CURVE ( 'NONE', #10293, #10286, #6579, .T. ) ;
#9683 = EDGE_CURVE ( 'NONE', #10291, #10343, #6581, .T. ) ;
#9684 = EDGE_CURVE ( 'NONE', #10291, #10336, #6583, .T. ) ;
#9685 = EDGE_CURVE ( 'NONE', #10333, #10339, #6585, .T. ) ;
#9686 = EDGE_CURVE ( 'NONE', #10331, #10306, #6587, .T. ) ;
#9687 = EDGE_CURVE ( 'NONE', #10285, #10283, #6589, .T. ) ;
#9688 = EDGE_CURVE ( 'NONE', #10284, #10285, #6532, .T. ) ;
#9689 = EDGE_CURVE ( 'NONE', #10284, #10280, #6593, .T. ) ;
#9690 = EDGE_CURVE ( 'NONE', #10283, #10280, #6591, .T. ) ;
#9691 = EDGE_CURVE ( 'NONE', #10287, #10282, #6596, .T. ) ;
#9692 = EDGE_CURVE ( 'NONE', #10281, #10282, #8603, .T. ) ;
#9693 = EDGE_CURVE ( 'NONE', #10278, #10281, #8606, .T. ) ;
#9694 = EDGE_CURVE ( 'NONE', #10287, #10278, #8605, .T. ) ;
#9695 = EDGE_CURVE ( 'NONE', #10279, #10276, #8608, .T. ) ;
#9696 = EDGE_CURVE ( 'NONE', #10277, #10279, #8613, .T. ) ;
#9697 = EDGE_CURVE ( 'NONE', #10274, #10277, #8610, .T. ) ;
#9698 = EDGE_CURVE ( 'NONE', #10276, #10274, #8612, .T. ) ;
#9699 = EDGE_CURVE ( 'NONE', #10289, #10274, #8615, .T. ) ;
#9700 = EDGE_CURVE ( 'NONE', #10289, #10270, #8619, .T. ) ;
#9701 = EDGE_CURVE ( 'NONE', #10276, #10270, #8621, .T. ) ;
#9702 = EDGE_CURVE ( 'NONE', #10275, #10279, #8623, .T. ) ;
#9703 = EDGE_CURVE ( 'NONE', #10275, #10268, #8625, .T. ) ;
#9704 = EDGE_CURVE ( 'NONE', #10277, #10268, #8627, .T. ) ;
#9705 = EDGE_CURVE ( 'NONE', #10272, #10269, #8629, .T. ) ;
#9706 = EDGE_CURVE ( 'NONE', #10271, #10272, #8617, .T. ) ;
#9707 = EDGE_CURVE ( 'NONE', #10271, #10264, #8633, .T. ) ;
#9708 = EDGE_CURVE ( 'NONE', #10269, #10264, #8631, .T. ) ;
#9709 = EDGE_CURVE ( 'NONE', #10267, #10269, #8637, .T. ) ;
#9710 = EDGE_CURVE ( 'NONE', #10265, #10267, #8639, .T. ) ;
#9711 = EDGE_CURVE ( 'NONE', #10272, #10265, #8641, .T. ) ;
#9712 = EDGE_CURVE ( 'NONE', #9937, #9940, #8643, .T. ) ;
#9713 = EDGE_CURVE ( 'NONE', #9937, #9943, #8645, .T. ) ;
#9714 = EDGE_CURVE ( 'NONE', #9942, #9943, #8635, .T. ) ;
#9715 = EDGE_CURVE ( 'NONE', #9940, #9942, #8648, .T. ) ;
#9716 = EDGE_CURVE ( 'NONE', #9941, #9944, #8646, .T. ) ;
#9717 = EDGE_CURVE ( 'NONE', #9941, #9947, #8651, .T. ) ;
#9718 = EDGE_CURVE ( 'NONE', #9946, #9947, #8649, .T. ) ;
#9719 = EDGE_CURVE ( 'NONE', #9946, #9944, #8654, .T. ) ;
#9720 = EDGE_CURVE ( 'NONE', #9945, #9948, #8655, .T. ) ;
#9721 = EDGE_CURVE ( 'NONE', #9945, #9951, #8657, .T. ) ;
#9722 = EDGE_CURVE ( 'NONE', #9950, #9951, #8652, .T. ) ;
#9723 = EDGE_CURVE ( 'NONE', #9950, #9948, #8660, .T. ) ;
#9724 = EDGE_CURVE ( 'NONE', #9949, #9952, #8661, .T. ) ;
#9725 = EDGE_CURVE ( 'NONE', #9949, #9961, #8663, .T. ) ;
#9726 = EDGE_CURVE ( 'NONE', #9977, #9961, #8658, .T. ) ;
#9727 = EDGE_CURVE ( 'NONE', #9977, #9952, #8665, .T. ) ;
#9728 = ORIENTED_EDGE ( 'NONE', *, *, #9637, .F. ) ;
#9729 = ORIENTED_EDGE ( 'NONE', *, *, #9638, .T. ) ;
#9730 = ORIENTED_EDGE ( 'NONE', *, *, #9602, .T. ) ;
#9731 = ORIENTED_EDGE ( 'NONE', *, *, #9639, .T. ) ;
#9732 = ORIENTED_EDGE ( 'NONE', *, *, #9640, .F. ) ;
#9733 = ORIENTED_EDGE ( 'NONE', *, *, #9641, .F. ) ;
#9734 = ORIENTED_EDGE ( 'NONE', *, *, #30, .T. ) ;
#9735 = ORIENTED_EDGE ( 'NONE', *, *, #9642, .F. ) ;
#9736 = ORIENTED_EDGE ( 'NONE', *, *, #9643, .T. ) ;
#9737 = ORIENTED_EDGE ( 'NONE', *, *, #9642, .T. ) ;
#9738 = ORIENTED_EDGE ( 'NONE', *, *, #29, .T. ) ;
#9739 = ORIENTED_EDGE ( 'NONE', *, *, #21, .T. ) ;
#9740 = ORIENTED_EDGE ( 'NONE', *, *, #9644, .F. ) ;
#9741 = ORIENTED_EDGE ( 'NONE', *, *, #23, .T. ) ;
#9742 = ORIENTED_EDGE ( 'NONE', *, *, #34, .T. ) ;
#9743 = ORIENTED_EDGE ( 'NONE', *, *, #25, .T. ) ;
#9744 = ORIENTED_EDGE ( 'NONE', *, *, #9645, .F. ) ;
#9745 = ORIENTED_EDGE ( 'NONE', *, *, #27, .T. ) ;
#9746 = ORIENTED_EDGE ( 'NONE', *, *, #33, .T. ) ;
#9747 = ORIENTED_EDGE ( 'NONE', *, *, #9646, .T. ) ;
#9748 = ORIENTED_EDGE ( 'NONE', *, *, #9647, .F. ) ;
#9749 = ORIENTED_EDGE ( 'NONE', *, *, #9648, .T. ) ;
#9750 = ORIENTED_EDGE ( 'NONE', *, *, #9649, .F. ) ;
#9751 = ORIENTED_EDGE ( 'NONE', *, *, #9650, .T. ) ;
#9752 = ORIENTED_EDGE ( 'NONE', *, *, #9651, .F. ) ;
#9753 = ORIENTED_EDGE ( 'NONE', *, *, #9652, .T. ) ;
#9754 = ORIENTED_EDGE ( 'NONE', *, *, #9653, .F. ) ;
#9755 = ORIENTED_EDGE ( 'NONE', *, *, #9654, .T. ) ;
#9756 = ORIENTED_EDGE ( 'NONE', *, *, #9655, .F. ) ;
#9757 = ORIENTED_EDGE ( 'NONE', *, *, #9656, .F. ) ;
#9758 = ORIENTED_EDGE ( 'NONE', *, *, #9607, .T. ) ;
#9759 = ORIENTED_EDGE ( 'NONE', *, *, #9657, .F. ) ;
#9760 = ORIENTED_EDGE ( 'NONE', *, *, #9658, .T. ) ;
#9761 = ORIENTED_EDGE ( 'NONE', *, *, #9659, .T. ) ;
#9762 = ORIENTED_EDGE ( 'NONE', *, *, #36, .T. ) ;
#9763 = ORIENTED_EDGE ( 'NONE', *, *, #9660, .F. ) ;
#9764 = ORIENTED_EDGE ( 'NONE', *, *, #9661, .F. ) ;
#9765 = VERTEX_POINT ( 'NONE', #8047 ) ;
#9766 = VERTEX_POINT ( 'NONE', #8046 ) ;
#9767 = VERTEX_POINT ( 'NONE', #8048 ) ;
#9768 = VERTEX_POINT ( 'NONE', #8041 ) ;
#9769 = VERTEX_POINT ( 'NONE', #8049 ) ;
#9770 = VERTEX_POINT ( 'NONE', #8040 ) ;
#9771 = VERTEX_POINT ( 'NONE', #8050 ) ;
#9772 = VERTEX_POINT ( 'NONE', #8045 ) ;
#9773 = VERTEX_POINT ( 'NONE', #8051 ) ;
#9774 = VERTEX_POINT ( 'NONE', #8052 ) ;
#9775 = VERTEX_POINT ( 'NONE', #8053 ) ;
#9776 = VERTEX_POINT ( 'NONE', #8054 ) ;
#9777 = VERTEX_POINT ( 'NONE', #8055 ) ;
#9778 = VERTEX_POINT ( 'NONE', #8056 ) ;
#9779 = VERTEX_POINT ( 'NONE', #8057 ) ;
#9780 = VERTEX_POINT ( 'NONE', #8058 ) ;
#9781 = VERTEX_POINT ( 'NONE', #8059 ) ;
#9782 = VERTEX_POINT ( 'NONE', #8060 ) ;
#9783 = VERTEX_POINT ( 'NONE', #8061 ) ;
#9784 = VERTEX_POINT ( 'NONE', #8062 ) ;
#9785 = VERTEX_POINT ( 'NONE', #8063 ) ;
#9786 = VERTEX_POINT ( 'NONE', #8064 ) ;
#9787 = VERTEX_POINT ( 'NONE', #8065 ) ;
#9788 = VERTEX_POINT ( 'NONE', #8066 ) ;
#9789 = VERTEX_POINT ( 'NONE', #8067 ) ;
#9790 = VERTEX_POINT ( 'NONE', #8068 ) ;
#9791 = VERTEX_POINT ( 'NONE', #8069 ) ;
#9792 = VERTEX_POINT ( 'NONE', #8070 ) ;
#9793 = VERTEX_POINT ( 'NONE', #8071 ) ;
#9794 = VERTEX_POINT ( 'NONE', #8072 ) ;
#9795 = VERTEX_POINT ( 'NONE', #8073 ) ;
#9796 = VERTEX_POINT ( 'NONE', #8074 ) ;
#9797 = VERTEX_POINT ( 'NONE', #8075 ) ;
#9798 = VERTEX_POINT ( 'NONE', #8076 ) ;
#9799 = VERTEX_POINT ( 'NONE', #8077 ) ;
#9800 = VERTEX_POINT ( 'NONE', #8078 ) ;
#9801 = VERTEX_POINT ( 'NONE', #8079 ) ;
#9802 = VERTEX_POINT ( 'NONE', #8080 ) ;
#9803 = VERTEX_POINT ( 'NONE', #8081 ) ;
#9804 = VERTEX_POINT ( 'NONE', #8082 ) ;
#9805 = VERTEX_POINT ( 'NONE', #8083 ) ;
#9806 = VERTEX_POINT ( 'NONE', #8084 ) ;
#9807 = VERTEX_POINT ( 'NONE', #8085 ) ;
#9808 = VERTEX_POINT ( 'NONE', #8086 ) ;
#9809 = VERTEX_POINT ( 'NONE', #8087 ) ;
#9810 = VERTEX_POINT ( 'NONE', #8088 ) ;
#9811 = VERTEX_POINT ( 'NONE', #8089 ) ;
#9812 = VERTEX_POINT ( 'NONE', #8090 ) ;
#9813 = VERTEX_POINT ( 'NONE', #8091 ) ;
#9814 = VERTEX_POINT ( 'NONE', #8092 ) ;
#9815 = VERTEX_POINT ( 'NONE', #8093 ) ;
#9816 = VERTEX_POINT ( 'NONE', #8094 ) ;
#9817 = VERTEX_POINT ( 'NONE', #8095 ) ;
#9818 = VERTEX_POINT ( 'NONE', #8096 ) ;
#9819 = VERTEX_POINT ( 'NONE', #8097 ) ;
#9820 = VERTEX_POINT ( 'NONE', #8098 ) ;
#9821 = VERTEX_POINT ( 'NONE', #8099 ) ;
#9822 = VERTEX_POINT ( 'NONE', #8100 ) ;
#9823 = VERTEX_POINT ( 'NONE', #8101 ) ;
#9824 = VERTEX_POINT ( 'NONE', #8102 ) ;
#9825 = VERTEX_POINT ( 'NONE', #8103 ) ;
#9826 = VERTEX_POINT ( 'NONE', #8104 ) ;
#9827 = VERTEX_POINT ( 'NONE', #8105 ) ;
#9828 = VERTEX_POINT ( 'NONE', #8106 ) ;
#9829 = VERTEX_POINT ( 'NONE', #8107 ) ;
#9830 = VERTEX_POINT ( 'NONE', #8108 ) ;
#9831 = VERTEX_POINT ( 'NONE', #8109 ) ;
#9832 = VERTEX_POINT ( 'NONE', #8110 ) ;
#9833 = VERTEX_POINT ( 'NONE', #8111 ) ;
#9834 = VERTEX_POINT ( 'NONE', #8112 ) ;
#9835 = VERTEX_POINT ( 'NONE', #8113 ) ;
#9836 = VERTEX_POINT ( 'NONE', #8114 ) ;
#9837 = VERTEX_POINT ( 'NONE', #8115 ) ;
#9838 = VERTEX_POINT ( 'NONE', #8116 ) ;
#9839 = VERTEX_POINT ( 'NONE', #8117 ) ;
#9840 = VERTEX_POINT ( 'NONE', #8118 ) ;
#9841 = VERTEX_POINT ( 'NONE', #8119 ) ;
#9842 = VERTEX_POINT ( 'NONE', #8120 ) ;
#9843 = VERTEX_POINT ( 'NONE', #8121 ) ;
#9844 = VERTEX_POINT ( 'NONE', #8122 ) ;
#9845 = VERTEX_POINT ( 'NONE', #8123 ) ;
#9846 = VERTEX_POINT ( 'NONE', #8124 ) ;
#9847 = VERTEX_POINT ( 'NONE', #8125 ) ;
#9848 = VERTEX_POINT ( 'NONE', #8126 ) ;
#9849 = VERTEX_POINT ( 'NONE', #8127 ) ;
#9850 = VERTEX_POINT ( 'NONE', #8128 ) ;
#9851 = VERTEX_POINT ( 'NONE', #8129 ) ;
#9852 = VERTEX_POINT ( 'NONE', #8130 ) ;
#9853 = VERTEX_POINT ( 'NONE', #8131 ) ;
#9854 = VERTEX_POINT ( 'NONE', #8132 ) ;
#9855 = VERTEX_POINT ( 'NONE', #8133 ) ;
#9856 = VERTEX_POINT ( 'NONE', #8134 ) ;
#9857 = VERTEX_POINT ( 'NONE', #8135 ) ;
#9858 = VERTEX_POINT ( 'NONE', #8136 ) ;
#9859 = VERTEX_POINT ( 'NONE', #8137 ) ;
#9860 = VERTEX_POINT ( 'NONE', #8138 ) ;
#9861 = VERTEX_POINT ( 'NONE', #8139 ) ;
#9862 = VERTEX_POINT ( 'NONE', #8140 ) ;
#9863 = VERTEX_POINT ( 'NONE', #8141 ) ;
#9864 = VERTEX_POINT ( 'NONE', #8142 ) ;
#9865 = VERTEX_POINT ( 'NONE', #8143 ) ;
#9866 = VERTEX_POINT ( 'NONE', #8144 ) ;
#9867 = VERTEX_POINT ( 'NONE', #8145 ) ;
#9868 = VERTEX_POINT ( 'NONE', #8146 ) ;
#9869 = VERTEX_POINT ( 'NONE', #8147 ) ;
#9870 = VERTEX_POINT ( 'NONE', #8148 ) ;
#9871 = VERTEX_POINT ( 'NONE', #8149 ) ;
#9872 = VERTEX_POINT ( 'NONE', #8150 ) ;
#9873 = VERTEX_POINT ( 'NONE', #8151 ) ;
#9874 = VERTEX_POINT ( 'NONE', #8152 ) ;
#9875 = VERTEX_POINT ( 'NONE', #8153 ) ;
#9876 = VERTEX_POINT ( 'NONE', #8154 ) ;
#9877 = VERTEX_POINT ( 'NONE', #8155 ) ;
#9878 = VERTEX_POINT ( 'NONE', #8156 ) ;
#9879 = VERTEX_POINT ( 'NONE', #8157 ) ;
#9880 = VERTEX_POINT ( 'NONE', #8158 ) ;
#9881 = VERTEX_POINT ( 'NONE', #8159 ) ;
#9882 = VERTEX_POINT ( 'NONE', #8160 ) ;
#9883 = VERTEX_POINT ( 'NONE', #8161 ) ;
#9884 = VERTEX_POINT ( 'NONE', #8162 ) ;
#9885 = VERTEX_POINT ( 'NONE', #8163 ) ;
#9886 = VERTEX_POINT ( 'NONE', #8164 ) ;
#9887 = VERTEX_POINT ( 'NONE', #8165 ) ;
#9888 = VERTEX_POINT ( 'NONE', #8166 ) ;
#9889 = VERTEX_POINT ( 'NONE', #8167 ) ;
#9890 = VERTEX_POINT ( 'NONE', #8168 ) ;
#9891 = VERTEX_POINT ( 'NONE', #8169 ) ;
#9892 = VERTEX_POINT ( 'NONE', #8170 ) ;
#9893 = VERTEX_POINT ( 'NONE', #8171 ) ;
#9894 = VERTEX_POINT ( 'NONE', #8172 ) ;
#9895 = VERTEX_POINT ( 'NONE', #8173 ) ;
#9896 = VERTEX_POINT ( 'NONE', #8174 ) ;
#9897 = VERTEX_POINT ( 'NONE', #8175 ) ;
#9898 = VERTEX_POINT ( 'NONE', #8176 ) ;
#9899 = VERTEX_POINT ( 'NONE', #8177 ) ;
#9900 = VERTEX_POINT ( 'NONE', #8178 ) ;
#9901 = VERTEX_POINT ( 'NONE', #8179 ) ;
#9902 = VERTEX_POINT ( 'NONE', #8180 ) ;
#9903 = VERTEX_POINT ( 'NONE', #8181 ) ;
#9904 = VERTEX_POINT ( 'NONE', #8182 ) ;
#9905 = VERTEX_POINT ( 'NONE', #8183 ) ;
#9906 = VERTEX_POINT ( 'NONE', #8184 ) ;
#9907 = VERTEX_POINT ( 'NONE', #8185 ) ;
#9908 = VERTEX_POINT ( 'NONE', #8186 ) ;
#9909 = VERTEX_POINT ( 'NONE', #8187 ) ;
#9910 = VERTEX_POINT ( 'NONE', #8188 ) ;
#9911 = VERTEX_POINT ( 'NONE', #8189 ) ;
#9912 = VERTEX_POINT ( 'NONE', #8190 ) ;
#9913 = VERTEX_POINT ( 'NONE', #8191 ) ;
#9914 = VERTEX_POINT ( 'NONE', #8192 ) ;
#9915 = VERTEX_POINT ( 'NONE', #8193 ) ;
#9916 = VERTEX_POINT ( 'NONE', #8194 ) ;
#9917 = VERTEX_POINT ( 'NONE', #8195 ) ;
#9918 = VERTEX_POINT ( 'NONE', #8196 ) ;
#9919 = VERTEX_POINT ( 'NONE', #8197 ) ;
#9920 = VERTEX_POINT ( 'NONE', #8198 ) ;
#9921 = VERTEX_POINT ( 'NONE', #8199 ) ;
#9922 = VERTEX_POINT ( 'NONE', #8200 ) ;
#9923 = VERTEX_POINT ( 'NONE', #8201 ) ;
#9924 = VERTEX_POINT ( 'NONE', #8202 ) ;
#9925 = VERTEX_POINT ( 'NONE', #8203 ) ;
#9926 = VERTEX_POINT ( 'NONE', #8204 ) ;
#9927 = VERTEX_POINT ( 'NONE', #8205 ) ;
#9928 = VERTEX_POINT ( 'NONE', #8206 ) ;
#9929 = VERTEX_POINT ( 'NONE', #8207 ) ;
#9930 = VERTEX_POINT ( 'NONE', #8208 ) ;
#9931 = VERTEX_POINT ( 'NONE', #8209 ) ;
#9932 = VERTEX_POINT ( 'NONE', #8210 ) ;
#9933 = VERTEX_POINT ( 'NONE', #8211 ) ;
#9934 = VERTEX_POINT ( 'NONE', #8212 ) ;
#9935 = VERTEX_POINT ( 'NONE', #8213 ) ;
#9936 = VERTEX_POINT ( 'NONE', #8214 ) ;
#9937 = VERTEX_POINT ( 'NONE', #8215 ) ;
#9938 = VERTEX_POINT ( 'NONE', #8216 ) ;
#9939 = VERTEX_POINT ( 'NONE', #8217 ) ;
#9940 = VERTEX_POINT ( 'NONE', #8218 ) ;
#9941 = VERTEX_POINT ( 'NONE', #8219 ) ;
#9942 = VERTEX_POINT ( 'NONE', #8220 ) ;
#9943 = VERTEX_POINT ( 'NONE', #8221 ) ;
#9944 = VERTEX_POINT ( 'NONE', #8222 ) ;
#9945 = VERTEX_POINT ( 'NONE', #8223 ) ;
#9946 = VERTEX_POINT ( 'NONE', #8224 ) ;
#9947 = VERTEX_POINT ( 'NONE', #8225 ) ;
#9948 = VERTEX_POINT ( 'NONE', #8226 ) ;
#9949 = VERTEX_POINT ( 'NONE', #8227 ) ;
#9950 = VERTEX_POINT ( 'NONE', #8228 ) ;
#9951 = VERTEX_POINT ( 'NONE', #8229 ) ;
#9952 = VERTEX_POINT ( 'NONE', #8230 ) ;
#9953 = VERTEX_POINT ( 'NONE', #8231 ) ;
#9954 = VERTEX_POINT ( 'NONE', #8232 ) ;
#9955 = VERTEX_POINT ( 'NONE', #8233 ) ;
#9956 = VERTEX_POINT ( 'NONE', #8234 ) ;
#9957 = VERTEX_POINT ( 'NONE', #8235 ) ;
#9958 = VERTEX_POINT ( 'NONE', #8236 ) ;
#9959 = VERTEX_POINT ( 'NONE', #8237 ) ;
#9960 = VERTEX_POINT ( 'NONE', #8238 ) ;
#9961 = VERTEX_POINT ( 'NONE', #8239 ) ;
#9962 = VERTEX_POINT ( 'NONE', #8240 ) ;
#9963 = VERTEX_POINT ( 'NONE', #8241 ) ;
#9964 = VERTEX_POINT ( 'NONE', #8242 ) ;
#9965 = VERTEX_POINT ( 'NONE', #8243 ) ;
#9966 = VERTEX_POINT ( 'NONE', #8244 ) ;
#9967 = VERTEX_POINT ( 'NONE', #8245 ) ;
#9968 = VERTEX_POINT ( 'NONE', #8246 ) ;
#9969 = VERTEX_POINT ( 'NONE', #8247 ) ;
#9970 = VERTEX_POINT ( 'NONE', #8248 ) ;
#9971 = VERTEX_POINT ( 'NONE', #8249 ) ;
#9972 = VERTEX_POINT ( 'NONE', #8250 ) ;
#9973 = VERTEX_POINT ( 'NONE', #8251 ) ;
#9974 = VERTEX_POINT ( 'NONE', #8252 ) ;
#9975 = VERTEX_POINT ( 'NONE', #8253 ) ;
#9976 = VERTEX_POINT ( 'NONE', #8254 ) ;
#9977 = VERTEX_POINT ( 'NONE', #8255 ) ;
#9978 = VERTEX_POINT ( 'NONE', #8256 ) ;
#9979 = VERTEX_POINT ( 'NONE', #8257 ) ;
#9980 = VERTEX_POINT ( 'NONE', #8258 ) ;
#9981 = VERTEX_POINT ( 'NONE', #8259 ) ;
#9982 = VERTEX_POINT ( 'NONE', #8260 ) ;
#9983 = VERTEX_POINT ( 'NONE', #8261 ) ;
#9984 = VERTEX_POINT ( 'NONE', #8262 ) ;
#9985 = VERTEX_POINT ( 'NONE', #8263 ) ;
#9986 = VERTEX_POINT ( 'NONE', #8264 ) ;
#9987 = VERTEX_POINT ( 'NONE', #8265 ) ;
#9988 = VERTEX_POINT ( 'NONE', #8266 ) ;
#9989 = VERTEX_POINT ( 'NONE', #8267 ) ;
#9990 = VERTEX_POINT ( 'NONE', #8268 ) ;
#9991 = VERTEX_POINT ( 'NONE', #8269 ) ;
#9992 = VERTEX_POINT ( 'NONE', #8270 ) ;
#9993 = VERTEX_POINT ( 'NONE', #8271 ) ;
#9994 = VERTEX_POINT ( 'NONE', #8272 ) ;
#9995 = VERTEX_POINT ( 'NONE', #8273 ) ;
#9996 = VERTEX_POINT ( 'NONE', #8274 ) ;
#9997 = VERTEX_POINT ( 'NONE', #8275 ) ;
#9998 = VERTEX_POINT ( 'NONE', #8276 ) ;
#9999 = VERTEX_POINT ( 'NONE', #8277 ) ;
#10000 = VERTEX_POINT ( 'NONE', #8278 ) ;
#10001 = VERTEX_POINT ( 'NONE', #8279 ) ;
#10002 = VERTEX_POINT ( 'NONE', #8280 ) ;
#10003 = VERTEX_POINT ( 'NONE', #8281 ) ;
#10004 = VERTEX_POINT ( 'NONE', #8282 ) ;
#10005 = VERTEX_POINT ( 'NONE', #8283 ) ;
#10006 = VERTEX_POINT ( 'NONE', #8284 ) ;
#10007 = VERTEX_POINT ( 'NONE', #8285 ) ;
#10008 = VERTEX_POINT ( 'NONE', #8286 ) ;
#10009 = VERTEX_POINT ( 'NONE', #8287 ) ;
#10010 = VERTEX_POINT ( 'NONE', #8288 ) ;
#10011 = VERTEX_POINT ( 'NONE', #8289 ) ;
#10012 = VERTEX_POINT ( 'NONE', #8290 ) ;
#10013 = VERTEX_POINT ( 'NONE', #8291 ) ;
#10014 = VERTEX_POINT ( 'NONE', #8292 ) ;
#10015 = VERTEX_POINT ( 'NONE', #8293 ) ;
#10016 = VERTEX_POINT ( 'NONE', #8294 ) ;
#10017 = VERTEX_POINT ( 'NONE', #8295 ) ;
#10018 = VERTEX_POINT ( 'NONE', #8296 ) ;
#10019 = VERTEX_POINT ( 'NONE', #8297 ) ;
#10020 = VERTEX_POINT ( 'NONE', #8298 ) ;
#10021 = VERTEX_POINT ( 'NONE', #8299 ) ;
#10022 = VERTEX_POINT ( 'NONE', #8300 ) ;
#10023 = VERTEX_POINT ( 'NONE', #8301 ) ;
#10024 = VERTEX_POINT ( 'NONE', #8302 ) ;
#10025 = VERTEX_POINT ( 'NONE', #8303 ) ;
#10026 = VERTEX_POINT ( 'NONE', #8304 ) ;
#10027 = VERTEX_POINT ( 'NONE', #8305 ) ;
#10028 = VERTEX_POINT ( 'NONE', #8306 ) ;
#10029 = VERTEX_POINT ( 'NONE', #8307 ) ;
#10030 = VERTEX_POINT ( 'NONE', #8308 ) ;
#10031 = VERTEX_POINT ( 'NONE', #8309 ) ;
#10032 = VERTEX_POINT ( 'NONE', #8310 ) ;
#10033 = VERTEX_POINT ( 'NONE', #8311 ) ;
#10034 = VERTEX_POINT ( 'NONE', #8312 ) ;
#10035 = VERTEX_POINT ( 'NONE', #8313 ) ;
#10036 = VERTEX_POINT ( 'NONE', #8314 ) ;
#10037 = VERTEX_POINT ( 'NONE', #8315 ) ;
#10038 = VERTEX_POINT ( 'NONE', #8316 ) ;
#10039 = VERTEX_POINT ( 'NONE', #8317 ) ;
#10040 = VERTEX_POINT ( 'NONE', #8318 ) ;
#10041 = VERTEX_POINT ( 'NONE', #8319 ) ;
#10042 = VERTEX_POINT ( 'NONE', #8320 ) ;
#10043 = VERTEX_POINT ( 'NONE', #8321 ) ;
#10044 = VERTEX_POINT ( 'NONE', #8322 ) ;
#10045 = VERTEX_POINT ( 'NONE', #8323 ) ;
#10046 = VERTEX_POINT ( 'NONE', #8324 ) ;
#10047 = VERTEX_POINT ( 'NONE', #8325 ) ;
#10048 = VERTEX_POINT ( 'NONE', #8326 ) ;
#10049 = VERTEX_POINT ( 'NONE', #8327 ) ;
#10050 = VERTEX_POINT ( 'NONE', #8328 ) ;
#10051 = VERTEX_POINT ( 'NONE', #8329 ) ;
#10052 = VERTEX_POINT ( 'NONE', #8330 ) ;
#10053 = VERTEX_POINT ( 'NONE', #8331 ) ;
#10054 = VERTEX_POINT ( 'NONE', #8332 ) ;
#10055 = VERTEX_POINT ( 'NONE', #8333 ) ;
#10056 = VERTEX_POINT ( 'NONE', #8334 ) ;
#10057 = VERTEX_POINT ( 'NONE', #8335 ) ;
#10058 = VERTEX_POINT ( 'NONE', #8336 ) ;
#10059 = VERTEX_POINT ( 'NONE', #8337 ) ;
#10060 = VERTEX_POINT ( 'NONE', #8338 ) ;
#10061 = VERTEX_POINT ( 'NONE', #8339 ) ;
#10062 = VERTEX_POINT ( 'NONE', #8340 ) ;
#10063 = VERTEX_POINT ( 'NONE', #8341 ) ;
#10064 = VERTEX_POINT ( 'NONE', #8342 ) ;
#10065 = VERTEX_POINT ( 'NONE', #8343 ) ;
#10066 = VERTEX_POINT ( 'NONE', #8344 ) ;
#10067 = VERTEX_POINT ( 'NONE', #8345 ) ;
#10068 = VERTEX_POINT ( 'NONE', #8346 ) ;
#10069 = VERTEX_POINT ( 'NONE', #8347 ) ;
#10070 = VERTEX_POINT ( 'NONE', #8348 ) ;
#10071 = VERTEX_POINT ( 'NONE', #8349 ) ;
#10072 = VERTEX_POINT ( 'NONE', #8350 ) ;
#10073 = VERTEX_POINT ( 'NONE', #8351 ) ;
#10074 = VERTEX_POINT ( 'NONE', #8352 ) ;
#10075 = VERTEX_POINT ( 'NONE', #8353 ) ;
#10076 = VERTEX_POINT ( 'NONE', #8354 ) ;
#10077 = VERTEX_POINT ( 'NONE', #8355 ) ;
#10078 = VERTEX_POINT ( 'NONE', #8356 ) ;
#10079 = VERTEX_POINT ( 'NONE', #8357 ) ;
#10080 = VERTEX_POINT ( 'NONE', #8358 ) ;
#10081 = VERTEX_POINT ( 'NONE', #8359 ) ;
#10082 = VERTEX_POINT ( 'NONE', #8360 ) ;
#10083 = VERTEX_POINT ( 'NONE', #8361 ) ;
#10084 = VERTEX_POINT ( 'NONE', #8362 ) ;
#10085 = VERTEX_POINT ( 'NONE', #8363 ) ;
#10086 = VERTEX_POINT ( 'NONE', #8364 ) ;
#10087 = VERTEX_POINT ( 'NONE', #8365 ) ;
#10088 = VERTEX_POINT ( 'NONE', #8366 ) ;
#10089 = VERTEX_POINT ( 'NONE', #8367 ) ;
#10090 = VERTEX_POINT ( 'NONE', #8368 ) ;
#10091 = VERTEX_POINT ( 'NONE', #8369 ) ;
#10092 = VERTEX_POINT ( 'NONE', #8370 ) ;
#10093 = VERTEX_POINT ( 'NONE', #8371 ) ;
#10094 = VERTEX_POINT ( 'NONE', #8372 ) ;
#10095 = VERTEX_POINT ( 'NONE', #8373 ) ;
#10096 = VERTEX_POINT ( 'NONE', #8374 ) ;
#10097 = VERTEX_POINT ( 'NONE', #8375 ) ;
#10098 = VERTEX_POINT ( 'NONE', #8376 ) ;
#10099 = VERTEX_POINT ( 'NONE', #8377 ) ;
#10100 = VERTEX_POINT ( 'NONE', #8378 ) ;
#10101 = VERTEX_POINT ( 'NONE', #8379 ) ;
#10102 = VERTEX_POINT ( 'NONE', #8380 ) ;
#10103 = VERTEX_POINT ( 'NONE', #8381 ) ;
#10104 = VERTEX_POINT ( 'NONE', #8382 ) ;
#10105 = VERTEX_POINT ( 'NONE', #8383 ) ;
#10106 = VERTEX_POINT ( 'NONE', #8384 ) ;
#10107 = VERTEX_POINT ( 'NONE', #8385 ) ;
#10108 = VERTEX_POINT ( 'NONE', #8386 ) ;
#10109 = VERTEX_POINT ( 'NONE', #8387 ) ;
#10110 = VERTEX_POINT ( 'NONE', #8388 ) ;
#10111 = VERTEX_POINT ( 'NONE', #8389 ) ;
#10112 = VERTEX_POINT ( 'NONE', #8390 ) ;
#10113 = VERTEX_POINT ( 'NONE', #8391 ) ;
#10114 = VERTEX_POINT ( 'NONE', #8392 ) ;
#10115 = VERTEX_POINT ( 'NONE', #8393 ) ;
#10116 = VERTEX_POINT ( 'NONE', #8394 ) ;
#10117 = VERTEX_POINT ( 'NONE', #8395 ) ;
#10118 = VERTEX_POINT ( 'NONE', #8396 ) ;
#10119 = VERTEX_POINT ( 'NONE', #8397 ) ;
#10120 = VERTEX_POINT ( 'NONE', #8398 ) ;
#10121 = VERTEX_POINT ( 'NONE', #8399 ) ;
#10122 = VERTEX_POINT ( 'NONE', #8400 ) ;
#10123 = VERTEX_POINT ( 'NONE', #8401 ) ;
#10124 = VERTEX_POINT ( 'NONE', #8402 ) ;
#10125 = VERTEX_POINT ( 'NONE', #8403 ) ;
#10126 = VERTEX_POINT ( 'NONE', #8404 ) ;
#10127 = VERTEX_POINT ( 'NONE', #8405 ) ;
#10128 = VERTEX_POINT ( 'NONE', #8406 ) ;
#10129 = VERTEX_POINT ( 'NONE', #8407 ) ;
#10130 = VERTEX_POINT ( 'NONE', #8408 ) ;
#10131 = VERTEX_POINT ( 'NONE', #8409 ) ;
#10132 = VERTEX_POINT ( 'NONE', #8410 ) ;
#10133 = VERTEX_POINT ( 'NONE', #8411 ) ;
#10134 = VERTEX_POINT ( 'NONE', #8412 ) ;
#10135 = VERTEX_POINT ( 'NONE', #8413 ) ;
#10136 = VERTEX_POINT ( 'NONE', #8414 ) ;
#10137 = VERTEX_POINT ( 'NONE', #8415 ) ;
#10138 = VERTEX_POINT ( 'NONE', #8416 ) ;
#10139 = VERTEX_POINT ( 'NONE', #8417 ) ;
#10140 = VERTEX_POINT ( 'NONE', #8418 ) ;
#10141 = VERTEX_POINT ( 'NONE', #8419 ) ;
#10142 = VERTEX_POINT ( 'NONE', #8420 ) ;
#10143 = VERTEX_POINT ( 'NONE', #8421 ) ;
#10144 = VERTEX_POINT ( 'NONE', #8422 ) ;
#10145 = VERTEX_POINT ( 'NONE', #8423 ) ;
#10146 = VERTEX_POINT ( 'NONE', #8424 ) ;
#10147 = VERTEX_POINT ( 'NONE', #8425 ) ;
#10148 = VERTEX_POINT ( 'NONE', #8426 ) ;
#10149 = VERTEX_POINT ( 'NONE', #8427 ) ;
#10150 = VERTEX_POINT ( 'NONE', #8428 ) ;
#10151 = VERTEX_POINT ( 'NONE', #8429 ) ;
#10152 = VERTEX_POINT ( 'NONE', #8430 ) ;
#10153 = VERTEX_POINT ( 'NONE', #8431 ) ;
#10154 = VERTEX_POINT ( 'NONE', #8432 ) ;
#10155 = VERTEX_POINT ( 'NONE', #8433 ) ;
#10156 = VERTEX_POINT ( 'NONE', #8434 ) ;
#10157 = VERTEX_POINT ( 'NONE', #8435 ) ;
#10158 = VERTEX_POINT ( 'NONE', #8436 ) ;
#10159 = VERTEX_POINT ( 'NONE', #8437 ) ;
#10160 = VERTEX_POINT ( 'NONE', #8438 ) ;
#10161 = VERTEX_POINT ( 'NONE', #8439 ) ;
#10162 = VERTEX_POINT ( 'NONE', #8440 ) ;
#10163 = VERTEX_POINT ( 'NONE', #8441 ) ;
#10164 = VERTEX_POINT ( 'NONE', #8442 ) ;
#10165 = VERTEX_POINT ( 'NONE', #8443 ) ;
#10166 = VERTEX_POINT ( 'NONE', #8444 ) ;
#10167 = VERTEX_POINT ( 'NONE', #8445 ) ;
#10168 = VERTEX_POINT ( 'NONE', #8446 ) ;
#10169 = VERTEX_POINT ( 'NONE', #8447 ) ;
#10170 = VERTEX_POINT ( 'NONE', #8448 ) ;
#10171 = VERTEX_POINT ( 'NONE', #8449 ) ;
#10172 = VERTEX_POINT ( 'NONE', #8450 ) ;
#10173 = VERTEX_POINT ( 'NONE', #8451 ) ;
#10174 = VERTEX_POINT ( 'NONE', #8452 ) ;
#10175 = VERTEX_POINT ( 'NONE', #8453 ) ;
#10176 = VERTEX_POINT ( 'NONE', #8454 ) ;
#10177 = VERTEX_POINT ( 'NONE', #8455 ) ;
#10178 = VERTEX_POINT ( 'NONE', #8456 ) ;
#10179 = VERTEX_POINT ( 'NONE', #8457 ) ;
#10180 = VERTEX_POINT ( 'NONE', #8458 ) ;
#10181 = VERTEX_POINT ( 'NONE', #8459 ) ;
#10182 = VERTEX_POINT ( 'NONE', #8460 ) ;
#10183 = VERTEX_POINT ( 'NONE', #8461 ) ;
#10184 = VERTEX_POINT ( 'NONE', #8462 ) ;
#10185 = VERTEX_POINT ( 'NONE', #8463 ) ;
#10186 = VERTEX_POINT ( 'NONE', #8464 ) ;
#10187 = VERTEX_POINT ( 'NONE', #8465 ) ;
#10188 = VERTEX_POINT ( 'NONE', #8466 ) ;
#10189 = VERTEX_POINT ( 'NONE', #8467 ) ;
#10190 = VERTEX_POINT ( 'NONE', #8468 ) ;
#10191 = VERTEX_POINT ( 'NONE', #8469 ) ;
#10192 = VERTEX_POINT ( 'NONE', #8470 ) ;
#10193 = VERTEX_POINT ( 'NONE', #8471 ) ;
#10194 = VERTEX_POINT ( 'NONE', #8472 ) ;
#10195 = VERTEX_POINT ( 'NONE', #8473 ) ;
#10196 = VERTEX_POINT ( 'NONE', #8474 ) ;
#10197 = VERTEX_POINT ( 'NONE', #8475 ) ;
#10198 = VERTEX_POINT ( 'NONE', #8476 ) ;
#10199 = VERTEX_POINT ( 'NONE', #8477 ) ;
#10200 = VERTEX_POINT ( 'NONE', #8478 ) ;
#10201 = VERTEX_POINT ( 'NONE', #8479 ) ;
#10202 = VERTEX_POINT ( 'NONE', #8480 ) ;
#10203 = VERTEX_POINT ( 'NONE', #8481 ) ;
#10204 = VERTEX_POINT ( 'NONE', #8482 ) ;
#10205 = VERTEX_POINT ( 'NONE', #8483 ) ;
#10206 = VERTEX_POINT ( 'NONE', #8484 ) ;
#10207 = VERTEX_POINT ( 'NONE', #8485 ) ;
#10208 = VERTEX_POINT ( 'NONE', #8486 ) ;
#10209 = VERTEX_POINT ( 'NONE', #8487 ) ;
#10210 = VERTEX_POINT ( 'NONE', #8488 ) ;
#10211 = VERTEX_POINT ( 'NONE', #8489 ) ;
#10212 = VERTEX_POINT ( 'NONE', #8490 ) ;
#10213 = VERTEX_POINT ( 'NONE', #8491 ) ;
#10214 = VERTEX_POINT ( 'NONE', #8492 ) ;
#10215 = VERTEX_POINT ( 'NONE', #8493 ) ;
#10216 = VERTEX_POINT ( 'NONE', #8494 ) ;
#10217 = VERTEX_POINT ( 'NONE', #8495 ) ;
#10218 = VERTEX_POINT ( 'NONE', #8496 ) ;
#10219 = VERTEX_POINT ( 'NONE', #8497 ) ;
#10220 = VERTEX_POINT ( 'NONE', #8498 ) ;
#10221 = VERTEX_POINT ( 'NONE', #8499 ) ;
#10222 = VERTEX_POINT ( 'NONE', #8500 ) ;
#10223 = VERTEX_POINT ( 'NONE', #8501 ) ;
#10224 = VERTEX_POINT ( 'NONE', #8502 ) ;
#10225 = VERTEX_POINT ( 'NONE', #8503 ) ;
#10226 = VERTEX_POINT ( 'NONE', #8504 ) ;
#10227 = VERTEX_POINT ( 'NONE', #8505 ) ;
#10228 = VERTEX_POINT ( 'NONE', #8506 ) ;
#10229 = VERTEX_POINT ( 'NONE', #8507 ) ;
#10230 = VERTEX_POINT ( 'NONE', #8508 ) ;
#10231 = VERTEX_POINT ( 'NONE', #8509 ) ;
#10232 = VERTEX_POINT ( 'NONE', #8510 ) ;
#10233 = VERTEX_POINT ( 'NONE', #8511 ) ;
#10234 = VERTEX_POINT ( 'NONE', #8512 ) ;
#10235 = VERTEX_POINT ( 'NONE', #8513 ) ;
#10236 = VERTEX_POINT ( 'NONE', #8514 ) ;
#10237 = VERTEX_POINT ( 'NONE', #8515 ) ;
#10238 = VERTEX_POINT ( 'NONE', #8516 ) ;
#10239 = VERTEX_POINT ( 'NONE', #8517 ) ;
#10240 = VERTEX_POINT ( 'NONE', #8518 ) ;
#10241 = VERTEX_POINT ( 'NONE', #8519 ) ;
#10242 = VERTEX_POINT ( 'NONE', #8520 ) ;
#10243 = VERTEX_POINT ( 'NONE', #8521 ) ;
#10244 = VERTEX_POINT ( 'NONE', #8522 ) ;
#10245 = VERTEX_POINT ( 'NONE', #8523 ) ;
#10246 = VERTEX_POINT ( 'NONE', #8524 ) ;
#10247 = VERTEX_POINT ( 'NONE', #8525 ) ;
#10248 = VERTEX_POINT ( 'NONE', #8526 ) ;
#10249 = VERTEX_POINT ( 'NONE', #8527 ) ;
#10250 = VERTEX_POINT ( 'NONE', #8528 ) ;
#10251 = VERTEX_POINT ( 'NONE', #8529 ) ;
#10252 = VERTEX_POINT ( 'NONE', #8530 ) ;
#10253 = VERTEX_POINT ( 'NONE', #8531 ) ;
#10254 = VERTEX_POINT ( 'NONE', #8532 ) ;
#10255 = VERTEX_POINT ( 'NONE', #8533 ) ;
#10256 = VERTEX_POINT ( 'NONE', #8534 ) ;
#10257 = VERTEX_POINT ( 'NONE', #8535 ) ;
#10258 = VERTEX_POINT ( 'NONE', #8536 ) ;
#10259 = VERTEX_POINT ( 'NONE', #8537 ) ;
#10260 = VERTEX_POINT ( 'NONE', #8538 ) ;
#10261 = VERTEX_POINT ( 'NONE', #8539 ) ;
#10262 = VERTEX_POINT ( 'NONE', #8540 ) ;
#10263 = VERTEX_POINT ( 'NONE', #8541 ) ;
#10264 = VERTEX_POINT ( 'NONE', #8542 ) ;
#10265 = VERTEX_POINT ( 'NONE', #8543 ) ;
#10266 = VERTEX_POINT ( 'NONE', #8544 ) ;
#10267 = VERTEX_POINT ( 'NONE', #8545 ) ;
#10268 = VERTEX_POINT ( 'NONE', #8546 ) ;
#10269 = VERTEX_POINT ( 'NONE', #8547 ) ;
#10270 = VERTEX_POINT ( 'NONE', #8548 ) ;
#10271 = VERTEX_POINT ( 'NONE', #8549 ) ;
#10272 = VERTEX_POINT ( 'NONE', #8550 ) ;
#10273 = VERTEX_POINT ( 'NONE', #8551 ) ;
#10274 = VERTEX_POINT ( 'NONE', #8552 ) ;
#10275 = VERTEX_POINT ( 'NONE', #8553 ) ;
#10276 = VERTEX_POINT ( 'NONE', #8554 ) ;
#10277 = VERTEX_POINT ( 'NONE', #8555 ) ;
#10278 = VERTEX_POINT ( 'NONE', #8556 ) ;
#10279 = VERTEX_POINT ( 'NONE', #8557 ) ;
#10280 = VERTEX_POINT ( 'NONE', #8558 ) ;
#10281 = VERTEX_POINT ( 'NONE', #8559 ) ;
#10282 = VERTEX_POINT ( 'NONE', #8560 ) ;
#10283 = VERTEX_POINT ( 'NONE', #8561 ) ;
#10284 = VERTEX_POINT ( 'NONE', #8562 ) ;
#10285 = VERTEX_POINT ( 'NONE', #8563 ) ;
#10286 = VERTEX_POINT ( 'NONE', #8564 ) ;
#10287 = VERTEX_POINT ( 'NONE', #8565 ) ;
#10288 = VERTEX_POINT ( 'NONE', #8566 ) ;
#10289 = VERTEX_POINT ( 'NONE', #8567 ) ;
#10290 = VERTEX_POINT ( 'NONE', #8568 ) ;
#10291 = VERTEX_POINT ( 'NONE', #8569 ) ;
#10292 = VERTEX_POINT ( 'NONE', #8570 ) ;
#10293 = VERTEX_POINT ( 'NONE', #8571 ) ;
#10294 = VERTEX_POINT ( 'NONE', #8572 ) ;
#10295 = VERTEX_POINT ( 'NONE', #8573 ) ;
#10296 = VERTEX_POINT ( 'NONE', #8574 ) ;
#10297 = VERTEX_POINT ( 'NONE', #8575 ) ;
#10298 = VERTEX_POINT ( 'NONE', #8576 ) ;
#10299 = VERTEX_POINT ( 'NONE', #8577 ) ;
#10300 = VERTEX_POINT ( 'NONE', #8578 ) ;
#10301 = VERTEX_POINT ( 'NONE', #8579 ) ;
#10302 = VERTEX_POINT ( 'NONE', #8580 ) ;
#10303 = VERTEX_POINT ( 'NONE', #8581 ) ;
#10304 = VERTEX_POINT ( 'NONE', #8582 ) ;
#10305 = VERTEX_POINT ( 'NONE', #8583 ) ;
#10306 = VERTEX_POINT ( 'NONE', #8584 ) ;
#10307 = VERTEX_POINT ( 'NONE', #8585 ) ;
#10308 = VERTEX_POINT ( 'NONE', #8586 ) ;
#10309 = VERTEX_POINT ( 'NONE', #8587 ) ;
#10310 = VERTEX_POINT ( 'NONE', #8588 ) ;
#10311 = VERTEX_POINT ( 'NONE', #8589 ) ;
#10312 = VERTEX_POINT ( 'NONE', #8590 ) ;
#10313 = VERTEX_POINT ( 'NONE', #8591 ) ;
#10314 = VERTEX_POINT ( 'NONE', #8592 ) ;
#10315 = VERTEX_POINT ( 'NONE', #8593 ) ;
#10316 = VERTEX_POINT ( 'NONE', #8594 ) ;
#10317 = VERTEX_POINT ( 'NONE', #8595 ) ;
#10318 = VERTEX_POINT ( 'NONE', #8596 ) ;
#10319 = VERTEX_POINT ( 'NONE', #8597 ) ;
#10320 = VERTEX_POINT ( 'NONE', #8598 ) ;
#10321 = VERTEX_POINT ( 'NONE', #8599 ) ;
#10322 = VERTEX_POINT ( 'NONE', #8600 ) ;
#10323 = VERTEX_POINT ( 'NONE', #8601 ) ;
#10324 = VERTEX_POINT ( 'NONE', #8602 ) ;
#10325 = VERTEX_POINT ( 'NONE', #8703 ) ;
#10326 = VERTEX_POINT ( 'NONE', #8704 ) ;
#10327 = VERTEX_POINT ( 'NONE', #8705 ) ;
#10328 = VERTEX_POINT ( 'NONE', #8706 ) ;
#10329 = VERTEX_POINT ( 'NONE', #8707 ) ;
#10330 = VERTEX_POINT ( 'NONE', #8708 ) ;
#10331 = VERTEX_POINT ( 'NONE', #8709 ) ;
#10332 = VERTEX_POINT ( 'NONE', #8710 ) ;
#10333 = VERTEX_POINT ( 'NONE', #8711 ) ;
#10334 = VERTEX_POINT ( 'NONE', #8712 ) ;
#10335 = VERTEX_POINT ( 'NONE', #8713 ) ;
#10336 = VERTEX_POINT ( 'NONE', #8714 ) ;
#10337 = VERTEX_POINT ( 'NONE', #8715 ) ;
#10338 = VERTEX_POINT ( 'NONE', #8716 ) ;
#10339 = VERTEX_POINT ( 'NONE', #8717 ) ;
#10340 = VERTEX_POINT ( 'NONE', #8718 ) ;
#10341 = VERTEX_POINT ( 'NONE', #8719 ) ;
#10342 = VERTEX_POINT ( 'NONE', #8720 ) ;
#10343 = VERTEX_POINT ( 'NONE', #8721 ) ;
#10344 = VERTEX_POINT ( 'NONE', #8722 ) ;
#10345 = VERTEX_POINT ( 'NONE', #8723 ) ;
#10346 = VERTEX_POINT ( 'NONE', #8724 ) ;
#10347 = VERTEX_POINT ( 'NONE', #8725 ) ;
#10348 = VERTEX_POINT ( 'NONE', #8726 ) ;
#10349 = VERTEX_POINT ( 'NONE', #8727 ) ;
#10350 = VERTEX_POINT ( 'NONE', #8728 ) ;
#10351 = VERTEX_POINT ( 'NONE', #8729 ) ;
#10352 = VERTEX_POINT ( 'NONE', #8730 ) ;
#10353 = VERTEX_POINT ( 'NONE', #8731 ) ;
#10354 = VERTEX_POINT ( 'NONE', #8732 ) ;
#10355 = VERTEX_POINT ( 'NONE', #8733 ) ;
#10356 = VERTEX_POINT ( 'NONE', #8734 ) ;
#10357 = VERTEX_POINT ( 'NONE', #8735 ) ;
#10358 = VERTEX_POINT ( 'NONE', #8736 ) ;
#10359 = VERTEX_POINT ( 'NONE', #8737 ) ;
#10360 = VERTEX_POINT ( 'NONE', #8738 ) ;
#10361 = VERTEX_POINT ( 'NONE', #8739 ) ;
#10362 = VERTEX_POINT ( 'NONE', #8740 ) ;
#10363 = VERTEX_POINT ( 'NONE', #8741 ) ;
#10364 = VERTEX_POINT ( 'NONE', #8742 ) ;
#10365 = VERTEX_POINT ( 'NONE', #8743 ) ;
#10366 = VERTEX_POINT ( 'NONE', #8744 ) ;
#10367 = VERTEX_POINT ( 'NONE', #8745 ) ;
#10368 = VERTEX_POINT ( 'NONE', #8746 ) ;
#10369 = VERTEX_POINT ( 'NONE', #8747 ) ;
#10370 = VERTEX_POINT ( 'NONE', #8748 ) ;
#10371 = VERTEX_POINT ( 'NONE', #8749 ) ;
#10372 = VERTEX_POINT ( 'NONE', #8750 ) ;
#10373 = VERTEX_POINT ( 'NONE', #8751 ) ;
#10374 = VERTEX_POINT ( 'NONE', #8752 ) ;
#10375 = VERTEX_POINT ( 'NONE', #8753 ) ;
#10376 = VERTEX_POINT ( 'NONE', #8754 ) ;
#10377 = VERTEX_POINT ( 'NONE', #8755 ) ;
#10378 = VERTEX_POINT ( 'NONE', #8756 ) ;
#10379 = VERTEX_POINT ( 'NONE', #8757 ) ;
#10380 = VERTEX_POINT ( 'NONE', #8758 ) ;
#10381 = VERTEX_POINT ( 'NONE', #8759 ) ;
#10382 = VERTEX_POINT ( 'NONE', #8760 ) ;
#10383 = VERTEX_POINT ( 'NONE', #8761 ) ;
#10384 = VERTEX_POINT ( 'NONE', #8762 ) ;
#10385 = ORIENTED_EDGE ( 'NONE', *, *, #40, .T. ) ;
#10386 = ORIENTED_EDGE ( 'NONE', *, *, #9663, .F. ) ;
#10387 = ORIENTED_EDGE ( 'NONE', *, *, #9664, .F. ) ;
#10388 = ORIENTED_EDGE ( 'NONE', *, *, #9665, .T. ) ;
#10389 = ORIENTED_EDGE ( 'NONE', *, *, #44, .T. ) ;
#10390 = ORIENTED_EDGE ( 'NONE', *, *, #9666, .F. ) ;
#10391 = ORIENTED_EDGE ( 'NONE', *, *, #9667, .F. ) ;
#10392 = ORIENTED_EDGE ( 'NONE', *, *, #9668, .T. ) ;
#10393 = ORIENTED_EDGE ( 'NONE', *, *, #48, .T. ) ;
#10394 = ORIENTED_EDGE ( 'NONE', *, *, #9669, .F. ) ;
#10395 = ORIENTED_EDGE ( 'NONE', *, *, #9670, .F. ) ;
#10396 = ORIENTED_EDGE ( 'NONE', *, *, #9671, .T. ) ;
#10397 = ORIENTED_EDGE ( 'NONE', *, *, #9270, .T. ) ;
#10398 = ORIENTED_EDGE ( 'NONE', *, *, #9672, .F. ) ;
#10399 = ORIENTED_EDGE ( 'NONE', *, *, #9673, .F. ) ;
#10400 = ORIENTED_EDGE ( 'NONE', *, *, #9674, .T. ) ;
#10401 = ORIENTED_EDGE ( 'NONE', *, *, #9274, .T. ) ;
#10402 = ORIENTED_EDGE ( 'NONE', *, *, #9675, .F. ) ;
#10403 = ORIENTED_EDGE ( 'NONE', *, *, #9676, .F. ) ;
#10404 = ORIENTED_EDGE ( 'NONE', *, *, #9677, .T. ) ;
#10405 = ORIENTED_EDGE ( 'NONE', *, *, #9278, .T. ) ;
#10406 = ORIENTED_EDGE ( 'NONE', *, *, #9678, .F. ) ;
#10407 = ORIENTED_EDGE ( 'NONE', *, *, #9679, .F. ) ;
#10408 = ORIENTED_EDGE ( 'NONE', *, *, #9680, .T. ) ;
#10409 = ORIENTED_EDGE ( 'NONE', *, *, #9282, .T. ) ;
#10410 = ORIENTED_EDGE ( 'NONE', *, *, #9681, .F. ) ;
#10411 = ORIENTED_EDGE ( 'NONE', *, *, #9682, .F. ) ;
#10412 = ORIENTED_EDGE ( 'NONE', *, *, #9683, .T. ) ;
#10413 = ORIENTED_EDGE ( 'NONE', *, *, #9604, .T. ) ;
#10414 = ORIENTED_EDGE ( 'NONE', *, *, #9611, .T. ) ;
#10415 = ORIENTED_EDGE ( 'NONE', *, *, #9684, .F. ) ;
#10416 = ORIENTED_EDGE ( 'NONE', *, *, #9612, .T. ) ;
#10417 = ORIENTED_EDGE ( 'NONE', *, *, #9610, .F. ) ;
#10418 = ORIENTED_EDGE ( 'NONE', *, *, #9614, .T. ) ;
#10419 = ORIENTED_EDGE ( 'NONE', *, *, #9685, .F. ) ;
#10420 = ORIENTED_EDGE ( 'NONE', *, *, #9615, .T. ) ;
#10421 = ORIENTED_EDGE ( 'NONE', *, *, #9608, .F. ) ;
#10422 = ORIENTED_EDGE ( 'NONE', *, *, #9656, .T. ) ;
#10423 = ORIENTED_EDGE ( 'NONE', *, *, #9686, .F. ) ;
#10424 = ORIENTED_EDGE ( 'NONE', *, *, #9687, .F. ) ;
#10425 = ORIENTED_EDGE ( 'NONE', *, *, #9688, .F. ) ;
#10426 = ORIENTED_EDGE ( 'NONE', *, *, #9689, .T. ) ;
#10427 = ORIENTED_EDGE ( 'NONE', *, *, #9690, .F. ) ;
#10428 = ORIENTED_EDGE ( 'NONE', *, *, #9691, .T. ) ;
#10429 = ORIENTED_EDGE ( 'NONE', *, *, #9692, .F. ) ;
#10430 = ORIENTED_EDGE ( 'NONE', *, *, #9693, .F. ) ;
#10431 = ORIENTED_EDGE ( 'NONE', *, *, #9694, .F. ) ;
#10432 = ORIENTED_EDGE ( 'NONE', *, *, #9695, .F. ) ;
#10433 = ORIENTED_EDGE ( 'NONE', *, *, #9696, .F. ) ;
#10434 = ORIENTED_EDGE ( 'NONE', *, *, #9697, .F. ) ;
#10435 = ORIENTED_EDGE ( 'NONE', *, *, #9698, .F. ) ;
#10436 = ORIENTED_EDGE ( 'NONE', *, *, #9698, .T. ) ;
#10437 = ORIENTED_EDGE ( 'NONE', *, *, #9699, .F. ) ;
#10438 = ORIENTED_EDGE ( 'NONE', *, *, #9700, .T. ) ;
#10439 = ORIENTED_EDGE ( 'NONE', *, *, #9701, .F. ) ;
#10440 = ORIENTED_EDGE ( 'NONE', *, *, #9696, .T. ) ;
#10441 = ORIENTED_EDGE ( 'NONE', *, *, #9702, .F. ) ;
#10442 = ORIENTED_EDGE ( 'NONE', *, *, #9703, .T. ) ;
#10443 = ORIENTED_EDGE ( 'NONE', *, *, #9704, .F. ) ;
#10444 = ORIENTED_EDGE ( 'NONE', *, *, #9705, .F. ) ;
#10445 = ORIENTED_EDGE ( 'NONE', *, *, #9706, .F. ) ;
#10446 = ORIENTED_EDGE ( 'NONE', *, *, #9707, .T. ) ;
#10447 = ORIENTED_EDGE ( 'NONE', *, *, #9708, .F. ) ;
#10448 = ORIENTED_EDGE ( 'NONE', *, *, #9709, .F. ) ;
#10449 = ORIENTED_EDGE ( 'NONE', *, *, #9710, .F. ) ;
#10450 = ORIENTED_EDGE ( 'NONE', *, *, #9711, .F. ) ;
#10451 = ORIENTED_EDGE ( 'NONE', *, *, #9705, .T. ) ;
#10452 = ORIENTED_EDGE ( 'NONE', *, *, #9710, .T. ) ;
#10453 = ORIENTED_EDGE ( 'NONE', *, *, #9205, .F. ) ;
#10454 = ORIENTED_EDGE ( 'NONE', *, *, #9206, .T. ) ;
#10455 = ORIENTED_EDGE ( 'NONE', *, *, #9207, .F. ) ;
#10456 = ORIENTED_EDGE ( 'NONE', *, *, #9208, .F. ) ;
#10457 = ORIENTED_EDGE ( 'NONE', *, *, #9209, .F. ) ;
#10458 = ORIENTED_EDGE ( 'NONE', *, *, #9210, .T. ) ;
#10459 = ORIENTED_EDGE ( 'NONE', *, *, #9211, .F. ) ;
#10460 = ORIENTED_EDGE ( 'NONE', *, *, #9212, .F. ) ;
#10461 = ORIENTED_EDGE ( 'NONE', *, *, #9213, .F. ) ;
#10462 = ORIENTED_EDGE ( 'NONE', *, *, #9214, .F. ) ;
#10463 = ORIENTED_EDGE ( 'NONE', *, *, #9208, .T. ) ;
#10464 = ORIENTED_EDGE ( 'NONE', *, *, #9213, .T. ) ;
#10465 = ORIENTED_EDGE ( 'NONE', *, *, #9215, .F. ) ;
#10466 = ORIENTED_EDGE ( 'NONE', *, *, #9216, .T. ) ;
#10467 = ORIENTED_EDGE ( 'NONE', *, *, #9217, .F. ) ;
#10468 = ORIENTED_EDGE ( 'NONE', *, *, #9218, .F. ) ;
#10469 = ORIENTED_EDGE ( 'NONE', *, *, #9219, .F. ) ;
#10470 = ORIENTED_EDGE ( 'NONE', *, *, #9220, .T. ) ;
#10471 = ORIENTED_EDGE ( 'NONE', *, *, #9221, .F. ) ;
#10472 = ORIENTED_EDGE ( 'NONE', *, *, #9222, .F. ) ;
#10473 = ORIENTED_EDGE ( 'NONE', *, *, #9223, .F. ) ;
#10474 = ORIENTED_EDGE ( 'NONE', *, *, #9224, .F. ) ;
#10475 = ORIENTED_EDGE ( 'NONE', *, *, #9218, .T. ) ;
#10476 = ORIENTED_EDGE ( 'NONE', *, *, #9223, .T. ) ;
#10477 = ORIENTED_EDGE ( 'NONE', *, *, #9225, .F. ) ;
#10478 = ORIENTED_EDGE ( 'NONE', *, *, #9226, .T. ) ;
#10479 = ORIENTED_EDGE ( 'NONE', *, *, #9227, .F. ) ;
#10480 = ORIENTED_EDGE ( 'NONE', *, *, #9228, .F. ) ;
#10481 = ORIENTED_EDGE ( 'NONE', *, *, #9619, .T. ) ;
#10482 = ORIENTED_EDGE ( 'NONE', *, *, #9229, .F. ) ;
#10483 = ORIENTED_EDGE ( 'NONE', *, *, #9661, .T. ) ;
#10484 = ORIENTED_EDGE ( 'NONE', *, *, #9230, .F. ) ;
#10485 = ORIENTED_EDGE ( 'NONE', *, *, #9622, .T. ) ;
#10486 = ORIENTED_EDGE ( 'NONE', *, *, #9231, .F. ) ;
#10487 = ORIENTED_EDGE ( 'NONE', *, *, #9664, .T. ) ;
#10488 = ORIENTED_EDGE ( 'NONE', *, *, #9232, .F. ) ;
#10489 = ORIENTED_EDGE ( 'NONE', *, *, #9625, .T. ) ;
#10490 = ORIENTED_EDGE ( 'NONE', *, *, #9233, .F. ) ;
#10491 = ORIENTED_EDGE ( 'NONE', *, *, #9667, .T. ) ;
#10492 = ORIENTED_EDGE ( 'NONE', *, *, #9234, .F. ) ;
#10493 = ORIENTED_EDGE ( 'NONE', *, *, #9628, .T. ) ;
#10494 = ORIENTED_EDGE ( 'NONE', *, *, #9235, .F. ) ;
#10495 = ORIENTED_EDGE ( 'NONE', *, *, #9670, .T. ) ;
#10496 = ORIENTED_EDGE ( 'NONE', *, *, #9236, .F. ) ;
#10497 = ORIENTED_EDGE ( 'NONE', *, *, #9631, .T. ) ;
#10498 = EDGE_LOOP ( 'NONE', ( #506, #507, #508, #509 ) ) ;
#10499 = EDGE_LOOP ( 'NONE', ( #522, #523, #524, #525 ) ) ;
#10500 = EDGE_LOOP ( 'NONE', ( #558, #559, #560, #561 ) ) ;
#10501 = EDGE_LOOP ( 'NONE', ( #518, #519, #520, #521 ) ) ;
#10502 = EDGE_LOOP ( 'NONE', ( #530, #531, #532, #533 ) ) ;
#10503 = EDGE_LOOP ( 'NONE', ( #526, #527, #528, #529 ) ) ;
#10504 = EDGE_LOOP ( 'NONE', ( #542, #543, #544, #545 ) ) ;
#10505 = EDGE_LOOP ( 'NONE', ( #554, #555, #556, #557 ) ) ;
#10506 = EDGE_LOOP ( 'NONE', ( #538, #539, #540, #541 ) ) ;
#10507 = EDGE_LOOP ( 'NONE', ( #546, #547, #548, #549 ) ) ;
#10508 = EDGE_LOOP ( 'NONE', ( #534, #535, #536, #537 ) ) ;
#10509 = EDGE_LOOP ( 'NONE', ( #566, #567, #568, #569 ) ) ;
#10510 = EDGE_LOOP ( 'NONE', ( #550, #551, #552, #553 ) ) ;
#10511 = EDGE_LOOP ( 'NONE', ( #582, #583, #584, #585, #586, #587, #588, #589, #590, #591, #592, #593 ) ) ;
#10512 = EDGE_LOOP ( 'NONE', ( #630, #631, #632, #633 ) ) ;
#10513 = EDGE_LOOP ( 'NONE', ( #562, #563, #564, #565 ) ) ;
#10514 = EDGE_LOOP ( 'NONE', ( #578, #579, #580, #581 ) ) ;
#10515 = EDGE_LOOP ( 'NONE', ( #574, #575, #576, #577 ) ) ;
#10516 = EDGE_LOOP ( 'NONE', ( #570, #571, #572, #573 ) ) ;
#10517 = EDGE_LOOP ( 'NONE', ( #622, #623, #624, #625 ) ) ;
#10518 = EDGE_LOOP ( 'NONE', ( #614, #615, #616, #617 ) ) ;
#10519 = EDGE_LOOP ( 'NONE', ( #626, #627, #628, #629 ) ) ;
#10520 = EDGE_LOOP ( 'NONE', ( #618, #619, #620, #621 ) ) ;
#10521 = EDGE_LOOP ( 'NONE', ( #594, #595, #596, #597, #598, #599, #600, #601, #602, #603, #604, #605, #606, #607, #608, #609, #610, #611, #612, #613 ) ) ;
#10522 = EDGE_LOOP ( 'NONE', ( #650, #651, #652, #653, #654, #655, #656, #657, #658, #659, #660, #661, #662, #663, #664, #665 ) ) ;
#10523 = EDGE_LOOP ( 'NONE', ( #710, #711, #712, #713 ) ) ;
#10524 = EDGE_LOOP ( 'NONE', ( #690, #691, #692, #693 ) ) ;
#10525 = EDGE_LOOP ( 'NONE', ( #682, #683, #684, #685 ) ) ;
#10526 = EDGE_LOOP ( 'NONE', ( #666, #667, #668, #669 ) ) ;
#10527 = EDGE_LOOP ( 'NONE', ( #634, #635, #636, #637, #638, #639, #640, #641, #642, #643, #644, #645, #646, #647, #648, #649 ) ) ;
#10528 = EDGE_LOOP ( 'NONE', ( #686, #687, #688, #689 ) ) ;
#10529 = EDGE_LOOP ( 'NONE', ( #670, #671, #672, #673 ) ) ;
#10530 = EDGE_LOOP ( 'NONE', ( #674, #675, #676, #677 ) ) ;
#10531 = EDGE_LOOP ( 'NONE', ( #678, #679, #680, #681 ) ) ;
#10532 = EDGE_LOOP ( 'NONE', ( #694, #695, #696, #697 ) ) ;
#10533 = EDGE_LOOP ( 'NONE', ( #698, #699, #700, #701 ) ) ;
#10534 = EDGE_LOOP ( 'NONE', ( #702, #703, #704, #705 ) ) ;
#10535 = EDGE_LOOP ( 'NONE', ( #706, #707, #708, #709 ) ) ;
#10536 = EDGE_LOOP ( 'NONE', ( #718, #719, #720, #721 ) ) ;
#10537 = EDGE_LOOP ( 'NONE', ( #726, #727, #728, #729 ) ) ;
#10538 = EDGE_LOOP ( 'NONE', ( #750, #751, #752, #753 ) ) ;
#10539 = EDGE_LOOP ( 'NONE', ( #714, #715, #716, #717 ) ) ;
#10540 = EDGE_LOOP ( 'NONE', ( #742, #743, #744, #745 ) ) ;
#10541 = EDGE_LOOP ( 'NONE', ( #770, #771, #772, #773 ) ) ;
#10542 = EDGE_LOOP ( 'NONE', ( #722, #723, #724, #725 ) ) ;
#10543 = EDGE_LOOP ( 'NONE', ( #730, #731, #732, #733 ) ) ;
#10544 = EDGE_LOOP ( 'NONE', ( #734, #735, #736, #737 ) ) ;
#10545 = EDGE_LOOP ( 'NONE', ( #746, #747, #748, #749 ) ) ;
#10546 = EDGE_LOOP ( 'NONE', ( #738, #739, #740, #741 ) ) ;
#10547 = EDGE_LOOP ( 'NONE', ( #754, #755, #756, #757 ) ) ;
#10548 = EDGE_LOOP ( 'NONE', ( #758, #759, #760, #761 ) ) ;
#10549 = EDGE_LOOP ( 'NONE', ( #762, #763, #764, #765 ) ) ;
#10550 = EDGE_LOOP ( 'NONE', ( #766, #767, #768, #769 ) ) ;
#10551 = EDGE_LOOP ( 'NONE', ( #778, #779, #780, #781 ) ) ;
#10552 = EDGE_LOOP ( 'NONE', ( #802, #803, #804, #805 ) ) ;
#10553 = EDGE_LOOP ( 'NONE', ( #786, #787, #788, #789 ) ) ;
#10554 = EDGE_LOOP ( 'NONE', ( #774, #775, #776, #777 ) ) ;
#10555 = EDGE_LOOP ( 'NONE', ( #830, #831, #832, #833 ) ) ;
#10556 = EDGE_LOOP ( 'NONE', ( #782, #783, #784, #785 ) ) ;
#10557 = EDGE_LOOP ( 'NONE', ( #790, #791, #792, #793 ) ) ;
#10558 = EDGE_LOOP ( 'NONE', ( #794, #795, #796, #797 ) ) ;
#10559 = EDGE_LOOP ( 'NONE', ( #810, #811, #812, #813 ) ) ;
#10560 = EDGE_LOOP ( 'NONE', ( #806, #807, #808, #809 ) ) ;
#10561 = EDGE_LOOP ( 'NONE', ( #798, #799, #800, #801 ) ) ;
#10562 = EDGE_LOOP ( 'NONE', ( #814, #815, #816, #817 ) ) ;
#10563 = EDGE_LOOP ( 'NONE', ( #818, #819, #820, #821 ) ) ;
#10564 = EDGE_LOOP ( 'NONE', ( #822, #823, #824, #825 ) ) ;
#10565 = EDGE_LOOP ( 'NONE', ( #826, #827, #828, #829 ) ) ;
#10566 = EDGE_LOOP ( 'NONE', ( #838, #839, #840, #841 ) ) ;
#10567 = EDGE_LOOP ( 'NONE', ( #862, #863, #864, #865 ) ) ;
#10568 = EDGE_LOOP ( 'NONE', ( #846, #847, #848, #849 ) ) ;
#10569 = EDGE_LOOP ( 'NONE', ( #834, #835, #836, #837 ) ) ;
#10570 = EDGE_LOOP ( 'NONE', ( #890, #891, #892, #893 ) ) ;
#10571 = EDGE_LOOP ( 'NONE', ( #842, #843, #844, #845 ) ) ;
#10572 = EDGE_LOOP ( 'NONE', ( #850, #851, #852, #853 ) ) ;
#10573 = EDGE_LOOP ( 'NONE', ( #854, #855, #856, #857 ) ) ;
#10574 = EDGE_LOOP ( 'NONE', ( #870, #871, #872, #873 ) ) ;
#10575 = EDGE_LOOP ( 'NONE', ( #866, #867, #868, #869 ) ) ;
#10576 = EDGE_LOOP ( 'NONE', ( #858, #859, #860, #861 ) ) ;
#10577 = EDGE_LOOP ( 'NONE', ( #874, #875, #876, #877 ) ) ;
#10578 = EDGE_LOOP ( 'NONE', ( #878, #879, #880, #881 ) ) ;
#10579 = EDGE_LOOP ( 'NONE', ( #882, #883, #884, #885 ) ) ;
#10580 = EDGE_LOOP ( 'NONE', ( #886, #887, #888, #889 ) ) ;
#10581 = EDGE_LOOP ( 'NONE', ( #902, #903, #904, #905 ) ) ;
#10582 = EDGE_LOOP ( 'NONE', ( #898, #899, #900, #901 ) ) ;
#10583 = EDGE_LOOP ( 'NONE', ( #934, #935, #936, #937 ) ) ;
#10584 = EDGE_LOOP ( 'NONE', ( #894, #895, #896, #897 ) ) ;
#10585 = EDGE_LOOP ( 'NONE', ( #1241, #1242, #1243, #1244 ) ) ;
#10586 = EDGE_LOOP ( 'NONE', ( #906, #907, #908, #909 ) ) ;
#10587 = EDGE_LOOP ( 'NONE', ( #910, #911, #912, #913 ) ) ;
#10588 = EDGE_LOOP ( 'NONE', ( #926, #927, #928, #929 ) ) ;
#10589 = EDGE_LOOP ( 'NONE', ( #914, #915, #916, #917 ) ) ;
#10590 = EDGE_LOOP ( 'NONE', ( #922, #923, #924, #925 ) ) ;
#10591 = EDGE_LOOP ( 'NONE', ( #918, #919, #920, #921 ) ) ;
#10592 = EDGE_LOOP ( 'NONE', ( #930, #931, #932, #933 ) ) ;
#10593 = EDGE_LOOP ( 'NONE', ( #938, #939, #940, #941 ) ) ;
#10594 = EDGE_LOOP ( 'NONE', ( #942, #943, #944, #945 ) ) ;
#10595 = EDGE_LOOP ( 'NONE', ( #946, #947, #948, #949 ) ) ;
#10596 = EDGE_LOOP ( 'NONE', ( #950, #951, #952, #953 ) ) ;
#10597 = EDGE_LOOP ( 'NONE', ( #954, #955, #956, #957 ) ) ;
#10598 = EDGE_LOOP ( 'NONE', ( #958, #959, #960, #961 ) ) ;
#10599 = EDGE_LOOP ( 'NONE', ( #962, #963, #964, #965 ) ) ;
#10600 = EDGE_LOOP ( 'NONE', ( #966, #1222, #1223, #1224 ) ) ;
#10601 = EDGE_LOOP ( 'NONE', ( #1225, #1226, #1227, #1228 ) ) ;
#10602 = EDGE_LOOP ( 'NONE', ( #1281, #1282, #1283, #1284 ) ) ;
#10603 = EDGE_LOOP ( 'NONE', ( #1229, #1230, #1231, #1232 ) ) ;
#10604 = EDGE_LOOP ( 'NONE', ( #1237, #1238, #1239, #1240 ) ) ;
#10605 = EDGE_LOOP ( 'NONE', ( #1249, #1250, #1251, #1252 ) ) ;
#10606 = EDGE_LOOP ( 'NONE', ( #1233, #1234, #1235, #1236 ) ) ;
#10607 = EDGE_LOOP ( 'NONE', ( #1245, #1246, #1247, #1248 ) ) ;
#10608 = EDGE_LOOP ( 'NONE', ( #1253, #1254, #1255, #1256 ) ) ;
#10609 = EDGE_LOOP ( 'NONE', ( #1257, #1258, #1259, #1260 ) ) ;
#10610 = EDGE_LOOP ( 'NONE', ( #1261, #1262, #1263, #1264 ) ) ;
#10611 = EDGE_LOOP ( 'NONE', ( #1265, #1266, #1267, #1268 ) ) ;
#10612 = EDGE_LOOP ( 'NONE', ( #1269, #1270, #1271, #1272 ) ) ;
#10613 = EDGE_LOOP ( 'NONE', ( #1277, #1278, #1279, #1280 ) ) ;
#10614 = EDGE_LOOP ( 'NONE', ( #1301, #1302, #1303, #1304 ) ) ;
#10615 = EDGE_LOOP ( 'NONE', ( #1285, #1286, #1287, #1288 ) ) ;
#10616 = EDGE_LOOP ( 'NONE', ( #1273, #1274, #1275, #1276 ) ) ;
#10617 = EDGE_LOOP ( 'NONE', ( #1289, #1290, #1291, #1292 ) ) ;
#10618 = EDGE_LOOP ( 'NONE', ( #1297, #1298, #1299, #1300 ) ) ;
#10619 = EDGE_LOOP ( 'NONE', ( #1341, #1342, #1343, #1344 ) ) ;
#10620 = EDGE_LOOP ( 'NONE', ( #1309, #1310, #1311, #1312 ) ) ;
#10621 = EDGE_LOOP ( 'NONE', ( #1293, #1294, #1295, #1296 ) ) ;
#10622 = EDGE_LOOP ( 'NONE', ( #1305, #1306, #1307, #1308 ) ) ;
#10623 = EDGE_LOOP ( 'NONE', ( #1313, #1314, #1315, #1316 ) ) ;
#10624 = EDGE_LOOP ( 'NONE', ( #1317, #1318, #1319, #1320 ) ) ;
#10625 = EDGE_LOOP ( 'NONE', ( #1321, #1322, #1323, #1324 ) ) ;
#10626 = EDGE_LOOP ( 'NONE', ( #1325, #1326, #1327, #1328 ) ) ;
#10627 = EDGE_LOOP ( 'NONE', ( #1329, #1330, #1331, #1332 ) ) ;
#10628 = EDGE_LOOP ( 'NONE', ( #1337, #1338, #1339, #1340 ) ) ;
#10629 = EDGE_LOOP ( 'NONE', ( #1361, #1362 ) ) ;
#10630 = EDGE_LOOP ( 'NONE', ( #1345, #1346, #1347, #1348 ) ) ;
#10631 = EDGE_LOOP ( 'NONE', ( #1333, #1334, #1335, #1336 ) ) ;
#10632 = EDGE_LOOP ( 'NONE', ( #1349, #1350, #1351, #1352 ) ) ;
#10633 = EDGE_LOOP ( 'NONE', ( #1367, #1368 ) ) ;
#10634 = EDGE_LOOP ( 'NONE', ( #1359, #1360 ) ) ;
#10635 = EDGE_LOOP ( 'NONE', ( #1357, #1358 ) ) ;
#10636 = EDGE_LOOP ( 'NONE', ( #1353, #1354, #1355, #1356 ) ) ;
#10637 = EDGE_LOOP ( 'NONE', ( #1400, #1401, #1402, #1403, #1404, #1405, #1406, #1407, #1408, #1409, #1410, #1411, #1412, #1413, #1414 ) ) ;
#10638 = EDGE_LOOP ( 'NONE', ( #1369, #1370, #1371, #1372, #1373, #1374, #1375, #1376, #1377, #1378, #1379, #1380, #1381, #1382, #1383 ) ) ;
#10639 = EDGE_LOOP ( 'NONE', ( #1363, #1364, #1365, #1366 ) ) ;
#10640 = EDGE_LOOP ( 'NONE', ( #1384, #1385, #1386, #1387, #1388, #1389, #1390, #1391, #1392, #1393, #1394, #1395, #1396, #1397, #1398, #1399 ) ) ;
#10641 = EDGE_LOOP ( 'NONE', ( #1415, #1416, #1417, #1418 ) ) ;
#10642 = EDGE_LOOP ( 'NONE', ( #1419, #1420, #1421, #1422, #1423, #1424, #1425, #1426, #1427, #1428 ) ) ;
#10643 = EDGE_LOOP ( 'NONE', ( #1433, #1434, #1435, #1436 ) ) ;
#10644 = EDGE_LOOP ( 'NONE', ( #1459, #1460, #1461, #1462 ) ) ;
#10645 = EDGE_LOOP ( 'NONE', ( #1467, #1468, #1469, #1470 ) ) ;
#10646 = EDGE_LOOP ( 'NONE', ( #1544, #1545, #1546, #1547, #1548, #1549, #1550, #1551, #1552, #1553, #1554, #1555, #1556, #1557, #1558 ) ) ;
#10647 = EDGE_LOOP ( 'NONE', ( #1429, #1430, #1431, #1432 ) ) ;
#10648 = EDGE_LOOP ( 'NONE', ( #1437, #1438, #1439, #1440 ) ) ;
#10649 = EDGE_LOOP ( 'NONE', ( #1479, #1480, #1481, #1482 ) ) ;
#10650 = EDGE_LOOP ( 'NONE', ( #1451, #1452, #1453, #1454 ) ) ;
#10651 = EDGE_LOOP ( 'NONE', ( #1441, #1442, #1443, #1444, #1445, #1446, #1447, #1448, #1449, #1450 ) ) ;
#10652 = EDGE_LOOP ( 'NONE', ( #1463, #1464, #1465, #1466 ) ) ;
#10653 = EDGE_LOOP ( 'NONE', ( #1455, #1456, #1457, #1458 ) ) ;
#10654 = EDGE_LOOP ( 'NONE', ( #1483, #1484, #1485, #1486 ) ) ;
#10655 = EDGE_LOOP ( 'NONE', ( #1475, #1476, #1477, #1478 ) ) ;
#10656 = EDGE_LOOP ( 'NONE', ( #1491, #1492, #1493, #1494, #1495 ) ) ;
#10657 = EDGE_LOOP ( 'NONE', ( #1471, #1472, #1473, #1474 ) ) ;
#10658 = EDGE_LOOP ( 'NONE', ( #1535, #1536, #1537, #1538 ) ) ;
#10659 = EDGE_LOOP ( 'NONE', ( #1520, #1521, #1522, #1523, #1524, #1525, #1526, #1527, #1528, #1529, #1530, #1531, #1532, #1533, #1534 ) ) ;
#10660 = EDGE_LOOP ( 'NONE', ( #1487, #1488, #1489, #1490 ) ) ;
#10661 = EDGE_LOOP ( 'NONE', ( #1496, #1497, #1498, #1499, #1500, #1501, #1502, #1503, #1504, #1505, #1506, #1507, #1508, #1509, #1510 ) ) ;
#10662 = EDGE_LOOP ( 'NONE', ( #1515, #1516, #1517, #1518, #1519 ) ) ;
#10663 = EDGE_LOOP ( 'NONE', ( #1511, #1512, #1513, #1514 ) ) ;
#10664 = EDGE_LOOP ( 'NONE', ( #1583, #1584, #1585, #1586 ) ) ;
#10665 = EDGE_LOOP ( 'NONE', ( #1592, #1593, #1594, #1595, #1596, #1597, #1598, #1599, #1600, #1601, #1602, #1603, #1604, #1605, #1606 ) ) ;
#10666 = EDGE_LOOP ( 'NONE', ( #1568, #1569, #1570, #1571, #1572, #1573, #1574, #1575, #1576, #1577, #1578, #1579, #1580, #1581, #1582 ) ) ;
#10667 = EDGE_LOOP ( 'NONE', ( #1539, #1540, #1541, #1542, #1543 ) ) ;
#10668 = EDGE_LOOP ( 'NONE', ( #1563, #1564, #1565, #1566, #1567 ) ) ;
#10669 = EDGE_LOOP ( 'NONE', ( #1559, #1560, #1561, #1562 ) ) ;
#10670 = EDGE_LOOP ( 'NONE', ( #1631, #1632, #1633, #1634, #1635 ) ) ;
#10671 = EDGE_LOOP ( 'NONE', ( #1684, #1685, #1686, #1687, #1688, #1689, #1690, #1691, #1692, #1693, #1694, #1695, #1696, #1697, #1698 ) ) ;
#10672 = EDGE_LOOP ( 'NONE', ( #1616, #1617, #1618, #1619, #1620, #1621, #1622, #1623, #1624, #1625, #1626, #1627, #1628, #1629, #1630 ) ) ;
#10673 = EDGE_LOOP ( 'NONE', ( #1587, #1588, #1589, #1590, #1591 ) ) ;
#10674 = EDGE_LOOP ( 'NONE', ( #1611, #1612, #1613, #1614, #1615 ) ) ;
#10675 = EDGE_LOOP ( 'NONE', ( #1607, #1608, #1609, #1610 ) ) ;
#10676 = EDGE_LOOP ( 'NONE', ( #1651, #1652, #1653, #1654 ) ) ;
#10677 = EDGE_LOOP ( 'NONE', ( #1636, #1637, #1638, #1639, #1640, #1641, #1642, #1643, #1644, #1645, #1646, #1647, #1648, #1649, #1650 ) ) ;
#10678 = EDGE_LOOP ( 'NONE', ( #1660, #1661, #1662, #1663, #1664, #1665, #1666, #1667, #1668, #1669, #1670, #1671, #1672, #1673, #1674 ) ) ;
#10679 = EDGE_LOOP ( 'NONE', ( #1699, #1700, #1701, #1702 ) ) ;
#10680 = EDGE_LOOP ( 'NONE', ( #1751, #1752, #1753, #1754, #1755 ) ) ;
#10681 = EDGE_LOOP ( 'NONE', ( #1655, #1656, #1657, #1658, #1659 ) ) ;
#10682 = EDGE_LOOP ( 'NONE', ( #1703, #1704, #1705, #1706, #1707 ) ) ;
#10683 = EDGE_LOOP ( 'NONE', ( #1675, #1676, #1677, #1678 ) ) ;
#10684 = EDGE_LOOP ( 'NONE', ( #1679, #1680, #1681, #1682, #1683 ) ) ;
#10685 = EDGE_LOOP ( 'NONE', ( #1747, #1748, #1749, #1750 ) ) ;
#10686 = EDGE_LOOP ( 'NONE', ( #1708, #1709, #1710, #1711, #1712, #1713, #1714, #1715, #1716, #1717, #1718, #1719, #1720, #1721, #1722 ) ) ;
#10687 = EDGE_LOOP ( 'NONE', ( #1732, #1733, #1734, #1735, #1736, #1737, #1738, #1739, #1740, #1741, #1742, #1743, #1744, #1745, #1746 ) ) ;
#10688 = EDGE_LOOP ( 'NONE', ( #1799, #1800, #1801, #1802, #1803 ) ) ;
#10689 = EDGE_LOOP ( 'NONE', ( #1723, #1724, #1725, #1726 ) ) ;
#10690 = EDGE_LOOP ( 'NONE', ( #1795, #1796, #1797, #1798 ) ) ;
#10691 = EDGE_LOOP ( 'NONE', ( #1727, #1728, #1729, #1730, #1731 ) ) ;
#10692 = EDGE_LOOP ( 'NONE', ( #1756, #1757, #1758, #1759, #1760, #1761, #1762, #1763, #1764, #1765, #1766, #1767, #1768, #1769, #1770 ) ) ;
#10693 = EDGE_LOOP ( 'NONE', ( #1780, #1781, #1782, #1783, #1784, #1785, #1786, #1787, #1788, #1789, #1790, #1791, #1792, #1793, #1794 ) ) ;
#10694 = EDGE_LOOP ( 'NONE', ( #2084, #2085, #2086, #2087 ) ) ;
#10695 = EDGE_LOOP ( 'NONE', ( #1771, #1772, #1773, #1774 ) ) ;
#10696 = EDGE_LOOP ( 'NONE', ( #2080, #2081, #2082, #2083 ) ) ;
#10697 = EDGE_LOOP ( 'NONE', ( #1775, #1776, #1777, #1778, #1779 ) ) ;
#10698 = EDGE_LOOP ( 'NONE', ( #1804, #1805, #2059, #2060, #2061, #2062, #2063, #2064, #2065, #2066, #2067, #2068, #2069, #2070, #2071 ) ) ;
#10699 = EDGE_LOOP ( 'NONE', ( #2104, #2105, #2106, #2107 ) ) ;
#10700 = EDGE_LOOP ( 'NONE', ( #2088, #2089, #2090, #2091 ) ) ;
#10701 = EDGE_LOOP ( 'NONE', ( #2072, #2073, #2074, #2075 ) ) ;
#10702 = EDGE_LOOP ( 'NONE', ( #2138, #2139 ) ) ;
#10703 = EDGE_LOOP ( 'NONE', ( #2076, #2077, #2078, #2079 ) ) ;
#10704 = EDGE_LOOP ( 'NONE', ( #2220, #2221, #2222, #2223 ) ) ;
#10705 = EDGE_LOOP ( 'NONE', ( #2096, #2097, #2098, #2099, #2100, #2101, #2102, #2103 ) ) ;
#10706 = EDGE_LOOP ( 'NONE', ( #2108, #2109, #2110, #2111 ) ) ;
#10707 = EDGE_LOOP ( 'NONE', ( #2092, #2093, #2094, #2095 ) ) ;
#10708 = EDGE_LOOP ( 'NONE', ( #2134, #2135 ) ) ;
#10709 = EDGE_LOOP ( 'NONE', ( #2116, #2117, #2118, #2119 ) ) ;
#10710 = EDGE_LOOP ( 'NONE', ( #2112, #2113, #2114, #2115 ) ) ;
#10711 = EDGE_LOOP ( 'NONE', ( #2140, #2141, #2142, #2143 ) ) ;
#10712 = EDGE_LOOP ( 'NONE', ( #2124, #2125, #2126, #2127, #2128, #2129, #2130, #2131 ) ) ;
#10713 = EDGE_LOOP ( 'NONE', ( #2120, #2121, #2122, #2123 ) ) ;
#10714 = EDGE_LOOP ( 'NONE', ( #2132, #2133 ) ) ;
#10715 = EDGE_LOOP ( 'NONE', ( #2136, #2137 ) ) ;
#10716 = EDGE_LOOP ( 'NONE', ( #2212, #2213, #2214, #2215 ) ) ;
#10717 = EDGE_LOOP ( 'NONE', ( #2148, #2149, #2150, #2151 ) ) ;
#10718 = EDGE_LOOP ( 'NONE', ( #2208, #2209, #2210, #2211 ) ) ;
#10719 = EDGE_LOOP ( 'NONE', ( #2216, #2217, #2218, #2219 ) ) ;
#10720 = EDGE_LOOP ( 'NONE', ( #2144, #2145, #2146, #2147 ) ) ;
#10721 = EDGE_LOOP ( 'NONE', ( #2244, #2245, #2246, #2247 ) ) ;
#10722 = EDGE_LOOP ( 'NONE', ( #2152, #2153, #2154, #2155 ) ) ;
#10723 = EDGE_LOOP ( 'NONE', ( #2156, #2157, #2158, #2159 ) ) ;
#10724 = EDGE_LOOP ( 'NONE', ( #2160, #2161, #2162, #2163 ) ) ;
#10725 = EDGE_LOOP ( 'NONE', ( #2164, #2165, #2166, #2167 ) ) ;
#10726 = EDGE_LOOP ( 'NONE', ( #2168, #2169, #2170, #2171 ) ) ;
#10727 = EDGE_LOOP ( 'NONE', ( #2172, #2173, #2174, #2175 ) ) ;
#10728 = EDGE_LOOP ( 'NONE', ( #2176, #2177, #2178, #2179 ) ) ;
#10729 = EDGE_LOOP ( 'NONE', ( #2180, #2181, #2182, #2183 ) ) ;
#10730 = EDGE_LOOP ( 'NONE', ( #2184, #2185, #2186, #2187, #2188, #2189, #2190, #2191, #2192, #2193, #2194, #2195, #2196, #2197, #2198, #2199, #2200, #2201, #2202, #2203 ) ) ;
#10731 = EDGE_LOOP ( 'NONE', ( #2204, #2205, #2206, #2207 ) ) ;
#10732 = EDGE_LOOP ( 'NONE', ( #2224, #2225, #2226, #2227 ) ) ;
#10733 = EDGE_LOOP ( 'NONE', ( #2228, #2229, #2230, #2231 ) ) ;
#10734 = EDGE_LOOP ( 'NONE', ( #2232, #2233, #2234, #2235 ) ) ;
#10735 = EDGE_LOOP ( 'NONE', ( #2236, #2237, #2238, #2239 ) ) ;
#10736 = EDGE_LOOP ( 'NONE', ( #2240, #2241, #2242, #2243 ) ) ;
#10737 = EDGE_LOOP ( 'NONE', ( #2252, #2253, #2254, #2255 ) ) ;
#10738 = EDGE_LOOP ( 'NONE', ( #2264, #2265, #2266, #2267, #2268 ) ) ;
#10739 = EDGE_LOOP ( 'NONE', ( #2248, #2249, #2250, #2251 ) ) ;
#10740 = EDGE_LOOP ( 'NONE', ( #2256, #2257, #2258, #2259 ) ) ;
#10741 = EDGE_LOOP ( 'NONE', ( #2269, #2270, #2271, #2272, #2273, #2274, #2275, #2276, #2277, #2278, #2279, #2280, #2281, #2282, #2283 ) ) ;
#10742 = EDGE_LOOP ( 'NONE', ( #2260, #2261, #2262, #2263 ) ) ;
#10743 = EDGE_LOOP ( 'NONE', ( #2308, #2309, #2310, #2311 ) ) ;
#10744 = EDGE_LOOP ( 'NONE', ( #2289, #2290, #2291, #2292, #2293, #2294, #2295, #2296, #2297, #2298, #2299, #2300, #2301, #2302, #2303 ) ) ;
#10745 = EDGE_LOOP ( 'NONE', ( #2284, #2285, #2286, #2287, #2288 ) ) ;
#10746 = EDGE_LOOP ( 'NONE', ( #2304, #2305, #2306, #2307 ) ) ;
#10747 = ORIENTED_EDGE ( 'NONE', *, *, #9237, .F. ) ;
#10748 = ORIENTED_EDGE ( 'NONE', *, *, #9673, .T. ) ;
#10749 = ORIENTED_EDGE ( 'NONE', *, *, #9238, .F. ) ;
#10750 = ORIENTED_EDGE ( 'NONE', *, *, #9634, .T. ) ;
#10751 = ORIENTED_EDGE ( 'NONE', *, *, #9239, .F. ) ;
#10752 = ORIENTED_EDGE ( 'NONE', *, *, #9676, .T. ) ;
#10753 = ORIENTED_EDGE ( 'NONE', *, *, #9240, .F. ) ;
#10754 = ORIENTED_EDGE ( 'NONE', *, *, #9637, .T. ) ;
#10755 = ORIENTED_EDGE ( 'NONE', *, *, #9241, .F. ) ;
#10756 = ORIENTED_EDGE ( 'NONE', *, *, #9679, .T. ) ;
#10757 = ORIENTED_EDGE ( 'NONE', *, *, #9242, .F. ) ;
#10758 = ORIENTED_EDGE ( 'NONE', *, *, #9640, .T. ) ;
#10759 = ORIENTED_EDGE ( 'NONE', *, *, #9243, .F. ) ;
#10760 = ORIENTED_EDGE ( 'NONE', *, *, #9682, .T. ) ;
#10761 = ORIENTED_EDGE ( 'NONE', *, *, #9641, .T. ) ;
#10762 = ORIENTED_EDGE ( 'NONE', *, *, #9244, .F. ) ;
#10763 = ORIENTED_EDGE ( 'NONE', *, *, #9245, .F. ) ;
#10764 = ORIENTED_EDGE ( 'NONE', *, *, #31, .F. ) ;
#10765 = ORIENTED_EDGE ( 'NONE', *, *, #28, .F. ) ;
#10766 = ORIENTED_EDGE ( 'NONE', *, *, #9647, .T. ) ;
#10767 = ORIENTED_EDGE ( 'NONE', *, *, #9246, .F. ) ;
#10768 = ORIENTED_EDGE ( 'NONE', *, *, #9244, .T. ) ;
#10769 = ORIENTED_EDGE ( 'NONE', *, *, #9643, .F. ) ;
#10770 = ORIENTED_EDGE ( 'NONE', *, *, #9644, .T. ) ;
#10771 = ORIENTED_EDGE ( 'NONE', *, *, #24, .F. ) ;
#10772 = ORIENTED_EDGE ( 'NONE', *, *, #9645, .T. ) ;
#10773 = ORIENTED_EDGE ( 'NONE', *, *, #9247, .F. ) ;
#10774 = ORIENTED_EDGE ( 'NONE', *, *, #9248, .F. ) ;
#10775 = ORIENTED_EDGE ( 'NONE', *, *, #9249, .F. ) ;
#10776 = ORIENTED_EDGE ( 'NONE', *, *, #9250, .F. ) ;
#10777 = ORIENTED_EDGE ( 'NONE', *, *, #9251, .F. ) ;
#10778 = ORIENTED_EDGE ( 'NONE', *, *, #9250, .T. ) ;
#10779 = ORIENTED_EDGE ( 'NONE', *, *, #9252, .F. ) ;
#10780 = ORIENTED_EDGE ( 'NONE', *, *, #9253, .F. ) ;
#10781 = ORIENTED_EDGE ( 'NONE', *, *, #9254, .F. ) ;
#10782 = ORIENTED_EDGE ( 'NONE', *, *, #9651, .T. ) ;
#10783 = ORIENTED_EDGE ( 'NONE', *, *, #9255, .T. ) ;
#10784 = ORIENTED_EDGE ( 'NONE', *, *, #9256, .F. ) ;
#10785 = ORIENTED_EDGE ( 'NONE', *, *, #9251, .T. ) ;
#10786 = ORIENTED_EDGE ( 'NONE', *, *, #9257, .F. ) ;
#10787 = ORIENTED_EDGE ( 'NONE', *, *, #9258, .F. ) ;
#10788 = ORIENTED_EDGE ( 'NONE', *, *, #9247, .T. ) ;
#10789 = ORIENTED_EDGE ( 'NONE', *, *, #9259, .F. ) ;
#10790 = ORIENTED_EDGE ( 'NONE', *, *, #9260, .F. ) ;
#10791 = ORIENTED_EDGE ( 'NONE', *, *, #9261, .T. ) ;
#10792 = ORIENTED_EDGE ( 'NONE', *, *, #9649, .T. ) ;
#10793 = ORIENTED_EDGE ( 'NONE', *, *, #9262, .F. ) ;
#10794 = ORIENTED_EDGE ( 'NONE', *, *, #9655, .T. ) ;
#10795 = ORIENTED_EDGE ( 'NONE', *, *, #9263, .T. ) ;
#10796 = ORIENTED_EDGE ( 'NONE', *, *, #9264, .F. ) ;
#10797 = ORIENTED_EDGE ( 'NONE', *, *, #9265, .F. ) ;
#10798 = ORIENTED_EDGE ( 'NONE', *, *, #9266, .F. ) ;
#10799 = ORIENTED_EDGE ( 'NONE', *, *, #9267, .F. ) ;
#10800 = ORIENTED_EDGE ( 'NONE', *, *, #50, .F. ) ;
#10801 = ORIENTED_EDGE ( 'NONE', *, *, #9265, .T. ) ;
#10802 = ORIENTED_EDGE ( 'NONE', *, *, #51, .F. ) ;
#10803 = ORIENTED_EDGE ( 'NONE', *, *, #52, .T. ) ;
#10804 = ORIENTED_EDGE ( 'NONE', *, *, #53, .F. ) ;
#10805 = ORIENTED_EDGE ( 'NONE', *, *, #54, .F. ) ;
#10806 = ORIENTED_EDGE ( 'NONE', *, *, #55, .F. ) ;
#10807 = ORIENTED_EDGE ( 'NONE', *, *, #56, .T. ) ;
#10808 = ORIENTED_EDGE ( 'NONE', *, *, #9653, .T. ) ;
#10809 = ORIENTED_EDGE ( 'NONE', *, *, #9657, .T. ) ;
#10810 = ORIENTED_EDGE ( 'NONE', *, *, #9606, .F. ) ;
#10811 = ORIENTED_EDGE ( 'NONE', *, *, #57, .F. ) ;
#10812 = ORIENTED_EDGE ( 'NONE', *, *, #58, .F. ) ;
#10813 = ORIENTED_EDGE ( 'NONE', *, *, #51, .T. ) ;
#10814 = ORIENTED_EDGE ( 'NONE', *, *, #50, .T. ) ;
#10815 = ORIENTED_EDGE ( 'NONE', *, *, #59, .F. ) ;
#10816 = ORIENTED_EDGE ( 'NONE', *, *, #60, .F. ) ;
#10817 = ORIENTED_EDGE ( 'NONE', *, *, #9242, .T. ) ;
#10818 = ORIENTED_EDGE ( 'NONE', *, *, #9681, .T. ) ;
#10819 = ORIENTED_EDGE ( 'NONE', *, *, #9281, .F. ) ;
#10820 = ORIENTED_EDGE ( 'NONE', *, *, #9638, .F. ) ;
#10821 = ORIENTED_EDGE ( 'NONE', *, *, #9240, .T. ) ;
#10822 = ORIENTED_EDGE ( 'NONE', *, *, #9678, .T. ) ;
#10823 = ORIENTED_EDGE ( 'NONE', *, *, #9277, .F. ) ;
#10824 = ORIENTED_EDGE ( 'NONE', *, *, #9635, .F. ) ;
#10825 = ORIENTED_EDGE ( 'NONE', *, *, #9238, .T. ) ;
#10826 = ORIENTED_EDGE ( 'NONE', *, *, #9675, .T. ) ;
#10827 = ORIENTED_EDGE ( 'NONE', *, *, #9273, .F. ) ;
#10828 = ORIENTED_EDGE ( 'NONE', *, *, #9632, .F. ) ;
#10829 = ORIENTED_EDGE ( 'NONE', *, *, #9236, .T. ) ;
#10830 = ORIENTED_EDGE ( 'NONE', *, *, #9672, .T. ) ;
#10831 = ORIENTED_EDGE ( 'NONE', *, *, #9269, .F. ) ;
#10832 = ORIENTED_EDGE ( 'NONE', *, *, #9629, .F. ) ;
#10833 = ORIENTED_EDGE ( 'NONE', *, *, #9234, .T. ) ;
#10834 = ORIENTED_EDGE ( 'NONE', *, *, #9669, .T. ) ;
#10835 = ORIENTED_EDGE ( 'NONE', *, *, #47, .F. ) ;
#10836 = ORIENTED_EDGE ( 'NONE', *, *, #9626, .F. ) ;
#10837 = ORIENTED_EDGE ( 'NONE', *, *, #9232, .T. ) ;
#10838 = ORIENTED_EDGE ( 'NONE', *, *, #9666, .T. ) ;
#10839 = ORIENTED_EDGE ( 'NONE', *, *, #43, .F. ) ;
#10840 = ORIENTED_EDGE ( 'NONE', *, *, #9623, .F. ) ;
#10841 = ORIENTED_EDGE ( 'NONE', *, *, #9230, .T. ) ;
#10842 = ORIENTED_EDGE ( 'NONE', *, *, #9663, .T. ) ;
#10843 = ORIENTED_EDGE ( 'NONE', *, *, #39, .F. ) ;
#10844 = ORIENTED_EDGE ( 'NONE', *, *, #9620, .F. ) ;
#10845 = ORIENTED_EDGE ( 'NONE', *, *, #9228, .T. ) ;
#10846 = ORIENTED_EDGE ( 'NONE', *, *, #9660, .T. ) ;
#10847 = ORIENTED_EDGE ( 'NONE', *, *, #35, .F. ) ;
#10848 = ORIENTED_EDGE ( 'NONE', *, *, #9617, .F. ) ;
#10849 = ORIENTED_EDGE ( 'NONE', *, *, #9254, .T. ) ;
#10850 = ORIENTED_EDGE ( 'NONE', *, *, #61, .F. ) ;
#10851 = ORIENTED_EDGE ( 'NONE', *, *, #9252, .T. ) ;
#10852 = ORIENTED_EDGE ( 'NONE', *, *, #9249, .T. ) ;
#10853 = ORIENTED_EDGE ( 'NONE', *, *, #62, .F. ) ;
#10854 = ORIENTED_EDGE ( 'NONE', *, *, #63, .F. ) ;
#10855 = ORIENTED_EDGE ( 'NONE', *, *, #64, .F. ) ;
#10856 = ORIENTED_EDGE ( 'NONE', *, *, #59, .T. ) ;
#10857 = ORIENTED_EDGE ( 'NONE', *, *, #9267, .T. ) ;
#10858 = ORIENTED_EDGE ( 'NONE', *, *, #65, .F. ) ;
#10859 = ORIENTED_EDGE ( 'NONE', *, *, #54, .T. ) ;
#10860 = ORIENTED_EDGE ( 'NONE', *, *, #9652, .F. ) ;
#10861 = ORIENTED_EDGE ( 'NONE', *, *, #9262, .T. ) ;
#10862 = ORIENTED_EDGE ( 'NONE', *, *, #66, .F. ) ;
#10863 = ORIENTED_EDGE ( 'NONE', *, *, #9259, .T. ) ;
#10864 = ORIENTED_EDGE ( 'NONE', *, *, #9648, .F. ) ;
#10865 = ORIENTED_EDGE ( 'NONE', *, *, #9686, .T. ) ;
#10866 = ORIENTED_EDGE ( 'NONE', *, *, #9658, .F. ) ;
#10867 = ORIENTED_EDGE ( 'NONE', *, *, #58, .T. ) ;
#10868 = ORIENTED_EDGE ( 'NONE', *, *, #67, .F. ) ;
#10869 = ORIENTED_EDGE ( 'NONE', *, *, #9684, .T. ) ;
#10870 = ORIENTED_EDGE ( 'NONE', *, *, #9613, .F. ) ;
#10871 = ORIENTED_EDGE ( 'NONE', *, *, #9685, .T. ) ;
#10872 = ORIENTED_EDGE ( 'NONE', *, *, #9616, .F. ) ;
#10873 = ORIENTED_EDGE ( 'NONE', *, *, #68, .F. ) ;
#10874 = ORIENTED_EDGE ( 'NONE', *, *, #69, .F. ) ;
#10875 = ORIENTED_EDGE ( 'NONE', *, *, #9687, .T. ) ;
#10876 = ORIENTED_EDGE ( 'NONE', *, *, #70, .F. ) ;
#10877 = ORIENTED_EDGE ( 'NONE', *, *, #70, .T. ) ;
#10878 = ORIENTED_EDGE ( 'NONE', *, *, #9690, .T. ) ;
#10879 = ORIENTED_EDGE ( 'NONE', *, *, #71, .T. ) ;
#10880 = ORIENTED_EDGE ( 'NONE', *, *, #72, .F. ) ;
#10881 = ORIENTED_EDGE ( 'NONE', *, *, #69, .T. ) ;
#10882 = ORIENTED_EDGE ( 'NONE', *, *, #73, .F. ) ;
#10883 = ORIENTED_EDGE ( 'NONE', *, *, #74, .T. ) ;
#10884 = ORIENTED_EDGE ( 'NONE', *, *, #9688, .T. ) ;
#10885 = ORIENTED_EDGE ( 'NONE', *, *, #75, .F. ) ;
#10886 = ORIENTED_EDGE ( 'NONE', *, *, #9215, .T. ) ;
#10887 = ORIENTED_EDGE ( 'NONE', *, *, #9212, .T. ) ;
#10888 = ORIENTED_EDGE ( 'NONE', *, *, #9211, .T. ) ;
#10889 = ORIENTED_EDGE ( 'NONE', *, *, #76, .F. ) ;
#10890 = ORIENTED_EDGE ( 'NONE', *, *, #9225, .T. ) ;
#10891 = ORIENTED_EDGE ( 'NONE', *, *, #9222, .T. ) ;
#10892 = ORIENTED_EDGE ( 'NONE', *, *, #9221, .T. ) ;
#10893 = ORIENTED_EDGE ( 'NONE', *, *, #77, .F. ) ;
#10894 = ORIENTED_EDGE ( 'NONE', *, *, #78, .F. ) ;
#10895 = ORIENTED_EDGE ( 'NONE', *, *, #79, .T. ) ;
ENDSEC;
END-ISO-10303-21;
