ISO-10303-21;
HEADER;
FILE_DESCRIPTION (( 'STEP AP214' ),
    '1' );
FILE_NAME ('20021111-00008T4LF.STEP',
    '2023-05-23T09:05:54',
    ( '' ),
    ( '' ),
    'SwSTEP 2.0',
    'SolidWorks 2021',
    '' );
FILE_SCHEMA (( 'AUTOMOTIVE_DESIGN' ));
ENDSEC;

DATA;
#1 = DIRECTION ( 'NONE',  ( 2.528751422706715933E-16, 0.000000000000000000, 1.000000000000000000 ) ) ;
#2 = CARTESIAN_POINT ( 'NONE',  ( -0.8400000000000041878, 0.000000000000000000, 0.4300000000000042122 ) ) ;
#3 = LINE ( 'NONE', #4213, #4333 ) ;
#4 = ORIENTED_EDGE ( 'NONE', *, *, #4167, .T. ) ;
#5 = VERTEX_POINT ( 'NONE', #1989 ) ;
#6 = ORIENTED_EDGE ( 'NONE', *, *, #2847, .F. ) ;
#7 = EDGE_LOOP ( 'NONE', ( #1507, #4348, #1640, #1972 ) ) ;
#8 = VECTOR ( 'NONE', #743, 1000.000000000000000 ) ;
#9 = ORIENTED_EDGE ( 'NONE', *, *, #1996, .T. ) ;
#10 = CARTESIAN_POINT ( 'NONE',  ( 1.369999999999999218, 0.000000000000000000, -1.114999999999999991 ) ) ;
#11 = EDGE_CURVE ( 'NONE', #1097, #2736, #1280, .T. ) ;
#12 = VECTOR ( 'NONE', #585, 1000.000000000000000 ) ;
#13 = CARTESIAN_POINT ( 'NONE',  ( 1.649999999999999911, 0.000000000000000000, 1.715000000000000080 ) ) ;
#14 = DIRECTION ( 'NONE',  ( 0.000000000000000000, 0.000000000000000000, -1.000000000000000000 ) ) ;
#15 = CARTESIAN_POINT ( 'NONE',  ( -1.700000000000004396, 0.000000000000000000, 0.4300000000000041567 ) ) ;
#16 = DIRECTION ( 'NONE',  ( 0.000000000000000000, 0.000000000000000000, -1.000000000000000000 ) ) ;
#17 = ORIENTED_EDGE ( 'NONE', *, *, #2852, .F. ) ;
#18 = CARTESIAN_POINT ( 'NONE',  ( -1.700000000000004396, 9.179827560572968892, -0.4300000000000041567 ) ) ;
#19 = VERTEX_POINT ( 'NONE', #589 ) ;
#20 = ORIENTED_EDGE ( 'NONE', *, *, #2474, .T. ) ;
#21 = VERTEX_POINT ( 'NONE', #928 ) ;
#22 = PRESENTATION_STYLE_ASSIGNMENT (( #740 ) ) ;
#23 = EDGE_CURVE ( 'NONE', #3279, #1356, #4433, .T. ) ;
#24 = PLANE ( 'NONE',  #2423 ) ;
#25 = VECTOR ( 'NONE', #693, 1000.000000000000000 ) ;
#26 = DIRECTION ( 'NONE',  ( -2.644395542647573245E-16, 0.000000000000000000, -1.000000000000000000 ) ) ;
#27 = EDGE_CURVE ( 'NONE', #2665, #4343, #1576, .T. ) ;
#28 = CARTESIAN_POINT ( 'NONE',  ( -1.370000000000000551, 2.200000000000000178, -0.8150000000000001688 ) ) ;
#29 = ORIENTED_EDGE ( 'NONE', *, *, #932, .T. ) ;
#30 = ORIENTED_EDGE ( 'NONE', *, *, #4030, .T. ) ;
#31 = ORIENTED_EDGE ( 'NONE', *, *, #2517, .F. ) ;
#32 = STYLED_ITEM ( 'NONE', ( #2153 ), #2051 ) ;
#33 = VERTEX_POINT ( 'NONE', #3782 ) ;
#34 = CARTESIAN_POINT ( 'NONE',  ( -1.700000000000004396, 0.000000000000000000, 0.8400000000000038547 ) ) ;
#35 = AXIS2_PLACEMENT_3D ( 'NONE', #1056, #3224, #52 ) ;
#36 = PLANE ( 'NONE',  #534 ) ;
#37 = LINE ( 'NONE', #2485, #1417 ) ;
#38 = VECTOR ( 'NONE', #275, 1000.000000000000000 ) ;
#39 = DIRECTION ( 'NONE',  ( 0.9396926207859090940, -0.3420201433256666590, 0.000000000000000000 ) ) ;
#40 = PLANE ( 'NONE',  #1976 ) ;
#41 = FACE_OUTER_BOUND ( 'NONE', #4533, .T. ) ;
#42 = CARTESIAN_POINT ( 'NONE',  ( -0.8400000000000041878, 0.000000000000000000, -0.8400000000000039657 ) ) ;
#43 = EDGE_CURVE ( 'NONE', #2545, #328, #248, .T. ) ;
#44 = DIRECTION ( 'NONE',  ( -1.322197771323786623E-16, 0.000000000000000000, 1.000000000000000000 ) ) ;
#45 = DIRECTION ( 'NONE',  ( 0.000000000000000000, -1.000000000000000000, 0.000000000000000000 ) ) ;
#46 = EDGE_LOOP ( 'NONE', ( #1148, #1492, #2200, #4340 ) ) ;
#47 = VERTEX_POINT ( 'NONE', #225 ) ;
#48 = ORIENTED_EDGE ( 'NONE', *, *, #1594, .F. ) ;
#49 = EDGE_LOOP ( 'NONE', ( #2732, #3740, #4191, #2950 ) ) ;
#50 = LINE ( 'NONE', #2941, #4122 ) ;
#51 = DIRECTION ( 'NONE',  ( 1.000000000000000000, 0.000000000000000000, -2.644395542647573245E-16 ) ) ;
#52 = DIRECTION ( 'NONE',  ( 0.000000000000000000, -0.000000000000000000, -1.000000000000000000 ) ) ;
#53 = LINE ( 'NONE', #428, #335 ) ;
#54 = CARTESIAN_POINT ( 'NONE',  ( -1.170000000000000817, 0.000000000000000000, 1.114999999999999991 ) ) ;
#55 = EDGE_CURVE ( 'NONE', #1083, #3951, #2034, .T. ) ;
#56 = EDGE_LOOP ( 'NONE', ( #954, #3029, #3754, #4125 ) ) ;
#57 = ORIENTED_EDGE ( 'NONE', *, *, #2173, .T. ) ;
#58 = ORIENTED_EDGE ( 'NONE', *, *, #11, .T. ) ;
#59 = ORIENTED_EDGE ( 'NONE', *, *, #1384, .T. ) ;
#60 = PLANE ( 'NONE',  #2836 ) ;
#61 = EDGE_CURVE ( 'NONE', #1852, #3113, #1091, .T. ) ;
#62 = VECTOR ( 'NONE', #1659, 1000.000000000000000 ) ;
#63 = LINE ( 'NONE', #2954, #1789 ) ;
#64 = DIRECTION ( 'NONE',  ( 1.000000000000000000, 0.000000000000000000, 1.322197771323786623E-16 ) ) ;
#65 = EDGE_CURVE ( 'NONE', #3485, #2339, #1046, .T. ) ;
#66 = DIRECTION ( 'NONE',  ( 1.000000000000000000, 0.000000000000000000, -2.644395542647573245E-16 ) ) ;
#67 = VECTOR ( 'NONE', #3819, 1000.000000000000000 ) ;
#68 = DIRECTION ( 'NONE',  ( -0.000000000000000000, 1.000000000000000000, 0.000000000000000000 ) ) ;
#69 = CARTESIAN_POINT ( 'NONE',  ( -2.110000000000004317, 9.179827560572968892, -0.4300000000000042122 ) ) ;
#70 = ORIENTED_EDGE ( 'NONE', *, *, #2548, .F. ) ;
#71 = EDGE_CURVE ( 'NONE', #2606, #4432, #1410, .T. ) ;
#72 =( LENGTH_UNIT ( ) NAMED_UNIT ( * ) SI_UNIT ( .MILLI., .METRE. ) );
#73 = VECTOR ( 'NONE', #1628, 1000.000000000000000 ) ;
#74 = ORIENTED_EDGE ( 'NONE', *, *, #3098, .T. ) ;
#75 = VERTEX_POINT ( 'NONE', #1023 ) ;
#76 = EDGE_LOOP ( 'NONE', ( #3697, #3647, #3470, #3458 ) ) ;
#77 = DIRECTION ( 'NONE',  ( -0.000000000000000000, 1.000000000000000000, 0.000000000000000000 ) ) ;
#78 = FACE_OUTER_BOUND ( 'NONE', #3931, .T. ) ;
#79 = EDGE_CURVE ( 'NONE', #4327, #1083, #2126, .T. ) ;
#80 = CARTESIAN_POINT ( 'NONE',  ( 2.540000000000000480, 2.500000000000000000, 0.8149999999999999467 ) ) ;
#81 = DIRECTION ( 'NONE',  ( -0.000000000000000000, 1.000000000000000000, -0.000000000000000000 ) ) ;
#82 = FACE_OUTER_BOUND ( 'NONE', #551, .T. ) ;
#83 = ORIENTED_EDGE ( 'NONE', *, *, #4096, .F. ) ;
#84 = ORIENTED_EDGE ( 'NONE', *, *, #4531, .T. ) ;
#85 = VERTEX_POINT ( 'NONE', #1069 ) ;
#86 = FACE_OUTER_BOUND ( 'NONE', #199, .T. ) ;
#87 = EDGE_CURVE ( 'NONE', #2156, #75, #2860, .T. ) ;
#88 = CARTESIAN_POINT ( 'NONE',  ( 0.3799999999999998934, 2.500000000000000000, 1.715000000000000080 ) ) ;
#89 = CARTESIAN_POINT ( 'NONE',  ( -1.700000000000004396, 9.179827560572968892, 0.4300000000000041567 ) ) ;
#90 = DIRECTION ( 'NONE',  ( 1.000000000000000000, 0.000000000000000000, 1.322197771323786623E-16 ) ) ;
#91 = VECTOR ( 'NONE', #2133, 1000.000000000000000 ) ;
#92 = VECTOR ( 'NONE', #1871, 1000.000000000000000 ) ;
#93 = CARTESIAN_POINT ( 'NONE',  ( 2.159999999999999698, 0.000000000000000000, 1.715000000000000080 ) ) ;
#94 = EDGE_CURVE ( 'NONE', #328, #2340, #2430, .T. ) ;
#95 = CARTESIAN_POINT ( 'NONE',  ( 0.4299999999999959410, 2.500000000000000000, 0.8400000000000039657 ) ) ;
#96 = DIRECTION ( 'NONE',  ( -1.000000000000000000, 0.000000000000000000, 1.322197771323786623E-16 ) ) ;
#97 = VECTOR ( 'NONE', #2882, 1000.000000000000000 ) ;
#98 = FACE_BOUND ( 'NONE', #3116, .T. ) ;
#99 = VERTEX_POINT ( 'NONE', #4291 ) ;
#100 = APPLICATION_PROTOCOL_DEFINITION ( 'draft international standard', 'automotive_design', 1998, #4243 ) ;
#101 = VERTEX_POINT ( 'NONE', #2492 ) ;
#102 = ORIENTED_EDGE ( 'NONE', *, *, #187, .F. ) ;
#103 = ADVANCED_FACE ( 'NONE', ( #3919 ), #3151, .F. ) ;
#104 = EDGE_LOOP ( 'NONE', ( #501, #1988, #4235, #1635 ) ) ;
#105 = CARTESIAN_POINT ( 'NONE',  ( 2.439999999999999503, 0.000000000000000000, 1.114999999999999991 ) ) ;
#106 = CARTESIAN_POINT ( 'NONE',  ( 1.169999999999999707, 2.500000000000000000, 1.114999999999999991 ) ) ;
#107 = CARTESIAN_POINT ( 'NONE',  ( -0.1000000000000004774, 0.000000000000000000, -1.055000000000002158 ) ) ;
#108 = LINE ( 'NONE', #2993, #3385 ) ;
#109 = VERTEX_POINT ( 'NONE', #3217 ) ;
#110 = EDGE_CURVE ( 'NONE', #773, #987, #3175, .T. ) ;
#111 = ORIENTED_EDGE ( 'NONE', *, *, #4110, .T. ) ;
#112 = LINE ( 'NONE', #2652, #4384 ) ;
#113 = ORIENTED_EDGE ( 'NONE', *, *, #839, .F. ) ;
#114 = VECTOR ( 'NONE', #3588, 1000.000000000000000 ) ;
#115 = DIRECTION ( 'NONE',  ( -0.4228854653311235334, 0.000000000000000000, 0.9061831399952655630 ) ) ;
#116 = CARTESIAN_POINT ( 'NONE',  ( -2.110000000000004317, -2.025252258054541343, 0.4300000000000042122 ) ) ;
#117 = AXIS2_PLACEMENT_3D ( 'NONE', #195, #831, #1987 ) ;
#118 = VECTOR ( 'NONE', #1535, 1000.000000000000000 ) ;
#119 = CARTESIAN_POINT ( 'NONE',  ( -0.8400000000000041878, 2.500000000000000000, -0.8400000000000039657 ) ) ;
#120 = CARTESIAN_POINT ( 'NONE',  ( -1.700000000000004396, -2.025252258054541343, -0.4300000000000041567 ) ) ;
#121 = AXIS2_PLACEMENT_3D ( 'NONE', #2378, #1714, #1366 ) ;
#122 = ADVANCED_FACE ( 'NONE', ( #1351 ), #3537, .T. ) ;
#123 = DIRECTION ( 'NONE',  ( -0.000000000000000000, -1.000000000000000000, 0.000000000000000000 ) ) ;
#124 = DIRECTION ( 'NONE',  ( 0.4228854653311245881, 0.000000000000000000, -0.9061831399952650079 ) ) ;
#125 = EDGE_LOOP ( 'NONE', ( #2624, #4328, #3627, #901 ) ) ;
#126 = AXIS2_PLACEMENT_3D ( 'NONE', #1681, #1289, #4462 ) ;
#127 = ADVANCED_FACE ( 'NONE', ( #637 ), #2793, .F. ) ;
#128 = APPLICATION_PROTOCOL_DEFINITION ( 'draft international standard', 'automotive_design', 1998, #2942 ) ;
#129 = PLANE ( 'NONE',  #4554 ) ;
#130 = ORIENTED_EDGE ( 'NONE', *, *, #162, .F. ) ;
#131 = VERTEX_POINT ( 'NONE', #1429 ) ;
#132 = CARTESIAN_POINT ( 'NONE',  ( 0.8399999999999957501, 2.500000000000000000, 0.4300000000000041567 ) ) ;
#133 = FACE_BOUND ( 'NONE', #3724, .T. ) ;
#134 = DIRECTION ( 'NONE',  ( 0.000000000000000000, -1.000000000000000000, 0.000000000000000000 ) ) ;
#135 = DIRECTION ( 'NONE',  ( 1.000000000000000000, 0.000000000000000000, 0.000000000000000000 ) ) ;
#136 = CARTESIAN_POINT ( 'NONE',  ( -1.170000000000000817, 2.500000000000000000, -1.114999999999999991 ) ) ;
#137 = ORIENTED_EDGE ( 'NONE', *, *, #592, .T. ) ;
#138 = ORIENTED_EDGE ( 'NONE', *, *, #1508, .T. ) ;
#139 = CARTESIAN_POINT ( 'NONE',  ( 0.8899999999999996803, 0.000000000000000000, 1.715000000000000080 ) ) ;
#140 = ORIENTED_EDGE ( 'NONE', *, *, #1996, .F. ) ;
#141 = EDGE_CURVE ( 'NONE', #2607, #4452, #4607, .T. ) ;
#142 = VECTOR ( 'NONE', #2123, 1000.000000000000000 ) ;
#143 = ADVANCED_FACE ( 'NONE', ( #3496 ), #2087, .F. ) ;
#144 = FACE_OUTER_BOUND ( 'NONE', #3163, .T. ) ;
#145 = AXIS2_PLACEMENT_3D ( 'NONE', #452, #1898, #2922 ) ;
#146 = AXIS2_PLACEMENT_3D ( 'NONE', #89, #3023, #864 ) ;
#147 = PLANE ( 'NONE',  #968 ) ;
#148 = ADVANCED_FACE ( 'NONE', ( #3559 ), #271, .F. ) ;
#149 = ORIENTED_EDGE ( 'NONE', *, *, #1424, .F. ) ;
#150 = LINE ( 'NONE', #508, #365 ) ;
#151 = ORIENTED_EDGE ( 'NONE', *, *, #87, .F. ) ;
#152 = ORIENTED_EDGE ( 'NONE', *, *, #576, .T. ) ;
#153 = CARTESIAN_POINT ( 'NONE',  ( -2.640000000000000568, 0.5000000000000000000, -0.8149999999999999467 ) ) ;
#154 = CARTESIAN_POINT ( 'NONE',  ( -0.1000000000000004774, 0.000000000000000000, 1.114999999999999991 ) ) ;
#155 = DIRECTION ( 'NONE',  ( 0.000000000000000000, 0.000000000000000000, -1.000000000000000000 ) ) ;
#156 = VECTOR ( 'NONE', #856, 1000.000000000000000 ) ;
#157 = EDGE_CURVE ( 'NONE', #1485, #1378, #332, .T. ) ;
#158 = EDGE_LOOP ( 'NONE', ( #2187, #1964, #979, #1823 ) ) ;
#159 = EDGE_LOOP ( 'NONE', ( #1037, #3020, #2801, #2865 ) ) ;
#160 = EDGE_LOOP ( 'NONE', ( #3386, #2308, #3181, #1876 ) ) ;
#161 = CARTESIAN_POINT ( 'NONE',  ( -1.370000000000000551, 0.2500000000000000000, -1.055000000000001714 ) ) ;
#162 = EDGE_CURVE ( 'NONE', #4037, #3856, #4587, .T. ) ;
#163 = DIRECTION ( 'NONE',  ( 0.000000000000000000, 0.000000000000000000, 1.000000000000000000 ) ) ;
#164 = VECTOR ( 'NONE', #4312, 1000.000000000000000 ) ;
#165 = ORIENTED_EDGE ( 'NONE', *, *, #2626, .F. ) ;
#166 = EDGE_CURVE ( 'NONE', #3651, #19, #1762, .T. ) ;
#167 = CARTESIAN_POINT ( 'NONE',  ( -2.110000000000004317, 0.000000000000000000, -0.4300000000000042122 ) ) ;
#168 = AXIS2_PLACEMENT_3D ( 'NONE', #1472, #1859, #2215 ) ;
#169 = CARTESIAN_POINT ( 'NONE',  ( -1.700000000000004396, 0.000000000000000000, 0.8400000000000038547 ) ) ;
#170 = CONTEXT_DEPENDENT_SHAPE_REPRESENTATION ( #1073, #4222 ) ;
#171 = AXIS2_PLACEMENT_3D ( 'NONE', #4171, #4518, #2377 ) ;
#172 = LINE ( 'NONE', #2693, #4622 ) ;
#173 = ORIENTED_EDGE ( 'NONE', *, *, #110, .T. ) ;
#174 = EDGE_LOOP ( 'NONE', ( #596, #2916, #2131, #3528 ) ) ;
#175 = ORIENTED_EDGE ( 'NONE', *, *, #414, .T. ) ;
#176 = FACE_BOUND ( 'NONE', #2650, .T. ) ;
#177 = LINE ( 'NONE', #776, #198 ) ;
#178 = VECTOR ( 'NONE', #2145, 1000.000000000000114 ) ;
#179 = CARTESIAN_POINT ( 'NONE',  ( 1.369999999999999218, 0.000000000000000000, 1.114999999999999991 ) ) ;
#180 = CARTESIAN_POINT ( 'NONE',  ( -0.1000000000000004774, 2.200000000000000178, 0.8149999999999999467 ) ) ;
#181 = EDGE_LOOP ( 'NONE', ( #2623, #1542, #1930, #678 ) ) ;
#182 = ORIENTED_EDGE ( 'NONE', *, *, #357, .T. ) ;
#183 = VECTOR ( 'NONE', #3956, 1000.000000000000000 ) ;
#184 = EDGE_CURVE ( 'NONE', #3592, #934, #2175, .T. ) ;
#185 = LINE ( 'NONE', #139, #3213 ) ;
#186 = ORIENTED_EDGE ( 'NONE', *, *, #1482, .T. ) ;
#187 = EDGE_CURVE ( 'NONE', #1725, #1217, #4010, .T. ) ;
#188 = CARTESIAN_POINT ( 'NONE',  ( 1.369999999999999218, 0.000000000000000000, -1.114999999999999991 ) ) ;
#189 = SURFACE_SIDE_STYLE ('',( #4487 ) ) ;
#190 = LINE ( 'NONE', #556, #3231 ) ;
#191 = VERTEX_POINT ( 'NONE', #3261 ) ;
#192 = FACE_OUTER_BOUND ( 'NONE', #699, .T. ) ;
#193 = VECTOR ( 'NONE', #3276, 1000.000000000000227 ) ;
#194 = DIRECTION ( 'NONE',  ( -1.000000000000000000, 0.000000000000000000, -0.000000000000000000 ) ) ;
#195 = CARTESIAN_POINT ( 'NONE',  ( 2.540000000000000036, 0.000000000000000000, 0.000000000000000000 ) ) ;
#196 = EDGE_CURVE ( 'NONE', #3316, #304, #1914, .T. ) ;
#197 = LINE ( 'NONE', #1620, #1207 ) ;
#198 = VECTOR ( 'NONE', #1108, 1000.000000000000000 ) ;
#199 = EDGE_LOOP ( 'NONE', ( #1030, #3922, #2020, #3089 ) ) ;
#200 = CARTESIAN_POINT ( 'NONE',  ( -2.540000000000000480, 2.200000000000000178, -1.715000000000000080 ) ) ;
#201 = FACE_OUTER_BOUND ( 'NONE', #2261, .T. ) ;
#202 = CARTESIAN_POINT ( 'NONE',  ( -2.110000000000004317, 9.179827560572968892, 0.4300000000000042122 ) ) ;
#203 = EDGE_CURVE ( 'NONE', #2455, #2359, #1835, .T. ) ;
#204 = CARTESIAN_POINT ( 'NONE',  ( -1.700000000000004396, -2.025252258054541343, -0.8400000000000038547 ) ) ;
#205 = DIRECTION ( 'NONE',  ( -1.000000000000000000, -0.000000000000000000, -0.000000000000000000 ) ) ;
#206 = CARTESIAN_POINT ( 'NONE',  ( 1.649999999999999911, 2.500000000000000000, 1.715000000000000080 ) ) ;
#207 = VERTEX_POINT ( 'NONE', #3620 ) ;
#208 = ORIENTED_EDGE ( 'NONE', *, *, #339, .F. ) ;
#209 = LINE ( 'NONE', #4163, #1106 ) ;
#210 = ORIENTED_EDGE ( 'NONE', *, *, #227, .T. ) ;
#211 = DIRECTION ( 'NONE',  ( -2.484918977865069585E-16, 0.3420201433256719881, 0.9396926207859072067 ) ) ;
#212 = ADVANCED_FACE ( 'NONE', ( #733 ), #4317, .F. ) ;
#213 = PLANE ( 'NONE',  #663 ) ;
#214 = ORIENTED_EDGE ( 'NONE', *, *, #4382, .T. ) ;
#215 = PRODUCT_RELATED_PRODUCT_CATEGORY ( 'part', '', ( #3160 ) ) ;
#216 = CARTESIAN_POINT ( 'NONE',  ( -2.110000000000004317, 5.275252258054534238, -0.8400000000000039657 ) ) ;
#217 = FACE_OUTER_BOUND ( 'NONE', #2935, .T. ) ;
#218 = ADVANCED_FACE ( 'NONE', ( #2245 ), #828, .F. ) ;
#219 = AXIS2_PLACEMENT_3D ( 'NONE', #3079, #487, #3378 ) ;
#220 = DIRECTION ( 'NONE',  ( 0.000000000000000000, 0.000000000000000000, -1.000000000000000000 ) ) ;
#221 = DIRECTION ( 'NONE',  ( -0.000000000000000000, 1.000000000000000000, -0.000000000000000000 ) ) ;
#222 = VECTOR ( 'NONE', #2005, 1000.000000000000000 ) ;
#223 = ORIENTED_EDGE ( 'NONE', *, *, #1544, .F. ) ;
#224 = VECTOR ( 'NONE', #4571, 1000.000000000000000 ) ;
#225 = CARTESIAN_POINT ( 'NONE',  ( -1.700000000000004396, -2.025252258054541343, 0.8400000000000038547 ) ) ;
#226 = CARTESIAN_POINT ( 'NONE',  ( 2.439999999999999503, 0.000000000000000000, -1.114999999999999991 ) ) ;
#227 = EDGE_CURVE ( 'NONE', #2018, #85, #2934, .T. ) ;
#228 = LINE ( 'NONE', #2796, #4013 ) ;
#229 = DIRECTION ( 'NONE',  ( 0.000000000000000000, 1.000000000000000000, 0.000000000000000000 ) ) ;
#230 = VECTOR ( 'NONE', #3771, 1000.000000000000000 ) ;
#231 = DIRECTION ( 'NONE',  ( -1.000000000000000000, 0.000000000000000000, 0.000000000000000000 ) ) ;
#232 = ORIENTED_EDGE ( 'NONE', *, *, #3388, .F. ) ;
#233 = ORIENTED_EDGE ( 'NONE', *, *, #3827, .T. ) ;
#234 = CARTESIAN_POINT ( 'NONE',  ( -2.539999999999999591, 2.500000000000000000, -1.715000000000000080 ) ) ;
#235 = VERTEX_POINT ( 'NONE', #3356 ) ;
#236 = ADVANCED_FACE ( 'NONE', ( #2269 ), #2541, .F. ) ;
#237 = LINE ( 'NONE', #2068, #2007 ) ;
#238 = DIRECTION ( 'NONE',  ( 1.000000000000000000, -0.000000000000000000, 1.322197771323786623E-16 ) ) ;
#239 = ORIENTED_EDGE ( 'NONE', *, *, #561, .T. ) ;
#240 = CARTESIAN_POINT ( 'NONE',  ( -2.540000000000000480, 2.500000000000000000, 1.715000000000000080 ) ) ;
#241 = EDGE_CURVE ( 'NONE', #492, #1711, #3695, .T. ) ;
#242 = VERTEX_POINT ( 'NONE', #2617 ) ;
#243 = DIRECTION ( 'NONE',  ( 0.000000000000000000, 0.000000000000000000, 1.000000000000000000 ) ) ;
#244 = EDGE_CURVE ( 'NONE', #2849, #937, #3964, .T. ) ;
#245 = FACE_OUTER_BOUND ( 'NONE', #751, .T. ) ;
#246 = ADVANCED_FACE ( 'NONE', ( #465 ), #3940, .T. ) ;
#247 = ORIENTED_EDGE ( 'NONE', *, *, #3069, .T. ) ;
#248 = LINE ( 'NONE', #3131, #1518 ) ;
#249 = LINE ( 'NONE', #3084, #919 ) ;
#250 = FACE_OUTER_BOUND ( 'NONE', #3745, .T. ) ;
#251 = PLANE ( 'NONE',  #2374 ) ;
#252 = ORIENTED_EDGE ( 'NONE', *, *, #4144, .T. ) ;
#253 = ORIENTED_EDGE ( 'NONE', *, *, #322, .T. ) ;
#254 = DIRECTION ( 'NONE',  ( -1.000000000000000000, -0.000000000000000000, -2.644395542647573245E-16 ) ) ;
#255 = DIRECTION ( 'NONE',  ( -2.644395542647573245E-16, 0.000000000000000000, 1.000000000000000000 ) ) ;
#256 = UNCERTAINTY_MEASURE_WITH_UNIT (LENGTH_MEASURE( 1.000000000000000082E-05 ), #72, 'distance_accuracy_value', 'NONE');
#257 = ADVANCED_FACE ( 'NONE', ( #1479 ), #1527, .F. ) ;
#258 = AXIS2_PLACEMENT_3D ( 'NONE', #2791, #3869, #4266 ) ;
#259 = CARTESIAN_POINT ( 'NONE',  ( 1.699999999999995737, 2.500000000000000000, 0.4300000000000042122 ) ) ;
#260 = ORIENTED_EDGE ( 'NONE', *, *, #3905, .T. ) ;
#261 = DIRECTION ( 'NONE',  ( 0.000000000000000000, 0.000000000000000000, -1.000000000000000000 ) ) ;
#262 = LINE ( 'NONE', #989, #4360 ) ;
#263 = DIRECTION ( 'NONE',  ( 1.000000000000000000, 0.000000000000000000, -1.322197771323786623E-16 ) ) ;
#264 = ORIENTED_EDGE ( 'NONE', *, *, #1521, .T. ) ;
#265 = FACE_OUTER_BOUND ( 'NONE', #377, .T. ) ;
#266 = UNCERTAINTY_MEASURE_WITH_UNIT (LENGTH_MEASURE( 1.000000000000000082E-05 ), #3461, 'distance_accuracy_value', 'NONE');
#267 = LINE ( 'NONE', #3916, #3596 ) ;
#268 = VECTOR ( 'NONE', #1008, 1000.000000000000000 ) ;
#269 = ADVANCED_FACE ( 'NONE', ( #3988, #98, #2218 ), #3646, .F. ) ;
#270 = AXIS2_PLACEMENT_3D ( 'NONE', #3055, #1530, #3379 ) ;
#271 = PLANE ( 'NONE',  #3773 ) ;
#272 = DIRECTION ( 'NONE',  ( 0.000000000000000000, -0.000000000000000000, 1.000000000000000000 ) ) ;
#273 = VECTOR ( 'NONE', #3753, 1000.000000000000000 ) ;
#274 = EDGE_CURVE ( 'NONE', #1656, #3297, #1160, .T. ) ;
#275 = DIRECTION ( 'NONE',  ( 0.000000000000000000, 0.000000000000000000, -1.000000000000000000 ) ) ;
#276 = AXIS2_PLACEMENT_3D ( 'NONE', #1309, #952, #292 ) ;
#277 = CARTESIAN_POINT ( 'NONE',  ( -2.440000000000000835, 2.500000000000000000, 1.114999999999999991 ) ) ;
#278 = EDGE_LOOP ( 'NONE', ( #1879, #600, #2272, #689 ) ) ;
#279 = ORIENTED_EDGE ( 'NONE', *, *, #3840, .T. ) ;
#280 = VECTOR ( 'NONE', #2888, 1000.000000000000000 ) ;
#281 = DIRECTION ( 'NONE',  ( 0.000000000000000000, 0.000000000000000000, 1.000000000000000000 ) ) ;
#282 = CARTESIAN_POINT ( 'NONE',  ( -0.8400000000000041878, 0.2500000000000000000, 0.4300000000000042122 ) ) ;
#283 = EDGE_LOOP ( 'NONE', ( #3429, #447, #3733, #4, #1529, #2721, #676, #1787 ) ) ;
#284 = ORIENTED_EDGE ( 'NONE', *, *, #3220, .F. ) ;
#285 = DIRECTION ( 'NONE',  ( -0.3236155771181830065, -0.8891264907159897035, 0.3236155771181825624 ) ) ;
#286 = EDGE_LOOP ( 'NONE', ( #861, #3394, #2843, #2601 ) ) ;
#287 = LINE ( 'NONE', #3576, #1452 ) ;
#288 = DIRECTION ( 'NONE',  ( -2.528751422706715933E-16, 0.000000000000000000, -1.000000000000000000 ) ) ;
#289 = ADVANCED_FACE ( 'NONE', ( #1892 ), #891, .F. ) ;
#290 = LINE ( 'NONE', #495, #1212 ) ;
#291 = DIRECTION ( 'NONE',  ( -0.000000000000000000, 1.000000000000000000, -0.000000000000000000 ) ) ;
#292 = DIRECTION ( 'NONE',  ( 0.000000000000000000, 0.000000000000000000, 1.000000000000000000 ) ) ;
#293 = EDGE_CURVE ( 'NONE', #4343, #4602, #4611, .T. ) ;
#294 = VECTOR ( 'NONE', #474, 1000.000000000000000 ) ;
#295 = LINE ( 'NONE', #1723, #441 ) ;
#296 = EDGE_LOOP ( 'NONE', ( #316, #151, #1312, #912 ) ) ;
#297 = ORIENTED_EDGE ( 'NONE', *, *, #1436, .T. ) ;
#298 = CARTESIAN_POINT ( 'NONE',  ( -2.160000000000000586, 0.000000000000000000, -1.715000000000000080 ) ) ;
#299 = VECTOR ( 'NONE', #3758, 1000.000000000000000 ) ;
#300 = CARTESIAN_POINT ( 'NONE',  ( -2.110000000000004317, 0.000000000000000000, 0.4300000000000042122 ) ) ;
#301 = DIRECTION ( 'NONE',  ( -0.000000000000000000, -0.000000000000000000, -1.000000000000000000 ) ) ;
#302 = EDGE_CURVE ( 'NONE', #1980, #2099, #1685, .T. ) ;
#303 = DIRECTION ( 'NONE',  ( 1.000000000000000000, 0.000000000000000000, -2.644395542647573245E-16 ) ) ;
#304 = VERTEX_POINT ( 'NONE', #2401 ) ;
#305 = VERTEX_POINT ( 'NONE', #3608 ) ;
#306 = VERTEX_POINT ( 'NONE', #1098 ) ;
#307 = LINE ( 'NONE', #1385, #4215 ) ;
#308 = LINE ( 'NONE', #3124, #4600 ) ;
#309 = EDGE_CURVE ( 'NONE', #4499, #4153, #3925, .T. ) ;
#310 = LINE ( 'NONE', #1017, #1010 ) ;
#311 = DIRECTION ( 'NONE',  ( 1.000000000000000000, 0.000000000000000000, 0.000000000000000000 ) ) ;
#312 = CARTESIAN_POINT ( 'NONE',  ( -1.170000000000000817, 0.5000000000000000000, 0.8149999999999990585 ) ) ;
#313 = CARTESIAN_POINT ( 'NONE',  ( -1.700000000000004396, 0.000000000000000000, -0.4300000000000041567 ) ) ;
#314 = CARTESIAN_POINT ( 'NONE',  ( -1.700000000000004396, 0.000000000000000000, 0.8400000000000038547 ) ) ;
#315 = CARTESIAN_POINT ( 'NONE',  ( -2.540000000000000480, 2.200000000000000178, -0.8149999999999999467 ) ) ;
#316 = ORIENTED_EDGE ( 'NONE', *, *, #2577, .T. ) ;
#317 = EDGE_LOOP ( 'NONE', ( #697, #722, #886, #910 ) ) ;
#318 = LINE ( 'NONE', #3202, #4075 ) ;
#319 = PLANE ( 'NONE',  #1642 ) ;
#320 = CLOSED_SHELL ( 'NONE', ( #4569, #4493, #4248, #3313, #1182, #3074, #1188, #218, #3504, #2389, #3491, #246, #3777, #4100, #3929, #257, #1937, #3600, #122, #2458, #2466, #867, #351, #956, #4375, #4555, #3790, #2141, #991, #3870, #103, #148, #1770, #1054, #3046, #3042, #983, #2435, #944, #1568, #832, #2375, #4503, #4195, #4355, #1764, #3520, #3897, #2803, #1363, #2152, #4386, #711, #2029, #269, #3874, #2779, #2260, #396, #2221, #2891, #4204, #4008, #3413, #1321, #650, #2586, #620, #1619, #2661, #1882, #3802, #2343, #917, #2769, #3132, #4246, #2837, #2399, #2734, #3575, #127, #1831, #4059, #883, #289, #4091, #1971, #1303, #1849, #3409, #785, #1524, #1653, #212, #2710, #2121, #3862, #3757, #3554, #3146, #3242, #143, #333, #1333, #2179, #4331, #4264, #1062, #3198 ) ) ;
#321 = DIRECTION ( 'NONE',  ( 1.000000000000000000, 0.000000000000000000, -0.000000000000000000 ) ) ;
#322 = EDGE_CURVE ( 'NONE', #4113, #2742, #2181, .T. ) ;
#323 = ORIENTED_EDGE ( 'NONE', *, *, #2002, .F. ) ;
#324 = AXIS2_PLACEMENT_3D ( 'NONE', #3103, #243, #4428 ) ;
#325 = ORIENTED_EDGE ( 'NONE', *, *, #3546, .F. ) ;
#326 = EDGE_CURVE ( 'NONE', #1378, #99, #716, .T. ) ;
#327 = LINE ( 'NONE', #4145, #3989 ) ;
#328 = VERTEX_POINT ( 'NONE', #2889 ) ;
#329 = DIRECTION ( 'NONE',  ( -0.000000000000000000, 1.000000000000000000, -0.000000000000000000 ) ) ;
#330 = DIRECTION ( 'NONE',  ( -0.000000000000000000, 1.000000000000000000, -0.000000000000000000 ) ) ;
#331 = CARTESIAN_POINT ( 'NONE',  ( 2.439999999999999503, 0.5000000000000000000, 0.8149999999999990585 ) ) ;
#332 = LINE ( 'NONE', #1738, #2512 ) ;
#333 = ADVANCED_FACE ( 'NONE', ( #628 ), #2026, .F. ) ;
#334 = DIRECTION ( 'NONE',  ( -0.000000000000000000, -0.000000000000000000, 1.000000000000000000 ) ) ;
#335 = VECTOR ( 'NONE', #1848, 1000.000000000000000 ) ;
#336 = ORIENTED_EDGE ( 'NONE', *, *, #2477, .T. ) ;
#337 = EDGE_LOOP ( 'NONE', ( #3448, #84, #3885, #2454, #3923, #1786, #17, #3439 ) ) ;
#338 = LINE ( 'NONE', #4515, #1960 ) ;
#339 = EDGE_CURVE ( 'NONE', #509, #579, #2074, .T. ) ;
#340 = CARTESIAN_POINT ( 'NONE',  ( 2.540000000000000480, 0.2500000000000000000, -1.055000000000002824 ) ) ;
#341 = DIRECTION ( 'NONE',  ( 2.644395542647573245E-16, 0.000000000000000000, 1.000000000000000000 ) ) ;
#342 = ORIENTED_EDGE ( 'NONE', *, *, #4345, .F. ) ;
#343 = VERTEX_POINT ( 'NONE', #2050 ) ;
#344 = AXIS2_PLACEMENT_3D ( 'NONE', #1675, #2063, #998 ) ;
#345 = EDGE_CURVE ( 'NONE', #356, #587, #3947, .T. ) ;
#346 = CARTESIAN_POINT ( 'NONE',  ( -2.440000000000000835, 2.500000000000000000, -1.114999999999999991 ) ) ;
#347 = ORIENTED_EDGE ( 'NONE', *, *, #692, .T. ) ;
#348 = CARTESIAN_POINT ( 'NONE',  ( 2.540000000000000480, 0.2500000000000000000, -0.8400000000000037437 ) ) ;
#349 = CARTESIAN_POINT ( 'NONE',  ( 1.649999999999999911, 2.500000000000000000, -1.715000000000000080 ) ) ;
#350 = FACE_OUTER_BOUND ( 'NONE', #7, .T. ) ;
#351 = ADVANCED_FACE ( 'NONE', ( #3566 ), #3247, .F. ) ;
#352 = DIRECTION ( 'NONE',  ( -1.000000000000000000, 0.000000000000000000, -0.000000000000000000 ) ) ;
#353 = LINE ( 'NONE', #4252, #3406 ) ;
#354 = DIRECTION ( 'NONE',  ( 0.000000000000000000, -0.000000000000000000, -1.000000000000000000 ) ) ;
#355 = LINE ( 'NONE', #643, #667 ) ;
#356 = VERTEX_POINT ( 'NONE', #3487 ) ;
#357 = EDGE_CURVE ( 'NONE', #1122, #3624, #4170, .T. ) ;
#358 = ORIENTED_EDGE ( 'NONE', *, *, #4382, .F. ) ;
#359 = CARTESIAN_POINT ( 'NONE',  ( 1.369999999999999218, 0.000000000000000000, -1.055000000000002602 ) ) ;
#360 = STYLED_ITEM ( 'NONE', ( #4097 ), #754 ) ;
#361 = CARTESIAN_POINT ( 'NONE',  ( 0.8899999999999996803, 0.000000000000000000, 1.715000000000000080 ) ) ;
#362 = EDGE_LOOP ( 'NONE', ( #4475, #1950, #3300, #3438 ) ) ;
#363 = ORIENTED_EDGE ( 'NONE', *, *, #1424, .T. ) ;
#364 = ORIENTED_EDGE ( 'NONE', *, *, #3905, .F. ) ;
#365 = VECTOR ( 'NONE', #3428, 1000.000000000000227 ) ;
#366 = DIRECTION ( 'NONE',  ( 1.000000000000000000, 0.000000000000000000, 0.000000000000000000 ) ) ;
#367 = DIRECTION ( 'NONE',  ( 0.000000000000000000, 0.000000000000000000, -1.000000000000000000 ) ) ;
#368 = CARTESIAN_POINT ( 'NONE',  ( -2.110000000000004317, 0.000000000000000000, -0.4300000000000042122 ) ) ;
#369 = VECTOR ( 'NONE', #1002, 1000.000000000000000 ) ;
#370 = VERTEX_POINT ( 'NONE', #359 ) ;
#371 = DIRECTION ( 'NONE',  ( 0.3236155771181874474, 0.8891264907159862618, -0.3236155771181873364 ) ) ;
#372 = DIRECTION ( 'NONE',  ( 0.000000000000000000, -1.000000000000000000, 0.000000000000000000 ) ) ;
#373 = VECTOR ( 'NONE', #3349, 1000.000000000000000 ) ;
#374 = PLANE ( 'NONE',  #973 ) ;
#375 = EDGE_CURVE ( 'NONE', #1114, #1932, #988, .T. ) ;
#376 = DIRECTION ( 'NONE',  ( 0.000000000000000000, -1.000000000000000000, 0.000000000000000000 ) ) ;
#377 = EDGE_LOOP ( 'NONE', ( #750, #1645, #1125, #2866 ) ) ;
#378 = ORIENTED_EDGE ( 'NONE', *, *, #4234, .F. ) ;
#379 = ORIENTED_EDGE ( 'NONE', *, *, #932, .F. ) ;
#380 = CARTESIAN_POINT ( 'NONE',  ( 0.8399999999999957501, 0.000000000000000000, -0.4300000000000041567 ) ) ;
#381 = DIRECTION ( 'NONE',  ( 0.000000000000000000, 0.000000000000000000, 1.000000000000000000 ) ) ;
#382 = AXIS2_PLACEMENT_3D ( 'NONE', #2669, #4082, #878 ) ;
#383 = FILL_AREA_STYLE_COLOUR ( '', #3396 ) ;
#384 = LINE ( 'NONE', #3370, #294 ) ;
#385 = ORIENTED_EDGE ( 'NONE', *, *, #2511, .F. ) ;
#386 = EDGE_LOOP ( 'NONE', ( #1895, #4558, #2143, #1731 ) ) ;
#387 = DIRECTION ( 'NONE',  ( 1.000000000000000000, 0.000000000000000000, -2.644395542647573245E-16 ) ) ;
#388 = LINE ( 'NONE', #1152, #3621 ) ;
#389 = EDGE_CURVE ( 'NONE', #841, #235, #338, .T. ) ;
#390 = DIRECTION ( 'NONE',  ( -1.000000000000000000, 0.000000000000000000, 2.528751422706715933E-16 ) ) ;
#391 = UNCERTAINTY_MEASURE_WITH_UNIT (LENGTH_MEASURE( 1.000000000000000082E-05 ), #892, 'distance_accuracy_value', 'NONE');
#392 = LINE ( 'NONE', #1833, #2102 ) ;
#393 = CARTESIAN_POINT ( 'NONE',  ( 0.000000000000000000, 0.000000000000000000, 0.000000000000000000 ) ) ;
#394 = ORIENTED_EDGE ( 'NONE', *, *, #4023, .F. ) ;
#395 = EDGE_CURVE ( 'NONE', #4432, #3672, #1788, .T. ) ;
#396 = ADVANCED_FACE ( 'NONE', ( #865 ), #1970, .F. ) ;
#397 = ORIENTED_EDGE ( 'NONE', *, *, #1549, .T. ) ;
#398 = ORIENTED_EDGE ( 'NONE', *, *, #1894, .F. ) ;
#399 = CARTESIAN_POINT ( 'NONE',  ( 0.4299999999999959410, 0.000000000000000000, -0.4300000000000042122 ) ) ;
#400 = CARTESIAN_POINT ( 'NONE',  ( 0.4299999999999959410, 0.2500000000000000000, 0.8400000000000039657 ) ) ;
#401 = LINE ( 'NONE', #1846, #2514 ) ;
#402 = CARTESIAN_POINT ( 'NONE',  ( 1.699999999999995737, 2.500000000000000000, -0.4300000000000042122 ) ) ;
#403 = VECTOR ( 'NONE', #1170, 1000.000000000000000 ) ;
#404 = LINE ( 'NONE', #2970, #3499 ) ;
#405 = ORIENTED_EDGE ( 'NONE', *, *, #27, .T. ) ;
#406 = EDGE_CURVE ( 'NONE', #574, #3766, #3871, .T. ) ;
#407 = ORIENTED_EDGE ( 'NONE', *, *, #2626, .T. ) ;
#408 = ORIENTED_EDGE ( 'NONE', *, *, #657, .F. ) ;
#409 = ORIENTED_EDGE ( 'NONE', *, *, #2424, .F. ) ;
#410 = LINE ( 'NONE', #3978, #485 ) ;
#411 = LINE ( 'NONE', #3328, #4265 ) ;
#412 = LINE ( 'NONE', #4376, #1423 ) ;
#413 = AXIS2_PLACEMENT_3D ( 'NONE', #2394, #255, #3460 ) ;
#414 = EDGE_CURVE ( 'NONE', #1444, #2552, #515, .T. ) ;
#415 = DIRECTION ( 'NONE',  ( 0.000000000000000000, -0.000000000000000000, 1.000000000000000000 ) ) ;
#416 = DIRECTION ( 'NONE',  ( -1.000000000000000000, 0.000000000000000000, 1.322197771323786623E-16 ) ) ;
#417 = VECTOR ( 'NONE', #2802, 1000.000000000000227 ) ;
#418 = DIRECTION ( 'NONE',  ( 0.000000000000000000, -0.000000000000000000, -1.000000000000000000 ) ) ;
#419 = EDGE_CURVE ( 'NONE', #1725, #4499, #2816, .T. ) ;
#420 = ORIENTED_EDGE ( 'NONE', *, *, #4292, .T. ) ;
#421 = VERTEX_POINT ( 'NONE', #2450 ) ;
#422 = VERTEX_POINT ( 'NONE', #2303 ) ;
#423 = EDGE_CURVE ( 'NONE', #1413, #3580, #1949, .T. ) ;
#424 = PLANE ( 'NONE',  #4283 ) ;
#425 = LINE ( 'NONE', #106, #3260 ) ;
#426 = CARTESIAN_POINT ( 'NONE',  ( -1.742938087118953705, 5.393223682848423906, -0.7970619128810546572 ) ) ;
#427 = DIRECTION ( 'NONE',  ( 0.000000000000000000, -1.000000000000000000, 0.000000000000000000 ) ) ;
#428 = CARTESIAN_POINT ( 'NONE',  ( 2.439999999999999503, 0.2500000000000000000, -1.055000000000002824 ) ) ;
#429 = CARTESIAN_POINT ( 'NONE',  ( -1.370000000000000551, 0.000000000000000000, -0.8149999999999999467 ) ) ;
#430 = PRESENTATION_LAYER_ASSIGNMENT (  '', '', ( #360 ) ) ;
#431 = ORIENTED_EDGE ( 'NONE', *, *, #4308, .F. ) ;
#432 = EDGE_CURVE ( 'NONE', #109, #3371, #3729, .T. ) ;
#433 = ORIENTED_EDGE ( 'NONE', *, *, #3955, .T. ) ;
#434 = DIRECTION ( 'NONE',  ( 0.000000000000000000, 1.000000000000000000, 0.000000000000000000 ) ) ;
#435 = EDGE_LOOP ( 'NONE', ( #4572, #1899, #1493, #4447 ) ) ;
#436 = DIRECTION ( 'NONE',  ( 0.4228854653311235334, 0.000000000000000000, 0.9061831399952655630 ) ) ;
#437 = PLANE ( 'NONE',  #2264 ) ;
#438 = LINE ( 'NONE', #1885, #2036 ) ;
#439 = CARTESIAN_POINT ( 'NONE',  ( -2.110000000000004317, 5.275252258054534238, 0.4300000000000042122 ) ) ;
#440 = FACE_OUTER_BOUND ( 'NONE', #1141, .T. ) ;
#441 = VECTOR ( 'NONE', #3179, 1000.000000000000227 ) ;
#442 = DIRECTION ( 'NONE',  ( 1.322197771323786623E-16, 0.000000000000000000, -1.000000000000000000 ) ) ;
#443 = EDGE_CURVE ( 'NONE', #1039, #1259, #3412, .T. ) ;
#444 = DIRECTION ( 'NONE',  ( 0.000000000000000000, 0.000000000000000000, -1.000000000000000000 ) ) ;
#445 = ORIENTED_EDGE ( 'NONE', *, *, #3765, .F. ) ;
#446 = EDGE_CURVE ( 'NONE', #3997, #5, #2106, .T. ) ;
#447 = ORIENTED_EDGE ( 'NONE', *, *, #1508, .F. ) ;
#448 = EDGE_LOOP ( 'NONE', ( #2534, #2824, #2790, #3636 ) ) ;
#449 = ORIENTED_EDGE ( 'NONE', *, *, #443, .T. ) ;
#450 = DIRECTION ( 'NONE',  ( 1.000000000000000000, 0.000000000000000000, 1.322197771323786623E-16 ) ) ;
#451 = CARTESIAN_POINT ( 'NONE',  ( 0.8899999999999996803, 0.000000000000000000, -1.715000000000000080 ) ) ;
#452 = CARTESIAN_POINT ( 'NONE',  ( 0.000000000000000000, 0.000000000000000000, 0.000000000000000000 ) ) ;
#453 = EDGE_LOOP ( 'NONE', ( #2071, #2224, #175, #4304, #1480, #4427 ) ) ;
#454 = ORIENTED_EDGE ( 'NONE', *, *, #1044, .F. ) ;
#455 = DIRECTION ( 'NONE',  ( 0.4228854653311235334, 0.000000000000000000, 0.9061831399952655630 ) ) ;
#456 = ORIENTED_EDGE ( 'NONE', *, *, #4490, .T. ) ;
#457 = VECTOR ( 'NONE', #2573, 1000.000000000000114 ) ;
#458 = FACE_OUTER_BOUND ( 'NONE', #2722, .T. ) ;
#459 = ADVANCED_FACE ( 'NONE', ( #2727 ), #4227, .F. ) ;
#460 = DIRECTION ( 'NONE',  ( 0.000000000000000000, -0.000000000000000000, 1.000000000000000000 ) ) ;
#461 = LINE ( 'NONE', #1907, #3025 ) ;
#462 = CARTESIAN_POINT ( 'NONE',  ( -2.540000000000000480, 2.500000000000000000, 1.715000000000000080 ) ) ;
#463 =( NAMED_UNIT ( * ) SI_UNIT ( $, .STERADIAN. ) SOLID_ANGLE_UNIT ( ) );
#464 = VECTOR ( 'NONE', #709, 1000.000000000000000 ) ;
#465 = FACE_OUTER_BOUND ( 'NONE', #4137, .T. ) ;
#466 = CONTEXT_DEPENDENT_SHAPE_REPRESENTATION ( #1477, #3846 ) ;
#467 = ORIENTED_EDGE ( 'NONE', *, *, #640, .T. ) ;
#468 = ORIENTED_EDGE ( 'NONE', *, *, #2168, .F. ) ;
#469 = CARTESIAN_POINT ( 'NONE',  ( -2.067061912881054120, -2.143223682848431455, 0.7970619128810535470 ) ) ;
#470 = EDGE_CURVE ( 'NONE', #3997, #3404, #1221, .T. ) ;
#471 = AXIS2_PLACEMENT_3D ( 'NONE', #2944, #4346, #3995 ) ;
#472 = CARTESIAN_POINT ( 'NONE',  ( -0.1000000000000004774, 0.000000000000000000, 1.114999999999999991 ) ) ;
#473 = DIRECTION ( 'NONE',  ( 0.000000000000000000, 0.000000000000000000, 1.000000000000000000 ) ) ;
#474 = DIRECTION ( 'NONE',  ( 0.000000000000000000, -0.000000000000000000, 1.000000000000000000 ) ) ;
#475 = VERTEX_POINT ( 'NONE', #180 ) ;
#476 = ORIENTED_EDGE ( 'NONE', *, *, #2878, .T. ) ;
#477 = PLANE ( 'NONE',  #3793 ) ;
#478 = VECTOR ( 'NONE', #2840, 1000.000000000000000 ) ;
#479 = VERTEX_POINT ( 'NONE', #1606 ) ;
#480 = CARTESIAN_POINT ( 'NONE',  ( 1.699999999999995737, 0.000000000000000000, -0.4300000000000042122 ) ) ;
#481 = DIRECTION ( 'NONE',  ( 0.000000000000000000, -0.000000000000000000, 1.000000000000000000 ) ) ;
#482 = AXIS2_PLACEMENT_3D ( 'NONE', #1183, #1593, #3423 ) ;
#483 = ADVANCED_FACE ( 'NONE', ( #3014 ), #2675, .F. ) ;
#484 = CARTESIAN_POINT ( 'NONE',  ( -2.110000000000004317, 5.275252258054534238, -0.4300000000000042122 ) ) ;
#485 = VECTOR ( 'NONE', #1856, 1000.000000000000000 ) ;
#486 = CARTESIAN_POINT ( 'NONE',  ( -1.700000000000004396, 5.275252258054534238, 0.4300000000000041567 ) ) ;
#487 = DIRECTION ( 'NONE',  ( 2.644395542647573245E-16, 0.000000000000000000, 1.000000000000000000 ) ) ;
#488 = CONTEXT_DEPENDENT_SHAPE_REPRESENTATION ( #4326, #2820 ) ;
#489 = EDGE_LOOP ( 'NONE', ( #2033, #3930, #858, #1793, #3675, #1052 ) ) ;
#490 = CARTESIAN_POINT ( 'NONE',  ( -2.539999999999999591, 0.5000000000000000000, 0.8149999999999999467 ) ) ;
#491 = ORIENTED_EDGE ( 'NONE', *, *, #4030, .F. ) ;
#492 = VERTEX_POINT ( 'NONE', #4134 ) ;
#493 = ORIENTED_EDGE ( 'NONE', *, *, #244, .F. ) ;
#494 = CARTESIAN_POINT ( 'NONE',  ( 1.169999999999999707, 0.000000000000000000, 1.114999999999999991 ) ) ;
#495 = CARTESIAN_POINT ( 'NONE',  ( 0.09999999999999917288, 0.000000000000000000, 1.114999999999999991 ) ) ;
#496 = EDGE_CURVE ( 'NONE', #207, #2498, #4564, .T. ) ;
#497 = CARTESIAN_POINT ( 'NONE',  ( -0.1000000000000004774, 2.200000000000000178, -1.715000000000000080 ) ) ;
#498 = ORIENTED_EDGE ( 'NONE', *, *, #1778, .F. ) ;
#499 = EDGE_LOOP ( 'NONE', ( #3977, #1654, #2936, #2165 ) ) ;
#500 = CARTESIAN_POINT ( 'NONE',  ( 2.540000000000000480, 0.2500000000000000000, -1.055000000000002824 ) ) ;
#501 = ORIENTED_EDGE ( 'NONE', *, *, #1387, .T. ) ;
#502 = CARTESIAN_POINT ( 'NONE',  ( -2.010000000000003784, 5.549999999999998934, 0.7400000000000036549 ) ) ;
#503 = CARTESIAN_POINT ( 'NONE',  ( 1.369999999999999218, 0.000000000000000000, -0.8149999999999999467 ) ) ;
#504 = AXIS2_PLACEMENT_3D ( 'NONE', #2683, #4465, #888 ) ;
#505 = LINE ( 'NONE', #4408, #584 ) ;
#506 = DIRECTION ( 'NONE',  ( 0.000000000000000000, 0.000000000000000000, 1.000000000000000000 ) ) ;
#507 = EDGE_CURVE ( 'NONE', #3993, #1822, #4064, .T. ) ;
#508 = CARTESIAN_POINT ( 'NONE',  ( -1.650000000000000355, 0.000000000000000000, -1.715000000000000080 ) ) ;
#509 = VERTEX_POINT ( 'NONE', #2429 ) ;
#510 = VERTEX_POINT ( 'NONE', #2324 ) ;
#511 = CARTESIAN_POINT ( 'NONE',  ( -2.110000000000004317, 5.275252258054534238, -0.8400000000000039657 ) ) ;
#512 = CARTESIAN_POINT ( 'NONE',  ( -2.110000000000004317, 0.2500000000000000000, 0.8400000000000039657 ) ) ;
#513 = CARTESIAN_POINT ( 'NONE',  ( 0.000000000000000000, 5.549999999999998934, 0.000000000000000000 ) ) ;
#514 = DIRECTION ( 'NONE',  ( -0.000000000000000000, 1.000000000000000000, -0.000000000000000000 ) ) ;
#515 = LINE ( 'NONE', #1717, #4560 ) ;
#516 = VECTOR ( 'NONE', #964, 1000.000000000000114 ) ;
#517 = ORIENTED_EDGE ( 'NONE', *, *, #2015, .T. ) ;
#518 = ORIENTED_EDGE ( 'NONE', *, *, #4110, .F. ) ;
#519 = DIRECTION ( 'NONE',  ( -0.000000000000000000, 1.000000000000000000, -0.000000000000000000 ) ) ;
#520 = ORIENTED_EDGE ( 'NONE', *, *, #1750, .T. ) ;
#521 = DIRECTION ( 'NONE',  ( -0.4228854653311245881, 0.000000000000000000, -0.9061831399952650079 ) ) ;
#522 = CARTESIAN_POINT ( 'NONE',  ( -2.110000000000004317, -2.025252258054541343, -0.8400000000000039657 ) ) ;
#523 = CARTESIAN_POINT ( 'NONE',  ( -2.010000000000004228, -2.299999999999999822, 0.5300000000000039124 ) ) ;
#524 = LINE ( 'NONE', #3820, #758 ) ;
#525 = ORIENTED_EDGE ( 'NONE', *, *, #3774, .F. ) ;
#526 = AXIS2_PLACEMENT_3D ( 'NONE', #3770, #4092, #2998 ) ;
#527 = CARTESIAN_POINT ( 'NONE',  ( -2.440000000000000391, 1.292469707114105742E-23, 1.055000000000000382 ) ) ;
#528 = PLANE ( 'NONE',  #3048 ) ;
#529 = EDGE_CURVE ( 'NONE', #1457, #572, #290, .T. ) ;
#530 = VECTOR ( 'NONE', #1591, 1000.000000000000000 ) ;
#531 = CARTESIAN_POINT ( 'NONE',  ( -1.700000000000004396, 0.000000000000000000, -0.8400000000000038547 ) ) ;
#532 = CARTESIAN_POINT ( 'NONE',  ( 0.000000000000000000, 0.000000000000000000, 0.000000000000000000 ) ) ;
#533 = VECTOR ( 'NONE', #1945, 1000.000000000000000 ) ;
#534 = AXIS2_PLACEMENT_3D ( 'NONE', #4620, #2510, #753 ) ;
#535 = AXIS2_PLACEMENT_3D ( 'NONE', #69, #3288, #1528 ) ;
#536 = VERTEX_POINT ( 'NONE', #3850 ) ;
#537 = EDGE_LOOP ( 'NONE', ( #4080, #3759, #467, #3291 ) ) ;
#538 = DIRECTION ( 'NONE',  ( -0.000000000000000000, 1.000000000000000000, -0.000000000000000000 ) ) ;
#539 = DIRECTION ( 'NONE',  ( 2.644395542647573245E-16, 0.000000000000000000, 1.000000000000000000 ) ) ;
#540 = CARTESIAN_POINT ( 'NONE',  ( -1.700000000000004396, 0.000000000000000000, -0.4300000000000041567 ) ) ;
#541 = EDGE_CURVE ( 'NONE', #934, #2826, #1370, .T. ) ;
#542 = VECTOR ( 'NONE', #3845, 1000.000000000000000 ) ;
#543 = DIRECTION ( 'NONE',  ( -0.000000000000000000, 0.000000000000000000, -1.000000000000000000 ) ) ;
#544 = AXIS2_PLACEMENT_3D ( 'NONE', #685, #1720, #995 ) ;
#545 = DIRECTION ( 'NONE',  ( 1.000000000000000000, 0.000000000000000000, -1.322197771323786623E-16 ) ) ;
#546 = EDGE_CURVE ( 'NONE', #3766, #3404, #4109, .T. ) ;
#547 = CARTESIAN_POINT ( 'NONE',  ( -0.8400000000000039657, 0.2500000000000000000, -1.055000000000002824 ) ) ;
#548 = ORIENTED_EDGE ( 'NONE', *, *, #3629, .T. ) ;
#549 = ORIENTED_EDGE ( 'NONE', *, *, #4285, .F. ) ;
#550 = LINE ( 'NONE', #3158, #4165 ) ;
#551 = EDGE_LOOP ( 'NONE', ( #1377, #4322, #2329, #2348 ) ) ;
#552 = PLANE ( 'NONE',  #526 ) ;
#553 = CARTESIAN_POINT ( 'NONE',  ( -1.650000000000000355, 2.500000000000000000, -1.715000000000000080 ) ) ;
#554 = FACE_OUTER_BOUND ( 'NONE', #56, .T. ) ;
#555 = EDGE_CURVE ( 'NONE', #1564, #3485, #2346, .T. ) ;
#556 = CARTESIAN_POINT ( 'NONE',  ( -2.540000000000000480, 2.500000000000000000, 1.715000000000000080 ) ) ;
#557 = FILL_AREA_STYLE ('',( #2711 ) ) ;
#558 = CARTESIAN_POINT ( 'NONE',  ( -0.8900000000000001243, 2.500000000000000000, 1.715000000000000080 ) ) ;
#559 = AXIS2_PLACEMENT_3D ( 'NONE', #1014, #3798, #263 ) ;
#560 = FACE_BOUND ( 'NONE', #2163, .T. ) ;
#561 = EDGE_CURVE ( 'NONE', #1980, #33, #2540, .T. ) ;
#562 = FACE_OUTER_BOUND ( 'NONE', #3626, .T. ) ;
#563 = VECTOR ( 'NONE', #434, 1000.000000000000000 ) ;
#564 = ORIENTED_EDGE ( 'NONE', *, *, #2021, .T. ) ;
#565 = ORIENTED_EDGE ( 'NONE', *, *, #972, .T. ) ;
#566 = DIRECTION ( 'NONE',  ( -0.000000000000000000, 1.000000000000000000, -0.000000000000000000 ) ) ;
#567 = DIRECTION ( 'NONE',  ( -0.000000000000000000, -0.000000000000000000, 1.000000000000000000 ) ) ;
#568 = CARTESIAN_POINT ( 'NONE',  ( -2.110000000000004317, 0.000000000000000000, -0.4300000000000042122 ) ) ;
#569 = FACE_OUTER_BOUND ( 'NONE', #714, .T. ) ;
#570 = EDGE_CURVE ( 'NONE', #2742, #1117, #2907, .T. ) ;
#571 = VERTEX_POINT ( 'NONE', #1067 ) ;
#572 = VERTEX_POINT ( 'NONE', #2148 ) ;
#573 = DIRECTION ( 'NONE',  ( 0.4228854653311235334, 0.000000000000000000, 0.9061831399952655630 ) ) ;
#574 = VERTEX_POINT ( 'NONE', #15 ) ;
#575 = DIRECTION ( 'NONE',  ( 0.3236155771181875029, -0.8891264907159863728, -0.3236155771181871144 ) ) ;
#576 = EDGE_CURVE ( 'NONE', #1117, #3792, #3215, .T. ) ;
#577 = DIRECTION ( 'NONE',  ( -0.9061831399952655630, 0.000000000000000000, -0.4228854653311235334 ) ) ;
#578 = EDGE_CURVE ( 'NONE', #1344, #875, #2490, .T. ) ;
#579 = VERTEX_POINT ( 'NONE', #3196 ) ;
#580 = FACE_OUTER_BOUND ( 'NONE', #3484, .T. ) ;
#581 = CARTESIAN_POINT ( 'NONE',  ( -1.742938087118954815, -2.143223682848431455, -0.4729380871189545199 ) ) ;
#582 = LINE ( 'NONE', #2426, #3068 ) ;
#583 = ORIENTED_EDGE ( 'NONE', *, *, #4629, .F. ) ;
#584 = VECTOR ( 'NONE', #4149, 1000.000000000000000 ) ;
#585 = DIRECTION ( 'NONE',  ( -1.000000000000000000, -0.000000000000000000, 1.322197771323786623E-16 ) ) ;
#586 = DIRECTION ( 'NONE',  ( 0.000000000000000000, 0.000000000000000000, 1.000000000000000000 ) ) ;
#587 = VERTEX_POINT ( 'NONE', #2838 ) ;
#588 = AXIS2_PLACEMENT_3D ( 'NONE', #2804, #3863, #1036 ) ;
#589 = CARTESIAN_POINT ( 'NONE',  ( -1.700000000000004396, 2.500000000000000000, -0.4300000000000041567 ) ) ;
#590 = DIRECTION ( 'NONE',  ( 0.000000000000000000, 1.000000000000000000, 0.000000000000000000 ) ) ;
#591 = PLANE ( 'NONE',  #1546 ) ;
#592 = EDGE_CURVE ( 'NONE', #2064, #109, #3917, .T. ) ;
#593 = VECTOR ( 'NONE', #4078, 1000.000000000000000 ) ;
#594 = LINE ( 'NONE', #154, #4072 ) ;
#595 = ORIENTED_EDGE ( 'NONE', *, *, #2025, .T. ) ;
#596 = ORIENTED_EDGE ( 'NONE', *, *, #293, .F. ) ;
#597 = VECTOR ( 'NONE', #3586, 1000.000000000000000 ) ;
#598 = DIRECTION ( 'NONE',  ( -0.4228854653311245881, 0.000000000000000000, -0.9061831399952650079 ) ) ;
#599 = ORIENTED_EDGE ( 'NONE', *, *, #4595, .T. ) ;
#600 = ORIENTED_EDGE ( 'NONE', *, *, #4588, .F. ) ;
#601 = DIRECTION ( 'NONE',  ( -0.000000000000000000, 1.000000000000000000, -0.000000000000000000 ) ) ;
#602 = EDGE_CURVE ( 'NONE', #2164, #4421, #2196, .T. ) ;
#603 = PLANE ( 'NONE',  #1744 ) ;
#604 = LINE ( 'NONE', #745, #3716 ) ;
#605 = CARTESIAN_POINT ( 'NONE',  ( -1.700000000000004396, 0.2500000000000000000, 0.4300000000000041567 ) ) ;
#606 = ADVANCED_FACE ( 'NONE', ( #4290 ), #2955, .F. ) ;
#607 = ORIENTED_EDGE ( 'NONE', *, *, #2402, .F. ) ;
#608 = CARTESIAN_POINT ( 'NONE',  ( 0.8399999999999957501, 0.000000000000000000, -0.4300000000000041567 ) ) ;
#609 = CARTESIAN_POINT ( 'NONE',  ( 1.699999999999995737, 2.500000000000000000, 0.4300000000000042122 ) ) ;
#610 = CARTESIAN_POINT ( 'NONE',  ( 1.169999999999999707, 2.500000000000000000, -1.114999999999999991 ) ) ;
#611 = VECTOR ( 'NONE', #3595, 1000.000000000000000 ) ;
#612 = PLANE ( 'NONE',  #2516 ) ;
#613 = DIRECTION ( 'NONE',  ( -0.4228854653311240885, 0.000000000000000000, -0.9061831399952653410 ) ) ;
#614 = LINE ( 'NONE', #3476, #1435 ) ;
#615 = CARTESIAN_POINT ( 'NONE',  ( -1.170000000000000817, 0.2500000000000000000, -1.055000000000001936 ) ) ;
#616 = VECTOR ( 'NONE', #2931, 1000.000000000000000 ) ;
#617 = VECTOR ( 'NONE', #2127, 1000.000000000000227 ) ;
#618 = FACE_OUTER_BOUND ( 'NONE', #286, .T. ) ;
#619 = ORIENTED_EDGE ( 'NONE', *, *, #3737, .F. ) ;
#620 = ADVANCED_FACE ( 'NONE', ( #2286 ), #1203, .F. ) ;
#621 = ORIENTED_EDGE ( 'NONE', *, *, #1757, .F. ) ;
#622 = AXIS2_PLACEMENT_3D ( 'NONE', #3240, #3895, #2472 ) ;
#623 = DIRECTION ( 'NONE',  ( -0.4228854653311235334, 0.000000000000000000, 0.9061831399952655630 ) ) ;
#624 = PLANE ( 'NONE',  #504 ) ;
#625 = AXIS2_PLACEMENT_3D ( 'NONE', #439, #39, #3258 ) ;
#626 = DIRECTION ( 'NONE',  ( 0.000000000000000000, 0.000000000000000000, 1.000000000000000000 ) ) ;
#627 = ORIENTED_EDGE ( 'NONE', *, *, #1090, .T. ) ;
#628 = FACE_OUTER_BOUND ( 'NONE', #3254, .T. ) ;
#629 = DIRECTION ( 'NONE',  ( -1.000000000000000000, -0.000000000000000000, -0.000000000000000000 ) ) ;
#630 = DIRECTION ( 'NONE',  ( 0.000000000000000000, -1.000000000000000000, 0.000000000000000000 ) ) ;
#631 = EDGE_CURVE ( 'NONE', #1147, #19, #3735, .T. ) ;
#632 = UNCERTAINTY_MEASURE_WITH_UNIT (LENGTH_MEASURE( 1.000000000000000082E-05 ), #2527, 'distance_accuracy_value', 'NONE');
#633 = CARTESIAN_POINT ( 'NONE',  ( -2.540000000000000480, 2.200000000000000178, 0.8149999999999999467 ) ) ;
#634 = VECTOR ( 'NONE', #81, 1000.000000000000000 ) ;
#635 = CARTESIAN_POINT ( 'NONE',  ( 1.956852701559212613E-16, 5.549999999999998934, 0.7400000000000030997 ) ) ;
#636 =( GEOMETRIC_REPRESENTATION_CONTEXT ( 3 ) GLOBAL_UNCERTAINTY_ASSIGNED_CONTEXT ( ( #961 ) ) GLOBAL_UNIT_ASSIGNED_CONTEXT ( ( #1962, #2271, #4385 ) ) REPRESENTATION_CONTEXT ( 'NONE', 'WORKASPACE' ) );
#637 = FACE_OUTER_BOUND ( 'NONE', #3813, .T. ) ;
#638 = DIRECTION ( 'NONE',  ( 0.000000000000000000, 0.000000000000000000, 1.000000000000000000 ) ) ;
#639 = VECTOR ( 'NONE', #427, 1000.000000000000000 ) ;
#640 = EDGE_CURVE ( 'NONE', #4411, #3593, #3398, .T. ) ;
#641 = FACE_OUTER_BOUND ( 'NONE', #2479, .T. ) ;
#642 = AXIS2_PLACEMENT_3D ( 'NONE', #522, #211, #4140 ) ;
#643 = CARTESIAN_POINT ( 'NONE',  ( 1.169999999999999707, 0.2500000000000000000, -1.055000000000002824 ) ) ;
#644 = ORIENTED_EDGE ( 'NONE', *, *, #2137, .T. ) ;
#645 =( REPRESENTATION_RELATIONSHIP ('NONE','NONE', #2238, #674 ) REPRESENTATION_RELATIONSHIP_WITH_TRANSFORMATION ( #4039 )SHAPE_REPRESENTATION_RELATIONSHIP( ) );
#646 = VERTEX_POINT ( 'NONE', #2977 ) ;
#647 = CARTESIAN_POINT ( 'NONE',  ( -2.110000000000004317, 2.500000000000000000, -0.8400000000000039657 ) ) ;
#648 = LINE ( 'NONE', #2115, #91 ) ;
#649 = CARTESIAN_POINT ( 'NONE',  ( 1.369999999999999218, 0.000000000000000000, -0.8149999999999999467 ) ) ;
#650 = ADVANCED_FACE ( 'NONE', ( #4352 ), #3712, .F. ) ;
#651 = DIRECTION ( 'NONE',  ( -1.000000000000000000, 0.000000000000000000, 1.322197771323786623E-16 ) ) ;
#652 = FACE_OUTER_BOUND ( 'NONE', #2091, .T. ) ;
#653 = ORIENTED_EDGE ( 'NONE', *, *, #3891, .F. ) ;
#654 = ORIENTED_EDGE ( 'NONE', *, *, #1940, .F. ) ;
#655 = VERTEX_POINT ( 'NONE', #3664 ) ;
#656 = LINE ( 'NONE', #1756, #779 ) ;
#657 = EDGE_CURVE ( 'NONE', #1916, #4254, #1228, .T. ) ;
#658 = CARTESIAN_POINT ( 'NONE',  ( -1.650000000000000355, 2.500000000000000000, 1.715000000000000080 ) ) ;
#659 = CARTESIAN_POINT ( 'NONE',  ( -0.4300000000000046008, 0.2500000000000000000, -0.4300000000000041012 ) ) ;
#660 = CARTESIAN_POINT ( 'NONE',  ( -2.539999999999999591, 0.000000000000000000, -1.715000000000000080 ) ) ;
#661 = VECTOR ( 'NONE', #1860, 1000.000000000000000 ) ;
#662 = CARTESIAN_POINT ( 'NONE',  ( -0.8400000000000041878, 0.000000000000000000, -0.4300000000000042122 ) ) ;
#663 = AXIS2_PLACEMENT_3D ( 'NONE', #938, #2352, #598 ) ;
#664 = DIRECTION ( 'NONE',  ( 1.000000000000000000, 0.000000000000000000, 0.000000000000000000 ) ) ;
#665 = CARTESIAN_POINT ( 'NONE',  ( -0.8400000000000041878, 2.500000000000000000, 0.4300000000000042122 ) ) ;
#666 = EDGE_CURVE ( 'NONE', #3993, #3008, #780, .T. ) ;
#667 = VECTOR ( 'NONE', #3780, 1000.000000000000000 ) ;
#668 = FACE_OUTER_BOUND ( 'NONE', #1710, .T. ) ;
#669 = VERTEX_POINT ( 'NONE', #2559 ) ;
#670 = ORIENTED_EDGE ( 'NONE', *, *, #3232, .F. ) ;
#671 = PRESENTATION_LAYER_ASSIGNMENT (  '', '', ( #4478 ) ) ;
#672 = CARTESIAN_POINT ( 'NONE',  ( 0.09999999999999917288, 2.500000000000000000, 1.114999999999999991 ) ) ;
#673 = DIRECTION ( 'NONE',  ( 0.000000000000000000, -1.000000000000000000, 0.000000000000000000 ) ) ;
#674 = SHAPE_REPRESENTATION ( 'pin^20021111-additional ASS', ( #3809 ), #1389 ) ;
#675 = DIRECTION ( 'NONE',  ( 1.242459488932535039E-16, 0.3420201433256717660, 0.9396926207859073177 ) ) ;
#676 = ORIENTED_EDGE ( 'NONE', *, *, #690, .F. ) ;
#677 = ORIENTED_EDGE ( 'NONE', *, *, #2366, .F. ) ;
#678 = ORIENTED_EDGE ( 'NONE', *, *, #1159, .F. ) ;
#679 = PLANE ( 'NONE',  #2967 ) ;
#680 = AXIS2_PLACEMENT_3D ( 'NONE', #803, #2237, #64 ) ;
#681 = EDGE_CURVE ( 'NONE', #2742, #510, #412, .T. ) ;
#682 = LINE ( 'NONE', #3170, #178 ) ;
#683 = CARTESIAN_POINT ( 'NONE',  ( -1.700000000000004396, 9.179827560572968892, 0.4300000000000041567 ) ) ;
#684 = CARTESIAN_POINT ( 'NONE',  ( -2.110000000000004317, 0.000000000000000000, 0.8400000000000039657 ) ) ;
#685 = CARTESIAN_POINT ( 'NONE',  ( 2.439999999999999503, 0.000000000000000000, -0.8149999999999999467 ) ) ;
#686 = LINE ( 'NONE', #2248, #889 ) ;
#687 = VECTOR ( 'NONE', #1048, 1000.000000000000000 ) ;
#688 = ORIENTED_EDGE ( 'NONE', *, *, #110, .F. ) ;
#689 = ORIENTED_EDGE ( 'NONE', *, *, #3530, .F. ) ;
#690 = EDGE_CURVE ( 'NONE', #1042, #2234, #438, .T. ) ;
#691 = PRESENTATION_STYLE_ASSIGNMENT (( #4255 ) ) ;
#692 = EDGE_CURVE ( 'NONE', #1711, #1444, #2612, .T. ) ;
#693 = DIRECTION ( 'NONE',  ( 0.000000000000000000, 1.000000000000000000, 0.000000000000000000 ) ) ;
#694 = CARTESIAN_POINT ( 'NONE',  ( 0.4299999999999959410, 0.000000000000000000, 0.4300000000000042122 ) ) ;
#695 = VECTOR ( 'NONE', #3515, 1000.000000000000000 ) ;
#696 = CARTESIAN_POINT ( 'NONE',  ( 2.439999999999999503, 0.000000000000000000, 1.054999999999999050 ) ) ;
#697 = ORIENTED_EDGE ( 'NONE', *, *, #2536, .F. ) ;
#698 = ORIENTED_EDGE ( 'NONE', *, *, #1462, .T. ) ;
#699 = EDGE_LOOP ( 'NONE', ( #3637, #2138, #4241, #3598, #2663, #1059, #738, #2940 ) ) ;
#700 = LINE ( 'NONE', #2142, #3193 ) ;
#701 = EDGE_CURVE ( 'NONE', #4254, #422, #461, .T. ) ;
#702 = ORIENTED_EDGE ( 'NONE', *, *, #898, .F. ) ;
#703 = VERTEX_POINT ( 'NONE', #2047 ) ;
#704 = DIRECTION ( 'NONE',  ( -1.000000000000000000, 0.000000000000000000, -2.644395542647573245E-16 ) ) ;
#705 = LINE ( 'NONE', #3556, #2174 ) ;
#706 = DIRECTION ( 'NONE',  ( -1.000000000000000000, 0.000000000000000000, 0.000000000000000000 ) ) ;
#707 = EDGE_CURVE ( 'NONE', #4193, #2872, #4115, .T. ) ;
#708 = DIRECTION ( 'NONE',  ( 1.000000000000000000, 0.000000000000000000, 0.000000000000000000 ) ) ;
#709 = DIRECTION ( 'NONE',  ( -0.4228854653311240885, -0.000000000000000000, -0.9061831399952653410 ) ) ;
#710 = VECTOR ( 'NONE', #2698, 1000.000000000000000 ) ;
#711 = ADVANCED_FACE ( 'NONE', ( #4188 ), #1338, .F. ) ;
#712 = LINE ( 'NONE', #1028, #369 ) ;
#713 = VECTOR ( 'NONE', #96, 1000.000000000000000 ) ;
#714 = EDGE_LOOP ( 'NONE', ( #1851, #3838, #48, #363 ) ) ;
#715 = VERTEX_POINT ( 'NONE', #259 ) ;
#716 = LINE ( 'NONE', #2787, #3682 ) ;
#717 = AXIS2_PLACEMENT_3D ( 'NONE', #2445, #3867, #3189 ) ;
#718 = EDGE_CURVE ( 'NONE', #3592, #958, #2735, .T. ) ;
#719 = PRESENTATION_STYLE_ASSIGNMENT (( #1751 ) ) ;
#720 = FACE_OUTER_BOUND ( 'NONE', #3907, .T. ) ;
#721 = VERTEX_POINT ( 'NONE', #4488 ) ;
#722 = ORIENTED_EDGE ( 'NONE', *, *, #1006, .T. ) ;
#723 = ORIENTED_EDGE ( 'NONE', *, *, #4362, .T. ) ;
#724 = PRESENTATION_LAYER_ASSIGNMENT (  '', '', ( #3511 ) ) ;
#725 = ORIENTED_EDGE ( 'NONE', *, *, #3149, .F. ) ;
#726 = CARTESIAN_POINT ( 'NONE',  ( 2.439999999999999503, 0.000000000000000000, -1.114999999999999991 ) ) ;
#727 = LINE ( 'NONE', #2169, #611 ) ;
#728 = EDGE_CURVE ( 'NONE', #2234, #2232, #524, .T. ) ;
#729 = ORIENTED_EDGE ( 'NONE', *, *, #1247, .T. ) ;
#730 = CARTESIAN_POINT ( 'NONE',  ( 0.4299999999999959410, 2.500000000000000000, -0.8400000000000039657 ) ) ;
#731 = FACE_OUTER_BOUND ( 'NONE', #3573, .T. ) ;
#732 = LINE ( 'NONE', #95, #3524 ) ;
#733 = FACE_OUTER_BOUND ( 'NONE', #1966, .T. ) ;
#734 = CARTESIAN_POINT ( 'NONE',  ( -2.110000000000004317, 0.2500000000000000000, 0.4300000000000042122 ) ) ;
#735 = VERTEX_POINT ( 'NONE', #282 ) ;
#736 = VERTEX_POINT ( 'NONE', #2419 ) ;
#737 = DIRECTION ( 'NONE',  ( 0.000000000000000000, 0.000000000000000000, 1.000000000000000000 ) ) ;
#738 = ORIENTED_EDGE ( 'NONE', *, *, #162, .T. ) ;
#739 = ORIENTED_EDGE ( 'NONE', *, *, #2441, .F. ) ;
#740 = SURFACE_STYLE_USAGE ( .BOTH. , #4323 ) ;
#741 = CARTESIAN_POINT ( 'NONE',  ( -1.700000000000004396, 0.000000000000000000, 0.4300000000000041567 ) ) ;
#742 = AXIS2_PLACEMENT_3D ( 'NONE', #3426, #1986, #2292 ) ;
#743 = DIRECTION ( 'NONE',  ( -0.000000000000000000, -0.000000000000000000, 1.000000000000000000 ) ) ;
#744 = CARTESIAN_POINT ( 'NONE',  ( 2.439999999999999503, 0.000000000000000000, -1.055000000000002824 ) ) ;
#745 = CARTESIAN_POINT ( 'NONE',  ( -2.010000000000004228, -2.299999999999999822, -0.000000000000000000 ) ) ;
#746 = LINE ( 'NONE', #3225, #1055 ) ;
#747 = DIRECTION ( 'NONE',  ( -1.000000000000000000, 0.000000000000000000, -2.644395542647573245E-16 ) ) ;
#748 = EDGE_LOOP ( 'NONE', ( #3906, #2631, #4233, #379 ) ) ;
#749 = ORIENTED_EDGE ( 'NONE', *, *, #2670, .F. ) ;
#750 = ORIENTED_EDGE ( 'NONE', *, *, #3056, .F. ) ;
#751 = EDGE_LOOP ( 'NONE', ( #4399, #2609, #874, #4088 ) ) ;
#752 = VECTOR ( 'NONE', #115, 1000.000000000000227 ) ;
#753 = DIRECTION ( 'NONE',  ( 1.000000000000000000, 0.000000000000000000, -2.528751422706715933E-16 ) ) ;
#754 = ADVANCED_BREP_SHAPE_REPRESENTATION ( '', ( #1525, #3809 ), #4471 ) ;
#755 = DIRECTION ( 'NONE',  ( -1.000000000000000000, 0.000000000000000000, -2.644395542647573245E-16 ) ) ;
#756 = EDGE_CURVE ( 'NONE', #4623, #736, #1684, .T. ) ;
#757 = CARTESIAN_POINT ( 'NONE',  ( 7.007648188016117344E-17, -2.299999999999999822, -0.5300000000000036904 ) ) ;
#758 = VECTOR ( 'NONE', #2783, 1000.000000000000000 ) ;
#759 = EDGE_CURVE ( 'NONE', #2090, #2849, #3071, .T. ) ;
#760 = DIRECTION ( 'NONE',  ( -0.000000000000000000, 1.000000000000000000, -0.000000000000000000 ) ) ;
#761 = CARTESIAN_POINT ( 'NONE',  ( 2.439999999999999503, 0.2500000000000000000, 1.054999999999999050 ) ) ;
#762 = ORIENTED_EDGE ( 'NONE', *, *, #61, .F. ) ;
#763 = ORIENTED_EDGE ( 'NONE', *, *, #1262, .T. ) ;
#764 = ORIENTED_EDGE ( 'NONE', *, *, #701, .T. ) ;
#765 = VERTEX_POINT ( 'NONE', #2707 ) ;
#766 = AXIS2_PLACEMENT_3D ( 'NONE', #399, #1842, #450 ) ;
#767 = FACE_OUTER_BOUND ( 'NONE', #4369, .T. ) ;
#768 = CARTESIAN_POINT ( 'NONE',  ( -2.440000000000001279, 0.2500000000000000000, -1.055000000000001492 ) ) ;
#769 = LINE ( 'NONE', #402, #1459 ) ;
#770 = VECTOR ( 'NONE', #2841, 1000.000000000000000 ) ;
#771 = DIRECTION ( 'NONE',  ( -0.000000000000000000, 1.000000000000000000, -0.000000000000000000 ) ) ;
#772 = EDGE_CURVE ( 'NONE', #3912, #3551, #4466, .T. ) ;
#773 = VERTEX_POINT ( 'NONE', #914 ) ;
#774 = VERTEX_POINT ( 'NONE', #963 ) ;
#775 = EDGE_LOOP ( 'NONE', ( #2028, #4024, #1364, #1279 ) ) ;
#776 = CARTESIAN_POINT ( 'NONE',  ( -1.170000000000000817, 0.000000000000000000, 1.114999999999999991 ) ) ;
#777 = CLOSED_SHELL ( 'NONE', ( #3794, #4270, #2010, #1666, #3698, #1409, #1162, #1476, #1929, #4258 ) ) ;
#778 = EDGE_CURVE ( 'NONE', #4623, #4068, #4142, .T. ) ;
#779 = VECTOR ( 'NONE', #1663, 1000.000000000000000 ) ;
#780 = LINE ( 'NONE', #4332, #2714 ) ;
#781 = CARTESIAN_POINT ( 'NONE',  ( -2.539999999999999591, 0.000000000000000000, -1.715000000000000080 ) ) ;
#782 = CARTESIAN_POINT ( 'NONE',  ( -1.700000000000004396, 0.000000000000000000, 0.4300000000000041567 ) ) ;
#783 = DIRECTION ( 'NONE',  ( 1.000000000000000000, 0.000000000000000000, 0.000000000000000000 ) ) ;
#784 = VECTOR ( 'NONE', #2060, 1000.000000000000000 ) ;
#785 = ADVANCED_FACE ( 'NONE', ( #890 ), #213, .F. ) ;
#786 = CARTESIAN_POINT ( 'NONE',  ( 2.639999999999999236, 0.5000000000000000000, 0.8149999999999999467 ) ) ;
#787 = VECTOR ( 'NONE', #4379, 1000.000000000000114 ) ;
#788 = DIRECTION ( 'NONE',  ( 0.000000000000000000, 0.000000000000000000, -1.000000000000000000 ) ) ;
#789 = CARTESIAN_POINT ( 'NONE',  ( -1.170000000000000817, 2.500000000000000000, -1.114999999999999991 ) ) ;
#790 = FACE_OUTER_BOUND ( 'NONE', #1422, .T. ) ;
#791 = ORIENTED_EDGE ( 'NONE', *, *, #4217, .F. ) ;
#792 = ORIENTED_EDGE ( 'NONE', *, *, #274, .F. ) ;
#793 = DIRECTION ( 'NONE',  ( -0.000000000000000000, -0.000000000000000000, -1.000000000000000000 ) ) ;
#794 = EDGE_CURVE ( 'NONE', #876, #3335, #3049, .T. ) ;
#795 = AXIS2_PLACEMENT_3D ( 'NONE', #3087, #543, #4479 ) ;
#796 =( NAMED_UNIT ( * ) PLANE_ANGLE_UNIT ( ) SI_UNIT ( $, .RADIAN. ) );
#797 = ORIENTED_EDGE ( 'NONE', *, *, #3612, .T. ) ;
#798 = ORIENTED_EDGE ( 'NONE', *, *, #1544, .T. ) ;
#799 = DIRECTION ( 'NONE',  ( -0.000000000000000000, -1.000000000000000000, 0.000000000000000000 ) ) ;
#800 = EDGE_LOOP ( 'NONE', ( #4281, #1340, #1702, #1244, #1767, #1211, #2180, #4295 ) ) ;
#801 = DIRECTION ( 'NONE',  ( -0.000000000000000000, 1.000000000000000000, -0.000000000000000000 ) ) ;
#802 = EDGE_CURVE ( 'NONE', #421, #1267, #2762, .T. ) ;
#803 = CARTESIAN_POINT ( 'NONE',  ( 1.699999999999995737, 0.000000000000000000, -0.4300000000000042122 ) ) ;
#804 = VECTOR ( 'NONE', #1697, 1000.000000000000000 ) ;
#805 = DIRECTION ( 'NONE',  ( -1.000000000000000000, 0.000000000000000000, -2.644395542647573245E-16 ) ) ;
#806 = CARTESIAN_POINT ( 'NONE',  ( 2.540000000000001368, 0.2500000000000000000, 1.054999999999999050 ) ) ;
#807 = CARTESIAN_POINT ( 'NONE',  ( -2.110000000000004317, 9.179827560572968892, -0.8400000000000039657 ) ) ;
#808 = FACE_OUTER_BOUND ( 'NONE', #4581, .T. ) ;
#809 = CARTESIAN_POINT ( 'NONE',  ( 2.159999999999999698, 0.000000000000000000, -1.715000000000000080 ) ) ;
#810 = ORIENTED_EDGE ( 'NONE', *, *, #3674, .F. ) ;
#811 = VERTEX_POINT ( 'NONE', #2684 ) ;
#812 = ORIENTED_EDGE ( 'NONE', *, *, #1615, .F. ) ;
#813 = EDGE_LOOP ( 'NONE', ( #939, #1821, #3083, #3953 ) ) ;
#814 = DIRECTION ( 'NONE',  ( -0.000000000000000000, -1.000000000000000000, -0.000000000000000000 ) ) ;
#815 = EDGE_CURVE ( 'NONE', #1267, #715, #3420, .T. ) ;
#816 = DIRECTION ( 'NONE',  ( 0.4228854653311245881, 0.000000000000000000, -0.9061831399952650079 ) ) ;
#817 = DIRECTION ( 'NONE',  ( 0.000000000000000000, 0.000000000000000000, -1.000000000000000000 ) ) ;
#818 = EDGE_CURVE ( 'NONE', #1870, #937, #3750, .T. ) ;
#819 = CARTESIAN_POINT ( 'NONE',  ( 0.8399999999999957501, 2.500000000000000000, -0.8400000000000038547 ) ) ;
#820 = VECTOR ( 'NONE', #1670, 1000.000000000000000 ) ;
#821 = VERTEX_POINT ( 'NONE', #1613 ) ;
#822 = ORIENTED_EDGE ( 'NONE', *, *, #2137, .F. ) ;
#823 = FACE_OUTER_BOUND ( 'NONE', #3966, .T. ) ;
#824 =( NAMED_UNIT ( * ) PLANE_ANGLE_UNIT ( ) SI_UNIT ( $, .RADIAN. ) );
#825 = VECTOR ( 'NONE', #3949, 1000.000000000000000 ) ;
#826 = CARTESIAN_POINT ( 'NONE',  ( -2.440000000000000835, 2.500000000000000000, -1.114999999999999991 ) ) ;
#827 = EDGE_CURVE ( 'NONE', #1042, #1318, #190, .T. ) ;
#828 = PLANE ( 'NONE',  #2662 ) ;
#829 = EDGE_LOOP ( 'NONE', ( #3414, #31, #4492, #1150, #3677, #2415, #2280, #980 ) ) ;
#830 = VECTOR ( 'NONE', #1136, 1000.000000000000000 ) ;
#831 = DIRECTION ( 'NONE',  ( 0.000000000000000000, 0.000000000000000000, 1.000000000000000000 ) ) ;
#832 = ADVANCED_FACE ( 'NONE', ( #3095 ), #1293, .F. ) ;
#833 = ORIENTED_EDGE ( 'NONE', *, *, #3419, .F. ) ;
#834 = DIRECTION ( 'NONE',  ( -1.000000000000000000, 0.000000000000000000, 2.644395542647573245E-16 ) ) ;
#835 = CARTESIAN_POINT ( 'NONE',  ( 1.699999999999995737, 2.500000000000000000, 0.8400000000000039657 ) ) ;
#836 = CARTESIAN_POINT ( 'NONE',  ( 1.369999999999999218, 2.500000000000000000, 1.114999999999999991 ) ) ;
#837 = DIRECTION ( 'NONE',  ( -1.000000000000000000, 0.000000000000000000, 2.644395542647573245E-16 ) ) ;
#838 = LINE ( 'NONE', #2304, #1638 ) ;
#839 = EDGE_CURVE ( 'NONE', #4349, #3337, #3462, .T. ) ;
#840 = ORIENTED_EDGE ( 'NONE', *, *, #3085, .F. ) ;
#841 = VERTEX_POINT ( 'NONE', #3226 ) ;
#842 = DIRECTION ( 'NONE',  ( -1.322197771323786623E-16, 0.000000000000000000, -1.000000000000000000 ) ) ;
#843 = ORIENTED_EDGE ( 'NONE', *, *, #3006, .F. ) ;
#844 = FACE_OUTER_BOUND ( 'NONE', #3572, .T. ) ;
#845 = DIRECTION ( 'NONE',  ( 0.000000000000000000, 1.000000000000000000, 0.000000000000000000 ) ) ;
#846 = VECTOR ( 'NONE', #4126, 1000.000000000000000 ) ;
#847 = EDGE_CURVE ( 'NONE', #1980, #1457, #3204, .T. ) ;
#848 = DIRECTION ( 'NONE',  ( 0.000000000000000000, 0.000000000000000000, 1.000000000000000000 ) ) ;
#849 = CARTESIAN_POINT ( 'NONE',  ( 0.4299999999999959410, 0.2500000000000000000, -0.8400000000000039657 ) ) ;
#850 = PRODUCT_CONTEXT ( 'NONE', #1884, 'mechanical' ) ;
#851 = ORIENTED_EDGE ( 'NONE', *, *, #87, .T. ) ;
#852 = ORIENTED_EDGE ( 'NONE', *, *, #2168, .T. ) ;
#853 = CARTESIAN_POINT ( 'NONE',  ( 2.639999999999999236, 2.200000000000000178, 0.8149999999999999467 ) ) ;
#854 = CARTESIAN_POINT ( 'NONE',  ( 0.4299999999999959410, 0.000000000000000000, 0.4300000000000042122 ) ) ;
#855 = LINE ( 'NONE', #3296, #2902 ) ;
#856 = DIRECTION ( 'NONE',  ( 0.000000000000000000, 0.000000000000000000, -1.000000000000000000 ) ) ;
#857 = PLANE ( 'NONE',  #2330 ) ;
#858 = ORIENTED_EDGE ( 'NONE', *, *, #3568, .T. ) ;
#859 = ORIENTED_EDGE ( 'NONE', *, *, #3644, .T. ) ;
#860 = VECTOR ( 'NONE', #4383, 1000.000000000000227 ) ;
#861 = ORIENTED_EDGE ( 'NONE', *, *, #3006, .T. ) ;
#862 = DIRECTION ( 'NONE',  ( -0.000000000000000000, 1.000000000000000000, -0.000000000000000000 ) ) ;
#863 = CARTESIAN_POINT ( 'NONE',  ( -1.370000000000000551, 0.000000000000000000, -0.8149999999999999467 ) ) ;
#864 = DIRECTION ( 'NONE',  ( 0.000000000000000000, 0.000000000000000000, 1.000000000000000000 ) ) ;
#865 = FACE_OUTER_BOUND ( 'NONE', #813, .T. ) ;
#866 = AXIS2_PLACEMENT_3D ( 'NONE', #1936, #442, #1891 ) ;
#867 = ADVANCED_FACE ( 'NONE', ( #720 ), #1792, .F. ) ;
#868 = CARTESIAN_POINT ( 'NONE',  ( 1.169999999999999707, 0.000000000000000000, -1.114999999999999991 ) ) ;
#869 = CARTESIAN_POINT ( 'NONE',  ( -0.4300000000000043787, 0.000000000000000000, 0.4300000000000041567 ) ) ;
#870 = VECTOR ( 'NONE', #2751, 1000.000000000000000 ) ;
#871 = EDGE_LOOP ( 'NONE', ( #1260, #3384, #3952, #2204 ) ) ;
#872 = CARTESIAN_POINT ( 'NONE',  ( 1.956852701559213599E-16, -2.299999999999999822, -0.7400000000000035438 ) ) ;
#873 = DIRECTION ( 'NONE',  ( -2.528751422706715933E-16, 0.000000000000000000, -1.000000000000000000 ) ) ;
#874 = ORIENTED_EDGE ( 'NONE', *, *, #2536, .T. ) ;
#875 = VERTEX_POINT ( 'NONE', #4260 ) ;
#876 = VERTEX_POINT ( 'NONE', #1081 ) ;
#877 =( NAMED_UNIT ( * ) PLANE_ANGLE_UNIT ( ) SI_UNIT ( $, .RADIAN. ) );
#878 = DIRECTION ( 'NONE',  ( 0.000000000000000000, -0.000000000000000000, 1.000000000000000000 ) ) ;
#879 = FACE_OUTER_BOUND ( 'NONE', #158, .T. ) ;
#880 = DIRECTION ( 'NONE',  ( 0.000000000000000000, 0.000000000000000000, -1.000000000000000000 ) ) ;
#881 = FACE_OUTER_BOUND ( 'NONE', #104, .T. ) ;
#882 = VERTEX_POINT ( 'NONE', #2531 ) ;
#883 = ADVANCED_FACE ( 'NONE', ( #3549 ), #2830, .F. ) ;
#884 = ORIENTED_EDGE ( 'NONE', *, *, #4320, .T. ) ;
#885 = DIRECTION ( 'NONE',  ( 0.000000000000000000, 1.000000000000000000, -0.000000000000000000 ) ) ;
#886 = ORIENTED_EDGE ( 'NONE', *, *, #4189, .F. ) ;
#887 = PLANE ( 'NONE',  #3184 ) ;
#888 = DIRECTION ( 'NONE',  ( -0.4228854653311235334, 0.000000000000000000, 0.9061831399952655630 ) ) ;
#889 = VECTOR ( 'NONE', #1571, 1000.000000000000000 ) ;
#890 = FACE_OUTER_BOUND ( 'NONE', #3974, .T. ) ;
#891 = PLANE ( 'NONE',  #3267 ) ;
#892 =( LENGTH_UNIT ( ) NAMED_UNIT ( * ) SI_UNIT ( .MILLI., .METRE. ) );
#893 = VECTOR ( 'NONE', #2482, 1000.000000000000000 ) ;
#894 = ADVANCED_FACE ( 'NONE', ( #3527 ), #1058, .F. ) ;
#895 = CARTESIAN_POINT ( 'NONE',  ( -1.650000000000000355, 2.500000000000000000, -1.715000000000000080 ) ) ;
#896 = VECTOR ( 'NONE', #2558, 1000.000000000000000 ) ;
#897 = CARTESIAN_POINT ( 'NONE',  ( -2.440000000000000835, 2.200000000000000178, -1.715000000000000080 ) ) ;
#898 = EDGE_CURVE ( 'NONE', #3404, #2618, #3, .T. ) ;
#899 = CARTESIAN_POINT ( 'NONE',  ( -1.170000000000000817, 0.000000000000000000, 0.8149999999999999467 ) ) ;
#900 =( GEOMETRIC_REPRESENTATION_CONTEXT ( 3 ) GLOBAL_UNCERTAINTY_ASSIGNED_CONTEXT ( ( #1800 ) ) GLOBAL_UNIT_ASSIGNED_CONTEXT ( ( #4434, #877, #3387 ) ) REPRESENTATION_CONTEXT ( 'NONE', 'WORKASPACE' ) );
#901 = ORIENTED_EDGE ( 'NONE', *, *, #309, .T. ) ;
#902 = ORIENTED_EDGE ( 'NONE', *, *, #1462, .F. ) ;
#903 = CARTESIAN_POINT ( 'NONE',  ( -1.170000000000000817, 0.000000000000000000, -1.114999999999999991 ) ) ;
#904 = LINE ( 'NONE', #2014, #2310 ) ;
#905 = EDGE_CURVE ( 'NONE', #3605, #2440, #1443, .T. ) ;
#906 = CARTESIAN_POINT ( 'NONE',  ( -0.8400000000000039657, 0.2500000000000000000, 0.8400000000000039657 ) ) ;
#907 = DIRECTION ( 'NONE',  ( 0.000000000000000000, 0.000000000000000000, 1.000000000000000000 ) ) ;
#908 = VECTOR ( 'NONE', #3691, 1000.000000000000000 ) ;
#909 = ORIENTED_EDGE ( 'NONE', *, *, #2125, .T. ) ;
#910 = ORIENTED_EDGE ( 'NONE', *, *, #3530, .T. ) ;
#911 = CARTESIAN_POINT ( 'NONE',  ( -2.440000000000000835, 0.000000000000000000, 0.8149999999999999467 ) ) ;
#912 = ORIENTED_EDGE ( 'NONE', *, *, #1843, .T. ) ;
#913 = CARTESIAN_POINT ( 'NONE',  ( -2.010000000000003784, 5.549999999999998934, 0.000000000000000000 ) ) ;
#914 = CARTESIAN_POINT ( 'NONE',  ( 0.8399999999999957501, 2.500000000000000000, -0.4300000000000041567 ) ) ;
#915 = VERTEX_POINT ( 'NONE', #1102 ) ;
#916 = APPLICATION_CONTEXT ( 'automotive_design' ) ;
#917 = ADVANCED_FACE ( 'NONE', ( #2895, #1420 ), #3950, .F. ) ;
#918 = LINE ( 'NONE', #2358, #1933 ) ;
#919 = VECTOR ( 'NONE', #590, 1000.000000000000000 ) ;
#920 = DIRECTION ( 'NONE',  ( 0.000000000000000000, -1.000000000000000000, 0.000000000000000000 ) ) ;
#921 = DIRECTION ( 'NONE',  ( -0.000000000000000000, -0.000000000000000000, 1.000000000000000000 ) ) ;
#922 = EDGE_CURVE ( 'NONE', #2904, #2622, #2186, .T. ) ;
#923 = CLOSED_SHELL ( 'NONE', ( #459, #2284, #4552, #2412, #483, #2943, #3118, #3469, #4002, #2246 ) ) ;
#924 = VECTOR ( 'NONE', #3508, 1000.000000000000000 ) ;
#925 = DIRECTION ( 'NONE',  ( -0.000000000000000000, 1.000000000000000000, -0.000000000000000000 ) ) ;
#926 = VECTOR ( 'NONE', #1327, 1000.000000000000000 ) ;
#927 = EDGE_LOOP ( 'NONE', ( #1339, #173, #3137, #2748 ) ) ;
#928 = CARTESIAN_POINT ( 'NONE',  ( -0.1000000000000004774, 2.200000000000000178, -0.8150000000000001688 ) ) ;
#929 = ORIENTED_EDGE ( 'NONE', *, *, #1006, .F. ) ;
#930 = CARTESIAN_POINT ( 'NONE',  ( -2.540000000000000036, 2.500000000000000000, 0.8149999999999999467 ) ) ;
#931 = DIRECTION ( 'NONE',  ( -0.000000000000000000, -1.000000000000000000, -0.000000000000000000 ) ) ;
#932 = EDGE_CURVE ( 'NONE', #4206, #47, #2871, .T. ) ;
#933 = CARTESIAN_POINT ( 'NONE',  ( 1.169999999999999707, 0.5000000000000000000, -1.715000000000000080 ) ) ;
#934 = VERTEX_POINT ( 'NONE', #696 ) ;
#935 = EDGE_LOOP ( 'NONE', ( #4012, #130, #3700, #408 ) ) ;
#936 = FACE_OUTER_BOUND ( 'NONE', #2506, .T. ) ;
#937 = VERTEX_POINT ( 'NONE', #4556 ) ;
#938 = CARTESIAN_POINT ( 'NONE',  ( 1.649999999999999911, 0.000000000000000000, 1.715000000000000080 ) ) ;
#939 = ORIENTED_EDGE ( 'NONE', *, *, #1499, .T. ) ;
#940 = ADVANCED_FACE ( 'NONE', ( #2136 ), #2439, .F. ) ;
#941 = DIRECTION ( 'NONE',  ( -0.000000000000000000, 1.000000000000000000, -0.000000000000000000 ) ) ;
#942 = CARTESIAN_POINT ( 'NONE',  ( -2.110000000000004317, -2.025252258054541343, -0.4300000000000042122 ) ) ;
#943 = STYLED_ITEM ( 'NONE', ( #719 ), #1664 ) ;
#944 = ADVANCED_FACE ( 'NONE', ( #652, #1121 ), #857, .F. ) ;
#945 = CARTESIAN_POINT ( 'NONE',  ( -1.700000000000004396, 0.000000000000000000, -0.8400000000000038547 ) ) ;
#946 = DIRECTION ( 'NONE',  ( 1.000000000000000000, 0.000000000000000000, -0.000000000000000000 ) ) ;
#947 = CARTESIAN_POINT ( 'NONE',  ( 0.8399999999999957501, 0.000000000000000000, -0.8400000000000038547 ) ) ;
#948 = AXIS2_PLACEMENT_3D ( 'NONE', #2900, #2951, #1495 ) ;
#949 = ORIENTED_EDGE ( 'NONE', *, *, #1225, .T. ) ;
#950 = ORIENTED_EDGE ( 'NONE', *, *, #2852, .T. ) ;
#951 = DIRECTION ( 'NONE',  ( 0.9396926207859072067, 0.3420201433256720436, 0.000000000000000000 ) ) ;
#952 = DIRECTION ( 'NONE',  ( -1.000000000000000000, 0.000000000000000000, 0.000000000000000000 ) ) ;
#953 = FACE_OUTER_BOUND ( 'NONE', #1467, .T. ) ;
#954 = ORIENTED_EDGE ( 'NONE', *, *, #1639, .T. ) ;
#955 = VERTEX_POINT ( 'NONE', #28 ) ;
#956 = ADVANCED_FACE ( 'NONE', ( #1850 ), #2209, .F. ) ;
#957 = CARTESIAN_POINT ( 'NONE',  ( 1.369999999999999218, 0.2500000000000000000, -1.055000000000002602 ) ) ;
#958 = VERTEX_POINT ( 'NONE', #1512 ) ;
#959 = EDGE_CURVE ( 'NONE', #2606, #4327, #838, .T. ) ;
#960 = DIRECTION ( 'NONE',  ( 0.4228854653311235334, 0.000000000000000000, 0.9061831399952655630 ) ) ;
#961 = UNCERTAINTY_MEASURE_WITH_UNIT (LENGTH_MEASURE( 1.000000000000000082E-05 ), #1962, 'distance_accuracy_value', 'NONE');
#962 = CARTESIAN_POINT ( 'NONE',  ( 2.109999999999995435, 0.000000000000000000, -0.4300000000000041567 ) ) ;
#963 = CARTESIAN_POINT ( 'NONE',  ( -2.010000000000003784, 5.549999999999998934, -0.5300000000000044675 ) ) ;
#964 = DIRECTION ( 'NONE',  ( 0.4228854653311245881, 0.000000000000000000, -0.9061831399952650079 ) ) ;
#965 = LINE ( 'NONE', #3888, #4580 ) ;
#966 = CARTESIAN_POINT ( 'NONE',  ( -0.1000000000000004774, 0.5000000000000000000, -0.8150000000000001688 ) ) ;
#967 = VECTOR ( 'NONE', #238, 1000.000000000000000 ) ;
#968 = AXIS2_PLACEMENT_3D ( 'NONE', #3028, #4429, #946 ) ;
#969 = FACE_OUTER_BOUND ( 'NONE', #871, .T. ) ;
#970 = CARTESIAN_POINT ( 'NONE',  ( 2.540000000000000924, 0.2500000000000000000, 0.8400000000000030775 ) ) ;
#971 = CARTESIAN_POINT ( 'NONE',  ( 2.439999999999999503, 0.000000000000000000, 0.8149999999999999467 ) ) ;
#972 = EDGE_CURVE ( 'NONE', #3593, #4206, #384, .T. ) ;
#973 = AXIS2_PLACEMENT_3D ( 'NONE', #2909, #44, #1478 ) ;
#974 = ORIENTED_EDGE ( 'NONE', *, *, #1726, .T. ) ;
#975 = DIRECTION ( 'NONE',  ( 0.000000000000000000, -0.000000000000000000, 1.000000000000000000 ) ) ;
#976 = LINE ( 'NONE', #1721, #804 ) ;
#977 = CARTESIAN_POINT ( 'NONE',  ( -0.3800000000000003375, 0.000000000000000000, -1.715000000000000080 ) ) ;
#978 = DIRECTION ( 'NONE',  ( 0.3236155771181875029, -0.8891264907159863728, 0.3236155771181871144 ) ) ;
#979 = ORIENTED_EDGE ( 'NONE', *, *, #576, .F. ) ;
#980 = ORIENTED_EDGE ( 'NONE', *, *, #4047, .T. ) ;
#981 = FACE_OUTER_BOUND ( 'NONE', #3660, .T. ) ;
#982 = VECTOR ( 'NONE', #4537, 1000.000000000000000 ) ;
#983 = ADVANCED_FACE ( 'NONE', ( #82 ), #4368, .F. ) ;
#984 = CARTESIAN_POINT ( 'NONE',  ( -1.700000000000004396, 0.2500000000000000000, -0.8400000000000039657 ) ) ;
#985 = DIRECTION ( 'NONE',  ( -1.000000000000000000, -0.000000000000000000, 2.528751422706715933E-16 ) ) ;
#986 = ORIENTED_EDGE ( 'NONE', *, *, #2474, .F. ) ;
#987 = VERTEX_POINT ( 'NONE', #819 ) ;
#988 = LINE ( 'NONE', #3120, #2864 ) ;
#989 = CARTESIAN_POINT ( 'NONE',  ( -2.539999999999999591, 2.500000000000000000, -1.715000000000000080 ) ) ;
#990 = CARTESIAN_POINT ( 'NONE',  ( 0.4299999999999959410, 2.500000000000000000, -0.4300000000000042122 ) ) ;
#991 = ADVANCED_FACE ( 'NONE', ( #2258 ), #3683, .T. ) ;
#992 = DIRECTION ( 'NONE',  ( 1.000000000000000000, 0.000000000000000000, 0.000000000000000000 ) ) ;
#993 = VECTOR ( 'NONE', #4390, 1000.000000000000227 ) ;
#994 = CARTESIAN_POINT ( 'NONE',  ( 0.8399999999999957501, 0.2500000000000000000, -1.055000000000002824 ) ) ;
#995 = DIRECTION ( 'NONE',  ( 1.000000000000000000, 0.000000000000000000, 0.000000000000000000 ) ) ;
#996 = LINE ( 'NONE', #930, #4057 ) ;
#997 = EDGE_CURVE ( 'NONE', #1259, #1294, #1538, .T. ) ;
#998 = DIRECTION ( 'NONE',  ( 1.000000000000000000, 0.000000000000000000, -1.322197771323786623E-16 ) ) ;
#999 = DIRECTION ( 'NONE',  ( 0.000000000000000000, 0.000000000000000000, -1.000000000000000000 ) ) ;
#1000 = VECTOR ( 'NONE', #1128, 1000.000000000000000 ) ;
#1001 = AXIS2_PLACEMENT_3D ( 'NONE', #3108, #951, #2035 ) ;
#1002 = DIRECTION ( 'NONE',  ( 0.000000000000000000, 0.000000000000000000, -1.000000000000000000 ) ) ;
#1003 = ORIENTED_EDGE ( 'NONE', *, *, #55, .F. ) ;
#1004 = ORIENTED_EDGE ( 'NONE', *, *, #2069, .F. ) ;
#1005 = PLANE ( 'NONE',  #2150 ) ;
#1006 = EDGE_CURVE ( 'NONE', #2896, #1870, #108, .T. ) ;
#1007 = VECTOR ( 'NONE', #3604, 1000.000000000000000 ) ;
#1008 = DIRECTION ( 'NONE',  ( -1.000000000000000000, -0.000000000000000000, 2.528751422706715933E-16 ) ) ;
#1009 = PRODUCT_DEFINITION_SHAPE ( 'NONE', 'NONE',  #4631 ) ;
#1010 = VECTOR ( 'NONE', #3913, 1000.000000000000000 ) ;
#1011 = ORIENTED_EDGE ( 'NONE', *, *, #2253, .T. ) ;
#1012 = ORIENTED_EDGE ( 'NONE', *, *, #3185, .F. ) ;
#1013 = DIRECTION ( 'NONE',  ( -0.000000000000000000, 1.000000000000000000, -0.000000000000000000 ) ) ;
#1014 = CARTESIAN_POINT ( 'NONE',  ( -2.110000000000004317, 9.179827560572968892, 0.4300000000000042122 ) ) ;
#1015 = PLANE ( 'NONE',  #717 ) ;
#1016 = VERTEX_POINT ( 'NONE', #136 ) ;
#1017 = CARTESIAN_POINT ( 'NONE',  ( -2.110000000000004317, 0.000000000000000000, 0.4300000000000042122 ) ) ;
#1018 = EDGE_CURVE ( 'NONE', #4077, #536, #1195, .T. ) ;
#1019 = DIRECTION ( 'NONE',  ( -0.000000000000000000, 1.000000000000000000, -0.000000000000000000 ) ) ;
#1020 = AXIS2_PLACEMENT_3D ( 'NONE', #2828, #1033, #2457 ) ;
#1021 = EDGE_CURVE ( 'NONE', #987, #3605, #1927, .T. ) ;
#1022 = DIRECTION ( 'NONE',  ( -1.000000000000000000, 0.000000000000000000, 1.322197771323786623E-16 ) ) ;
#1023 = CARTESIAN_POINT ( 'NONE',  ( -0.1000000000000004774, 2.500000000000000000, -1.114999999999999991 ) ) ;
#1024 = DIRECTION ( 'NONE',  ( 0.000000000000000000, 0.000000000000000000, -1.000000000000000000 ) ) ;
#1025 = CARTESIAN_POINT ( 'NONE',  ( -0.8400000000000041878, 2.500000000000000000, 0.4300000000000042122 ) ) ;
#1026 = CARTESIAN_POINT ( 'NONE',  ( 1.169999999999999707, 0.000000000000000000, 1.114999999999999991 ) ) ;
#1027 = VECTOR ( 'NONE', #366, 1000.000000000000000 ) ;
#1028 = CARTESIAN_POINT ( 'NONE',  ( 2.109999999999995435, 0.2500000000000000000, -1.055000000000002824 ) ) ;
#1029 = ORIENTED_EDGE ( 'NONE', *, *, #3381, .F. ) ;
#1030 = ORIENTED_EDGE ( 'NONE', *, *, #1791, .T. ) ;
#1031 = DIRECTION ( 'NONE',  ( -1.000000000000000000, -0.000000000000000000, -0.000000000000000000 ) ) ;
#1032 = VECTOR ( 'NONE', #2392, 1000.000000000000000 ) ;
#1033 = DIRECTION ( 'NONE',  ( -1.000000000000000000, 0.000000000000000000, 0.000000000000000000 ) ) ;
#1034 = FILL_AREA_STYLE ('',( #3927 ) ) ;
#1035 = EDGE_CURVE ( 'NONE', #1117, #3686, #1242, .T. ) ;
#1036 = DIRECTION ( 'NONE',  ( -1.000000000000000000, 0.000000000000000000, -1.322197771323786623E-16 ) ) ;
#1037 = ORIENTED_EDGE ( 'NONE', *, *, #3689, .F. ) ;
#1038 = EDGE_LOOP ( 'NONE', ( #1747, #2986, #2320, #739 ) ) ;
#1039 = VERTEX_POINT ( 'NONE', #3135 ) ;
#1040 = FACE_OUTER_BOUND ( 'NONE', #4387, .T. ) ;
#1041 = LINE ( 'NONE', #3555, #2938 ) ;
#1042 = VERTEX_POINT ( 'NONE', #206 ) ;
#1043 = DIRECTION ( 'NONE',  ( -0.000000000000000000, -0.000000000000000000, 1.000000000000000000 ) ) ;
#1044 = EDGE_CURVE ( 'NONE', #3593, #1564, #2728, .T. ) ;
#1045 = AXIS2_PLACEMENT_3D ( 'NONE', #683, #1066, #4604 ) ;
#1046 = LINE ( 'NONE', #3579, #2738 ) ;
#1047 = PRODUCT_DEFINITION ( 'UNKNOWN', '', #4589, #2459 ) ;
#1048 = DIRECTION ( 'NONE',  ( -0.000000000000000000, 1.000000000000000000, -0.000000000000000000 ) ) ;
#1049 = PLANE ( 'NONE',  #1536 ) ;
#1050 = LINE ( 'NONE', #2822, #3887 ) ;
#1051 = EDGE_LOOP ( 'NONE', ( #2113, #2784, #859, #2659 ) ) ;
#1052 = ORIENTED_EDGE ( 'NONE', *, *, #187, .T. ) ;
#1053 = LINE ( 'NONE', #3246, #280 ) ;
#1054 = ADVANCED_FACE ( 'NONE', ( #569 ), #2676, .F. ) ;
#1055 = VECTOR ( 'NONE', #673, 1000.000000000000000 ) ;
#1056 = CARTESIAN_POINT ( 'NONE',  ( 0.000000000000000000, 2.500000000000000000, 0.000000000000000000 ) ) ;
#1057 =( LENGTH_UNIT ( ) NAMED_UNIT ( * ) SI_UNIT ( .MILLI., .METRE. ) );
#1058 = PLANE ( 'NONE',  #2627 ) ;
#1059 = ORIENTED_EDGE ( 'NONE', *, *, #2999, .T. ) ;
#1060 = ORIENTED_EDGE ( 'NONE', *, *, #1875, .T. ) ;
#1061 = AXIS2_PLACEMENT_3D ( 'NONE', #3392, #3435, #4436 ) ;
#1062 = ADVANCED_FACE ( 'NONE', ( #881 ), #3112, .F. ) ;
#1063 = DIRECTION ( 'NONE',  ( -0.000000000000000000, 1.000000000000000000, -0.000000000000000000 ) ) ;
#1064 = CARTESIAN_POINT ( 'NONE',  ( 0.09999999999999917288, 0.5000000000000000000, 0.8149999999999990585 ) ) ;
#1065 = EDGE_CURVE ( 'NONE', #1226, #1305, #2754, .T. ) ;
#1066 = DIRECTION ( 'NONE',  ( -1.000000000000000000, 0.000000000000000000, 0.000000000000000000 ) ) ;
#1067 = CARTESIAN_POINT ( 'NONE',  ( -1.170000000000000817, 1.292469707114105742E-23, 1.054999999999999938 ) ) ;
#1068 = PLANE ( 'NONE',  #2544 ) ;
#1069 = CARTESIAN_POINT ( 'NONE',  ( -0.1000000000000004774, 0.5000000000000000000, 0.8149999999999990585 ) ) ;
#1070 = VERTEX_POINT ( 'NONE', #3243 ) ;
#1071 = VECTOR ( 'NONE', #4063, 1000.000000000000114 ) ;
#1072 = EDGE_CURVE ( 'NONE', #1709, #1656, #1434, .T. ) ;
#1073 =( REPRESENTATION_RELATIONSHIP ('NONE','NONE', #2238, #674 ) REPRESENTATION_RELATIONSHIP_WITH_TRANSFORMATION ( #3005 )SHAPE_REPRESENTATION_RELATIONSHIP( ) );
#1074 = VECTOR ( 'NONE', #2562, 1000.000000000000000 ) ;
#1075 = ORIENTED_EDGE ( 'NONE', *, *, #2811, .T. ) ;
#1076 = ORIENTED_EDGE ( 'NONE', *, *, #55, .T. ) ;
#1077 = CARTESIAN_POINT ( 'NONE',  ( -2.540000000000000480, 0.000000000000000000, 1.715000000000000080 ) ) ;
#1078 = EDGE_CURVE ( 'NONE', #2552, #1122, #3541, .T. ) ;
#1079 = LINE ( 'NONE', #3587, #2668 ) ;
#1080 = EDGE_CURVE ( 'NONE', #4370, #2695, #355, .T. ) ;
#1081 = CARTESIAN_POINT ( 'NONE',  ( 2.439999999999999503, 0.2500000000000000000, -1.055000000000002824 ) ) ;
#1082 = EDGE_LOOP ( 'NONE', ( #4087, #1075, #2391, #2326 ) ) ;
#1083 = VERTEX_POINT ( 'NONE', #277 ) ;
#1084 = ORIENTED_EDGE ( 'NONE', *, *, #3436, .T. ) ;
#1085 = ORIENTED_EDGE ( 'NONE', *, *, #94, .T. ) ;
#1086 = VECTOR ( 'NONE', #3051, 1000.000000000000114 ) ;
#1087 = CARTESIAN_POINT ( 'NONE',  ( -1.742938087118954815, -2.143223682848431455, 0.7970619128810534360 ) ) ;
#1088 = CARTESIAN_POINT ( 'NONE',  ( -1.742938087118954815, -2.143223682848431455, -0.7970619128810534360 ) ) ;
#1089 = PLANE ( 'NONE',  #4032 ) ;
#1090 = EDGE_CURVE ( 'NONE', #1070, #1083, #1050, .T. ) ;
#1091 = LINE ( 'NONE', #2451, #97 ) ;
#1092 = CARTESIAN_POINT ( 'NONE',  ( -1.370000000000000551, 0.000000000000000000, 1.114999999999999991 ) ) ;
#1093 = VECTOR ( 'NONE', #3110, 1000.000000000000000 ) ;
#1094 = AXIS2_PLACEMENT_3D ( 'NONE', #532, #4449, #2337 ) ;
#1095 = VECTOR ( 'NONE', #1119, 1000.000000000000000 ) ;
#1096 = ORIENTED_EDGE ( 'NONE', *, *, #2222, .F. ) ;
#1097 = VERTEX_POINT ( 'NONE', #315 ) ;
#1098 = CARTESIAN_POINT ( 'NONE',  ( -2.110000000000004317, 0.2500000000000000000, 0.8400000000000039657 ) ) ;
#1099 = VECTOR ( 'NONE', #4220, 1000.000000000000000 ) ;
#1100 = CARTESIAN_POINT ( 'NONE',  ( -1.370000000000000551, 0.5000000000000000000, -0.8150000000000001688 ) ) ;
#1101 = DIRECTION ( 'NONE',  ( 0.4228854653311240885, 0.000000000000000000, -0.9061831399952653410 ) ) ;
#1102 = CARTESIAN_POINT ( 'NONE',  ( 1.369999999999999218, 0.000000000000000000, 1.114999999999999991 ) ) ;
#1103 = EDGE_CURVE ( 'NONE', #735, #1852, #2863, .T. ) ;
#1104 = EDGE_LOOP ( 'NONE', ( #3018, #1811, #4329, #749 ) ) ;
#1105 = VERTEX_POINT ( 'NONE', #4205 ) ;
#1106 = VECTOR ( 'NONE', #3091, 1000.000000000000000 ) ;
#1107 = ORIENTED_EDGE ( 'NONE', *, *, #3102, .F. ) ;
#1108 = DIRECTION ( 'NONE',  ( 0.000000000000000000, 0.000000000000000000, -1.000000000000000000 ) ) ;
#1109 = CARTESIAN_POINT ( 'NONE',  ( -2.110000000000004317, 0.000000000000000000, 0.4300000000000042122 ) ) ;
#1110 = CARTESIAN_POINT ( 'NONE',  ( -1.170000000000000817, 2.500000000000000000, 1.114999999999999991 ) ) ;
#1111 = CARTESIAN_POINT ( 'NONE',  ( -1.170000000000000817, 2.200000000000000178, 0.8149999999999999467 ) ) ;
#1112 = CARTESIAN_POINT ( 'NONE',  ( -1.700000000000004396, 0.000000000000000000, 0.4300000000000041567 ) ) ;
#1113 = ORIENTED_EDGE ( 'NONE', *, *, #772, .T. ) ;
#1114 = VERTEX_POINT ( 'NONE', #1412 ) ;
#1115 = EDGE_CURVE ( 'NONE', #2897, #2434, #2129, .T. ) ;
#1116 = EDGE_LOOP ( 'NONE', ( #3188, #798, #1288, #3563 ) ) ;
#1117 = VERTEX_POINT ( 'NONE', #1785 ) ;
#1118 = DIRECTION ( 'NONE',  ( 0.000000000000000000, -0.000000000000000000, -1.000000000000000000 ) ) ;
#1119 = DIRECTION ( 'NONE',  ( -1.000000000000000000, -0.000000000000000000, 2.528751422706715933E-16 ) ) ;
#1120 = DIRECTION ( 'NONE',  ( 0.000000000000000000, 0.000000000000000000, -1.000000000000000000 ) ) ;
#1121 = FACE_BOUND ( 'NONE', #1526, .T. ) ;
#1122 = VERTEX_POINT ( 'NONE', #4272 ) ;
#1123 = ORIENTED_EDGE ( 'NONE', *, *, #718, .T. ) ;
#1124 = VERTEX_POINT ( 'NONE', #2111 ) ;
#1125 = ORIENTED_EDGE ( 'NONE', *, *, #4316, .T. ) ;
#1126 = MECHANICAL_DESIGN_GEOMETRIC_PRESENTATION_REPRESENTATION (  '', ( #4478 ), #3742 ) ;
#1127 = EDGE_CURVE ( 'NONE', #2997, #735, #2496, .T. ) ;
#1128 = DIRECTION ( 'NONE',  ( 1.000000000000000000, 0.000000000000000000, 0.000000000000000000 ) ) ;
#1129 = DIRECTION ( 'NONE',  ( -0.000000000000000000, 1.000000000000000000, -0.000000000000000000 ) ) ;
#1130 = ORIENTED_EDGE ( 'NONE', *, *, #1270, .F. ) ;
#1131 = SHAPE_REPRESENTATION ( '20021111-additional_4', ( #3809 ), #4471 ) ;
#1132 = DIRECTION ( 'NONE',  ( -1.000000000000000000, 0.000000000000000000, -0.000000000000000000 ) ) ;
#1133 = CARTESIAN_POINT ( 'NONE',  ( -2.110000000000004317, 0.000000000000000000, 0.4300000000000042122 ) ) ;
#1134 = VECTOR ( 'NONE', #2648, 1000.000000000000000 ) ;
#1135 = FACE_OUTER_BOUND ( 'NONE', #2887, .T. ) ;
#1136 = DIRECTION ( 'NONE',  ( -1.000000000000000000, 0.000000000000000000, -2.644395542647573245E-16 ) ) ;
#1137 = EDGE_CURVE ( 'NONE', #4452, #3912, #1700, .T. ) ;
#1138 = DIRECTION ( 'NONE',  ( 2.528751422706715933E-16, 0.000000000000000000, 1.000000000000000000 ) ) ;
#1139 = FACE_OUTER_BOUND ( 'NONE', #3322, .T. ) ;
#1140 = ORIENTED_EDGE ( 'NONE', *, *, #3840, .F. ) ;
#1141 = EDGE_LOOP ( 'NONE', ( #2139, #1266, #1862, #2483 ) ) ;
#1142 = ORIENTED_EDGE ( 'NONE', *, *, #4234, .T. ) ;
#1143 = DIRECTION ( 'NONE',  ( 0.3236155771181830065, -0.8891264907159897035, 0.3236155771181826735 ) ) ;
#1144 = CARTESIAN_POINT ( 'NONE',  ( 0.09999999999999917288, 0.000000000000000000, -1.114999999999999991 ) ) ;
#1145 = VECTOR ( 'NONE', #3059, 1000.000000000000000 ) ;
#1146 = FACE_BOUND ( 'NONE', #4423, .T. ) ;
#1147 = VERTEX_POINT ( 'NONE', #3155 ) ;
#1148 = ORIENTED_EDGE ( 'NONE', *, *, #2104, .F. ) ;
#1149 = DIRECTION ( 'NONE',  ( 1.000000000000000000, -0.000000000000000000, 1.322197771323786623E-16 ) ) ;
#1150 = ORIENTED_EDGE ( 'NONE', *, *, #3069, .F. ) ;
#1151 = CARTESIAN_POINT ( 'NONE',  ( -2.160000000000000586, 0.000000000000000000, 1.715000000000000080 ) ) ;
#1152 = CARTESIAN_POINT ( 'NONE',  ( -2.110000000000004317, 0.000000000000000000, -0.4300000000000042122 ) ) ;
#1153 = DIRECTION ( 'NONE',  ( -1.000000000000000000, -0.000000000000000000, 1.322197771323786623E-16 ) ) ;
#1154 = VECTOR ( 'NONE', #3909, 1000.000000000000000 ) ;
#1155 = CARTESIAN_POINT ( 'NONE',  ( 2.540000000000000480, 0.000000000000000000, -1.055000000000002824 ) ) ;
#1156 = DIRECTION ( 'NONE',  ( 0.000000000000000000, 0.000000000000000000, 1.000000000000000000 ) ) ;
#1157 = VECTOR ( 'NONE', #4275, 1000.000000000000000 ) ;
#1158 = LINE ( 'NONE', #1503, #4307 ) ;
#1159 = EDGE_CURVE ( 'NONE', #1516, #3272, #712, .T. ) ;
#1160 = LINE ( 'NONE', #2591, #1448 ) ;
#1161 = ORIENTED_EDGE ( 'NONE', *, *, #3558, .F. ) ;
#1162 = ADVANCED_FACE ( 'NONE', ( #618 ), #4549, .F. ) ;
#1163 = ORIENTED_EDGE ( 'NONE', *, *, #3208, .T. ) ;
#1164 = ORIENTED_EDGE ( 'NONE', *, *, #1078, .T. ) ;
#1165 = VERTEX_POINT ( 'NONE', #3519 ) ;
#1166 = DIRECTION ( 'NONE',  ( 0.000000000000000000, 0.000000000000000000, 1.000000000000000000 ) ) ;
#1167 = DIRECTION ( 'NONE',  ( -0.000000000000000000, 1.000000000000000000, -0.000000000000000000 ) ) ;
#1168 = FACE_OUTER_BOUND ( 'NONE', #3877, .T. ) ;
#1169 = VECTOR ( 'NONE', #837, 1000.000000000000000 ) ;
#1170 = DIRECTION ( 'NONE',  ( 0.000000000000000000, 0.000000000000000000, -1.000000000000000000 ) ) ;
#1171 = ORIENTED_EDGE ( 'NONE', *, *, #4123, .T. ) ;
#1172 = ORIENTED_EDGE ( 'NONE', *, *, #4402, .T. ) ;
#1173 = DIRECTION ( 'NONE',  ( 0.000000000000000000, 0.000000000000000000, 1.000000000000000000 ) ) ;
#1174 = EDGE_LOOP ( 'NONE', ( #4280, #3374, #1012, #3767 ) ) ;
#1175 = DIRECTION ( 'NONE',  ( -0.000000000000000000, 1.000000000000000000, -0.000000000000000000 ) ) ;
#1176 = EDGE_CURVE ( 'NONE', #1995, #2156, #295, .T. ) ;
#1177 = DIRECTION ( 'NONE',  ( -0.9396926207859090940, -0.3420201433256666590, 0.000000000000000000 ) ) ;
#1178 = DIRECTION ( 'NONE',  ( -0.4228854653311245881, 0.000000000000000000, -0.9061831399952650079 ) ) ;
#1179 = VECTOR ( 'NONE', #1199, 1000.000000000000000 ) ;
#1180 = DIRECTION ( 'NONE',  ( -1.000000000000000000, -0.000000000000000000, 2.528751422706715933E-16 ) ) ;
#1181 = DIRECTION ( 'NONE',  ( -0.000000000000000000, 1.000000000000000000, -0.000000000000000000 ) ) ;
#1182 = ADVANCED_FACE ( 'NONE', ( #668 ), #1745, .T. ) ;
#1183 = CARTESIAN_POINT ( 'NONE',  ( 0.09999999999999917288, 0.000000000000000000, 0.8149999999999999467 ) ) ;
#1184 = DIRECTION ( 'NONE',  ( -1.000000000000000000, 0.000000000000000000, -0.000000000000000000 ) ) ;
#1185 = ORIENTED_EDGE ( 'NONE', *, *, #2517, .T. ) ;
#1186 = ADVANCED_FACE ( 'NONE', ( #1139 ), #2598, .F. ) ;
#1187 = DIRECTION ( 'NONE',  ( -1.000000000000000000, 0.000000000000000000, 0.000000000000000000 ) ) ;
#1188 = ADVANCED_FACE ( 'NONE', ( #790 ), #129, .F. ) ;
#1189 = ORIENTED_EDGE ( 'NONE', *, *, #4615, .F. ) ;
#1190 = ORIENTED_EDGE ( 'NONE', *, *, #2493, .T. ) ;
#1191 = LINE ( 'NONE', #2625, #3983 ) ;
#1192 = PLANE ( 'NONE',  #2646 ) ;
#1193 = CARTESIAN_POINT ( 'NONE',  ( 1.369999999999999218, 2.500000000000000000, -1.114999999999999991 ) ) ;
#1194 = LINE ( 'NONE', #4043, #1611 ) ;
#1195 = LINE ( 'NONE', #2278, #2105 ) ;
#1196 = EDGE_CURVE ( 'NONE', #191, #3507, #4431, .T. ) ;
#1197 = ORIENTED_EDGE ( 'NONE', *, *, #3269, .F. ) ;
#1198 = ORIENTED_EDGE ( 'NONE', *, *, #2288, .F. ) ;
#1199 = DIRECTION ( 'NONE',  ( -1.000000000000000000, 0.000000000000000000, -2.644395542647573245E-16 ) ) ;
#1200 = VERTEX_POINT ( 'NONE', #4450 ) ;
#1201 = AXIS2_PLACEMENT_3D ( 'NONE', #2376, #577, #2024 ) ;
#1202 = CARTESIAN_POINT ( 'NONE',  ( 0.09999999999999917288, 0.000000000000000000, -1.055000000000002158 ) ) ;
#1203 = PLANE ( 'NONE',  #3893 ) ;
#1204 = VECTOR ( 'NONE', #1583, 1000.000000000000000 ) ;
#1205 = ADVANCED_FACE ( 'NONE', ( #1943 ), #4151, .F. ) ;
#1206 = CARTESIAN_POINT ( 'NONE',  ( -1.700000000000004396, 0.2500000000000000000, -0.4300000000000041567 ) ) ;
#1207 = VECTOR ( 'NONE', #1215, 1000.000000000000000 ) ;
#1208 = PLANE ( 'NONE',  #2906 ) ;
#1209 = CARTESIAN_POINT ( 'NONE',  ( 0.09999999999999939493, 0.2500000000000000000, -1.055000000000002824 ) ) ;
#1210 = LINE ( 'NONE', #486, #3915 ) ;
#1211 = ORIENTED_EDGE ( 'NONE', *, *, #3987, .F. ) ;
#1212 = VECTOR ( 'NONE', #3744, 1000.000000000000000 ) ;
#1213 = LINE ( 'NONE', #3445, #1345 ) ;
#1214 = APPLICATION_PROTOCOL_DEFINITION ( 'draft international standard', 'automotive_design', 1998, #1722 ) ;
#1215 = DIRECTION ( 'NONE',  ( -1.000000000000000000, 0.000000000000000000, 1.322197771323786623E-16 ) ) ;
#1216 = ORIENTED_EDGE ( 'NONE', *, *, #839, .T. ) ;
#1217 = VERTEX_POINT ( 'NONE', #4060 ) ;
#1218 = EDGE_CURVE ( 'NONE', #3345, #1318, #1235, .T. ) ;
#1219 = LINE ( 'NONE', #835, #4353 ) ;
#1220 = DIRECTION ( 'NONE',  ( 0.000000000000000000, 0.000000000000000000, -1.000000000000000000 ) ) ;
#1221 = LINE ( 'NONE', #3039, #4267 ) ;
#1222 = DIRECTION ( 'NONE',  ( -1.000000000000000000, -0.000000000000000000, -2.644395542647573245E-16 ) ) ;
#1223 = EDGE_LOOP ( 'NONE', ( #3543, #3245, #3000, #1486, #1171, #260 ) ) ;
#1224 = ORIENTED_EDGE ( 'NONE', *, *, #1286, .T. ) ;
#1225 = EDGE_CURVE ( 'NONE', #4452, #2633, #2747, .T. ) ;
#1226 = VERTEX_POINT ( 'NONE', #3383 ) ;
#1227 = VECTOR ( 'NONE', #367, 1000.000000000000000 ) ;
#1228 = LINE ( 'NONE', #1590, #4417 ) ;
#1229 = VECTOR ( 'NONE', #704, 1000.000000000000000 ) ;
#1230 = LINE ( 'NONE', #2713, #273 ) ;
#1231 = DIRECTION ( 'NONE',  ( -0.000000000000000000, 1.000000000000000000, -0.000000000000000000 ) ) ;
#1232 = FACE_OUTER_BOUND ( 'NONE', #3552, .T. ) ;
#1233 = EDGE_CURVE ( 'NONE', #304, #1382, #2383, .T. ) ;
#1234 = ORIENTED_EDGE ( 'NONE', *, *, #1687, .T. ) ;
#1235 = LINE ( 'NONE', #4497, #3463 ) ;
#1236 = ORIENTED_EDGE ( 'NONE', *, *, #2002, .T. ) ;
#1237 = ORIENTED_EDGE ( 'NONE', *, *, #1531, .T. ) ;
#1238 = PLANE ( 'NONE',  #382 ) ;
#1239 = DIRECTION ( 'NONE',  ( 0.000000000000000000, -0.000000000000000000, 1.000000000000000000 ) ) ;
#1240 = CARTESIAN_POINT ( 'NONE',  ( -2.110000000000004317, 0.2500000000000000000, -0.8400000000000039657 ) ) ;
#1241 = DIRECTION ( 'NONE',  ( 1.000000000000000000, 0.000000000000000000, -2.644395542647573245E-16 ) ) ;
#1242 = LINE ( 'NONE', #547, #1204 ) ;
#1243 = ORIENTED_EDGE ( 'NONE', *, *, #2565, .T. ) ;
#1244 = ORIENTED_EDGE ( 'NONE', *, *, #357, .F. ) ;
#1245 = ORIENTED_EDGE ( 'NONE', *, *, #2908, .F. ) ;
#1246 = COLOUR_RGB ( '',0.9686274509803921573, 0.8784313725490195957, 0.5999999999999999778 ) ;
#1247 = EDGE_CURVE ( 'NONE', #765, #1105, #150, .T. ) ;
#1248 = CARTESIAN_POINT ( 'NONE',  ( -0.8900000000000001243, 0.000000000000000000, 1.715000000000000080 ) ) ;
#1249 = DIRECTION ( 'NONE',  ( -0.000000000000000000, -0.000000000000000000, -1.000000000000000000 ) ) ;
#1250 = VECTOR ( 'NONE', #706, 1000.000000000000000 ) ;
#1251 = EDGE_CURVE ( 'NONE', #1356, #987, #4473, .T. ) ;
#1252 = APPLICATION_CONTEXT ( 'automotive_design' ) ;
#1253 = VECTOR ( 'NONE', #3539, 1000.000000000000000 ) ;
#1254 = LINE ( 'NONE', #2030, #2968 ) ;
#1255 = VECTOR ( 'NONE', #1655, 1000.000000000000000 ) ;
#1256 = CARTESIAN_POINT ( 'NONE',  ( 0.000000000000000000, 0.000000000000000000, 0.000000000000000000 ) ) ;
#1257 = DIRECTION ( 'NONE',  ( -1.000000000000000000, 0.000000000000000000, -0.000000000000000000 ) ) ;
#1258 = ORIENTED_EDGE ( 'NONE', *, *, #2701, .T. ) ;
#1259 = VERTEX_POINT ( 'NONE', #3473 ) ;
#1260 = ORIENTED_EDGE ( 'NONE', *, *, #1861, .F. ) ;
#1261 = LINE ( 'NONE', #1624, #1145 ) ;
#1262 = EDGE_CURVE ( 'NONE', #479, #882, #2720, .T. ) ;
#1263 = CARTESIAN_POINT ( 'NONE',  ( 2.439999999999999503, 0.000000000000000000, -0.8149999999999999467 ) ) ;
#1264 = DIRECTION ( 'NONE',  ( -0.000000000000000000, -0.000000000000000000, 1.000000000000000000 ) ) ;
#1265 = DIRECTION ( 'NONE',  ( -1.000000000000000000, -0.000000000000000000, 2.528751422706715933E-16 ) ) ;
#1266 = ORIENTED_EDGE ( 'NONE', *, *, #2597, .T. ) ;
#1267 = VERTEX_POINT ( 'NONE', #3403 ) ;
#1268 = DIRECTION ( 'NONE',  ( 0.000000000000000000, 0.000000000000000000, -1.000000000000000000 ) ) ;
#1269 = ORIENTED_EDGE ( 'NONE', *, *, #3208, .F. ) ;
#1270 = EDGE_CURVE ( 'NONE', #2440, #773, #172, .T. ) ;
#1271 = DIRECTION ( 'NONE',  ( 1.000000000000000000, 0.000000000000000000, 0.000000000000000000 ) ) ;
#1272 = CARTESIAN_POINT ( 'NONE',  ( 2.439999999999999503, 0.5000000000000000000, -0.8149999999999999467 ) ) ;
#1273 = AXIS2_PLACEMENT_3D ( 'NONE', #2058, #1346, #3150 ) ;
#1274 = CARTESIAN_POINT ( 'NONE',  ( -0.1000000000000004774, 0.000000000000000000, 0.8149999999999999467 ) ) ;
#1275 = ORIENTED_EDGE ( 'NONE', *, *, #4541, .T. ) ;
#1276 = DIRECTION ( 'NONE',  ( 0.4228854653311245881, 0.000000000000000000, -0.9061831399952650079 ) ) ;
#1277 = EDGE_LOOP ( 'NONE', ( #4161, #583, #498, #1275 ) ) ;
#1278 = CARTESIAN_POINT ( 'NONE',  ( -0.8400000000000041878, 0.000000000000000000, 0.4300000000000042122 ) ) ;
#1279 = ORIENTED_EDGE ( 'NONE', *, *, #3093, .F. ) ;
#1280 = LINE ( 'NONE', #200, #846 ) ;
#1281 = LINE ( 'NONE', #4454, #2733 ) ;
#1282 = VECTOR ( 'NONE', #545, 1000.000000000000000 ) ;
#1283 = LINE ( 'NONE', #202, #1845 ) ;
#1284 = DIRECTION ( 'NONE',  ( 0.000000000000000000, 1.000000000000000000, 0.000000000000000000 ) ) ;
#1285 = DIRECTION ( 'NONE',  ( 1.000000000000000000, 0.000000000000000000, 2.644395542647573245E-16 ) ) ;
#1286 = EDGE_CURVE ( 'NONE', #3371, #3227, #1671, .T. ) ;
#1287 = ORIENTED_EDGE ( 'NONE', *, *, #905, .F. ) ;
#1288 = ORIENTED_EDGE ( 'NONE', *, *, #423, .T. ) ;
#1289 = DIRECTION ( 'NONE',  ( 1.322197771323786623E-16, 0.000000000000000000, -1.000000000000000000 ) ) ;
#1290 = ORIENTED_EDGE ( 'NONE', *, *, #759, .F. ) ;
#1291 = LINE ( 'NONE', #3142, #2083 ) ;
#1292 = EDGE_CURVE ( 'NONE', #3272, #242, #197, .T. ) ;
#1293 = PLANE ( 'NONE',  #1201 ) ;
#1294 = VERTEX_POINT ( 'NONE', #3779 ) ;
#1295 = DIRECTION ( 'NONE',  ( 1.000000000000000000, 0.000000000000000000, 0.000000000000000000 ) ) ;
#1296 = LINE ( 'NONE', #3123, #3926 ) ;
#1297 = PLANE ( 'NONE',  #121 ) ;
#1298 = ORIENTED_EDGE ( 'NONE', *, *, #690, .T. ) ;
#1299 = DIRECTION ( 'NONE',  ( 1.000000000000000000, 0.000000000000000000, 1.322197771323786623E-16 ) ) ;
#1300 = PLANE ( 'NONE',  #3481 ) ;
#1301 = AXIS2_PLACEMENT_3D ( 'NONE', #2635, #4006, #805 ) ;
#1302 = PLANE ( 'NONE',  #742 ) ;
#1303 = ADVANCED_FACE ( 'NONE', ( #562 ), #4409, .F. ) ;
#1304 = DIRECTION ( 'NONE',  ( 0.000000000000000000, 0.000000000000000000, -1.000000000000000000 ) ) ;
#1305 = VERTEX_POINT ( 'NONE', #2858 ) ;
#1306 = ORIENTED_EDGE ( 'NONE', *, *, #3975, .F. ) ;
#1307 = PLANE ( 'NONE',  #1740 ) ;
#1308 = PRODUCT_RELATED_PRODUCT_CATEGORY ( 'part', '', ( #2395 ) ) ;
#1309 = CARTESIAN_POINT ( 'NONE',  ( -0.1000000000000004774, 0.000000000000000000, 0.8149999999999999467 ) ) ;
#1310 = DIRECTION ( 'NONE',  ( 0.000000000000000000, -0.000000000000000000, 1.000000000000000000 ) ) ;
#1311 = DIRECTION ( 'NONE',  ( 0.000000000000000000, -0.000000000000000000, -1.000000000000000000 ) ) ;
#1312 = ORIENTED_EDGE ( 'NONE', *, *, #1176, .F. ) ;
#1313 = ORIENTED_EDGE ( 'NONE', *, *, #701, .F. ) ;
#1314 = CARTESIAN_POINT ( 'NONE',  ( 2.540000000000001368, 0.2500000000000000000, 1.054999999999999050 ) ) ;
#1315 = ORIENTED_EDGE ( 'NONE', *, *, #507, .F. ) ;
#1316 = PLANE ( 'NONE',  #1494 ) ;
#1317 = CARTESIAN_POINT ( 'NONE',  ( -2.110000000000004317, 0.000000000000000000, -0.8400000000000039657 ) ) ;
#1318 = VERTEX_POINT ( 'NONE', #2839 ) ;
#1319 = DIRECTION ( 'NONE',  ( -0.000000000000000000, 1.000000000000000000, -0.000000000000000000 ) ) ;
#1320 = VECTOR ( 'NONE', #3062, 1000.000000000000000 ) ;
#1321 = ADVANCED_FACE ( 'NONE', ( #1718 ), #1068, .F. ) ;
#1322 = DIRECTION ( 'NONE',  ( 0.000000000000000000, -0.000000000000000000, 1.000000000000000000 ) ) ;
#1323 = MECHANICAL_DESIGN_GEOMETRIC_PRESENTATION_REPRESENTATION (  '', ( #32 ), #4004 ) ;
#1324 = PLANE ( 'NONE',  #4242 ) ;
#1325 = AXIS2_PLACEMENT_3D ( 'NONE', #2645, #134, #1464 ) ;
#1326 = ORIENTED_EDGE ( 'NONE', *, *, #1482, .F. ) ;
#1327 = DIRECTION ( 'NONE',  ( -0.000000000000000000, 1.000000000000000000, -0.000000000000000000 ) ) ;
#1328 = VECTOR ( 'NONE', #2581, 1000.000000000000000 ) ;
#1329 = CARTESIAN_POINT ( 'NONE',  ( 2.540000000000000480, 0.2500000000000000000, -0.4300000000000040457 ) ) ;
#1330 = AXIS2_PLACEMENT_3D ( 'NONE', #2349, #4138, #3839 ) ;
#1331 = VERTEX_POINT ( 'NONE', #4249 ) ;
#1332 = LINE ( 'NONE', #2432, #38 ) ;
#1333 = ADVANCED_FACE ( 'NONE', ( #1349 ), #4229, .F. ) ;
#1334 = LINE ( 'NONE', #977, #1093 ) ;
#1335 = CARTESIAN_POINT ( 'NONE',  ( -2.440000000000000835, 0.000000000000000000, -1.114999999999999991 ) ) ;
#1336 = ORIENTED_EDGE ( 'NONE', *, *, #657, .T. ) ;
#1337 = VERTEX_POINT ( 'NONE', #3831 ) ;
#1338 = PLANE ( 'NONE',  #3606 ) ;
#1339 = ORIENTED_EDGE ( 'NONE', *, *, #3077, .T. ) ;
#1340 = ORIENTED_EDGE ( 'NONE', *, *, #2230, .F. ) ;
#1341 = VERTEX_POINT ( 'NONE', #3495 ) ;
#1342 = CARTESIAN_POINT ( 'NONE',  ( 1.649999999999999911, 0.000000000000000000, -1.715000000000000080 ) ) ;
#1343 = EDGE_CURVE ( 'NONE', #306, #1562, #4565, .T. ) ;
#1344 = VERTEX_POINT ( 'NONE', #331 ) ;
#1345 = VECTOR ( 'NONE', #921, 1000.000000000000000 ) ;
#1346 = DIRECTION ( 'NONE',  ( 0.9396926207859072067, 0.3420201433256720436, 0.000000000000000000 ) ) ;
#1347 = AXIS2_PLACEMENT_3D ( 'NONE', #3928, #2162, #3589 ) ;
#1348 = DIRECTION ( 'NONE',  ( -0.000000000000000000, 1.000000000000000000, -0.000000000000000000 ) ) ;
#1349 = FACE_OUTER_BOUND ( 'NONE', #3688, .T. ) ;
#1350 = AXIS2_PLACEMENT_3D ( 'NONE', #2059, #3536, #4526 ) ;
#1351 = FACE_OUTER_BOUND ( 'NONE', #2279, .T. ) ;
#1352 = DIRECTION ( 'NONE',  ( -0.000000000000000000, -1.000000000000000000, -0.000000000000000000 ) ) ;
#1353 = LINE ( 'NONE', #1263, #870 ) ;
#1354 =( GEOMETRIC_REPRESENTATION_CONTEXT ( 3 ) GLOBAL_UNCERTAINTY_ASSIGNED_CONTEXT ( ( #3235 ) ) GLOBAL_UNIT_ASSIGNED_CONTEXT ( ( #2503, #4597, #1361 ) ) REPRESENTATION_CONTEXT ( 'NONE', 'WORKASPACE' ) );
#1355 = DIRECTION ( 'NONE',  ( -0.000000000000000000, 1.000000000000000000, -0.000000000000000000 ) ) ;
#1356 = VERTEX_POINT ( 'NONE', #1408 ) ;
#1357 = ORIENTED_EDGE ( 'NONE', *, *, #65, .T. ) ;
#1358 = LINE ( 'NONE', #4535, #417 ) ;
#1359 = VECTOR ( 'NONE', #155, 1000.000000000000000 ) ;
#1360 = DIRECTION ( 'NONE',  ( 0.000000000000000000, 0.000000000000000000, -1.000000000000000000 ) ) ;
#1361 =( NAMED_UNIT ( * ) SI_UNIT ( $, .STERADIAN. ) SOLID_ANGLE_UNIT ( ) );
#1362 = DIRECTION ( 'NONE',  ( 1.000000000000000000, 0.000000000000000000, -2.644395542647573245E-16 ) ) ;
#1363 = ADVANCED_FACE ( 'NONE', ( #2686 ), #374, .F. ) ;
#1364 = ORIENTED_EDGE ( 'NONE', *, *, #1400, .F. ) ;
#1365 = ORIENTED_EDGE ( 'NONE', *, *, #3710, .F. ) ;
#1366 = DIRECTION ( 'NONE',  ( -1.000000000000000000, 0.000000000000000000, 0.000000000000000000 ) ) ;
#1367 = VECTOR ( 'NONE', #814, 1000.000000000000000 ) ;
#1368 = PLANE ( 'NONE',  #1045 ) ;
#1369 = VECTOR ( 'NONE', #862, 1000.000000000000000 ) ;
#1370 = LINE ( 'NONE', #3063, #3101 ) ;
#1371 = DIRECTION ( 'NONE',  ( -0.000000000000000000, 0.000000000000000000, 1.000000000000000000 ) ) ;
#1372 = CARTESIAN_POINT ( 'NONE',  ( 2.439999999999999503, 2.200000000000000178, -0.8149999999999999467 ) ) ;
#1373 = LINE ( 'NONE', #1025, #1253 ) ;
#1374 = EDGE_CURVE ( 'NONE', #3064, #3362, #1402, .T. ) ;
#1375 = VECTOR ( 'NONE', #1013, 1000.000000000000000 ) ;
#1376 = DIRECTION ( 'NONE',  ( -0.000000000000000000, 1.000000000000000000, -0.000000000000000000 ) ) ;
#1377 = ORIENTED_EDGE ( 'NONE', *, *, #4023, .T. ) ;
#1378 = VERTEX_POINT ( 'NONE', #1828 ) ;
#1379 = PLANE ( 'NONE',  #1020 ) ;
#1380 = PRODUCT_DEFINITION_CONTEXT ( 'detailed design', #916, 'design' ) ;
#1381 = DIRECTION ( 'NONE',  ( 1.000000000000000000, 0.000000000000000000, -2.644395542647573245E-16 ) ) ;
#1382 = VERTEX_POINT ( 'NONE', #368 ) ;
#1383 = ORIENTED_EDGE ( 'NONE', *, *, #2999, .F. ) ;
#1384 = EDGE_CURVE ( 'NONE', #1672, #1165, #4245, .T. ) ;
#1385 = CARTESIAN_POINT ( 'NONE',  ( 1.699999999999995737, 0.000000000000000000, -0.8400000000000039657 ) ) ;
#1386 = FACE_OUTER_BOUND ( 'NONE', #1975, .T. ) ;
#1387 = EDGE_CURVE ( 'NONE', #21, #475, #1041, .T. ) ;
#1388 = ORIENTED_EDGE ( 'NONE', *, *, #4524, .T. ) ;
#1389 =( GEOMETRIC_REPRESENTATION_CONTEXT ( 3 ) GLOBAL_UNCERTAINTY_ASSIGNED_CONTEXT ( ( #1706 ) ) GLOBAL_UNIT_ASSIGNED_CONTEXT ( ( #4118, #824, #4469 ) ) REPRESENTATION_CONTEXT ( 'NONE', 'WORKASPACE' ) );
#1390 = MECHANICAL_DESIGN_GEOMETRIC_PRESENTATION_REPRESENTATION (  '', ( #943 ), #2144 ) ;
#1391 = CARTESIAN_POINT ( 'NONE',  ( -1.370000000000000551, 0.000000000000000000, -1.055000000000001714 ) ) ;
#1392 = VECTOR ( 'NONE', #2928, 1000.000000000000114 ) ;
#1393 = DIRECTION ( 'NONE',  ( 0.000000000000000000, -1.000000000000000000, 0.000000000000000000 ) ) ;
#1394 = ORIENTED_EDGE ( 'NONE', *, *, #2101, .F. ) ;
#1395 = ORIENTED_EDGE ( 'NONE', *, *, #827, .F. ) ;
#1396 = SURFACE_STYLE_FILL_AREA ( #2480 ) ;
#1397 = FACE_BOUND ( 'NONE', #2098, .T. ) ;
#1398 = DIRECTION ( 'NONE',  ( -0.4228854653311245881, 0.000000000000000000, -0.9061831399952650079 ) ) ;
#1399 = ORIENTED_EDGE ( 'NONE', *, *, #997, .F. ) ;
#1400 = EDGE_CURVE ( 'NONE', #4113, #2252, #2537, .T. ) ;
#1401 = ORIENTED_EDGE ( 'NONE', *, *, #3961, .T. ) ;
#1402 = LINE ( 'NONE', #3597, #4186 ) ;
#1403 = EDGE_CURVE ( 'NONE', #5, #2263, #37, .T. ) ;
#1404 = DIRECTION ( 'NONE',  ( 0.000000000000000000, -1.000000000000000000, 0.000000000000000000 ) ) ;
#1405 = LINE ( 'NONE', #2853, #1229 ) ;
#1406 = AXIS2_PLACEMENT_3D ( 'NONE', #3601, #2242, #2563 ) ;
#1407 = EDGE_CURVE ( 'NONE', #2729, #2633, #411, .T. ) ;
#1408 = CARTESIAN_POINT ( 'NONE',  ( 0.8399999999999957501, 0.2500000000000000000, -0.8400000000000038547 ) ) ;
#1409 = ADVANCED_FACE ( 'NONE', ( #1566 ), #2312, .F. ) ;
#1410 = LINE ( 'NONE', #4230, #695 ) ;
#1411 = CARTESIAN_POINT ( 'NONE',  ( -2.539999999999999591, 0.000000000000000000, -1.715000000000000080 ) ) ;
#1412 = CARTESIAN_POINT ( 'NONE',  ( 1.369999999999999218, 0.5000000000000000000, -0.8150000000000001688 ) ) ;
#1413 = VERTEX_POINT ( 'NONE', #502 ) ;
#1414 = EDGE_LOOP ( 'NONE', ( #2965, #264, #762, #3090 ) ) ;
#1415 = CARTESIAN_POINT ( 'NONE',  ( -0.8400000000000041878, 2.500000000000000000, 0.8400000000000039657 ) ) ;
#1416 = CARTESIAN_POINT ( 'NONE',  ( -0.4300000000000041567, 0.2500000000000000000, -1.055000000000002824 ) ) ;
#1417 = VECTOR ( 'NONE', #3910, 1000.000000000000000 ) ;
#1418 = CARTESIAN_POINT ( 'NONE',  ( -1.700000000000004396, 0.000000000000000000, -0.8400000000000038547 ) ) ;
#1419 = DIRECTION ( 'NONE',  ( -0.000000000000000000, 1.000000000000000000, -0.000000000000000000 ) ) ;
#1420 = FACE_OUTER_BOUND ( 'NONE', #3732, .T. ) ;
#1421 = EDGE_LOOP ( 'NONE', ( #3393, #4407, #3996, #253 ) ) ;
#1422 = EDGE_LOOP ( 'NONE', ( #1395, #518, #57, #1236 ) ) ;
#1423 = VECTOR ( 'NONE', #3304, 1000.000000000000000 ) ;
#1424 = EDGE_CURVE ( 'NONE', #3315, #3951, #4052, .T. ) ;
#1425 = ORIENTED_EDGE ( 'NONE', *, *, #794, .T. ) ;
#1426 = DIRECTION ( 'NONE',  ( -0.000000000000000000, 1.000000000000000000, -0.000000000000000000 ) ) ;
#1427 = DIRECTION ( 'NONE',  ( -0.000000000000000000, 1.000000000000000000, -0.000000000000000000 ) ) ;
#1428 = DIRECTION ( 'NONE',  ( -0.000000000000000000, -0.000000000000000000, 1.000000000000000000 ) ) ;
#1429 = CARTESIAN_POINT ( 'NONE',  ( -1.370000000000000551, 2.500000000000000000, 1.114999999999999991 ) ) ;
#1430 = SHAPE_REPRESENTATION_RELATIONSHIP ( 'NONE' , 'NONE' ,  #674, #2051 ) ;
#1431 = EDGE_CURVE ( 'NONE', #2156, #1709, #2236, .T. ) ;
#1432 = DIRECTION ( 'NONE',  ( 1.242459488932537504E-16, -0.3420201433256663814, 0.9396926207859093161 ) ) ;
#1433 = VECTOR ( 'NONE', #3679, 1000.000000000000000 ) ;
#1434 = LINE ( 'NONE', #2842, #2705 ) ;
#1435 = VECTOR ( 'NONE', #4476, 1000.000000000000000 ) ;
#1436 = EDGE_CURVE ( 'NONE', #1725, #2823, #1498, .T. ) ;
#1437 = EDGE_LOOP ( 'NONE', ( #342, #210, #3200, #2927 ) ) ;
#1438 = ORIENTED_EDGE ( 'NONE', *, *, #3879, .T. ) ;
#1439 = LINE ( 'NONE', #3628, #4314 ) ;
#1440 = CARTESIAN_POINT ( 'NONE',  ( 0.09999999999999917288, 2.500000000000000000, -1.114999999999999991 ) ) ;
#1441 = CARTESIAN_POINT ( 'NONE',  ( -1.700000000000004396, 0.2500000000000000000, 0.4300000000000041567 ) ) ;
#1442 = LINE ( 'NONE', #2, #2031 ) ;
#1443 = LINE ( 'NONE', #3251, #4038 ) ;
#1444 = VERTEX_POINT ( 'NONE', #1202 ) ;
#1445 = ORIENTED_EDGE ( 'NONE', *, *, #3849, .T. ) ;
#1446 = ORIENTED_EDGE ( 'NONE', *, *, #395, .F. ) ;
#1447 = LINE ( 'NONE', #726, #3723 ) ;
#1448 = VECTOR ( 'NONE', #444, 1000.000000000000000 ) ;
#1449 = LINE ( 'NONE', #2929, #2356 ) ;
#1450 = CARTESIAN_POINT ( 'NONE',  ( -2.110000000000004317, 0.000000000000000000, 0.4300000000000042122 ) ) ;
#1451 = EDGE_LOOP ( 'NONE', ( #2730, #3382, #2140, #2704 ) ) ;
#1452 = VECTOR ( 'NONE', #1426, 1000.000000000000000 ) ;
#1453 = CARTESIAN_POINT ( 'NONE',  ( -2.110000000000004317, 2.500000000000000000, 0.8400000000000039657 ) ) ;
#1454 = CARTESIAN_POINT ( 'NONE',  ( 0.4299999999999959410, 2.500000000000000000, 0.4300000000000042122 ) ) ;
#1455 = CARTESIAN_POINT ( 'NONE',  ( -1.700000000000004396, 9.179827560572968892, -0.4300000000000041567 ) ) ;
#1456 = FACE_OUTER_BOUND ( 'NONE', #337, .T. ) ;
#1457 = VERTEX_POINT ( 'NONE', #2214 ) ;
#1458 = VECTOR ( 'NONE', #514, 1000.000000000000000 ) ;
#1459 = VECTOR ( 'NONE', #2208, 1000.000000000000000 ) ;
#1460 = EDGE_LOOP ( 'NONE', ( #3781, #4584, #2641, #1584 ) ) ;
#1461 = ORIENTED_EDGE ( 'NONE', *, *, #3670, .T. ) ;
#1462 = EDGE_CURVE ( 'NONE', #3551, #2899, #2655, .T. ) ;
#1463 = DIRECTION ( 'NONE',  ( 1.000000000000000000, 0.000000000000000000, -2.644395542647573245E-16 ) ) ;
#1464 = DIRECTION ( 'NONE',  ( 0.000000000000000000, -0.000000000000000000, -1.000000000000000000 ) ) ;
#1465 = CARTESIAN_POINT ( 'NONE',  ( -1.370000000000000551, 0.000000000000000000, 0.8149999999999999467 ) ) ;
#1466 = ORIENTED_EDGE ( 'NONE', *, *, #818, .T. ) ;
#1467 = EDGE_LOOP ( 'NONE', ( #433, #1532, #2579, #1216 ) ) ;
#1468 = AXIS2_PLACEMENT_3D ( 'NONE', #3182, #2114, #3545 ) ;
#1469 = ORIENTED_EDGE ( 'NONE', *, *, #241, .T. ) ;
#1470 = LINE ( 'NONE', #4330, #2227 ) ;
#1471 = DIRECTION ( 'NONE',  ( 0.000000000000000000, 0.000000000000000000, 1.000000000000000000 ) ) ;
#1472 = CARTESIAN_POINT ( 'NONE',  ( 2.439999999999999503, 0.000000000000000000, 1.114999999999999991 ) ) ;
#1473 = DIRECTION ( 'NONE',  ( 1.000000000000000000, 0.000000000000000000, -0.000000000000000000 ) ) ;
#1474 = PLANE ( 'NONE',  #1406 ) ;
#1475 = CARTESIAN_POINT ( 'NONE',  ( 2.109999999999995435, 2.500000000000000000, -0.8400000000000038547 ) ) ;
#1476 = ADVANCED_FACE ( 'NONE', ( #844 ), #2285, .F. ) ;
#1477 =( REPRESENTATION_RELATIONSHIP ('NONE','NONE', #2238, #1131 ) REPRESENTATION_RELATIONSHIP_WITH_TRANSFORMATION ( #2692 )SHAPE_REPRESENTATION_RELATIONSHIP( ) );
#1478 = DIRECTION ( 'NONE',  ( 1.000000000000000000, 0.000000000000000000, 1.322197771323786623E-16 ) ) ;
#1479 = FACE_OUTER_BOUND ( 'NONE', #1679, .T. ) ;
#1480 = ORIENTED_EDGE ( 'NONE', *, *, #4316, .F. ) ;
#1481 = VECTOR ( 'NONE', #1779, 1000.000000000000000 ) ;
#1482 = EDGE_CURVE ( 'NONE', #4169, #2164, #63, .T. ) ;
#1483 = EDGE_LOOP ( 'NONE', ( #1096, #2524, #3180, #4035 ) ) ;
#1484 = VECTOR ( 'NONE', #626, 1000.000000000000000 ) ;
#1485 = VERTEX_POINT ( 'NONE', #2585 ) ;
#1486 = ORIENTED_EDGE ( 'NONE', *, *, #71, .F. ) ;
#1487 = LINE ( 'NONE', #2991, #2673 ) ;
#1488 = CARTESIAN_POINT ( 'NONE',  ( -2.010000000000003784, 5.549999999999998934, 0.000000000000000000 ) ) ;
#1489 = DIRECTION ( 'NONE',  ( 0.000000000000000000, 0.000000000000000000, -1.000000000000000000 ) ) ;
#1490 = ORIENTED_EDGE ( 'NONE', *, *, #1431, .F. ) ;
#1491 = ORIENTED_EDGE ( 'NONE', *, *, #2908, .T. ) ;
#1492 = ORIENTED_EDGE ( 'NONE', *, *, #375, .T. ) ;
#1493 = ORIENTED_EDGE ( 'NONE', *, *, #3161, .F. ) ;
#1494 = AXIS2_PLACEMENT_3D ( 'NONE', #1248, #2706, #2022 ) ;
#1495 = DIRECTION ( 'NONE',  ( -1.000000000000000000, 0.000000000000000000, 1.322197771323786623E-16 ) ) ;
#1496 = LINE ( 'NONE', #2584, #1154 ) ;
#1497 = ADVANCED_FACE ( 'NONE', ( #4003 ), #437, .F. ) ;
#1498 = LINE ( 'NONE', #3303, #896 ) ;
#1499 = EDGE_CURVE ( 'NONE', #955, #655, #1905, .T. ) ;
#1500 = CARTESIAN_POINT ( 'NONE',  ( -2.539999999999999591, 0.5000000000000000000, -1.715000000000000080 ) ) ;
#1501 = CARTESIAN_POINT ( 'NONE',  ( 1.649999999999999911, 0.000000000000000000, -1.715000000000000080 ) ) ;
#1502 = AXIS2_PLACEMENT_3D ( 'NONE', #3823, #2159, #2528 ) ;
#1503 = CARTESIAN_POINT ( 'NONE',  ( -1.700000000000004396, 9.179827560572968892, 0.8400000000000038547 ) ) ;
#1504 = ORIENTED_EDGE ( 'NONE', *, *, #3752, .T. ) ;
#1505 = ORIENTED_EDGE ( 'NONE', *, *, #1554, .T. ) ;
#1506 = VERTEX_POINT ( 'NONE', #984 ) ;
#1507 = ORIENTED_EDGE ( 'NONE', *, *, #2964, .T. ) ;
#1508 = EDGE_CURVE ( 'NONE', #4216, #3345, #2761, .T. ) ;
#1509 = CARTESIAN_POINT ( 'NONE',  ( 2.439999999999999503, 2.500000000000000000, -1.114999999999999991 ) ) ;
#1510 = VECTOR ( 'NONE', #229, 1000.000000000000000 ) ;
#1511 = LINE ( 'NONE', #1465, #3642 ) ;
#1512 = CARTESIAN_POINT ( 'NONE',  ( 1.369999999999999218, 0.2500000000000000000, 1.054999999999999716 ) ) ;
#1513 = EDGE_LOOP ( 'NONE', ( #4240, #2553, #2400, #1805 ) ) ;
#1514 = ORIENTED_EDGE ( 'NONE', *, *, #4413, .T. ) ;
#1515 = CARTESIAN_POINT ( 'NONE',  ( 1.699999999999995737, 2.500000000000000000, -0.4300000000000042122 ) ) ;
#1516 = VERTEX_POINT ( 'NONE', #2396 ) ;
#1517 = LINE ( 'NONE', #1968, #1392 ) ;
#1518 = VECTOR ( 'NONE', #2012, 1000.000000000000000 ) ;
#1519 = CARTESIAN_POINT ( 'NONE',  ( -2.440000000000000835, 0.000000000000000000, -1.114999999999999991 ) ) ;
#1520 = CARTESIAN_POINT ( 'NONE',  ( -2.110000000000004317, 9.179827560572968892, -0.4300000000000042122 ) ) ;
#1521 = EDGE_CURVE ( 'NONE', #4273, #3113, #4114, .T. ) ;
#1522 = DIRECTION ( 'NONE',  ( 0.000000000000000000, -0.000000000000000000, -1.000000000000000000 ) ) ;
#1523 = PLANE ( 'NONE',  #2147 ) ;
#1524 = ADVANCED_FACE ( 'NONE', ( #1683 ), #624, .F. ) ;
#1525 = MANIFOLD_SOLID_BREP ( 'LPattern1', #320 ) ;
#1526 = EDGE_LOOP ( 'NONE', ( #2385, #3623, #4263, #1760 ) ) ;
#1527 = PLANE ( 'NONE',  #1674 ) ;
#1528 = DIRECTION ( 'NONE',  ( 0.000000000000000000, 0.000000000000000000, 1.000000000000000000 ) ) ;
#1529 = ORIENTED_EDGE ( 'NONE', *, *, #3612, .F. ) ;
#1530 = DIRECTION ( 'NONE',  ( 0.000000000000000000, 0.000000000000000000, 1.000000000000000000 ) ) ;
#1531 = EDGE_CURVE ( 'NONE', #21, #4467, #4141, .T. ) ;
#1532 = ORIENTED_EDGE ( 'NONE', *, *, #759, .T. ) ;
#1533 = AXIS2_PLACEMENT_3D ( 'NONE', #1637, #4119, #3775 ) ;
#1534 = CARTESIAN_POINT ( 'NONE',  ( 0.09999999999999917288, 0.5000000000000000000, -1.715000000000000080 ) ) ;
#1535 = DIRECTION ( 'NONE',  ( 0.000000000000000000, 0.000000000000000000, -1.000000000000000000 ) ) ;
#1536 = AXIS2_PLACEMENT_3D ( 'NONE', #2154, #2475, #354 ) ;
#1537 = FACE_OUTER_BOUND ( 'NONE', #2962, .T. ) ;
#1538 = LINE ( 'NONE', #1820, #4548 ) ;
#1539 = EDGE_LOOP ( 'NONE', ( #1123, #3474, #4164, #1401 ) ) ;
#1540 = ORIENTED_EDGE ( 'NONE', *, *, #345, .F. ) ;
#1541 = CARTESIAN_POINT ( 'NONE',  ( -1.370000000000000551, 0.000000000000000000, -1.114999999999999991 ) ) ;
#1542 = ORIENTED_EDGE ( 'NONE', *, *, #802, .T. ) ;
#1543 =( REPRESENTATION_RELATIONSHIP ('NONE','NONE', #2238, #674 ) REPRESENTATION_RELATIONSHIP_WITH_TRANSFORMATION ( #1572 )SHAPE_REPRESENTATION_RELATIONSHIP( ) );
#1544 = EDGE_CURVE ( 'NONE', #587, #1413, #1977, .T. ) ;
#1545 = CARTESIAN_POINT ( 'NONE',  ( -1.700000000000004396, -2.025252258054541343, 0.4300000000000041567 ) ) ;
#1546 = AXIS2_PLACEMENT_3D ( 'NONE', #4179, #3498, #2819 ) ;
#1547 = FACE_OUTER_BOUND ( 'NONE', #76, .T. ) ;
#1548 = FACE_OUTER_BOUND ( 'NONE', #4262, .T. ) ;
#1549 = EDGE_CURVE ( 'NONE', #2420, #2848, #2351, .T. ) ;
#1550 = DIRECTION ( 'NONE',  ( -2.644395542647573245E-16, 0.000000000000000000, -1.000000000000000000 ) ) ;
#1551 = CARTESIAN_POINT ( 'NONE',  ( -1.700000000000004396, 5.275252258054534238, 0.4300000000000041567 ) ) ;
#1552 = DIRECTION ( 'NONE',  ( 1.000000000000000000, 0.000000000000000000, -2.644395542647573245E-16 ) ) ;
#1553 = SHAPE_DEFINITION_REPRESENTATION ( #3808, #674 ) ;
#1554 = EDGE_CURVE ( 'NONE', #1994, #1795, #3842, .T. ) ;
#1555 = ORIENTED_EDGE ( 'NONE', *, *, #1072, .T. ) ;
#1556 = PLANE ( 'NONE',  #1807 ) ;
#1557 = DIRECTION ( 'NONE',  ( -2.528751422706715933E-16, 0.000000000000000000, -1.000000000000000000 ) ) ;
#1558 = CARTESIAN_POINT ( 'NONE',  ( -2.110000000000004317, 0.2500000000000000000, 0.4300000000000042122 ) ) ;
#1559 = DIRECTION ( 'NONE',  ( -0.000000000000000000, -1.000000000000000000, -0.000000000000000000 ) ) ;
#1560 = VECTOR ( 'NONE', #2854, 1000.000000000000000 ) ;
#1561 = EDGE_LOOP ( 'NONE', ( #3814, #3799, #3900, #1189 ) ) ;
#1562 = VERTEX_POINT ( 'NONE', #4442 ) ;
#1563 = CARTESIAN_POINT ( 'NONE',  ( -2.110000000000004317, -2.025252258054541343, -0.8400000000000039657 ) ) ;
#1564 = VERTEX_POINT ( 'NONE', #523 ) ;
#1565 = LINE ( 'NONE', #4464, #3836 ) ;
#1566 = FACE_OUTER_BOUND ( 'NONE', #2874, .T. ) ;
#1567 = VECTOR ( 'NONE', #1063, 1000.000000000000000 ) ;
#1568 = ADVANCED_FACE ( 'NONE', ( #554 ), #1316, .F. ) ;
#1569 = DIRECTION ( 'NONE',  ( -0.9396926207859072067, 0.3420201433256720436, 0.000000000000000000 ) ) ;
#1570 = VECTOR ( 'NONE', #985, 1000.000000000000000 ) ;
#1571 = DIRECTION ( 'NONE',  ( 1.000000000000000000, 0.000000000000000000, 0.000000000000000000 ) ) ;
#1572 = ITEM_DEFINED_TRANSFORMATION ( 'NONE', 'NONE', #2077,  #3809 ) ;
#1573 = EDGE_LOOP ( 'NONE', ( #4102, #3431, #2211, #239 ) ) ;
#1574 = CARTESIAN_POINT ( 'NONE',  ( -2.540000000000000480, 2.500000000000000000, 1.715000000000000080 ) ) ;
#1575 = ORIENTED_EDGE ( 'NONE', *, *, #3968, .T. ) ;
#1576 = LINE ( 'NONE', #3031, #3191 ) ;
#1577 = DIRECTION ( 'NONE',  ( -0.4228854653311245881, 0.000000000000000000, -0.9061831399952650079 ) ) ;
#1578 = EDGE_CURVE ( 'NONE', #2545, #669, #2004, .T. ) ;
#1579 = LINE ( 'NONE', #971, #3358 ) ;
#1580 = DIRECTION ( 'NONE',  ( -1.000000000000000000, 0.000000000000000000, -2.644395542647573245E-16 ) ) ;
#1581 = CARTESIAN_POINT ( 'NONE',  ( 1.956852701559212613E-16, 5.549999999999998934, -0.7400000000000030997 ) ) ;
#1582 = EDGE_CURVE ( 'NONE', #3616, #2359, #3482, .T. ) ;
#1583 = DIRECTION ( 'NONE',  ( 0.000000000000000000, 0.000000000000000000, 1.000000000000000000 ) ) ;
#1584 = ORIENTED_EDGE ( 'NONE', *, *, #1726, .F. ) ;
#1585 = VERTEX_POINT ( 'NONE', #3548 ) ;
#1586 = CARTESIAN_POINT ( 'NONE',  ( 1.169999999999999707, 0.2500000000000000000, -1.055000000000002380 ) ) ;
#1587 = ORIENTED_EDGE ( 'NONE', *, *, #2746, .T. ) ;
#1588 = AXIS2_PLACEMENT_3D ( 'NONE', #226, #3806, #4202 ) ;
#1589 = DIRECTION ( 'NONE',  ( 0.000000000000000000, 0.000000000000000000, -1.000000000000000000 ) ) ;
#1590 = CARTESIAN_POINT ( 'NONE',  ( -2.440000000000000835, 0.000000000000000000, -1.055000000000001492 ) ) ;
#1591 = DIRECTION ( 'NONE',  ( -1.000000000000000000, -0.000000000000000000, -0.000000000000000000 ) ) ;
#1592 = SURFACE_STYLE_FILL_AREA ( #557 ) ;
#1593 = DIRECTION ( 'NONE',  ( -0.000000000000000000, 0.000000000000000000, -1.000000000000000000 ) ) ;
#1594 = EDGE_CURVE ( 'NONE', #3315, #2925, #2185, .T. ) ;
#1595 = DIRECTION ( 'NONE',  ( -0.000000000000000000, 0.000000000000000000, 1.000000000000000000 ) ) ;
#1596 = VECTOR ( 'NONE', #4539, 1000.000000000000000 ) ;
#1597 = LINE ( 'NONE', #3801, #2023 ) ;
#1598 = CONTEXT_DEPENDENT_SHAPE_REPRESENTATION ( #1543, #2103 ) ;
#1599 = EDGE_CURVE ( 'NONE', #2633, #571, #746, .T. ) ;
#1600 = EDGE_LOOP ( 'NONE', ( #2756, #456, #1928, #4305 ) ) ;
#1601 = ORIENTED_EDGE ( 'NONE', *, *, #3388, .T. ) ;
#1602 = FACE_BOUND ( 'NONE', #4460, .T. ) ;
#1603 = LINE ( 'NONE', #4455, #1693 ) ;
#1604 = DIRECTION ( 'NONE',  ( 0.000000000000000000, 0.000000000000000000, 1.000000000000000000 ) ) ;
#1605 = CARTESIAN_POINT ( 'NONE',  ( 1.369999999999999218, 2.200000000000000178, 0.8149999999999999467 ) ) ;
#1606 = CARTESIAN_POINT ( 'NONE',  ( 1.699999999999995737, 0.2500000000000000000, 0.8400000000000039657 ) ) ;
#1607 = ORIENTED_EDGE ( 'NONE', *, *, #3077, .F. ) ;
#1608 = ORIENTED_EDGE ( 'NONE', *, *, #756, .F. ) ;
#1609 = PLANE ( 'NONE',  #2379 ) ;
#1610 = ORIENTED_EDGE ( 'NONE', *, *, #1035, .F. ) ;
#1611 = VECTOR ( 'NONE', #2277, 1000.000000000000000 ) ;
#1612 = SURFACE_STYLE_USAGE ( .BOTH. , #189 ) ;
#1613 = CARTESIAN_POINT ( 'NONE',  ( -1.700000000000004396, 5.275252258054534238, 0.8400000000000038547 ) ) ;
#1614 = ORIENTED_EDGE ( 'NONE', *, *, #203, .F. ) ;
#1615 = EDGE_CURVE ( 'NONE', #1919, #492, #2893, .T. ) ;
#1616 = DIRECTION ( 'NONE',  ( 0.000000000000000000, 0.000000000000000000, 1.000000000000000000 ) ) ;
#1617 = LINE ( 'NONE', #3755, #926 ) ;
#1618 = VECTOR ( 'NONE', #1167, 1000.000000000000000 ) ;
#1619 = ADVANCED_FACE ( 'NONE', ( #2530 ), #319, .F. ) ;
#1620 = CARTESIAN_POINT ( 'NONE',  ( 2.540000000000000480, 0.2500000000000000000, 0.4300000000000039346 ) ) ;
#1621 = ORIENTED_EDGE ( 'NONE', *, *, #1176, .T. ) ;
#1622 = ORIENTED_EDGE ( 'NONE', *, *, #3309, .T. ) ;
#1623 = ORIENTED_EDGE ( 'NONE', *, *, #1499, .F. ) ;
#1624 = CARTESIAN_POINT ( 'NONE',  ( 2.540000000000001368, 1.292469707114105742E-23, 1.054999999999999050 ) ) ;
#1625 = CARTESIAN_POINT ( 'NONE',  ( 1.169999999999999707, 0.2500000000000000000, 1.054999999999999494 ) ) ;
#1626 = EDGE_CURVE ( 'NONE', #2340, #2630, #3611, .T. ) ;
#1627 = CARTESIAN_POINT ( 'NONE',  ( 0.8899999999999996803, 2.500000000000000000, 1.715000000000000080 ) ) ;
#1628 = DIRECTION ( 'NONE',  ( 1.000000000000000000, 0.000000000000000000, 0.000000000000000000 ) ) ;
#1629 = ORIENTED_EDGE ( 'NONE', *, *, #2937, .T. ) ;
#1630 = ORIENTED_EDGE ( 'NONE', *, *, #3436, .F. ) ;
#1631 = LINE ( 'NONE', #647, #2523 ) ;
#1632 = ORIENTED_EDGE ( 'NONE', *, *, #443, .F. ) ;
#1633 = FILL_AREA_STYLE_COLOUR ( '', #3168 ) ;
#1634 = DIRECTION ( 'NONE',  ( 1.000000000000000000, 0.000000000000000000, 0.000000000000000000 ) ) ;
#1635 = ORIENTED_EDGE ( 'NONE', *, *, #1531, .F. ) ;
#1636 = EDGE_CURVE ( 'NONE', #735, #4273, #1442, .T. ) ;
#1637 = CARTESIAN_POINT ( 'NONE',  ( -2.110000000000004317, 9.179827560572968892, 0.4300000000000042122 ) ) ;
#1638 = VECTOR ( 'NONE', #3658, 1000.000000000000000 ) ;
#1639 = EDGE_CURVE ( 'NONE', #1998, #4551, #3883, .T. ) ;
#1640 = ORIENTED_EDGE ( 'NONE', *, *, #196, .F. ) ;
#1641 = LINE ( 'NONE', #3492, #2289 ) ;
#1642 = AXIS2_PLACEMENT_3D ( 'NONE', #1730, #341, #1381 ) ;
#1643 = CARTESIAN_POINT ( 'NONE',  ( -2.160000000000000586, 2.500000000000000000, 1.715000000000000080 ) ) ;
#1644 = VERTEX_POINT ( 'NONE', #4212 ) ;
#1645 = ORIENTED_EDGE ( 'NONE', *, *, #4541, .F. ) ;
#1646 = PLANE ( 'NONE',  #1001 ) ;
#1647 = MANIFOLD_SOLID_BREP ( 'Split1[1]', #777 ) ;
#1648 = VECTOR ( 'NONE', #601, 1000.000000000000000 ) ;
#1649 = CARTESIAN_POINT ( 'NONE',  ( -2.540000000000000480, 2.200000000000000178, 0.8149999999999999467 ) ) ;
#1650 = LINE ( 'NONE', #3454, #4525 ) ;
#1651 = DIRECTION ( 'NONE',  ( 0.4228854653311240885, 0.000000000000000000, -0.9061831399952653410 ) ) ;
#1652 = EDGE_LOOP ( 'NONE', ( #378, #3652, #3822, #4342 ) ) ;
#1653 = ADVANCED_FACE ( 'NONE', ( #2438 ), #3250, .F. ) ;
#1654 = ORIENTED_EDGE ( 'NONE', *, *, #3810, .T. ) ;
#1655 = DIRECTION ( 'NONE',  ( -1.000000000000000000, -0.000000000000000000, -0.000000000000000000 ) ) ;
#1656 = VERTEX_POINT ( 'NONE', #3570 ) ;
#1657 = PLANE ( 'NONE',  #413 ) ;
#1658 = DIRECTION ( 'NONE',  ( -0.000000000000000000, -0.000000000000000000, 1.000000000000000000 ) ) ;
#1659 = DIRECTION ( 'NONE',  ( -1.000000000000000000, -0.000000000000000000, 2.528751422706715933E-16 ) ) ;
#1660 = ORIENTED_EDGE ( 'NONE', *, *, #2835, .T. ) ;
#1661 = EDGE_CURVE ( 'NONE', #3856, #1916, #4578, .T. ) ;
#1662 = DIRECTION ( 'NONE',  ( -1.000000000000000000, 0.000000000000000000, -0.000000000000000000 ) ) ;
#1663 = DIRECTION ( 'NONE',  ( -1.000000000000000000, -0.000000000000000000, 2.528751422706715933E-16 ) ) ;
#1664 = MANIFOLD_SOLID_BREP ( 'Split1[3]', #923 ) ;
#1665 = ORIENTED_EDGE ( 'NONE', *, *, #1582, .T. ) ;
#1666 = ADVANCED_FACE ( 'NONE', ( #2229 ), #4238, .F. ) ;
#1667 = VECTOR ( 'NONE', #4250, 1000.000000000000000 ) ;
#1668 = FACE_OUTER_BOUND ( 'NONE', #927, .T. ) ;
#1669 = DIRECTION ( 'NONE',  ( -0.9061831399952655630, 0.000000000000000000, 0.4228854653311235334 ) ) ;
#1670 = DIRECTION ( 'NONE',  ( 1.000000000000000000, 0.000000000000000000, -2.644395542647573245E-16 ) ) ;
#1671 = LINE ( 'NONE', #899, #299 ) ;
#1672 = VERTEX_POINT ( 'NONE', #1558 ) ;
#1673 = ORIENTED_EDGE ( 'NONE', *, *, #2052, .F. ) ;
#1674 = AXIS2_PLACEMENT_3D ( 'NONE', #4339, #1138, #2567 ) ;
#1675 = CARTESIAN_POINT ( 'NONE',  ( -2.110000000000004317, 9.179827560572968892, 0.4300000000000042122 ) ) ;
#1676 = PRODUCT_DEFINITION_SHAPE ( 'NONE', 'NONE',  #4605 ) ;
#1677 = PLANE ( 'NONE',  #2755 ) ;
#1678 = ORIENTED_EDGE ( 'NONE', *, *, #3446, .F. ) ;
#1679 = EDGE_LOOP ( 'NONE', ( #2533, #252, #2640, #3252 ) ) ;
#1680 = VECTOR ( 'NONE', #1887, 1000.000000000000000 ) ;
#1681 = CARTESIAN_POINT ( 'NONE',  ( -2.110000000000004317, 9.179827560572968892, -0.4300000000000042122 ) ) ;
#1682 = EDGE_CURVE ( 'NONE', #2925, #2112, #3368, .T. ) ;
#1683 = FACE_OUTER_BOUND ( 'NONE', #2189, .T. ) ;
#1684 = LINE ( 'NONE', #3843, #2250 ) ;
#1685 = LINE ( 'NONE', #1077, #542 ) ;
#1686 = VECTOR ( 'NONE', #3547, 1000.000000000000000 ) ;
#1687 = EDGE_CURVE ( 'NONE', #1953, #876, #53, .T. ) ;
#1688 = VECTOR ( 'NONE', #4020, 1000.000000000000000 ) ;
#1689 = ORIENTED_EDGE ( 'NONE', *, *, #3352, .F. ) ;
#1690 = PLANE ( 'NONE',  #4288 ) ;
#1691 = FACE_OUTER_BOUND ( 'NONE', #3739, .T. ) ;
#1692 = DIRECTION ( 'NONE',  ( -0.000000000000000000, -0.000000000000000000, 1.000000000000000000 ) ) ;
#1693 = VECTOR ( 'NONE', #436, 1000.000000000000227 ) ;
#1694 = DIRECTION ( 'NONE',  ( 0.000000000000000000, 0.000000000000000000, 1.000000000000000000 ) ) ;
#1695 = CARTESIAN_POINT ( 'NONE',  ( -0.1000000000000004774, 0.000000000000000000, -1.114999999999999991 ) ) ;
#1696 = CARTESIAN_POINT ( 'NONE',  ( 2.540000000000000480, 0.2500000000000000000, -1.055000000000002824 ) ) ;
#1697 = DIRECTION ( 'NONE',  ( -0.000000000000000000, -1.000000000000000000, -0.000000000000000000 ) ) ;
#1698 = FACE_OUTER_BOUND ( 'NONE', #386, .T. ) ;
#1699 = EDGE_CURVE ( 'NONE', #821, #3997, #4347, .T. ) ;
#1700 = LINE ( 'NONE', #3921, #2177 ) ;
#1701 = EDGE_CURVE ( 'NONE', #109, #655, #1511, .T. ) ;
#1702 = ORIENTED_EDGE ( 'NONE', *, *, #3056, .T. ) ;
#1703 = EDGE_LOOP ( 'NONE', ( #1130, #1287, #3092, #688 ) ) ;
#1704 = CARTESIAN_POINT ( 'NONE',  ( -0.4300000000000043787, 0.2500000000000000000, 0.4300000000000041567 ) ) ;
#1705 = LINE ( 'NONE', #188, #2603 ) ;
#1706 = UNCERTAINTY_MEASURE_WITH_UNIT (LENGTH_MEASURE( 1.000000000000000082E-05 ), #4118, 'distance_accuracy_value', 'NONE');
#1707 = CARTESIAN_POINT ( 'NONE',  ( -2.110000000000004317, -2.025252258054541343, -0.4300000000000042122 ) ) ;
#1708 = DIRECTION ( 'NONE',  ( 0.000000000000000000, 0.000000000000000000, -1.000000000000000000 ) ) ;
#1709 = VERTEX_POINT ( 'NONE', #107 ) ;
#1710 = EDGE_LOOP ( 'NONE', ( #548, #2384, #2295, #3097, #4045, #1388 ) ) ;
#1711 = VERTEX_POINT ( 'NONE', #3973 ) ;
#1712 = LINE ( 'NONE', #2557, #2574 ) ;
#1713 = DIRECTION ( 'NONE',  ( 0.9061831399952651189, 0.000000000000000000, 0.4228854653311246437 ) ) ;
#1714 = DIRECTION ( 'NONE',  ( -0.000000000000000000, 0.000000000000000000, -1.000000000000000000 ) ) ;
#1715 = EDGE_LOOP ( 'NONE', ( #1587, #2832, #4274, #4619 ) ) ;
#1716 = EDGE_CURVE ( 'NONE', #4077, #3371, #855, .T. ) ;
#1717 = CARTESIAN_POINT ( 'NONE',  ( 0.09999999999999917288, 0.000000000000000000, -0.8149999999999999467 ) ) ;
#1718 = FACE_OUTER_BOUND ( 'NONE', #1755, .T. ) ;
#1719 = VECTOR ( 'NONE', #3749, 1000.000000000000000 ) ;
#1720 = DIRECTION ( 'NONE',  ( -0.000000000000000000, 0.000000000000000000, 1.000000000000000000 ) ) ;
#1721 = CARTESIAN_POINT ( 'NONE',  ( -1.700000000000004396, 9.179827560572968892, 0.4300000000000041567 ) ) ;
#1722 = APPLICATION_CONTEXT ( 'automotive_design' ) ;
#1723 = CARTESIAN_POINT ( 'NONE',  ( -0.3800000000000003375, 0.000000000000000000, -1.715000000000000080 ) ) ;
#1724 = ORIENTED_EDGE ( 'NONE', *, *, #2453, .F. ) ;
#1725 = VERTEX_POINT ( 'NONE', #4325 ) ;
#1726 = EDGE_CURVE ( 'NONE', #669, #2340, #1819, .T. ) ;
#1727 = PLANE ( 'NONE',  #1468 ) ;
#1728 = VECTOR ( 'NONE', #2217, 1000.000000000000000 ) ;
#1729 = CARTESIAN_POINT ( 'NONE',  ( -2.160000000000000586, 2.500000000000000000, -1.715000000000000080 ) ) ;
#1730 = CARTESIAN_POINT ( 'NONE',  ( 1.699999999999995737, 0.000000000000000000, 0.8400000000000039657 ) ) ;
#1731 = ORIENTED_EDGE ( 'NONE', *, *, #446, .T. ) ;
#1732 = ORIENTED_EDGE ( 'NONE', *, *, #3302, .F. ) ;
#1733 = ORIENTED_EDGE ( 'NONE', *, *, #4402, .F. ) ;
#1734 = FACE_OUTER_BOUND ( 'NONE', #1223, .T. ) ;
#1735 = CARTESIAN_POINT ( 'NONE',  ( -2.440000000000000835, 0.000000000000000000, 1.114999999999999991 ) ) ;
#1736 = VECTOR ( 'NONE', #1589, 1000.000000000000000 ) ;
#1737 = EDGE_CURVE ( 'NONE', #1200, #1795, #4021, .T. ) ;
#1738 = CARTESIAN_POINT ( 'NONE',  ( 1.369999999999999218, 0.5000000000000000000, 0.8149999999999999467 ) ) ;
#1739 = VECTOR ( 'NONE', #2737, 1000.000000000000114 ) ;
#1740 = AXIS2_PLACEMENT_3D ( 'NONE', #1696, #3497, #272 ) ;
#1741 = LINE ( 'NONE', #4568, #2681 ) ;
#1742 = DIRECTION ( 'NONE',  ( -0.4228854653311235334, 0.000000000000000000, 0.9061831399952655630 ) ) ;
#1743 = EDGE_CURVE ( 'NONE', #3804, #4499, #404, .T. ) ;
#1744 = AXIS2_PLACEMENT_3D ( 'NONE', #2053, #3165, #3488 ) ;
#1745 = PLANE ( 'NONE',  #3958 ) ;
#1746 = ORIENTED_EDGE ( 'NONE', *, *, #184, .F. ) ;
#1747 = ORIENTED_EDGE ( 'NONE', *, *, #3016, .F. ) ;
#1748 = LINE ( 'NONE', #1920, #3830 ) ;
#1749 = PLANE ( 'NONE',  #3060 ) ;
#1750 = EDGE_CURVE ( 'NONE', #2873, #2065, #2647, .T. ) ;
#1751 = SURFACE_STYLE_USAGE ( .BOTH. , #2460 ) ;
#1752 = DIRECTION ( 'NONE',  ( 1.000000000000000000, 0.000000000000000000, 0.000000000000000000 ) ) ;
#1753 = ORIENTED_EDGE ( 'NONE', *, *, #4221, .T. ) ;
#1754 = ORIENTED_EDGE ( 'NONE', *, *, #1599, .F. ) ;
#1755 = EDGE_LOOP ( 'NONE', ( #4489, #974, #2582, #3501 ) ) ;
#1756 = CARTESIAN_POINT ( 'NONE',  ( 2.540000000000001368, 1.292469707114105742E-23, 1.054999999999999050 ) ) ;
#1757 = EDGE_CURVE ( 'NONE', #774, #1039, #2551, .T. ) ;
#1758 = VECTOR ( 'NONE', #2982, 1000.000000000000000 ) ;
#1759 = DIRECTION ( 'NONE',  ( -0.000000000000000000, -0.000000000000000000, 1.000000000000000000 ) ) ;
#1760 = ORIENTED_EDGE ( 'NONE', *, *, #1716, .F. ) ;
#1761 = CARTESIAN_POINT ( 'NONE',  ( -1.370000000000000551, 2.200000000000000178, -0.8149999999999999467 ) ) ;
#1762 = LINE ( 'NONE', #3002, #2294 ) ;
#1763 = CARTESIAN_POINT ( 'NONE',  ( -2.440000000000000835, 0.5000000000000000000, -1.715000000000000080 ) ) ;
#1764 = ADVANCED_FACE ( 'NONE', ( #1537 ), #4367, .F. ) ;
#1765 = LINE ( 'NONE', #1026, #4127 ) ;
#1766 = AXIS2_PLACEMENT_3D ( 'NONE', #313, #664, #3875 ) ;
#1767 = ORIENTED_EDGE ( 'NONE', *, *, #2125, .F. ) ;
#1768 = ORIENTED_EDGE ( 'NONE', *, *, #1233, .F. ) ;
#1769 = DIRECTION ( 'NONE',  ( 0.000000000000000000, 0.000000000000000000, 1.000000000000000000 ) ) ;
#1770 = ADVANCED_FACE ( 'NONE', ( #1926, #1146 ), #2605, .F. ) ;
#1771 = LINE ( 'NONE', #1418, #1686 ) ;
#1772 = DIRECTION ( 'NONE',  ( 0.000000000000000000, 1.000000000000000000, 0.000000000000000000 ) ) ;
#1773 = ORIENTED_EDGE ( 'NONE', *, *, #496, .F. ) ;
#1774 = ORIENTED_EDGE ( 'NONE', *, *, #3309, .F. ) ;
#1775 = ORIENTED_EDGE ( 'NONE', *, *, #1626, .T. ) ;
#1776 = ORIENTED_EDGE ( 'NONE', *, *, #847, .T. ) ;
#1777 = LINE ( 'NONE', #3212, #3630 ) ;
#1778 = EDGE_CURVE ( 'NONE', #1869, #2462, #3728, .T. ) ;
#1779 = DIRECTION ( 'NONE',  ( -0.000000000000000000, 1.000000000000000000, -0.000000000000000000 ) ) ;
#1780 = CARTESIAN_POINT ( 'NONE',  ( -1.370000000000000551, 0.5000000000000000000, -1.715000000000000080 ) ) ;
#1781 = VECTOR ( 'NONE', #2195, 1000.000000000000000 ) ;
#1782 = CARTESIAN_POINT ( 'NONE',  ( -2.440000000000000835, 2.500000000000000000, -0.8149999999999999467 ) ) ;
#1783 = VECTOR ( 'NONE', #747, 1000.000000000000000 ) ;
#1784 = SURFACE_SIDE_STYLE ('',( #2521 ) ) ;
#1785 = CARTESIAN_POINT ( 'NONE',  ( -0.8400000000000041878, 0.2500000000000000000, -0.8400000000000039657 ) ) ;
#1786 = ORIENTED_EDGE ( 'NONE', *, *, #1080, .F. ) ;
#1787 = ORIENTED_EDGE ( 'NONE', *, *, #827, .T. ) ;
#1788 = LINE ( 'NONE', #3223, #2116 ) ;
#1789 = VECTOR ( 'NONE', #1153, 1000.000000000000000 ) ;
#1790 = SURFACE_STYLE_FILL_AREA ( #4301 ) ;
#1791 = EDGE_CURVE ( 'NONE', #3272, #1267, #1194, .T. ) ;
#1792 = PLANE ( 'NONE',  #3009 ) ;
#1793 = ORIENTED_EDGE ( 'NONE', *, *, #1743, .T. ) ;
#1794 = VERTEX_POINT ( 'NONE', #1627 ) ;
#1795 = VERTEX_POINT ( 'NONE', #2038 ) ;
#1796 = EDGE_LOOP ( 'NONE', ( #3338, #4062, #454, #2924 ) ) ;
#1797 = LINE ( 'NONE', #512, #2155 ) ;
#1798 = VECTOR ( 'NONE', #205, 1000.000000000000000 ) ;
#1799 = PLANE ( 'NONE',  #3045 ) ;
#1800 = UNCERTAINTY_MEASURE_WITH_UNIT (LENGTH_MEASURE( 1.000000000000000082E-05 ), #4434, 'distance_accuracy_value', 'NONE');
#1801 = CARTESIAN_POINT ( 'NONE',  ( 0.000000000000000000, 2.500000000000000000, 0.000000000000000000 ) ) ;
#1802 = EDGE_CURVE ( 'NONE', #75, #305, #2388, .T. ) ;
#1803 = CARTESIAN_POINT ( 'NONE',  ( -2.110000000000004317, 9.179827560572968892, 0.8400000000000039657 ) ) ;
#1804 = ORIENTED_EDGE ( 'NONE', *, *, #1521, .F. ) ;
#1805 = ORIENTED_EDGE ( 'NONE', *, *, #1699, .T. ) ;
#1806 = VECTOR ( 'NONE', #1166, 1000.000000000000000 ) ;
#1807 = AXIS2_PLACEMENT_3D ( 'NONE', #2182, #3609, #1816 ) ;
#1808 = DIRECTION ( 'NONE',  ( 0.000000000000000000, -0.000000000000000000, -1.000000000000000000 ) ) ;
#1809 = VECTOR ( 'NONE', #538, 1000.000000000000000 ) ;
#1810 = VERTEX_POINT ( 'NONE', #494 ) ;
#1811 = ORIENTED_EDGE ( 'NONE', *, *, #3810, .F. ) ;
#1812 = EDGE_LOOP ( 'NONE', ( #1622, #2777, #3932, #4498 ) ) ;
#1813 = DIRECTION ( 'NONE',  ( 1.000000000000000000, 0.000000000000000000, 1.322197771323786623E-16 ) ) ;
#1814 = CLOSED_SHELL ( 'NONE', ( #2958, #1186, #2486, #3424, #2797, #940, #4468, #2427, #2522, #1888 ) ) ;
#1815 = EDGE_CURVE ( 'NONE', #1932, #2904, #4108, .T. ) ;
#1816 = DIRECTION ( 'NONE',  ( 0.000000000000000000, -0.000000000000000000, 1.000000000000000000 ) ) ;
#1817 = LINE ( 'NONE', #1923, #3569 ) ;
#1818 = DIRECTION ( 'NONE',  ( -0.000000000000000000, 1.000000000000000000, -0.000000000000000000 ) ) ;
#1819 = LINE ( 'NONE', #4394, #3355 ) ;
#1820 = CARTESIAN_POINT ( 'NONE',  ( -1.800000000000004707, 5.549999999999998934, 0.000000000000000000 ) ) ;
#1821 = ORIENTED_EDGE ( 'NONE', *, *, #2338, .F. ) ;
#1822 = VERTEX_POINT ( 'NONE', #3134 ) ;
#1823 = ORIENTED_EDGE ( 'NONE', *, *, #570, .F. ) ;
#1824 = ORIENTED_EDGE ( 'NONE', *, *, #2548, .T. ) ;
#1825 = CARTESIAN_POINT ( 'NONE',  ( 1.699999999999995737, 2.500000000000000000, -0.8400000000000039657 ) ) ;
#1826 = EDGE_CURVE ( 'NONE', #3651, #4073, #1650, .T. ) ;
#1827 = LINE ( 'NONE', #88, #2566 ) ;
#1828 = CARTESIAN_POINT ( 'NONE',  ( 1.369999999999999218, 0.5000000000000000000, 0.8149999999999990585 ) ) ;
#1829 = PLANE ( 'NONE',  #2494 ) ;
#1830 = LINE ( 'NONE', #2488, #4500 ) ;
#1831 = ADVANCED_FACE ( 'NONE', ( #879 ), #4532, .F. ) ;
#1832 = VECTOR ( 'NONE', #123, 1000.000000000000000 ) ;
#1833 = CARTESIAN_POINT ( 'NONE',  ( 2.540000000000000480, 2.500000000000000000, -0.8149999999999999467 ) ) ;
#1834 = LINE ( 'NONE', #2880, #2504 ) ;
#1835 = LINE ( 'NONE', #1112, #1758 ) ;
#1836 = ORIENTED_EDGE ( 'NONE', *, *, #4296, .T. ) ;
#1837 = VECTOR ( 'NONE', #3610, 1000.000000000000000 ) ;
#1838 = AXIS2_PLACEMENT_3D ( 'NONE', #2543, #737, #1865 ) ;
#1839 = VECTOR ( 'NONE', #1912, 1000.000000000000000 ) ;
#1840 = ORIENTED_EDGE ( 'NONE', *, *, #4418, .F. ) ;
#1841 = EDGE_LOOP ( 'NONE', ( #113, #476, #929, #6 ) ) ;
#1842 = DIRECTION ( 'NONE',  ( -1.322197771323786623E-16, 0.000000000000000000, 1.000000000000000000 ) ) ;
#1843 = EDGE_CURVE ( 'NONE', #1995, #2850, #1334, .T. ) ;
#1844 = FACE_OUTER_BOUND ( 'NONE', #3797, .T. ) ;
#1845 = VECTOR ( 'NONE', #931, 1000.000000000000000 ) ;
#1846 = CARTESIAN_POINT ( 'NONE',  ( -0.8400000000000041878, 2.500000000000000000, 0.8400000000000039657 ) ) ;
#1847 = PLANE ( 'NONE',  #471 ) ;
#1848 = DIRECTION ( 'NONE',  ( 0.000000000000000000, 1.000000000000000000, 0.000000000000000000 ) ) ;
#1849 = ADVANCED_FACE ( 'NONE', ( #3411, #3038 ), #2776, .F. ) ;
#1850 = FACE_OUTER_BOUND ( 'NONE', #3255, .T. ) ;
#1851 = ORIENTED_EDGE ( 'NONE', *, *, #2366, .T. ) ;
#1852 = VERTEX_POINT ( 'NONE', #906 ) ;
#1853 = ORIENTED_EDGE ( 'NONE', *, *, #2441, .T. ) ;
#1854 = MECHANICAL_DESIGN_GEOMETRIC_PRESENTATION_REPRESENTATION (  '', ( #2086 ), #900 ) ;
#1855 = ORIENTED_EDGE ( 'NONE', *, *, #1903, .T. ) ;
#1856 = DIRECTION ( 'NONE',  ( -0.000000000000000000, 1.000000000000000000, -0.000000000000000000 ) ) ;
#1857 = DIRECTION ( 'NONE',  ( 0.000000000000000000, 0.000000000000000000, 1.000000000000000000 ) ) ;
#1858 = CARTESIAN_POINT ( 'NONE',  ( 2.109999999999995435, 0.000000000000000000, 0.4300000000000041567 ) ) ;
#1859 = DIRECTION ( 'NONE',  ( -0.9061831399952655630, 0.000000000000000000, -0.4228854653311235334 ) ) ;
#1860 = DIRECTION ( 'NONE',  ( 0.000000000000000000, 0.000000000000000000, -1.000000000000000000 ) ) ;
#1861 = EDGE_CURVE ( 'NONE', #4073, #1147, #1948, .T. ) ;
#1862 = ORIENTED_EDGE ( 'NONE', *, *, #203, .T. ) ;
#1863 = DIRECTION ( 'NONE',  ( 1.000000000000000000, 0.000000000000000000, -0.000000000000000000 ) ) ;
#1864 = ORIENTED_EDGE ( 'NONE', *, *, #302, .F. ) ;
#1865 = DIRECTION ( 'NONE',  ( 1.000000000000000000, 0.000000000000000000, 0.000000000000000000 ) ) ;
#1866 = EDGE_CURVE ( 'NONE', #99, #3114, #3763, .T. ) ;
#1867 = EDGE_LOOP ( 'NONE', ( #420, #1864, #1776, #3999, #2763, #3500 ) ) ;
#1868 = VECTOR ( 'NONE', #3119, 1000.000000000000000 ) ;
#1869 = VERTEX_POINT ( 'NONE', #3434 ) ;
#1870 = VERTEX_POINT ( 'NONE', #204 ) ;
#1871 = DIRECTION ( 'NONE',  ( -1.000000000000000000, 0.000000000000000000, 0.000000000000000000 ) ) ;
#1872 = VECTOR ( 'NONE', #303, 1000.000000000000000 ) ;
#1873 = LINE ( 'NONE', #2575, #1925 ) ;
#1874 = CARTESIAN_POINT ( 'NONE',  ( -2.440000000000000835, 0.000000000000000000, -0.8149999999999999467 ) ) ;
#1875 = EDGE_CURVE ( 'NONE', #1294, #774, #3743, .T. ) ;
#1876 = ORIENTED_EDGE ( 'NONE', *, *, #1955, .F. ) ;
#1877 = ORIENTED_EDGE ( 'NONE', *, *, #3902, .F. ) ;
#1878 = CARTESIAN_POINT ( 'NONE',  ( -0.3800000000000003375, 0.000000000000000000, -1.715000000000000080 ) ) ;
#1879 = ORIENTED_EDGE ( 'NONE', *, *, #707, .F. ) ;
#1880 = VECTOR ( 'NONE', #301, 1000.000000000000000 ) ;
#1881 = DIRECTION ( 'NONE',  ( -1.000000000000000000, -0.000000000000000000, 2.644395542647573245E-16 ) ) ;
#1882 = ADVANCED_FACE ( 'NONE', ( #4504 ), #3391, .F. ) ;
#1883 = LINE ( 'NONE', #3326, #1227 ) ;
#1884 = APPLICATION_CONTEXT ( 'automotive_design' ) ;
#1885 = CARTESIAN_POINT ( 'NONE',  ( 1.649999999999999911, 2.500000000000000000, 1.715000000000000080 ) ) ;
#1886 = VECTOR ( 'NONE', #2867, 1000.000000000000000 ) ;
#1887 = DIRECTION ( 'NONE',  ( -0.000000000000000000, -0.000000000000000000, 1.000000000000000000 ) ) ;
#1888 = ADVANCED_FACE ( 'NONE', ( #953 ), #251, .T. ) ;
#1889 = LINE ( 'NONE', #1088, #2807 ) ;
#1890 = LINE ( 'NONE', #4007, #4612 ) ;
#1891 = DIRECTION ( 'NONE',  ( 1.000000000000000000, 0.000000000000000000, 1.322197771323786623E-16 ) ) ;
#1892 = FACE_OUTER_BOUND ( 'NONE', #46, .T. ) ;
#1893 = ORIENTED_EDGE ( 'NONE', *, *, #3453, .T. ) ;
#1894 = EDGE_CURVE ( 'NONE', #1932, #1485, #4458, .T. ) ;
#1895 = ORIENTED_EDGE ( 'NONE', *, *, #2715, .T. ) ;
#1896 = CARTESIAN_POINT ( 'NONE',  ( -1.170000000000000817, 2.200000000000000178, 0.8149999999999990585 ) ) ;
#1897 = DIRECTION ( 'NONE',  ( 1.000000000000000000, 0.000000000000000000, 0.000000000000000000 ) ) ;
#1898 = DIRECTION ( 'NONE',  ( 0.000000000000000000, -1.000000000000000000, 0.000000000000000000 ) ) ;
#1899 = ORIENTED_EDGE ( 'NONE', *, *, #2021, .F. ) ;
#1900 = VERTEX_POINT ( 'NONE', #1240 ) ;
#1901 = CARTESIAN_POINT ( 'NONE',  ( 2.439999999999999503, 2.200000000000000178, -0.8150000000000001688 ) ) ;
#1902 = ORIENTED_EDGE ( 'NONE', *, *, #1115, .F. ) ;
#1903 = EDGE_CURVE ( 'NONE', #3551, #305, #594, .T. ) ;
#1904 = FACE_OUTER_BOUND ( 'NONE', #3271, .T. ) ;
#1905 = LINE ( 'NONE', #3348, #4107 ) ;
#1906 = AXIS2_PLACEMENT_3D ( 'NONE', #167, #194, #1595 ) ;
#1907 = CARTESIAN_POINT ( 'NONE',  ( -2.440000000000000835, 0.2500000000000000000, 0.8149999999999999467 ) ) ;
#1908 = AXIS2_PLACEMENT_3D ( 'NONE', #393, #45, #418 ) ;
#1909 = DIRECTION ( 'NONE',  ( -0.000000000000000000, 1.000000000000000000, -0.000000000000000000 ) ) ;
#1910 = EDGE_CURVE ( 'NONE', #536, #3227, #2367, .T. ) ;
#1911 =( NAMED_UNIT ( * ) PLANE_ANGLE_UNIT ( ) SI_UNIT ( $, .RADIAN. ) );
#1912 = DIRECTION ( 'NONE',  ( 0.000000000000000000, 0.000000000000000000, 1.000000000000000000 ) ) ;
#1913 = VECTOR ( 'NONE', #992, 1000.000000000000000 ) ;
#1914 = LINE ( 'NONE', #2198, #1832 ) ;
#1915 = LINE ( 'NONE', #1551, #3194 ) ;
#1916 = VERTEX_POINT ( 'NONE', #2016 ) ;
#1917 = ORIENTED_EDGE ( 'NONE', *, *, #2477, .F. ) ;
#1918 = VERTEX_POINT ( 'NONE', #3478 ) ;
#1919 = VERTEX_POINT ( 'NONE', #2753 ) ;
#1920 = CARTESIAN_POINT ( 'NONE',  ( -1.700000000000004396, 5.275252258054534238, -0.4300000000000041567 ) ) ;
#1921 = AXIS2_PLACEMENT_3D ( 'NONE', #179, #2413, #2726 ) ;
#1922 = DIRECTION ( 'NONE',  ( -0.9061831399952655630, 0.000000000000000000, -0.4228854653311235334 ) ) ;
#1923 = CARTESIAN_POINT ( 'NONE',  ( 0.09999999999999917288, 0.000000000000000000, 1.114999999999999991 ) ) ;
#1924 = CARTESIAN_POINT ( 'NONE',  ( 2.540000000000000480, 0.2500000000000000000, -1.055000000000002824 ) ) ;
#1925 = VECTOR ( 'NONE', #1220, 1000.000000000000000 ) ;
#1926 = FACE_OUTER_BOUND ( 'NONE', #3363, .T. ) ;
#1927 = LINE ( 'NONE', #3015, #2470 ) ;
#1928 = ORIENTED_EDGE ( 'NONE', *, *, #666, .F. ) ;
#1929 = ADVANCED_FACE ( 'NONE', ( #4159 ), #1677, .F. ) ;
#1930 = ORIENTED_EDGE ( 'NONE', *, *, #1791, .F. ) ;
#1931 = DIRECTION ( 'NONE',  ( 0.000000000000000000, 0.000000000000000000, 1.000000000000000000 ) ) ;
#1932 = VERTEX_POINT ( 'NONE', #3178 ) ;
#1933 = VECTOR ( 'NONE', #3776, 1000.000000000000000 ) ;
#1934 = VECTOR ( 'NONE', #1813, 1000.000000000000000 ) ;
#1935 =( NAMED_UNIT ( * ) PLANE_ANGLE_UNIT ( ) SI_UNIT ( $, .RADIAN. ) );
#1936 = CARTESIAN_POINT ( 'NONE',  ( -2.110000000000004317, 9.179827560572968892, -0.4300000000000042122 ) ) ;
#1937 = ADVANCED_FACE ( 'NONE', ( #4271, #2798, #641 ), #1049, .F. ) ;
#1938 = CARTESIAN_POINT ( 'NONE',  ( -0.4300000000000043787, 0.000000000000000000, 0.4300000000000041567 ) ) ;
#1939 = FACE_OUTER_BOUND ( 'NONE', #2915, .T. ) ;
#1940 = EDGE_CURVE ( 'NONE', #1457, #1919, #1817, .T. ) ;
#1941 = CONTEXT_DEPENDENT_SHAPE_REPRESENTATION ( #645, #1009 ) ;
#1942 = EDGE_LOOP ( 'NONE', ( #2244, #653, #2421, #1732 ) ) ;
#1943 = FACE_OUTER_BOUND ( 'NONE', #748, .T. ) ;
#1944 = ORIENTED_EDGE ( 'NONE', *, *, #2981, .F. ) ;
#1945 = DIRECTION ( 'NONE',  ( 0.000000000000000000, 0.000000000000000000, -1.000000000000000000 ) ) ;
#1946 = CARTESIAN_POINT ( 'NONE',  ( 0.3799999999999998934, 0.000000000000000000, 1.715000000000000080 ) ) ;
#1947 = FACE_OUTER_BOUND ( 'NONE', #935, .T. ) ;
#1948 = LINE ( 'NONE', #568, #710 ) ;
#1949 = LINE ( 'NONE', #635, #3468 ) ;
#1950 = ORIENTED_EDGE ( 'NONE', *, *, #2402, .T. ) ;
#1951 = ORIENTED_EDGE ( 'NONE', *, *, #3185, .T. ) ;
#1952 = CARTESIAN_POINT ( 'NONE',  ( -1.370000000000000551, 0.000000000000000000, 1.054999999999999938 ) ) ;
#1953 = VERTEX_POINT ( 'NONE', #744 ) ;
#1954 = CARTESIAN_POINT ( 'NONE',  ( -2.440000000000000835, 0.000000000000000000, -0.8149999999999999467 ) ) ;
#1955 = EDGE_CURVE ( 'NONE', #4077, #2064, #2183, .T. ) ;
#1956 = VECTOR ( 'NONE', #2046, 1000.000000000000000 ) ;
#1957 = MECHANICAL_DESIGN_GEOMETRIC_PRESENTATION_REPRESENTATION (  '', ( #4190 ), #1354 ) ;
#1958 = EDGE_CURVE ( 'NONE', #3113, #579, #401, .T. ) ;
#1959 = CARTESIAN_POINT ( 'NONE',  ( -1.800000000000004263, -2.299999999999999822, 0.5300000000000039124 ) ) ;
#1960 = VECTOR ( 'NONE', #1769, 1000.000000000000000 ) ;
#1961 = DIRECTION ( 'NONE',  ( -1.000000000000000000, 0.000000000000000000, 2.528751422706715933E-16 ) ) ;
#1962 =( LENGTH_UNIT ( ) NAMED_UNIT ( * ) SI_UNIT ( .MILLI., .METRE. ) );
#1963 = EDGE_CURVE ( 'NONE', #736, #1259, #3655, .T. ) ;
#1964 = ORIENTED_EDGE ( 'NONE', *, *, #2561, .T. ) ;
#1965 = VERTEX_POINT ( 'NONE', #2788 ) ;
#1966 = EDGE_LOOP ( 'NONE', ( #3125, #1163, #4177, #1315 ) ) ;
#1967 = CARTESIAN_POINT ( 'NONE',  ( 0.000000000000000000, 0.000000000000000000, 0.000000000000000000 ) ) ;
#1968 = CARTESIAN_POINT ( 'NONE',  ( -2.067061912881054120, -2.143223682848431455, -0.7970619128810535470 ) ) ;
#1969 = DIRECTION ( 'NONE',  ( -1.000000000000000000, 0.000000000000000000, -1.322197771323786623E-16 ) ) ;
#1970 = PLANE ( 'NONE',  #1061 ) ;
#1971 = ADVANCED_FACE ( 'NONE', ( #2078 ), #3075, .F. ) ;
#1972 = ORIENTED_EDGE ( 'NONE', *, *, #4131, .F. ) ;
#1973 = ORIENTED_EDGE ( 'NONE', *, *, #3961, .F. ) ;
#1974 = DIRECTION ( 'NONE',  ( -1.000000000000000000, -0.000000000000000000, 2.528751422706715933E-16 ) ) ;
#1975 = EDGE_LOOP ( 'NONE', ( #2898, #30, #2971, #358, #729, #1660 ) ) ;
#1976 = AXIS2_PLACEMENT_3D ( 'NONE', #782, #1473, #4336 ) ;
#1977 = LINE ( 'NONE', #913, #1719 ) ;
#1978 = CLOSED_SHELL ( 'NONE', ( #2740, #4426, #236, #1981, #1497, #894, #3360, #606, #1205, #3287 ) ) ;
#1979 = CARTESIAN_POINT ( 'NONE',  ( -2.110000000000004317, 0.000000000000000000, -0.4300000000000042122 ) ) ;
#1980 = VERTEX_POINT ( 'NONE', #4219 ) ;
#1981 = ADVANCED_FACE ( 'NONE', ( #217 ), #2403, .F. ) ;
#1982 = LINE ( 'NONE', #216, #1739 ) ;
#1983 = VECTOR ( 'NONE', #1024, 1000.000000000000000 ) ;
#1984 = ORIENTED_EDGE ( 'NONE', *, *, #1875, .F. ) ;
#1985 = FACE_OUTER_BOUND ( 'NONE', #4453, .T. ) ;
#1986 = DIRECTION ( 'NONE',  ( 0.000000000000000000, -1.000000000000000000, 0.000000000000000000 ) ) ;
#1987 = DIRECTION ( 'NONE',  ( 1.000000000000000000, 0.000000000000000000, 0.000000000000000000 ) ) ;
#1988 = ORIENTED_EDGE ( 'NONE', *, *, #4221, .F. ) ;
#1989 = CARTESIAN_POINT ( 'NONE',  ( -2.110000000000004317, 5.275252258054534238, 0.4300000000000042122 ) ) ;
#1990 = CARTESIAN_POINT ( 'NONE',  ( 2.439999999999999503, 2.500000000000000000, 1.114999999999999991 ) ) ;
#1991 = DIRECTION ( 'NONE',  ( 2.644395542647573245E-16, 0.000000000000000000, 1.000000000000000000 ) ) ;
#1992 = DIRECTION ( 'NONE',  ( -0.000000000000000000, 1.000000000000000000, -0.000000000000000000 ) ) ;
#1993 = CARTESIAN_POINT ( 'NONE',  ( -2.110000000000004317, 0.000000000000000000, 0.4300000000000042122 ) ) ;
#1994 = VERTEX_POINT ( 'NONE', #942 ) ;
#1995 = VERTEX_POINT ( 'NONE', #4172 ) ;
#1996 = EDGE_CURVE ( 'NONE', #4193, #937, #4197, .T. ) ;
#1997 = DIRECTION ( 'NONE',  ( -1.000000000000000000, -0.000000000000000000, 2.528751422706715933E-16 ) ) ;
#1998 = VERTEX_POINT ( 'NONE', #558 ) ;
#1999 = AXIS2_PLACEMENT_3D ( 'NONE', #1256, #3427, #2293 ) ;
#2000 = VECTOR ( 'NONE', #473, 1000.000000000000000 ) ;
#2001 = CARTESIAN_POINT ( 'NONE',  ( 0.8399999999999957501, 0.2500000000000000000, 0.8400000000000038547 ) ) ;
#2002 = EDGE_CURVE ( 'NONE', #3709, #1318, #3510, .T. ) ;
#2003 = FACE_OUTER_BOUND ( 'NONE', #1841, .T. ) ;
#2004 = LINE ( 'NONE', #962, #67 ) ;
#2005 = DIRECTION ( 'NONE',  ( -0.000000000000000000, -1.000000000000000000, 0.000000000000000000 ) ) ;
#2006 = DIRECTION ( 'NONE',  ( 0.000000000000000000, -0.000000000000000000, -1.000000000000000000 ) ) ;
#2007 = VECTOR ( 'NONE', #281, 1000.000000000000000 ) ;
#2008 = ORIENTED_EDGE ( 'NONE', *, *, #3327, .T. ) ;
#2009 = FACE_BOUND ( 'NONE', #1104, .T. ) ;
#2010 = ADVANCED_FACE ( 'NONE', ( #2027 ), #2357, .F. ) ;
#2011 = ORIENTED_EDGE ( 'NONE', *, *, #1750, .F. ) ;
#2012 = DIRECTION ( 'NONE',  ( 0.000000000000000000, 0.000000000000000000, -1.000000000000000000 ) ) ;
#2013 = FACE_OUTER_BOUND ( 'NONE', #435, .T. ) ;
#2014 = CARTESIAN_POINT ( 'NONE',  ( 1.169999999999999707, 2.200000000000000178, -1.715000000000000080 ) ) ;
#2015 = EDGE_CURVE ( 'NONE', #3634, #3156, #1296, .T. ) ;
#2016 = CARTESIAN_POINT ( 'NONE',  ( -2.440000000000001279, 0.000000000000000000, -1.055000000000001492 ) ) ;
#2017 = ORIENTED_EDGE ( 'NONE', *, *, #1137, .T. ) ;
#2018 = VERTEX_POINT ( 'NONE', #966 ) ;
#2019 = LINE ( 'NONE', #2436, #2313 ) ;
#2020 = ORIENTED_EDGE ( 'NONE', *, *, #4014, .F. ) ;
#2021 = EDGE_CURVE ( 'NONE', #101, #1564, #604, .T. ) ;
#2022 = DIRECTION ( 'NONE',  ( -0.4228854653311245881, 0.000000000000000000, -0.9061831399952650079 ) ) ;
#2023 = VECTOR ( 'NONE', #3004, 1000.000000000000000 ) ;
#2024 = DIRECTION ( 'NONE',  ( -0.4228854653311235334, 0.000000000000000000, 0.9061831399952655630 ) ) ;
#2025 = EDGE_CURVE ( 'NONE', #1506, #646, #1771, .T. ) ;
#2026 = PLANE ( 'NONE',  #1502 ) ;
#2027 = FACE_OUTER_BOUND ( 'NONE', #448, .T. ) ;
#2028 = ORIENTED_EDGE ( 'NONE', *, *, #4627, .T. ) ;
#2029 = ADVANCED_FACE ( 'NONE', ( #3525 ), #1749, .F. ) ;
#2030 = CARTESIAN_POINT ( 'NONE',  ( -2.110000000000004317, 0.000000000000000000, -0.8400000000000039657 ) ) ;
#2031 = VECTOR ( 'NONE', #1419, 1000.000000000000000 ) ;
#2032 = PLANE ( 'NONE',  #2782 ) ;
#2033 = ORIENTED_EDGE ( 'NONE', *, *, #2511, .T. ) ;
#2034 = LINE ( 'NONE', #1782, #4135 ) ;
#2035 = DIRECTION ( 'NONE',  ( 0.000000000000000000, -0.000000000000000000, 1.000000000000000000 ) ) ;
#2036 = VECTOR ( 'NONE', #1178, 1000.000000000000114 ) ;
#2037 = EDGE_CURVE ( 'NONE', #2455, #4527, #2161, .T. ) ;
#2038 = CARTESIAN_POINT ( 'NONE',  ( -2.010000000000004228, -2.299999999999999822, -0.5300000000000039124 ) ) ;
#2039 = DIRECTION ( 'NONE',  ( -0.000000000000000000, 1.000000000000000000, -0.000000000000000000 ) ) ;
#2040 = EDGE_LOOP ( 'NONE', ( #1290, #20, #325, #493 ) ) ;
#2041 = EDGE_LOOP ( 'NONE', ( #2118, #2017, #279, #1754 ) ) ;
#2042 = DIRECTION ( 'NONE',  ( 0.000000000000000000, 0.000000000000000000, 1.000000000000000000 ) ) ;
#2043 = LINE ( 'NONE', #3140, #1369 ) ;
#2044 = CARTESIAN_POINT ( 'NONE',  ( -0.1000000000000004774, 2.500000000000000000, 1.114999999999999991 ) ) ;
#2045 = PRODUCT_DEFINITION_CONTEXT ( 'detailed design', #4243, 'design' ) ;
#2046 = DIRECTION ( 'NONE',  ( 0.000000000000000000, 0.000000000000000000, 1.000000000000000000 ) ) ;
#2047 = CARTESIAN_POINT ( 'NONE',  ( 0.09999999999999917288, 0.5000000000000000000, -0.8150000000000001688 ) ) ;
#2048 = ORIENTED_EDGE ( 'NONE', *, *, #2878, .F. ) ;
#2049 = ORIENTED_EDGE ( 'NONE', *, *, #3955, .F. ) ;
#2050 = CARTESIAN_POINT ( 'NONE',  ( -0.4300000000000043787, 2.500000000000000000, 0.4300000000000041567 ) ) ;
#2051 = ADVANCED_BREP_SHAPE_REPRESENTATION ( '', ( #1647, #3099, #1664, #3121, #3809 ), #1389 ) ;
#2052 = EDGE_CURVE ( 'NONE', #4370, #1711, #4211, .T. ) ;
#2053 = CARTESIAN_POINT ( 'NONE',  ( -2.110000000000004317, 0.000000000000000000, -0.8400000000000039657 ) ) ;
#2054 = ORIENTED_EDGE ( 'NONE', *, *, #2861, .F. ) ;
#2055 = CARTESIAN_POINT ( 'NONE',  ( 1.169999999999999707, 2.500000000000000000, 1.114999999999999991 ) ) ;
#2056 = EDGE_CURVE ( 'NONE', #4602, #1331, #3183, .T. ) ;
#2057 = DIRECTION ( 'NONE',  ( 0.000000000000000000, 0.000000000000000000, 1.000000000000000000 ) ) ;
#2058 = CARTESIAN_POINT ( 'NONE',  ( -2.110000000000004317, -2.025252258054541343, -0.4300000000000042122 ) ) ;
#2059 = CARTESIAN_POINT ( 'NONE',  ( 1.369999999999999218, 0.000000000000000000, 0.8149999999999999467 ) ) ;
#2060 = DIRECTION ( 'NONE',  ( 0.000000000000000000, 0.000000000000000000, 1.000000000000000000 ) ) ;
#2061 = FACE_BOUND ( 'NONE', #1421, .T. ) ;
#2062 = VECTOR ( 'NONE', #2149, 1000.000000000000000 ) ;
#2063 = DIRECTION ( 'NONE',  ( 1.322197771323786623E-16, -0.000000000000000000, 1.000000000000000000 ) ) ;
#2064 = VERTEX_POINT ( 'NONE', #1100 ) ;
#2065 = VERTEX_POINT ( 'NONE', #2869 ) ;
#2066 = VECTOR ( 'NONE', #1909, 1000.000000000000000 ) ;
#2067 = CARTESIAN_POINT ( 'NONE',  ( 2.540000000000000480, 2.200000000000000178, 1.715000000000000080 ) ) ;
#2068 = CARTESIAN_POINT ( 'NONE',  ( 2.439999999999999503, 0.000000000000000000, -1.114999999999999991 ) ) ;
#2069 = EDGE_CURVE ( 'NONE', #4068, #3479, #2892, .T. ) ;
#2070 = CARTESIAN_POINT ( 'NONE',  ( -1.800000000000004263, -2.299999999999999822, -0.000000000000000000 ) ) ;
#2071 = ORIENTED_EDGE ( 'NONE', *, *, #2752, .T. ) ;
#2072 = ORIENTED_EDGE ( 'NONE', *, *, #3111, .T. ) ;
#2073 = ORIENTED_EDGE ( 'NONE', *, *, #1127, .T. ) ;
#2074 = LINE ( 'NONE', #4194, #1648 ) ;
#2075 = VECTOR ( 'NONE', #2529, 1000.000000000000000 ) ;
#2076 = CARTESIAN_POINT ( 'NONE',  ( -2.440000000000000835, 0.000000000000000000, 0.8149999999999999467 ) ) ;
#2077 = AXIS2_PLACEMENT_3D ( 'NONE', #3080, #506, #3720 ) ;
#2078 = FACE_OUTER_BOUND ( 'NONE', #2341, .T. ) ;
#2079 = AXIS2_PLACEMENT_3D ( 'NONE', #1924, #1557, #3295 ) ;
#2080 = EDGE_LOOP ( 'NONE', ( #2912, #3837, #619, #607 ) ) ;
#2081 = CARTESIAN_POINT ( 'NONE',  ( 2.540000000000000480, 0.2500000000000000000, -1.055000000000002824 ) ) ;
#2082 = CARTESIAN_POINT ( 'NONE',  ( -0.1000000000000004774, 0.5000000000000000000, -0.8149999999999999467 ) ) ;
#2083 = VECTOR ( 'NONE', #3441, 1000.000000000000000 ) ;
#2084 = EDGE_CURVE ( 'NONE', #3455, #2420, #1079, .T. ) ;
#2085 = CARTESIAN_POINT ( 'NONE',  ( 2.439999999999999503, 0.5000000000000000000, -0.8149999999999999467 ) ) ;
#2086 = STYLED_ITEM ( 'NONE', ( #691 ), #3121 ) ;
#2087 = PLANE ( 'NONE',  #544 ) ;
#2088 = DIRECTION ( 'NONE',  ( 1.000000000000000000, 0.000000000000000000, -2.644395542647573245E-16 ) ) ;
#2089 = DIRECTION ( 'NONE',  ( -1.000000000000000000, 0.000000000000000000, 2.644395542647573245E-16 ) ) ;
#2090 = VERTEX_POINT ( 'NONE', #4277 ) ;
#2091 = EDGE_LOOP ( 'NONE', ( #2072, #4573, #792, #2463, #3901, #4111, #2678, #1629 ) ) ;
#2092 = FACE_OUTER_BOUND ( 'NONE', #2040, .T. ) ;
#2093 = EDGE_CURVE ( 'NONE', #2826, #958, #2437, .T. ) ;
#2094 = FACE_OUTER_BOUND ( 'NONE', #3944, .T. ) ;
#2095 = LINE ( 'NONE', #649, #4446 ) ;
#2096 = SURFACE_STYLE_FILL_AREA ( #1034 ) ;
#2097 = CARTESIAN_POINT ( 'NONE',  ( -2.110000000000004317, -2.025252258054541343, 0.4300000000000042122 ) ) ;
#2098 = EDGE_LOOP ( 'NONE', ( #83, #3347, #4184, #791 ) ) ;
#2099 = VERTEX_POINT ( 'NONE', #361 ) ;
#2100 = ORIENTED_EDGE ( 'NONE', *, *, #141, .F. ) ;
#2101 = EDGE_CURVE ( 'NONE', #4261, #4421, #3860, .T. ) ;
#2102 = VECTOR ( 'NONE', #2216, 1000.000000000000000 ) ;
#2103 = PRODUCT_DEFINITION_SHAPE ( 'NONE', 'NONE',  #4634 ) ;
#2104 = EDGE_CURVE ( 'NONE', #1114, #2622, #2095, .T. ) ;
#2105 = VECTOR ( 'NONE', #2629, 1000.000000000000000 ) ;
#2106 = LINE ( 'NONE', #4459, #1359 ) ;
#2107 = VECTOR ( 'NONE', #2639, 1000.000000000000000 ) ;
#2108 = DIRECTION ( 'NONE',  ( -0.000000000000000000, 0.000000000000000000, 1.000000000000000000 ) ) ;
#2109 = DIRECTION ( 'NONE',  ( 0.000000000000000000, 0.000000000000000000, 1.000000000000000000 ) ) ;
#2110 = DIRECTION ( 'NONE',  ( -0.000000000000000000, -0.000000000000000000, 1.000000000000000000 ) ) ;
#2111 = CARTESIAN_POINT ( 'NONE',  ( 2.540000000000000480, 2.200000000000000178, -0.8149999999999999467 ) ) ;
#2112 = VERTEX_POINT ( 'NONE', #1729 ) ;
#2113 = ORIENTED_EDGE ( 'NONE', *, *, #1815, .F. ) ;
#2114 = DIRECTION ( 'NONE',  ( -2.484918977865075009E-16, -0.3420201433256666590, 0.9396926207859092051 ) ) ;
#2115 = CARTESIAN_POINT ( 'NONE',  ( -2.110000000000004317, 0.2500000000000000000, -0.8400000000000039657 ) ) ;
#2116 = VECTOR ( 'NONE', #1319, 1000.000000000000000 ) ;
#2117 = DIRECTION ( 'NONE',  ( 0.000000000000000000, 0.000000000000000000, -1.000000000000000000 ) ) ;
#2118 = ORIENTED_EDGE ( 'NONE', *, *, #1225, .F. ) ;
#2119 = VERTEX_POINT ( 'NONE', #4576 ) ;
#2120 = DIRECTION ( 'NONE',  ( -0.000000000000000000, -0.000000000000000000, 1.000000000000000000 ) ) ;
#2121 = ADVANCED_FACE ( 'NONE', ( #2134 ), #1379, .F. ) ;
#2122 = EDGE_LOOP ( 'NONE', ( #3277, #2442, #4617, #2778 ) ) ;
#2123 = DIRECTION ( 'NONE',  ( -0.000000000000000000, -0.000000000000000000, 1.000000000000000000 ) ) ;
#2124 = AXIS2_PLACEMENT_3D ( 'NONE', #1967, #4154, #975 ) ;
#2125 = EDGE_CURVE ( 'NONE', #572, #1122, #3882, .T. ) ;
#2126 = LINE ( 'NONE', #3872, #464 ) ;
#2127 = DIRECTION ( 'NONE',  ( -0.4228854653311235334, 0.000000000000000000, 0.9061831399952655630 ) ) ;
#2128 = AXIS2_PLACEMENT_3D ( 'NONE', #2431, #3852, #638 ) ;
#2129 = LINE ( 'NONE', #3562, #2855 ) ;
#2130 = ORIENTED_EDGE ( 'NONE', *, *, #1866, .T. ) ;
#2131 = ORIENTED_EDGE ( 'NONE', *, *, #2309, .T. ) ;
#2132 = CARTESIAN_POINT ( 'NONE',  ( 0.000000000000000000, 0.000000000000000000, 0.000000000000000000 ) ) ;
#2133 = DIRECTION ( 'NONE',  ( 1.000000000000000000, 0.000000000000000000, 2.644395542647573245E-16 ) ) ;
#2134 = FACE_OUTER_BOUND ( 'NONE', #2372, .T. ) ;
#2135 = CARTESIAN_POINT ( 'NONE',  ( -2.440000000000000835, 0.000000000000000000, -1.114999999999999991 ) ) ;
#2136 = FACE_OUTER_BOUND ( 'NONE', #4143, .T. ) ;
#2137 = EDGE_CURVE ( 'NONE', #721, #4623, #318, .T. ) ;
#2138 = ORIENTED_EDGE ( 'NONE', *, *, #4285, .T. ) ;
#2139 = ORIENTED_EDGE ( 'NONE', *, *, #1384, .F. ) ;
#2140 = ORIENTED_EDGE ( 'NONE', *, *, #2288, .T. ) ;
#2141 = ADVANCED_FACE ( 'NONE', ( #1397, #3567, #2846 ), #4257, .F. ) ;
#2142 = CARTESIAN_POINT ( 'NONE',  ( -2.110000000000004317, 9.179827560572968892, 0.8400000000000039657 ) ) ;
#2143 = ORIENTED_EDGE ( 'NONE', *, *, #470, .F. ) ;
#2144 =( GEOMETRIC_REPRESENTATION_CONTEXT ( 3 ) GLOBAL_UNCERTAINTY_ASSIGNED_CONTEXT ( ( #4199 ) ) GLOBAL_UNIT_ASSIGNED_CONTEXT ( ( #1057, #796, #3657 ) ) REPRESENTATION_CONTEXT ( 'NONE', 'WORKASPACE' ) );
#2145 = DIRECTION ( 'NONE',  ( 0.4228854653311245881, 0.000000000000000000, -0.9061831399952650079 ) ) ;
#2146 = FACE_OUTER_BOUND ( 'NONE', #800, .T. ) ;
#2147 = AXIS2_PLACEMENT_3D ( 'NONE', #120, #1569, #2980 ) ;
#2148 = CARTESIAN_POINT ( 'NONE',  ( 0.09999999999999917288, 2.500000000000000000, 1.114999999999999991 ) ) ;
#2149 = DIRECTION ( 'NONE',  ( 0.000000000000000000, 0.000000000000000000, -1.000000000000000000 ) ) ;
#2150 = AXIS2_PLACEMENT_3D ( 'NONE', #3066, #3858, #1268 ) ;
#2151 = CARTESIAN_POINT ( 'NONE',  ( -1.370000000000000551, 2.500000000000000000, 0.8149999999999999467 ) ) ;
#2152 = ADVANCED_FACE ( 'NONE', ( #1947 ), #4414, .F. ) ;
#2153 = PRESENTATION_STYLE_ASSIGNMENT (( #2495 ) ) ;
#2154 = CARTESIAN_POINT ( 'NONE',  ( 0.000000000000000000, 2.500000000000000000, 0.000000000000000000 ) ) ;
#2155 = VECTOR ( 'NONE', #1881, 1000.000000000000000 ) ;
#2156 = VERTEX_POINT ( 'NONE', #3367 ) ;
#2157 = ORIENTED_EDGE ( 'NONE', *, *, #1963, .F. ) ;
#2158 = PLANE ( 'NONE',  #3649 ) ;
#2159 = DIRECTION ( 'NONE',  ( -0.9061831399952655630, 0.000000000000000000, 0.4228854653311235334 ) ) ;
#2160 = EDGE_CURVE ( 'NONE', #3017, #1919, #3012, .T. ) ;
#2161 = LINE ( 'NONE', #1441, #2298 ) ;
#2162 = DIRECTION ( 'NONE',  ( -1.322197771323786623E-16, 0.000000000000000000, 1.000000000000000000 ) ) ;
#2163 = EDGE_LOOP ( 'NONE', ( #232, #70, #3550, #3052 ) ) ;
#2164 = VERTEX_POINT ( 'NONE', #3656 ) ;
#2165 = ORIENTED_EDGE ( 'NONE', *, *, #3302, .T. ) ;
#2166 = ORIENTED_EDGE ( 'NONE', *, *, #2981, .T. ) ;
#2167 = LINE ( 'NONE', #3594, #1027 ) ;
#2168 = EDGE_CURVE ( 'NONE', #509, #2997, #1873, .T. ) ;
#2169 = CARTESIAN_POINT ( 'NONE',  ( 0.4299999999999959410, 0.000000000000000000, -0.4300000000000042122 ) ) ;
#2170 = LINE ( 'NONE', #1761, #1913 ) ;
#2171 = CARTESIAN_POINT ( 'NONE',  ( 1.369999999999999218, 0.2500000000000000000, -1.055000000000002824 ) ) ;
#2172 = CARTESIAN_POINT ( 'NONE',  ( -1.700000000000004396, 0.2500000000000000000, 0.8400000000000038547 ) ) ;
#2173 = EDGE_CURVE ( 'NONE', #1337, #3709, #1487, .T. ) ;
#2174 = VECTOR ( 'NONE', #329, 1000.000000000000000 ) ;
#2175 = LINE ( 'NONE', #761, #2901 ) ;
#2176 = CARTESIAN_POINT ( 'NONE',  ( -2.110000000000004317, 0.000000000000000000, 0.8400000000000039657 ) ) ;
#2177 = VECTOR ( 'NONE', #2414, 1000.000000000000000 ) ;
#2178 = ORIENTED_EDGE ( 'NONE', *, *, #3991, .F. ) ;
#2179 = ADVANCED_FACE ( 'NONE', ( #1168 ), #2604, .F. ) ;
#2180 = ORIENTED_EDGE ( 'NONE', *, *, #3934, .T. ) ;
#2181 = LINE ( 'NONE', #1416, #1886 ) ;
#2182 = CARTESIAN_POINT ( 'NONE',  ( 2.540000000000000480, 0.2500000000000000000, -1.055000000000002824 ) ) ;
#2183 = LINE ( 'NONE', #2969, #2220 ) ;
#2184 = CARTESIAN_POINT ( 'NONE',  ( 1.369999999999999218, 0.2500000000000000000, 1.054999999999999272 ) ) ;
#2185 = LINE ( 'NONE', #2135, #3096 ) ;
#2186 = LINE ( 'NONE', #3162, #893 ) ;
#2187 = ORIENTED_EDGE ( 'NONE', *, *, #681, .T. ) ;
#2188 = EDGE_CURVE ( 'NONE', #1918, #2164, #2920, .T. ) ;
#2189 = EDGE_LOOP ( 'NONE', ( #2800, #2054, #3701, #2223 ) ) ;
#2190 = ORIENTED_EDGE ( 'NONE', *, *, #1343, .F. ) ;
#2191 = CARTESIAN_POINT ( 'NONE',  ( 2.540000000000000924, 0.2500000000000000000, 0.8400000000000037437 ) ) ;
#2192 = LINE ( 'NONE', #3639, #1000 ) ;
#2193 = LINE ( 'NONE', #1500, #1680 ) ;
#2194 = UNCERTAINTY_MEASURE_WITH_UNIT (LENGTH_MEASURE( 1.000000000000000082E-05 ), #3400, 'distance_accuracy_value', 'NONE');
#2195 = DIRECTION ( 'NONE',  ( 1.000000000000000000, 0.000000000000000000, -2.644395542647573245E-16 ) ) ;
#2196 = LINE ( 'NONE', #1454, #2795 ) ;
#2197 = EDGE_CURVE ( 'NONE', #875, #207, #2300, .T. ) ;
#2198 = CARTESIAN_POINT ( 'NONE',  ( -2.110000000000004317, 9.179827560572968892, -0.8400000000000039657 ) ) ;
#2199 = ORIENTED_EDGE ( 'NONE', *, *, #3879, .F. ) ;
#2200 = ORIENTED_EDGE ( 'NONE', *, *, #1815, .T. ) ;
#2201 = AXIS2_PLACEMENT_3D ( 'NONE', #4547, #3177, #999 ) ;
#2202 =( NAMED_UNIT ( * ) SI_UNIT ( $, .STERADIAN. ) SOLID_ANGLE_UNIT ( ) );
#2203 = VERTEX_POINT ( 'NONE', #3972 ) ;
#2204 = ORIENTED_EDGE ( 'NONE', *, *, #3891, .T. ) ;
#2205 = DIRECTION ( 'NONE',  ( 0.000000000000000000, -1.000000000000000000, 0.000000000000000000 ) ) ;
#2206 = CARTESIAN_POINT ( 'NONE',  ( 0.000000000000000000, 5.549999999999998934, 0.000000000000000000 ) ) ;
#2207 = AXIS2_PLACEMENT_3D ( 'NONE', #2444, #3866, #4218 ) ;
#2208 = DIRECTION ( 'NONE',  ( 1.000000000000000000, 0.000000000000000000, 1.322197771323786623E-16 ) ) ;
#2209 = PLANE ( 'NONE',  #2786 ) ;
#2210 = ORIENTED_EDGE ( 'NONE', *, *, #1251, .T. ) ;
#2211 = ORIENTED_EDGE ( 'NONE', *, *, #847, .F. ) ;
#2212 = CARTESIAN_POINT ( 'NONE',  ( -1.170000000000000817, 0.2500000000000000000, 1.054999999999999938 ) ) ;
#2213 = EDGE_CURVE ( 'NONE', #2848, #669, #769, .T. ) ;
#2214 = CARTESIAN_POINT ( 'NONE',  ( 0.09999999999999917288, 0.000000000000000000, 1.114999999999999991 ) ) ;
#2215 = DIRECTION ( 'NONE',  ( -0.4228854653311235334, 0.000000000000000000, 0.9061831399952655630 ) ) ;
#2216 = DIRECTION ( 'NONE',  ( 0.000000000000000000, 1.000000000000000000, 0.000000000000000000 ) ) ;
#2217 = DIRECTION ( 'NONE',  ( 1.000000000000000000, 0.000000000000000000, 0.000000000000000000 ) ) ;
#2218 = FACE_BOUND ( 'NONE', #1451, .T. ) ;
#2219 = VERTEX_POINT ( 'NONE', #3631 ) ;
#2220 = VECTOR ( 'NONE', #2919, 1000.000000000000000 ) ;
#2221 = ADVANCED_FACE ( 'NONE', ( #3320 ), #1847, .F. ) ;
#2222 = EDGE_CURVE ( 'NONE', #2119, #875, #2228, .T. ) ;
#2223 = ORIENTED_EDGE ( 'NONE', *, *, #2570, .T. ) ;
#2224 = ORIENTED_EDGE ( 'NONE', *, *, #3774, .T. ) ;
#2225 = ORIENTED_EDGE ( 'NONE', *, *, #3216, .F. ) ;
#2226 = DIRECTION ( 'NONE',  ( 0.000000000000000000, -0.000000000000000000, 1.000000000000000000 ) ) ;
#2227 = VECTOR ( 'NONE', #3638, 1000.000000000000000 ) ;
#2228 = LINE ( 'NONE', #80, #639 ) ;
#2229 = FACE_OUTER_BOUND ( 'NONE', #1513, .T. ) ;
#2230 = EDGE_CURVE ( 'NONE', #2282, #4430, #2256, .T. ) ;
#2231 = ORIENTED_EDGE ( 'NONE', *, *, #4603, .F. ) ;
#2232 = VERTEX_POINT ( 'NONE', #1193 ) ;
#2233 = LINE ( 'NONE', #3747, #2764 ) ;
#2234 = VERTEX_POINT ( 'NONE', #836 ) ;
#2235 = CARTESIAN_POINT ( 'NONE',  ( -0.8400000000000041878, 2.500000000000000000, -0.8400000000000039657 ) ) ;
#2236 = LINE ( 'NONE', #3397, #2789 ) ;
#2237 = DIRECTION ( 'NONE',  ( -1.322197771323786623E-16, 0.000000000000000000, 1.000000000000000000 ) ) ;
#2238 = SHAPE_REPRESENTATION ( '20021111-00008T4LF', ( #1999, #1838, #1094, #270, #117, #2077 ), #636 ) ;
#2239 = EDGE_CURVE ( 'NONE', #2899, #1341, #2628, .T. ) ;
#2240 = LINE ( 'NONE', #1155, #4575 ) ;
#2241 = LINE ( 'NONE', #2877, #2961 ) ;
#2242 = DIRECTION ( 'NONE',  ( 1.000000000000000000, -0.000000000000000000, 2.528751422706715933E-16 ) ) ;
#2243 = FACE_OUTER_BOUND ( 'NONE', #3057, .T. ) ;
#2244 = ORIENTED_EDGE ( 'NONE', *, *, #631, .F. ) ;
#2245 = FACE_OUTER_BOUND ( 'NONE', #4561, .T. ) ;
#2246 = ADVANCED_FACE ( 'NONE', ( #3172 ), #612, .F. ) ;
#2247 = ORIENTED_EDGE ( 'NONE', *, *, #3818, .F. ) ;
#2248 = CARTESIAN_POINT ( 'NONE',  ( -2.540000000000000480, 2.500000000000000000, 1.715000000000000080 ) ) ;
#2249 = PRODUCT_CONTEXT ( 'NONE', #2942, 'mechanical' ) ;
#2250 = VECTOR ( 'NONE', #3442, 1000.000000000000000 ) ;
#2251 = ORIENTED_EDGE ( 'NONE', *, *, #2811, .F. ) ;
#2252 = VERTEX_POINT ( 'NONE', #4247 ) ;
#2253 = EDGE_CURVE ( 'NONE', #1344, #2434, #1579, .T. ) ;
#2254 = CARTESIAN_POINT ( 'NONE',  ( -1.170000000000000817, 0.000000000000000000, -1.114999999999999991 ) ) ;
#2255 = VECTOR ( 'NONE', #1376, 1000.000000000000000 ) ;
#2256 = LINE ( 'NONE', #4393, #3933 ) ;
#2257 = CARTESIAN_POINT ( 'NONE',  ( -2.010000000000004228, -2.299999999999999822, 0.000000000000000000 ) ) ;
#2258 = FACE_OUTER_BOUND ( 'NONE', #489, .T. ) ;
#2259 = ORIENTED_EDGE ( 'NONE', *, *, #1247, .F. ) ;
#2260 = ADVANCED_FACE ( 'NONE', ( #2815 ), #3390, .F. ) ;
#2261 = EDGE_LOOP ( 'NONE', ( #138, #4303, #3945, #1746, #1973, #4192, #385, #2322 ) ) ;
#2262 = DIRECTION ( 'NONE',  ( -1.000000000000000000, 0.000000000000000000, 1.322197771323786623E-16 ) ) ;
#2263 = VERTEX_POINT ( 'NONE', #2449 ) ;
#2264 = AXIS2_PLACEMENT_3D ( 'NONE', #2266, #3690, #460 ) ;
#2265 = CARTESIAN_POINT ( 'NONE',  ( -2.110000000000004317, 5.275252258054534238, 0.8400000000000039657 ) ) ;
#2266 = CARTESIAN_POINT ( 'NONE',  ( 0.000000000000000000, -2.299999999999999822, 0.000000000000000000 ) ) ;
#2267 = PLANE ( 'NONE',  #168 ) ;
#2268 = LINE ( 'NONE', #826, #2760 ) ;
#2269 = FACE_OUTER_BOUND ( 'NONE', #2409, .T. ) ;
#2270 = ORIENTED_EDGE ( 'NONE', *, *, #2355, .T. ) ;
#2271 =( NAMED_UNIT ( * ) PLANE_ANGLE_UNIT ( ) SI_UNIT ( $, .RADIAN. ) );
#2272 = ORIENTED_EDGE ( 'NONE', *, *, #1737, .F. ) ;
#2273 = PLANE ( 'NONE',  #3908 ) ;
#2274 = CARTESIAN_POINT ( 'NONE',  ( 0.09999999999999917288, 2.200000000000000178, 0.8149999999999999467 ) ) ;
#2275 = DIRECTION ( 'NONE',  ( -0.000000000000000000, 1.000000000000000000, -0.000000000000000000 ) ) ;
#2276 = AXIS2_PLACEMENT_3D ( 'NONE', #1144, #2549, #816 ) ;
#2277 = DIRECTION ( 'NONE',  ( -0.000000000000000000, 1.000000000000000000, -0.000000000000000000 ) ) ;
#2278 = CARTESIAN_POINT ( 'NONE',  ( -1.170000000000000817, 0.000000000000000000, -0.8149999999999999467 ) ) ;
#2279 = EDGE_LOOP ( 'NONE', ( #698, #2178, #2390, #1243, #1140, #1113 ) ) ;
#2280 = ORIENTED_EDGE ( 'NONE', *, *, #3629, .F. ) ;
#2281 = CARTESIAN_POINT ( 'NONE',  ( -1.800000000000004263, -2.299999999999999822, -0.7400000000000039879 ) ) ;
#2282 = VERTEX_POINT ( 'NONE', #2672 ) ;
#2283 = DIRECTION ( 'NONE',  ( -0.000000000000000000, 0.000000000000000000, 1.000000000000000000 ) ) ;
#2284 = ADVANCED_FACE ( 'NONE', ( #3829 ), #3534, .F. ) ;
#2285 = PLANE ( 'NONE',  #3389 ) ;
#2286 = FACE_OUTER_BOUND ( 'NONE', #181, .T. ) ;
#2287 = AXIS2_PLACEMENT_3D ( 'NONE', #3310, #68, #2959 ) ;
#2288 = EDGE_CURVE ( 'NONE', #2420, #2545, #3128, .T. ) ;
#2289 = VECTOR ( 'NONE', #4494, 1000.000000000000000 ) ;
#2290 = SURFACE_STYLE_USAGE ( .BOTH. , #3422 ) ;
#2291 = LINE ( 'NONE', #3377, #2883 ) ;
#2292 = DIRECTION ( 'NONE',  ( 0.000000000000000000, -0.000000000000000000, -1.000000000000000000 ) ) ;
#2293 = DIRECTION ( 'NONE',  ( 1.000000000000000000, 0.000000000000000000, 0.000000000000000000 ) ) ;
#2294 = VECTOR ( 'NONE', #4359, 1000.000000000000000 ) ;
#2295 = ORIENTED_EDGE ( 'NONE', *, *, #2923, .T. ) ;
#2296 = ORIENTED_EDGE ( 'NONE', *, *, #3111, .F. ) ;
#2297 = LINE ( 'NONE', #4366, #1806 ) ;
#2298 = VECTOR ( 'NONE', #381, 1000.000000000000000 ) ;
#2299 = ORIENTED_EDGE ( 'NONE', *, *, #4444, .F. ) ;
#2300 = LINE ( 'NONE', #3341, #118 ) ;
#2301 = AXIS2_PLACEMENT_3D ( 'NONE', #3494, #3410, #1604 ) ;
#2302 = DIRECTION ( 'NONE',  ( 0.000000000000000000, 0.000000000000000000, 1.000000000000000000 ) ) ;
#2303 = CARTESIAN_POINT ( 'NONE',  ( -2.440000000000000391, 0.2500000000000000000, 1.055000000000000382 ) ) ;
#2304 = CARTESIAN_POINT ( 'NONE',  ( -2.160000000000000586, 0.000000000000000000, 1.715000000000000080 ) ) ;
#2305 = ORIENTED_EDGE ( 'NONE', *, *, #3968, .F. ) ;
#2306 = ORIENTED_EDGE ( 'NONE', *, *, #3731, .F. ) ;
#2307 = LINE ( 'NONE', #500, #3361 ) ;
#2308 = ORIENTED_EDGE ( 'NONE', *, *, #432, .F. ) ;
#2309 = EDGE_CURVE ( 'NONE', #47, #4411, #2407, .T. ) ;
#2310 = VECTOR ( 'NONE', #3517, 1000.000000000000000 ) ;
#2311 = DIRECTION ( 'NONE',  ( -0.000000000000000000, 1.000000000000000000, -0.000000000000000000 ) ) ;
#2312 = PLANE ( 'NONE',  #146 ) ;
#2313 = VECTOR ( 'NONE', #4553, 1000.000000000000000 ) ;
#2314 = EDGE_CURVE ( 'NONE', #2823, #4216, #1834, .T. ) ;
#2315 = DIRECTION ( 'NONE',  ( -0.000000000000000000, 0.000000000000000000, -1.000000000000000000 ) ) ;
#2316 = LINE ( 'NONE', #503, #3625 ) ;
#2317 = ITEM_DEFINED_TRANSFORMATION ( 'NONE', 'NONE', #117,  #3809 ) ;
#2318 = EDGE_LOOP ( 'NONE', ( #2651, #2484, #3748, #2225 ) ) ;
#2319 = CARTESIAN_POINT ( 'NONE',  ( -2.110000000000004317, 0.000000000000000000, -0.4300000000000042122 ) ) ;
#2320 = ORIENTED_EDGE ( 'NONE', *, *, #3257, .T. ) ;
#2321 = ORIENTED_EDGE ( 'NONE', *, *, #322, .F. ) ;
#2322 = ORIENTED_EDGE ( 'NONE', *, *, #2611, .T. ) ;
#2323 = CARTESIAN_POINT ( 'NONE',  ( 7.007648188016123507E-17, 5.549999999999998934, -0.5300000000000041345 ) ) ;
#2324 = CARTESIAN_POINT ( 'NONE',  ( -0.4300000000000043787, 2.500000000000000000, -0.8400000000000038547 ) ) ;
#2325 = EDGE_CURVE ( 'NONE', #821, #2618, #1158, .T. ) ;
#2326 = ORIENTED_EDGE ( 'NONE', *, *, #23, .T. ) ;
#2327 = ORIENTED_EDGE ( 'NONE', *, *, #4051, .T. ) ;
#2328 = LINE ( 'NONE', #1952, #2448 ) ;
#2329 = ORIENTED_EDGE ( 'NONE', *, *, #1018, .F. ) ;
#2330 = AXIS2_PLACEMENT_3D ( 'NONE', #54, #4065, #1489 ) ;
#2331 = CARTESIAN_POINT ( 'NONE',  ( -0.8400000000000041878, 2.500000000000000000, 0.4300000000000042122 ) ) ;
#2332 = EDGE_CURVE ( 'NONE', #3017, #1810, #3214, .T. ) ;
#2333 = DIRECTION ( 'NONE',  ( -1.000000000000000000, -0.000000000000000000, 1.322197771323786623E-16 ) ) ;
#2334 = VECTOR ( 'NONE', #925, 1000.000000000000000 ) ;
#2335 = SHAPE_REPRESENTATION_RELATIONSHIP ( 'NONE' , 'NONE' ,  #1131, #754 ) ;
#2336 = DIRECTION ( 'NONE',  ( 0.000000000000000000, -0.000000000000000000, -1.000000000000000000 ) ) ;
#2337 = DIRECTION ( 'NONE',  ( 1.000000000000000000, 0.000000000000000000, 0.000000000000000000 ) ) ;
#2338 = EDGE_CURVE ( 'NONE', #3227, #655, #4009, .T. ) ;
#2339 = VERTEX_POINT ( 'NONE', #3959 ) ;
#2340 = VERTEX_POINT ( 'NONE', #1475 ) ;
#2341 = EDGE_LOOP ( 'NONE', ( #797, #3244, #4609, #1185 ) ) ;
#2342 = CARTESIAN_POINT ( 'NONE',  ( -2.110000000000004317, 0.000000000000000000, -0.8400000000000039657 ) ) ;
#2343 = ADVANCED_FACE ( 'NONE', ( #1135 ), #2564, .F. ) ;
#2344 = DIRECTION ( 'NONE',  ( -1.000000000000000000, 0.000000000000000000, 0.000000000000000000 ) ) ;
#2345 = CARTESIAN_POINT ( 'NONE',  ( -0.1000000000000004774, 2.500000000000000000, 0.8149999999999999467 ) ) ;
#2346 = LINE ( 'NONE', #3764, #1282 ) ;
#2347 = ORIENTED_EDGE ( 'NONE', *, *, #2188, .T. ) ;
#2348 = ORIENTED_EDGE ( 'NONE', *, *, #1955, .T. ) ;
#2349 = CARTESIAN_POINT ( 'NONE',  ( -1.170000000000000817, 0.000000000000000000, -1.114999999999999991 ) ) ;
#2350 = ORIENTED_EDGE ( 'NONE', *, *, #1682, .T. ) ;
#2351 = LINE ( 'NONE', #3070, #2859 ) ;
#2352 = DIRECTION ( 'NONE',  ( 0.9061831399952651189, 0.000000000000000000, -0.4228854653311246437 ) ) ;
#2353 = ORIENTED_EDGE ( 'NONE', *, *, #778, .T. ) ;
#2354 = VECTOR ( 'NONE', #755, 1000.000000000000000 ) ;
#2355 = EDGE_CURVE ( 'NONE', #579, #343, #1230, .T. ) ;
#2356 = VECTOR ( 'NONE', #4001, 1000.000000000000000 ) ;
#2357 = PLANE ( 'NONE',  #559 ) ;
#2358 = CARTESIAN_POINT ( 'NONE',  ( -2.110000000000004317, 9.179827560572968892, -0.4300000000000042122 ) ) ;
#2359 = VERTEX_POINT ( 'NONE', #4424 ) ;
#2360 = PLANE ( 'NONE',  #4361 ) ;
#2361 = CARTESIAN_POINT ( 'NONE',  ( -2.110000000000004317, -2.025252258054541343, 0.8400000000000039657 ) ) ;
#2362 = ORIENTED_EDGE ( 'NONE', *, *, #1549, .F. ) ;
#2363 = DIRECTION ( 'NONE',  ( 1.000000000000000000, 0.000000000000000000, -2.644395542647573245E-16 ) ) ;
#2364 = LINE ( 'NONE', #3783, #3037 ) ;
#2365 = PLANE ( 'NONE',  #3290 ) ;
#2366 = EDGE_CURVE ( 'NONE', #3951, #2112, #2268, .T. ) ;
#2367 = LINE ( 'NONE', #2674, #2983 ) ;
#2368 = EDGE_CURVE ( 'NONE', #2552, #3317, #2658, .T. ) ;
#2369 = VERTEX_POINT ( 'NONE', #527 ) ;
#2370 = EDGE_LOOP ( 'NONE', ( #3350, #2416, #2011, #2666 ) ) ;
#2371 = DIRECTION ( 'NONE',  ( -0.9061831399952655630, 0.000000000000000000, 0.4228854653311235334 ) ) ;
#2372 = EDGE_LOOP ( 'NONE', ( #2347, #4485, #1394, #2199 ) ) ;
#2373 = AXIS2_PLACEMENT_3D ( 'NONE', #2884, #2914, #3561 ) ;
#2374 = AXIS2_PLACEMENT_3D ( 'NONE', #4435, #1284, #1310 ) ;
#2375 = ADVANCED_FACE ( 'NONE', ( #4404, #192 ), #1208, .F. ) ;
#2376 = CARTESIAN_POINT ( 'NONE',  ( -1.370000000000000551, 0.000000000000000000, 1.114999999999999991 ) ) ;
#2377 = DIRECTION ( 'NONE',  ( -1.000000000000000000, 0.000000000000000000, -0.000000000000000000 ) ) ;
#2378 = CARTESIAN_POINT ( 'NONE',  ( -1.170000000000000817, 0.000000000000000000, 0.8149999999999999467 ) ) ;
#2379 = AXIS2_PLACEMENT_3D ( 'NONE', #3043, #842, #2262 ) ;
#2380 = DIRECTION ( 'NONE',  ( -0.9396926207859090940, -0.3420201433256666590, -0.000000000000000000 ) ) ;
#2381 = CARTESIAN_POINT ( 'NONE',  ( 0.8899999999999996803, 0.000000000000000000, -1.715000000000000080 ) ) ;
#2382 = FACE_OUTER_BOUND ( 'NONE', #125, .T. ) ;
#2383 = LINE ( 'NONE', #2319, #3011 ) ;
#2384 = ORIENTED_EDGE ( 'NONE', *, *, #541, .F. ) ;
#2385 = ORIENTED_EDGE ( 'NONE', *, *, #1018, .T. ) ;
#2386 = LINE ( 'NONE', #4545, #3841 ) ;
#2387 = DIRECTION ( 'NONE',  ( 0.000000000000000000, -0.000000000000000000, -1.000000000000000000 ) ) ;
#2388 = LINE ( 'NONE', #2345, #3574 ) ;
#2389 = ADVANCED_FACE ( 'NONE', ( #4054 ), #3076, .F. ) ;
#2390 = ORIENTED_EDGE ( 'NONE', *, *, #1374, .T. ) ;
#2391 = ORIENTED_EDGE ( 'NONE', *, *, #3911, .T. ) ;
#2392 = DIRECTION ( 'NONE',  ( 0.000000000000000000, -1.000000000000000000, 0.000000000000000000 ) ) ;
#2393 = ORIENTED_EDGE ( 'NONE', *, *, #2649, .F. ) ;
#2394 = CARTESIAN_POINT ( 'NONE',  ( -2.110000000000004317, 9.179827560572968892, -0.8400000000000039657 ) ) ;
#2395 = PRODUCT ( '20021111-additional_4', '20021111-additional_4', '', ( #3402 ) ) ;
#2396 = CARTESIAN_POINT ( 'NONE',  ( 2.109999999999995435, 0.2500000000000000000, 0.8400000000000038547 ) ) ;
#2397 = VECTOR ( 'NONE', #4491, 1000.000000000000000 ) ;
#2398 = DIRECTION ( 'NONE',  ( 2.528751422706715933E-16, 0.000000000000000000, 1.000000000000000000 ) ) ;
#2399 = ADVANCED_FACE ( 'NONE', ( #808 ), #4034, .F. ) ;
#2400 = ORIENTED_EDGE ( 'NONE', *, *, #2325, .F. ) ;
#2401 = CARTESIAN_POINT ( 'NONE',  ( -2.110000000000004317, 0.000000000000000000, -0.8400000000000039657 ) ) ;
#2402 = EDGE_CURVE ( 'NONE', #3316, #721, #4470, .T. ) ;
#2403 = PLANE ( 'NONE',  #1533 ) ;
#2404 = ORIENTED_EDGE ( 'NONE', *, *, #4189, .T. ) ;
#2405 = PLANE ( 'NONE',  #1906 ) ;
#2406 = PLANE ( 'NONE',  #1273 ) ;
#2407 = LINE ( 'NONE', #2489, #3285 ) ;
#2408 = DIRECTION ( 'NONE',  ( 0.000000000000000000, 0.000000000000000000, -1.000000000000000000 ) ) ;
#2409 = EDGE_LOOP ( 'NONE', ( #3721, #4599, #29, #2393 ) ) ;
#2410 = VECTOR ( 'NONE', #90, 1000.000000000000000 ) ;
#2411 = CARTESIAN_POINT ( 'NONE',  ( 2.439999999999999503, 0.5000000000000000000, -1.715000000000000080 ) ) ;
#2412 = ADVANCED_FACE ( 'NONE', ( #2243 ), #3669, .F. ) ;
#2413 = DIRECTION ( 'NONE',  ( 1.000000000000000000, 0.000000000000000000, 0.000000000000000000 ) ) ;
#2414 = DIRECTION ( 'NONE',  ( 0.000000000000000000, -1.000000000000000000, 0.000000000000000000 ) ) ;
#2415 = ORIENTED_EDGE ( 'NONE', *, *, #2093, .F. ) ;
#2416 = ORIENTED_EDGE ( 'NONE', *, *, #2614, .T. ) ;
#2417 = LINE ( 'NONE', #911, #3939 ) ;
#2418 =( NAMED_UNIT ( * ) SI_UNIT ( $, .STERADIAN. ) SOLID_ANGLE_UNIT ( ) );
#2419 = CARTESIAN_POINT ( 'NONE',  ( -1.700000000000004396, 5.275252258054534238, -0.8400000000000038547 ) ) ;
#2420 = VERTEX_POINT ( 'NONE', #3376 ) ;
#2421 = ORIENTED_EDGE ( 'NONE', *, *, #2953, .F. ) ;
#2422 = DIRECTION ( 'NONE',  ( -1.000000000000000000, 0.000000000000000000, 0.000000000000000000 ) ) ;
#2423 = AXIS2_PLACEMENT_3D ( 'NONE', #2206, #4324, #1118 ) ;
#2424 = EDGE_CURVE ( 'NONE', #1822, #1918, #3354, .T. ) ;
#2425 = LINE ( 'NONE', #2076, #924 ) ;
#2426 = CARTESIAN_POINT ( 'NONE',  ( -2.440000000000000835, 0.000000000000000000, 1.055000000000000382 ) ) ;
#2427 = ADVANCED_FACE ( 'NONE', ( #144 ), #1523, .F. ) ;
#2428 = DIRECTION ( 'NONE',  ( 0.3236155771181874474, 0.8891264907159862618, 0.3236155771181873364 ) ) ;
#2429 = CARTESIAN_POINT ( 'NONE',  ( -0.4300000000000043787, 0.2500000000000000000, 0.8400000000000038547 ) ) ;
#2430 = LINE ( 'NONE', #4201, #3122 ) ;
#2431 = CARTESIAN_POINT ( 'NONE',  ( 1.169999999999999707, 0.000000000000000000, 0.8149999999999999467 ) ) ;
#2432 = CARTESIAN_POINT ( 'NONE',  ( -2.110000000000004317, 0.2500000000000000000, -0.4300000000000042122 ) ) ;
#2433 = CARTESIAN_POINT ( 'NONE',  ( -2.110000000000004317, 5.275252258054534238, 0.8400000000000039657 ) ) ;
#2434 = VERTEX_POINT ( 'NONE', #4381 ) ;
#2435 = ADVANCED_FACE ( 'NONE', ( #1548 ), #1297, .F. ) ;
#2436 = CARTESIAN_POINT ( 'NONE',  ( -1.370000000000000551, 0.2500000000000000000, 0.8149999999999999467 ) ) ;
#2437 = LINE ( 'NONE', #2184, #25 ) ;
#2438 = FACE_OUTER_BOUND ( 'NONE', #3073, .T. ) ;
#2439 = PLANE ( 'NONE',  #588 ) ;
#2440 = VERTEX_POINT ( 'NONE', #990 ) ;
#2441 = EDGE_CURVE ( 'NONE', #422, #2369, #582, .T. ) ;
#2442 = ORIENTED_EDGE ( 'NONE', *, *, #1090, .F. ) ;
#2443 = PRESENTATION_LAYER_ASSIGNMENT (  '', '', ( #943 ) ) ;
#2444 = CARTESIAN_POINT ( 'NONE',  ( 0.4299999999999959410, 0.000000000000000000, -0.4300000000000042122 ) ) ;
#2445 = CARTESIAN_POINT ( 'NONE',  ( 0.000000000000000000, 0.000000000000000000, 0.000000000000000000 ) ) ;
#2446 = EDGE_CURVE ( 'NONE', #774, #721, #308, .T. ) ;
#2447 = LINE ( 'NONE', #609, #2569 ) ;
#2448 = VECTOR ( 'NONE', #885, 1000.000000000000000 ) ;
#2449 = CARTESIAN_POINT ( 'NONE',  ( -1.700000000000004396, 5.275252258054534238, 0.4300000000000041567 ) ) ;
#2450 = CARTESIAN_POINT ( 'NONE',  ( 2.109999999999995435, 2.500000000000000000, 0.8400000000000038547 ) ) ;
#2451 = CARTESIAN_POINT ( 'NONE',  ( -0.8400000000000041878, 0.000000000000000000, 0.8400000000000039657 ) ) ;
#2452 = PLANE ( 'NONE',  #1766 ) ;
#2453 = EDGE_CURVE ( 'NONE', #1953, #370, #3167, .T. ) ;
#2454 = ORIENTED_EDGE ( 'NONE', *, *, #2332, .F. ) ;
#2455 = VERTEX_POINT ( 'NONE', #605 ) ;
#2456 = DIRECTION ( 'NONE',  ( 0.000000000000000000, -0.000000000000000000, -1.000000000000000000 ) ) ;
#2457 = DIRECTION ( 'NONE',  ( 0.000000000000000000, 0.000000000000000000, 1.000000000000000000 ) ) ;
#2458 = ADVANCED_FACE ( 'NONE', ( #1734 ), #1015, .T. ) ;
#2459 = PRODUCT_DEFINITION_CONTEXT ( 'detailed design', #1252, 'design' ) ;
#2460 = SURFACE_SIDE_STYLE ('',( #2096 ) ) ;
#2461 = DIRECTION ( 'NONE',  ( -0.4228854653311245881, 0.000000000000000000, -0.9061831399952650079 ) ) ;
#2462 = VERTEX_POINT ( 'NONE', #4583 ) ;
#2463 = ORIENTED_EDGE ( 'NONE', *, *, #4069, .T. ) ;
#2464 = CARTESIAN_POINT ( 'NONE',  ( -1.370000000000000551, 0.000000000000000000, -1.055000000000001714 ) ) ;
#2465 = COLOUR_RGB ( '',0.7921568627450980005, 0.8196078431372548767, 0.9333333333333333481 ) ;
#2466 = ADVANCED_FACE ( 'NONE', ( #1386 ), #1324, .T. ) ;
#2467 = ORIENTED_EDGE ( 'NONE', *, *, #4418, .T. ) ;
#2468 = PLANE ( 'NONE',  #258 ) ;
#2469 = DIRECTION ( 'NONE',  ( 1.000000000000000000, 0.000000000000000000, 0.000000000000000000 ) ) ;
#2470 = VECTOR ( 'NONE', #1222, 1000.000000000000000 ) ;
#2471 = DIRECTION ( 'NONE',  ( -0.000000000000000000, 1.000000000000000000, 0.000000000000000000 ) ) ;
#2472 = DIRECTION ( 'NONE',  ( 0.000000000000000000, -0.000000000000000000, -1.000000000000000000 ) ) ;
#2473 = LINE ( 'NONE', #1411, #3982 ) ;
#2474 = EDGE_CURVE ( 'NONE', #2090, #1994, #918, .T. ) ;
#2475 = DIRECTION ( 'NONE',  ( 0.000000000000000000, -1.000000000000000000, 0.000000000000000000 ) ) ;
#2476 = AXIS2_PLACEMENT_3D ( 'NONE', #4416, #4085, #4480 ) ;
#2477 = EDGE_CURVE ( 'NONE', #3583, #1965, #4486, .T. ) ;
#2478 = ORIENTED_EDGE ( 'NONE', *, *, #141, .T. ) ;
#2479 = EDGE_LOOP ( 'NONE', ( #549, #1917, #74, #677, #1003, #2963, #884, #3816 ) ) ;
#2480 = FILL_AREA_STYLE ('',( #4594 ) ) ;
#2481 = CARTESIAN_POINT ( 'NONE',  ( -1.700000000000004396, 2.500000000000000000, 0.4300000000000041567 ) ) ;
#2482 = DIRECTION ( 'NONE',  ( 1.000000000000000000, 0.000000000000000000, 0.000000000000000000 ) ) ;
#2483 = ORIENTED_EDGE ( 'NONE', *, *, #3544, .T. ) ;
#2484 = ORIENTED_EDGE ( 'NONE', *, *, #4096, .T. ) ;
#2485 = CARTESIAN_POINT ( 'NONE',  ( -2.110000000000004317, 5.275252258054534238, 0.4300000000000042122 ) ) ;
#2486 = ADVANCED_FACE ( 'NONE', ( #2003 ), #1657, .F. ) ;
#2487 = DIRECTION ( 'NONE',  ( -1.000000000000000000, 0.000000000000000000, -2.644395542647573245E-16 ) ) ;
#2488 = CARTESIAN_POINT ( 'NONE',  ( 1.169999999999999707, 0.2500000000000000000, 1.054999999999999494 ) ) ;
#2489 = CARTESIAN_POINT ( 'NONE',  ( -1.700000000000004396, -2.025252258054541343, 0.4300000000000041567 ) ) ;
#2490 = LINE ( 'NONE', #786, #1728 ) ;
#2491 = CARTESIAN_POINT ( 'NONE',  ( 2.439999999999999503, 0.5000000000000000000, -1.715000000000000080 ) ) ;
#2492 = CARTESIAN_POINT ( 'NONE',  ( -2.010000000000004228, -2.299999999999999822, 0.7400000000000040989 ) ) ;
#2493 = EDGE_CURVE ( 'NONE', #305, #1341, #4187, .T. ) ;
#2494 = AXIS2_PLACEMENT_3D ( 'NONE', #3283, #845, #415 ) ;
#2495 = SURFACE_STYLE_USAGE ( .BOTH. , #1784 ) ;
#2496 = LINE ( 'NONE', #4293, #3459 ) ;
#2497 = ORIENTED_EDGE ( 'NONE', *, *, #4391, .F. ) ;
#2498 = VERTEX_POINT ( 'NONE', #1272 ) ;
#2499 = EDGE_CURVE ( 'NONE', #703, #4467, #1291, .T. ) ;
#2500 = LINE ( 'NONE', #3565, #4536 ) ;
#2501 = CARTESIAN_POINT ( 'NONE',  ( 1.169999999999999707, 0.000000000000000000, -0.8149999999999999467 ) ) ;
#2502 = AXIS2_PLACEMENT_3D ( 'NONE', #1278, #2716, #4148 ) ;
#2503 =( LENGTH_UNIT ( ) NAMED_UNIT ( * ) SI_UNIT ( .MILLI., .METRE. ) );
#2504 = VECTOR ( 'NONE', #3308, 1000.000000000000227 ) ;
#2505 = VECTOR ( 'NONE', #2428, 1000.000000000000114 ) ;
#2506 = EDGE_LOOP ( 'NONE', ( #336, #2299, #2259, #2985 ) ) ;
#2507 = ORIENTED_EDGE ( 'NONE', *, *, #3098, .F. ) ;
#2508 = EDGE_LOOP ( 'NONE', ( #1804, #4440, #3962, #3591 ) ) ;
#2509 = DIRECTION ( 'NONE',  ( 1.000000000000000000, 0.000000000000000000, -1.322197771323786623E-16 ) ) ;
#2510 = DIRECTION ( 'NONE',  ( 2.528751422706715933E-16, 0.000000000000000000, 1.000000000000000000 ) ) ;
#2511 = EDGE_CURVE ( 'NONE', #1217, #1953, #237, .T. ) ;
#2512 = VECTOR ( 'NONE', #3197, 1000.000000000000000 ) ;
#2513 = EDGE_LOOP ( 'NONE', ( #3437, #702, #2805, #4319 ) ) ;
#2514 = VECTOR ( 'NONE', #51, 1000.000000000000000 ) ;
#2515 = CARTESIAN_POINT ( 'NONE',  ( -1.650000000000000355, 0.000000000000000000, -1.715000000000000080 ) ) ;
#2516 = AXIS2_PLACEMENT_3D ( 'NONE', #513, #4586, #1694 ) ;
#2517 = EDGE_CURVE ( 'NONE', #3804, #2232, #1705, .T. ) ;
#2518 = DIRECTION ( 'NONE',  ( 0.000000000000000000, 0.000000000000000000, 1.000000000000000000 ) ) ;
#2519 = LINE ( 'NONE', #1372, #2813 ) ;
#2520 = VECTOR ( 'NONE', #2509, 1000.000000000000000 ) ;
#2521 = SURFACE_STYLE_FILL_AREA ( #3265 ) ;
#2522 = ADVANCED_FACE ( 'NONE', ( #2682 ), #4093, .F. ) ;
#2523 = VECTOR ( 'NONE', #254, 1000.000000000000000 ) ;
#2524 = ORIENTED_EDGE ( 'NONE', *, *, #3210, .T. ) ;
#2525 = ORIENTED_EDGE ( 'NONE', *, *, #2197, .F. ) ;
#2526 = ORIENTED_EDGE ( 'NONE', *, *, #1021, .T. ) ;
#2527 =( LENGTH_UNIT ( ) NAMED_UNIT ( * ) SI_UNIT ( .MILLI., .METRE. ) );
#2528 = DIRECTION ( 'NONE',  ( 0.4228854653311235334, 0.000000000000000000, 0.9061831399952655630 ) ) ;
#2529 = DIRECTION ( 'NONE',  ( 0.000000000000000000, 0.000000000000000000, -1.000000000000000000 ) ) ;
#2530 = FACE_OUTER_BOUND ( 'NONE', #3864, .T. ) ;
#2531 = CARTESIAN_POINT ( 'NONE',  ( 1.699999999999995737, 2.500000000000000000, 0.8400000000000039657 ) ) ;
#2532 = EDGE_LOOP ( 'NONE', ( #851, #4279, #3884, #3270, #4207, #2100, #2930, #1490 ) ) ;
#2533 = ORIENTED_EDGE ( 'NONE', *, *, #4158, .F. ) ;
#2534 = ORIENTED_EDGE ( 'NONE', *, *, #3149, .T. ) ;
#2535 = CARTESIAN_POINT ( 'NONE',  ( 0.09999999999999917288, 0.000000000000000000, -1.114999999999999991 ) ) ;
#2536 = EDGE_CURVE ( 'NONE', #2896, #1200, #1517, .T. ) ;
#2537 = LINE ( 'NONE', #3281, #1567 ) ;
#2538 = CARTESIAN_POINT ( 'NONE',  ( -1.800000000000004263, -2.299999999999999822, -0.5300000000000039124 ) ) ;
#2539 = LINE ( 'NONE', #13, #3880 ) ;
#2540 = LINE ( 'NONE', #2857, #2717 ) ;
#2541 = PLANE ( 'NONE',  #2976 ) ;
#2542 = AXIS2_PLACEMENT_3D ( 'NONE', #1335, #4086, #1651 ) ;
#2543 = CARTESIAN_POINT ( 'NONE',  ( 0.000000000000000000, 0.000000000000000000, 0.000000000000000000 ) ) ;
#2544 = AXIS2_PLACEMENT_3D ( 'NONE', #3174, #708, #2408 ) ;
#2545 = VERTEX_POINT ( 'NONE', #3061 ) ;
#2546 = ORIENTED_EDGE ( 'NONE', *, *, #3266, .T. ) ;
#2547 = ORIENTED_EDGE ( 'NONE', *, *, #4490, .F. ) ;
#2548 = EDGE_CURVE ( 'NONE', #4527, #306, #1797, .T. ) ;
#2549 = DIRECTION ( 'NONE',  ( 0.9061831399952651189, 0.000000000000000000, 0.4228854653311246437 ) ) ;
#2550 = CARTESIAN_POINT ( 'NONE',  ( 2.540000000000001368, 1.292469707114105742E-23, 1.054999999999999050 ) ) ;
#2551 = LINE ( 'NONE', #1488, #403 ) ;
#2552 = VERTEX_POINT ( 'NONE', #2535 ) ;
#2553 = ORIENTED_EDGE ( 'NONE', *, *, #898, .T. ) ;
#2554 = EDGE_LOOP ( 'NONE', ( #2049, #3040, #2555, #986 ) ) ;
#2555 = ORIENTED_EDGE ( 'NONE', *, *, #3918, .F. ) ;
#2556 = VECTOR ( 'NONE', #1285, 1000.000000000000000 ) ;
#2557 = CARTESIAN_POINT ( 'NONE',  ( 2.540000000000000480, 0.2500000000000000000, -0.4300000000000038236 ) ) ;
#2558 = DIRECTION ( 'NONE',  ( -0.000000000000000000, 1.000000000000000000, -0.000000000000000000 ) ) ;
#2559 = CARTESIAN_POINT ( 'NONE',  ( 2.109999999999995435, 2.500000000000000000, -0.4300000000000041567 ) ) ;
#2560 = LINE ( 'NONE', #781, #530 ) ;
#2561 = EDGE_CURVE ( 'NONE', #510, #3792, #4000, .T. ) ;
#2562 = DIRECTION ( 'NONE',  ( -0.4228854653311240885, -0.000000000000000000, -0.9061831399952653410 ) ) ;
#2563 = DIRECTION ( 'NONE',  ( 2.528751422706715933E-16, 0.000000000000000000, -1.000000000000000000 ) ) ;
#2564 = PLANE ( 'NONE',  #482 ) ;
#2565 = EDGE_CURVE ( 'NONE', #3362, #571, #177, .T. ) ;
#2566 = VECTOR ( 'NONE', #521, 1000.000000000000114 ) ;
#2567 = DIRECTION ( 'NONE',  ( 1.000000000000000000, 0.000000000000000000, -2.528751422706715933E-16 ) ) ;
#2568 = DIRECTION ( 'NONE',  ( 2.644395542647573245E-16, 0.000000000000000000, -1.000000000000000000 ) ) ;
#2569 = VECTOR ( 'NONE', #2057, 1000.000000000000000 ) ;
#2570 = EDGE_CURVE ( 'NONE', #1810, #3480, #3408, .T. ) ;
#2571 = ORIENTED_EDGE ( 'NONE', *, *, #1292, .T. ) ;
#2572 = ORIENTED_EDGE ( 'NONE', *, *, #3238, .T. ) ;
#2573 = DIRECTION ( 'NONE',  ( 0.3236155771181874474, -0.8891264907159862618, -0.3236155771181874474 ) ) ;
#2574 = VECTOR ( 'NONE', #3979, 1000.000000000000000 ) ;
#2575 = CARTESIAN_POINT ( 'NONE',  ( -0.4300000000000041567, 0.2500000000000000000, -1.055000000000002824 ) ) ;
#2576 = DIRECTION ( 'NONE',  ( -1.000000000000000000, 0.000000000000000000, 2.644395542647573245E-16 ) ) ;
#2577 = EDGE_CURVE ( 'NONE', #2850, #75, #1603, .T. ) ;
#2578 = ORIENTED_EDGE ( 'NONE', *, *, #2037, .T. ) ;
#2579 = ORIENTED_EDGE ( 'NONE', *, *, #3269, .T. ) ;
#2580 = VECTOR ( 'NONE', #4472, 1000.000000000000000 ) ;
#2581 = DIRECTION ( 'NONE',  ( -0.000000000000000000, -1.000000000000000000, 0.000000000000000000 ) ) ;
#2582 = ORIENTED_EDGE ( 'NONE', *, *, #94, .F. ) ;
#2583 = VECTOR ( 'NONE', #3286, 1000.000000000000000 ) ;
#2584 = CARTESIAN_POINT ( 'NONE',  ( -2.110000000000004317, -2.025252258054541343, -0.4300000000000042122 ) ) ;
#2585 = CARTESIAN_POINT ( 'NONE',  ( 1.169999999999999707, 0.5000000000000000000, 0.8149999999999990585 ) ) ;
#2586 = ADVANCED_FACE ( 'NONE', ( #86 ), #3954, .F. ) ;
#2587 = FACE_OUTER_BOUND ( 'NONE', #3186, .T. ) ;
#2588 = DIRECTION ( 'NONE',  ( 0.000000000000000000, -1.000000000000000000, 0.000000000000000000 ) ) ;
#2589 = CARTESIAN_POINT ( 'NONE',  ( 0.8899999999999996803, 0.000000000000000000, -1.715000000000000080 ) ) ;
#2590 = ORIENTED_EDGE ( 'NONE', *, *, #2827, .F. ) ;
#2591 = CARTESIAN_POINT ( 'NONE',  ( -1.170000000000000817, 0.000000000000000000, -0.8149999999999999467 ) ) ;
#2592 = PRODUCT_DEFINITION_FORMATION_WITH_SPECIFIED_SOURCE ( 'ANY', '', #2395, .NOT_KNOWN. ) ;
#2593 = ORIENTED_EDGE ( 'NONE', *, *, #1343, .T. ) ;
#2594 = ORIENTED_EDGE ( 'NONE', *, *, #496, .T. ) ;
#2595 = AXIS2_PLACEMENT_3D ( 'NONE', #4181, #4084, #1580 ) ;
#2596 = APPLICATION_PROTOCOL_DEFINITION ( 'draft international standard', 'automotive_design', 1998, #916 ) ;
#2597 = EDGE_CURVE ( 'NONE', #1672, #2455, #4373, .T. ) ;
#2598 = PLANE ( 'NONE',  #3021 ) ;
#2599 = EDGE_LOOP ( 'NONE', ( #4040, #1383, #2700, #1313 ) ) ;
#2600 = ORIENTED_EDGE ( 'NONE', *, *, #1080, .T. ) ;
#2601 = ORIENTED_EDGE ( 'NONE', *, *, #1699, .F. ) ;
#2602 = PLANE ( 'NONE',  #3256 ) ;
#2603 = VECTOR ( 'NONE', #3159, 1000.000000000000000 ) ;
#2604 = PLANE ( 'NONE',  #1325 ) ;
#2605 = PLANE ( 'NONE',  #4591 ) ;
#2606 = VERTEX_POINT ( 'NONE', #1151 ) ;
#2607 = VERTEX_POINT ( 'NONE', #2610 ) ;
#2608 = CARTESIAN_POINT ( 'NONE',  ( -2.110000000000004317, 0.000000000000000000, -0.8400000000000039657 ) ) ;
#2609 = ORIENTED_EDGE ( 'NONE', *, *, #3918, .T. ) ;
#2610 = CARTESIAN_POINT ( 'NONE',  ( -0.1000000000000002554, 0.2500000000000000000, -1.055000000000002824 ) ) ;
#2611 = EDGE_CURVE ( 'NONE', #1217, #4216, #1447, .T. ) ;
#2612 = LINE ( 'NONE', #4029, #373 ) ;
#2613 = CARTESIAN_POINT ( 'NONE',  ( -2.110000000000004317, 2.500000000000000000, -0.8400000000000039657 ) ) ;
#2614 = EDGE_CURVE ( 'NONE', #1097, #2065, #2167, .T. ) ;
#2615 = CARTESIAN_POINT ( 'NONE',  ( -2.540000000000000480, 2.500000000000000000, 1.715000000000000080 ) ) ;
#2616 = CARTESIAN_POINT ( 'NONE',  ( -1.370000000000000551, 0.000000000000000000, 0.8149999999999999467 ) ) ;
#2617 = CARTESIAN_POINT ( 'NONE',  ( 1.699999999999995737, 0.2500000000000000000, 0.4300000000000042122 ) ) ;
#2618 = VERTEX_POINT ( 'NONE', #34 ) ;
#2619 = SHAPE_DEFINITION_REPRESENTATION ( #1676, #1131 ) ;
#2620 = VECTOR ( 'NONE', #3050, 1000.000000000000000 ) ;
#2621 = DIRECTION ( 'NONE',  ( 0.000000000000000000, 0.000000000000000000, -1.000000000000000000 ) ) ;
#2622 = VERTEX_POINT ( 'NONE', #4306 ) ;
#2623 = ORIENTED_EDGE ( 'NONE', *, *, #4482, .T. ) ;
#2624 = ORIENTED_EDGE ( 'NONE', *, *, #4167, .F. ) ;
#2625 = CARTESIAN_POINT ( 'NONE',  ( 1.956852701559213599E-16, -2.299999999999999822, 0.7400000000000035438 ) ) ;
#2626 = EDGE_CURVE ( 'NONE', #479, #1516, #3280, .T. ) ;
#2627 = AXIS2_PLACEMENT_3D ( 'NONE', #2097, #675, #4616 ) ;
#2628 = LINE ( 'NONE', #4042, #3859 ) ;
#2629 = DIRECTION ( 'NONE',  ( -0.000000000000000000, 1.000000000000000000, -0.000000000000000000 ) ) ;
#2630 = VERTEX_POINT ( 'NONE', #1825 ) ;
#2631 = ORIENTED_EDGE ( 'NONE', *, *, #3238, .F. ) ;
#2632 = LINE ( 'NONE', #1541, #3865 ) ;
#2633 = VERTEX_POINT ( 'NONE', #2212 ) ;
#2634 = AXIS2_PLACEMENT_3D ( 'NONE', #2491, #2471, #3894 ) ;
#2635 = CARTESIAN_POINT ( 'NONE',  ( 0.4299999999999959410, 0.000000000000000000, -0.8400000000000039657 ) ) ;
#2636 = CARTESIAN_POINT ( 'NONE',  ( -0.8400000000000041878, 0.000000000000000000, -0.4300000000000042122 ) ) ;
#2637 = DIRECTION ( 'NONE',  ( 0.3236155771181830065, -0.8891264907159897035, -0.3236155771181826735 ) ) ;
#2638 = EDGE_LOOP ( 'NONE', ( #1504, #223, #1491, #4550 ) ) ;
#2639 = DIRECTION ( 'NONE',  ( -1.000000000000000000, -0.000000000000000000, -0.000000000000000000 ) ) ;
#2640 = ORIENTED_EDGE ( 'NONE', *, *, #2160, .T. ) ;
#2641 = ORIENTED_EDGE ( 'NONE', *, *, #1626, .F. ) ;
#2642 = LINE ( 'NONE', #2254, #1071 ) ;
#2643 = FACE_OUTER_BOUND ( 'NONE', #1277, .T. ) ;
#2644 = LINE ( 'NONE', #1534, #8 ) ;
#2645 = CARTESIAN_POINT ( 'NONE',  ( 2.439999999999999503, 2.200000000000000178, -1.715000000000000080 ) ) ;
#2646 = AXIS2_PLACEMENT_3D ( 'NONE', #472, #1922, #3365 ) ;
#2647 = LINE ( 'NONE', #1874, #634 ) ;
#2648 = DIRECTION ( 'NONE',  ( -1.000000000000000000, 0.000000000000000000, 0.000000000000000000 ) ) ;
#2649 = EDGE_CURVE ( 'NONE', #4343, #47, #1470, .T. ) ;
#2650 = EDGE_LOOP ( 'NONE', ( #852, #2073, #4027, #1172 ) ) ;
#2651 = ORIENTED_EDGE ( 'NONE', *, *, #4014, .T. ) ;
#2652 = CARTESIAN_POINT ( 'NONE',  ( -2.110000000000004317, 5.275252258054534238, 0.4300000000000042122 ) ) ;
#2653 = ORIENTED_EDGE ( 'NONE', *, *, #339, .T. ) ;
#2654 = LINE ( 'NONE', #863, #3553 ) ;
#2655 = LINE ( 'NONE', #3640, #752 ) ;
#2656 = DIRECTION ( 'NONE',  ( -0.9396926207859072067, 0.3420201433256720436, 0.000000000000000000 ) ) ;
#2657 = EDGE_CURVE ( 'NONE', #235, #131, #410, .T. ) ;
#2658 = LINE ( 'NONE', #3027, #1086 ) ;
#2659 = ORIENTED_EDGE ( 'NONE', *, *, #2746, .F. ) ;
#2660 = LINE ( 'NONE', #2770, #2580 ) ;
#2661 = ADVANCED_FACE ( 'NONE', ( #3301 ), #60, .F. ) ;
#2662 = AXIS2_PLACEMENT_3D ( 'NONE', #3671, #16, #1184 ) ;
#2663 = ORIENTED_EDGE ( 'NONE', *, *, #2856, .T. ) ;
#2664 = DIRECTION ( 'NONE',  ( -0.4228854653311235334, 0.000000000000000000, 0.9061831399952655630 ) ) ;
#2665 = VERTEX_POINT ( 'NONE', #4132 ) ;
#2666 = ORIENTED_EDGE ( 'NONE', *, *, #3220, .T. ) ;
#2667 = DIRECTION ( 'NONE',  ( 0.9061831399952651189, 0.000000000000000000, -0.4228854653311246437 ) ) ;
#2668 = VECTOR ( 'NONE', #3948, 1000.000000000000000 ) ;
#2669 = CARTESIAN_POINT ( 'NONE',  ( 1.169999999999999707, 0.5000000000000000000, -1.715000000000000080 ) ) ;
#2670 = EDGE_CURVE ( 'NONE', #4073, #1900, #1332, .T. ) ;
#2671 = COLOUR_RGB ( '',0.9686274509803921573, 0.8784313725490195957, 0.5999999999999999778 ) ;
#2672 = CARTESIAN_POINT ( 'NONE',  ( 0.8899999999999996803, 2.500000000000000000, -1.715000000000000080 ) ) ;
#2673 = VECTOR ( 'NONE', #1897, 1000.000000000000000 ) ;
#2674 = CARTESIAN_POINT ( 'NONE',  ( -1.170000000000000817, 2.200000000000000178, -1.715000000000000080 ) ) ;
#2675 = PLANE ( 'NONE',  #2476 ) ;
#2676 = PLANE ( 'NONE',  #2542 ) ;
#2677 = ORIENTED_EDGE ( 'NONE', *, *, #302, .T. ) ;
#2678 = ORIENTED_EDGE ( 'NONE', *, *, #2565, .F. ) ;
#2679 = CARTESIAN_POINT ( 'NONE',  ( -2.440000000000000835, 0.5000000000000000000, -0.8149999999999999467 ) ) ;
#2680 = ORIENTED_EDGE ( 'NONE', *, *, #3991, .T. ) ;
#2681 = VECTOR ( 'NONE', #2109, 1000.000000000000000 ) ;
#2682 = FACE_OUTER_BOUND ( 'NONE', #317, .T. ) ;
#2683 = CARTESIAN_POINT ( 'NONE',  ( 1.169999999999999707, 0.000000000000000000, 1.114999999999999991 ) ) ;
#2684 = CARTESIAN_POINT ( 'NONE',  ( 2.439999999999999503, 0.000000000000000000, 1.114999999999999991 ) ) ;
#2685 = PRESENTATION_LAYER_ASSIGNMENT (  '', '', ( #2086 ) ) ;
#2686 = FACE_OUTER_BOUND ( 'NONE', #3138, .T. ) ;
#2687 = EDGE_CURVE ( 'NONE', #4602, #4411, #976, .T. ) ;
#2688 = DIRECTION ( 'NONE',  ( 0.4228854653311240885, 0.000000000000000000, -0.9061831399952653410 ) ) ;
#2689 = EDGE_CURVE ( 'NONE', #2498, #1344, #4156, .T. ) ;
#2690 = ORIENTED_EDGE ( 'NONE', *, *, #2052, .T. ) ;
#2691 = DIRECTION ( 'NONE',  ( 0.000000000000000000, 0.000000000000000000, -1.000000000000000000 ) ) ;
#2692 = ITEM_DEFINED_TRANSFORMATION ( 'NONE', 'NONE', #1838,  #3809 ) ;
#2693 = CARTESIAN_POINT ( 'NONE',  ( 0.4299999999999959410, 2.500000000000000000, -0.4300000000000042122 ) ) ;
#2694 = EDGE_LOOP ( 'NONE', ( #2210, #2526, #2306, #445 ) ) ;
#2695 = VERTEX_POINT ( 'NONE', #1625 ) ;
#2696 = DIRECTION ( 'NONE',  ( 0.000000000000000000, 0.000000000000000000, -1.000000000000000000 ) ) ;
#2697 = PLANE ( 'NONE',  #4160 ) ;
#2698 = DIRECTION ( 'NONE',  ( -0.000000000000000000, 1.000000000000000000, -0.000000000000000000 ) ) ;
#2699 = DIRECTION ( 'NONE',  ( 0.000000000000000000, 1.000000000000000000, 0.000000000000000000 ) ) ;
#2700 = ORIENTED_EDGE ( 'NONE', *, *, #3016, .T. ) ;
#2701 = EDGE_CURVE ( 'NONE', #2498, #2897, #1353, .T. ) ;
#2702 = EDGE_LOOP ( 'NONE', ( #4120, #3082, #3942, #2321 ) ) ;
#2703 = PLANE ( 'NONE',  #126 ) ;
#2704 = ORIENTED_EDGE ( 'NONE', *, *, #43, .T. ) ;
#2705 = VECTOR ( 'NONE', #3899, 1000.000000000000000 ) ;
#2706 = DIRECTION ( 'NONE',  ( 0.9061831399952651189, 0.000000000000000000, -0.4228854653311246437 ) ) ;
#2707 = CARTESIAN_POINT ( 'NONE',  ( -1.650000000000000355, 0.000000000000000000, -1.715000000000000080 ) ) ;
#2708 = VECTOR ( 'NONE', #4374, 1000.000000000000000 ) ;
#2709 = ORIENTED_EDGE ( 'NONE', *, *, #2104, .T. ) ;
#2710 = ADVANCED_FACE ( 'NONE', ( #3762 ), #2697, .F. ) ;
#2711 = FILL_AREA_STYLE_COLOUR ( '', #2465 ) ;
#2712 = CARTESIAN_POINT ( 'NONE',  ( 1.369999999999999218, 0.000000000000000000, -1.114999999999999991 ) ) ;
#2713 = CARTESIAN_POINT ( 'NONE',  ( -0.4300000000000043787, 2.500000000000000000, 0.4300000000000041567 ) ) ;
#2714 = VECTOR ( 'NONE', #1129, 1000.000000000000000 ) ;
#2715 = EDGE_CURVE ( 'NONE', #5, #3766, #1283, .T. ) ;
#2716 = DIRECTION ( 'NONE',  ( -1.000000000000000000, 0.000000000000000000, 0.000000000000000000 ) ) ;
#2717 = VECTOR ( 'NONE', #330, 1000.000000000000000 ) ;
#2718 = LINE ( 'NONE', #3104, #3306 ) ;
#2719 = EDGE_CURVE ( 'NONE', #2622, #99, #228, .T. ) ;
#2720 = LINE ( 'NONE', #4124, #2334 ) ;
#2721 = ORIENTED_EDGE ( 'NONE', *, *, #728, .F. ) ;
#2722 = EDGE_LOOP ( 'NONE', ( #4321, #1060, #4514, #644 ) ) ;
#2723 = PLANE ( 'NONE',  #2124 ) ;
#2724 = DIRECTION ( 'NONE',  ( 1.000000000000000000, 0.000000000000000000, -2.644395542647573245E-16 ) ) ;
#2725 = LINE ( 'NONE', #3786, #1510 ) ;
#2726 = DIRECTION ( 'NONE',  ( 0.000000000000000000, 0.000000000000000000, -1.000000000000000000 ) ) ;
#2727 = FACE_OUTER_BOUND ( 'NONE', #3976, .T. ) ;
#2728 = LINE ( 'NONE', #4437, #3817 ) ;
#2729 = VERTEX_POINT ( 'NONE', #615 ) ;
#2730 = ORIENTED_EDGE ( 'NONE', *, *, #3674, .T. ) ;
#2731 = LINE ( 'NONE', #2067, #3147 ) ;
#2732 = ORIENTED_EDGE ( 'NONE', *, *, #541, .T. ) ;
#2733 = VECTOR ( 'NONE', #1352, 1000.000000000000000 ) ;
#2734 = ADVANCED_FACE ( 'NONE', ( #3853 ), #2365, .F. ) ;
#2735 = LINE ( 'NONE', #3772, #1570 ) ;
#2736 = VERTEX_POINT ( 'NONE', #1649 ) ;
#2737 = DIRECTION ( 'NONE',  ( 0.3236155771181829510, 0.8891264907159894815, 0.3236155771181829510 ) ) ;
#2738 = VECTOR ( 'NONE', #2518, 1000.000000000000000 ) ;
#2739 =( NAMED_UNIT ( * ) SI_UNIT ( $, .STERADIAN. ) SOLID_ANGLE_UNIT ( ) );
#2740 = ADVANCED_FACE ( 'NONE', ( #4203 ), #3433, .F. ) ;
#2741 = VECTOR ( 'NONE', #3738, 1000.000000000000000 ) ;
#2742 = VERTEX_POINT ( 'NONE', #4530 ) ;
#2743 = PRODUCT ( 'pin^20021111-additional ASS', 'pin^20021111-additional ASS', '', ( #2249 ) ) ;
#2744 = DIRECTION ( 'NONE',  ( 0.000000000000000000, 0.000000000000000000, -1.000000000000000000 ) ) ;
#2745 = CARTESIAN_POINT ( 'NONE',  ( -0.1000000000000004774, 0.000000000000000000, -0.8149999999999999467 ) ) ;
#2746 = EDGE_CURVE ( 'NONE', #2904, #3114, #904, .T. ) ;
#2747 = LINE ( 'NONE', #3722, #593 ) ;
#2748 = ORIENTED_EDGE ( 'NONE', *, *, #23, .F. ) ;
#2749 = ORIENTED_EDGE ( 'NONE', *, *, #4131, .T. ) ;
#2750 = FACE_OUTER_BOUND ( 'NONE', #3395, .T. ) ;
#2751 = DIRECTION ( 'NONE',  ( -0.000000000000000000, 1.000000000000000000, -0.000000000000000000 ) ) ;
#2752 = EDGE_CURVE ( 'NONE', #2462, #1644, #3450, .T. ) ;
#2753 = CARTESIAN_POINT ( 'NONE',  ( 0.09999999999999917288, 0.000000000000000000, 1.054999999999999716 ) ) ;
#2754 = LINE ( 'NONE', #3812, #3094 ) ;
#2755 = AXIS2_PLACEMENT_3D ( 'NONE', #3835, #1432, #4570 ) ;
#2756 = ORIENTED_EDGE ( 'NONE', *, *, #2101, .T. ) ;
#2757 = EDGE_LOOP ( 'NONE', ( #4420, #4365, #3211, #284 ) ) ;
#2758 = PLANE ( 'NONE',  #3072 ) ;
#2759 = ORIENTED_EDGE ( 'NONE', *, *, #578, .F. ) ;
#2760 = VECTOR ( 'NONE', #2688, 1000.000000000000000 ) ;
#2761 = LINE ( 'NONE', #4512, #3529 ) ;
#2762 = LINE ( 'NONE', #4168, #3881 ) ;
#2763 = ORIENTED_EDGE ( 'NONE', *, *, #2160, .F. ) ;
#2764 = VECTOR ( 'NONE', #1149, 1000.000000000000000 ) ;
#2765 = DIRECTION ( 'NONE',  ( -0.000000000000000000, 1.000000000000000000, -0.000000000000000000 ) ) ;
#2766 = PLANE ( 'NONE',  #171 ) ;
#2767 = CARTESIAN_POINT ( 'NONE',  ( 0.000000000000000000, 0.000000000000000000, 0.000000000000000000 ) ) ;
#2768 = COLOUR_RGB ( '',0.7960784313725489669, 0.8235294117647058432, 0.9372549019607843146 ) ;
#2769 = ADVANCED_FACE ( 'NONE', ( #3153, #3109 ), #4502, .F. ) ;
#2770 = CARTESIAN_POINT ( 'NONE',  ( -2.110000000000004317, -2.025252258054541343, -0.4300000000000042122 ) ) ;
#2771 = LINE ( 'NONE', #633, #4401 ) ;
#2772 = DIRECTION ( 'NONE',  ( 1.000000000000000000, 0.000000000000000000, 1.322197771323786623E-16 ) ) ;
#2773 = CARTESIAN_POINT ( 'NONE',  ( 0.8399999999999957501, 0.2500000000000000000, -1.055000000000002824 ) ) ;
#2774 = FACE_OUTER_BOUND ( 'NONE', #4025, .T. ) ;
#2775 = PLANE ( 'NONE',  #3440 ) ;
#2776 = PLANE ( 'NONE',  #1921 ) ;
#2777 = ORIENTED_EDGE ( 'NONE', *, *, #11, .F. ) ;
#2778 = ORIENTED_EDGE ( 'NONE', *, *, #959, .T. ) ;
#2779 = ADVANCED_FACE ( 'NONE', ( #250 ), #2775, .F. ) ;
#2780 = LINE ( 'NONE', #1314, #3366 ) ;
#2781 = CARTESIAN_POINT ( 'NONE',  ( -0.1000000000000004774, 2.200000000000000178, -0.8149999999999999467 ) ) ;
#2782 = AXIS2_PLACEMENT_3D ( 'NONE', #4076, #873, #1961 ) ;
#2783 = DIRECTION ( 'NONE',  ( 0.000000000000000000, 0.000000000000000000, -1.000000000000000000 ) ) ;
#2784 = ORIENTED_EDGE ( 'NONE', *, *, #1894, .T. ) ;
#2785 = ORIENTED_EDGE ( 'NONE', *, *, #3518, .T. ) ;
#2787 = CARTESIAN_POINT ( 'NONE',  ( 1.369999999999999218, 0.000000000000000000, 0.8149999999999999467 ) ) ;
#2786 = AXIS2_PLACEMENT_3D ( 'NONE', #4044, #2946, #4419 ) ;
#2788 = CARTESIAN_POINT ( 'NONE',  ( -1.370000000000000551, 2.500000000000000000, -1.114999999999999991 ) ) ;
#2789 = VECTOR ( 'NONE', #3047, 1000.000000000000000 ) ;
#2790 = ORIENTED_EDGE ( 'NONE', *, *, #2715, .F. ) ;
#2791 = CARTESIAN_POINT ( 'NONE',  ( 2.540000000000000480, 0.2500000000000000000, -1.055000000000002824 ) ) ;
#2792 = CARTESIAN_POINT ( 'NONE',  ( -1.700000000000004396, -2.025252258054541343, 0.4300000000000041567 ) ) ;
#2793 = PLANE ( 'NONE',  #3268 ) ;
#2794 = DIRECTION ( 'NONE',  ( 0.000000000000000000, 1.000000000000000000, 0.000000000000000000 ) ) ;
#2795 = VECTOR ( 'NONE', #2881, 1000.000000000000000 ) ;
#2796 = CARTESIAN_POINT ( 'NONE',  ( 1.369999999999999218, 2.200000000000000178, -1.715000000000000080 ) ) ;
#2797 = ADVANCED_FACE ( 'NONE', ( #3807 ), #591, .F. ) ;
#2798 = FACE_BOUND ( 'NONE', #1942, .T. ) ;
#2799 = DIRECTION ( 'NONE',  ( -1.000000000000000000, 0.000000000000000000, 1.322197771323786623E-16 ) ) ;
#2800 = ORIENTED_EDGE ( 'NONE', *, *, #4228, .T. ) ;
#2801 = ORIENTED_EDGE ( 'NONE', *, *, #1582, .F. ) ;
#2802 = DIRECTION ( 'NONE',  ( -0.3236155771181830065, 0.8891264907159895925, -0.3236155771181828400 ) ) ;
#2803 = ADVANCED_FACE ( 'NONE', ( #4231 ), #2452, .F. ) ;
#2804 = CARTESIAN_POINT ( 'NONE',  ( -2.110000000000004317, -2.025252258054541343, -0.4300000000000042122 ) ) ;
#2805 = ORIENTED_EDGE ( 'NONE', *, *, #546, .F. ) ;
#2806 = ORIENTED_EDGE ( 'NONE', *, *, #1431, .T. ) ;
#2807 = VECTOR ( 'NONE', #371, 1000.000000000000114 ) ;
#2808 = VECTOR ( 'NONE', #793, 1000.000000000000000 ) ;
#2809 = CARTESIAN_POINT ( 'NONE',  ( -2.539999999999999591, 0.5000000000000000000, -1.715000000000000080 ) ) ;
#2810 = CARTESIAN_POINT ( 'NONE',  ( 2.540000000000000480, 0.000000000000000000, -1.055000000000002824 ) ) ;
#2811 = EDGE_CURVE ( 'NONE', #3456, #2974, #1741, .T. ) ;
#2812 = CARTESIAN_POINT ( 'NONE',  ( -1.700000000000004396, 2.500000000000000000, 0.8400000000000038547 ) ) ;
#2813 = VECTOR ( 'NONE', #3941, 1000.000000000000000 ) ;
#2814 = CARTESIAN_POINT ( 'NONE',  ( -2.440000000000000835, 2.200000000000000178, 0.8149999999999999467 ) ) ;
#2815 = FACE_OUTER_BOUND ( 'NONE', #160, .T. ) ;
#2816 = LINE ( 'NONE', #660, #1798 ) ;
#2817 = CARTESIAN_POINT ( 'NONE',  ( -2.640000000000000568, 0.000000000000000000, -0.8149999999999999467 ) ) ;
#2818 = EDGE_CURVE ( 'NONE', #343, #4273, #1373, .T. ) ;
#2819 = DIRECTION ( 'NONE',  ( 0.000000000000000000, 0.000000000000000000, -1.000000000000000000 ) ) ;
#2820 = PRODUCT_DEFINITION_SHAPE ( 'NONE', 'NONE',  #4633 ) ;
#2821 = LINE ( 'NONE', #2151, #770 ) ;
#2822 = CARTESIAN_POINT ( 'NONE',  ( -2.440000000000000835, 0.000000000000000000, 1.114999999999999991 ) ) ;
#2823 = VERTEX_POINT ( 'NONE', #3019 ) ;
#2824 = ORIENTED_EDGE ( 'NONE', *, *, #406, .T. ) ;
#2825 = CARTESIAN_POINT ( 'NONE',  ( 2.540000000000000480, 0.2500000000000000000, -0.4300000000000037126 ) ) ;
#2826 = VERTEX_POINT ( 'NONE', #3708 ) ;
#2827 = EDGE_CURVE ( 'NONE', #1382, #4068, #2233, .T. ) ;
#2828 = CARTESIAN_POINT ( 'NONE',  ( 0.4299999999999959410, 0.000000000000000000, 0.4300000000000042122 ) ) ;
#2829 = CARTESIAN_POINT ( 'NONE',  ( 2.540000000000000480, 0.000000000000000000, -1.055000000000002824 ) ) ;
#2830 = PLANE ( 'NONE',  #1347 ) ;
#2831 = ORIENTED_EDGE ( 'NONE', *, *, #3399, .F. ) ;
#2832 = ORIENTED_EDGE ( 'NONE', *, *, #1866, .F. ) ;
#2833 = VECTOR ( 'NONE', #231, 1000.000000000000000 ) ;
#2834 = DIRECTION ( 'NONE',  ( -0.000000000000000000, 1.000000000000000000, 0.000000000000000000 ) ) ;
#2835 = EDGE_CURVE ( 'NONE', #1105, #3856, #2632, .T. ) ;
#2836 = AXIS2_PLACEMENT_3D ( 'NONE', #3086, #2344, #3176 ) ;
#2837 = ADVANCED_FACE ( 'NONE', ( #4089 ), #1609, .F. ) ;
#2838 = CARTESIAN_POINT ( 'NONE',  ( -2.010000000000003784, 5.549999999999998934, 0.5300000000000044675 ) ) ;
#2839 = CARTESIAN_POINT ( 'NONE',  ( 2.159999999999999698, 2.500000000000000000, 1.715000000000000080 ) ) ;
#2840 = DIRECTION ( 'NONE',  ( 0.000000000000000000, -1.000000000000000000, 0.000000000000000000 ) ) ;
#2841 = DIRECTION ( 'NONE',  ( 0.000000000000000000, 0.000000000000000000, 1.000000000000000000 ) ) ;
#2842 = CARTESIAN_POINT ( 'NONE',  ( 2.540000000000000480, 0.000000000000000000, -1.055000000000002824 ) ) ;
#2843 = ORIENTED_EDGE ( 'NONE', *, *, #3752, .F. ) ;
#2844 = ORIENTED_EDGE ( 'NONE', *, *, #2056, .T. ) ;
#2845 = SURFACE_SIDE_STYLE ('',( #1396 ) ) ;
#2846 = FACE_OUTER_BOUND ( 'NONE', #283, .T. ) ;
#2847 = EDGE_CURVE ( 'NONE', #3337, #2896, #3416, .T. ) ;
#2848 = VERTEX_POINT ( 'NONE', #1515 ) ;
#2849 = VERTEX_POINT ( 'NONE', #3373 ) ;
#2850 = VERTEX_POINT ( 'NONE', #3324 ) ;
#2851 = AXIS2_PLACEMENT_3D ( 'NONE', #1133, #3957, #416 ) ;
#2852 = EDGE_CURVE ( 'NONE', #1644, #4370, #3661, .T. ) ;
#2853 = CARTESIAN_POINT ( 'NONE',  ( -2.110000000000004317, 5.275252258054534238, -0.8400000000000039657 ) ) ;
#2854 = DIRECTION ( 'NONE',  ( -1.000000000000000000, 0.000000000000000000, 0.000000000000000000 ) ) ;
#2855 = VECTOR ( 'NONE', #334, 1000.000000000000000 ) ;
#2856 = EDGE_CURVE ( 'NONE', #841, #2219, #2328, .T. ) ;
#2857 = CARTESIAN_POINT ( 'NONE',  ( 0.3799999999999998934, 0.000000000000000000, 1.715000000000000080 ) ) ;
#2858 = CARTESIAN_POINT ( 'NONE',  ( -0.8900000000000001243, 2.500000000000000000, -1.715000000000000080 ) ) ;
#2859 = VECTOR ( 'NONE', #3795, 1000.000000000000000 ) ;
#2860 = LINE ( 'NONE', #1695, #1667 ) ;
#2861 = EDGE_CURVE ( 'NONE', #2099, #1794, #185, .T. ) ;
#2862 = ORIENTED_EDGE ( 'NONE', *, *, #1843, .F. ) ;
#2863 = LINE ( 'NONE', #2885, #224 ) ;
#2864 = VECTOR ( 'NONE', #2422, 1000.000000000000000 ) ;
#2865 = ORIENTED_EDGE ( 'NONE', *, *, #4595, .F. ) ;
#2866 = ORIENTED_EDGE ( 'NONE', *, *, #3558, .T. ) ;
#2867 = DIRECTION ( 'NONE',  ( 0.000000000000000000, 0.000000000000000000, -1.000000000000000000 ) ) ;
#2868 = EDGE_CURVE ( 'NONE', #4037, #4254, #2307, .T. ) ;
#2869 = CARTESIAN_POINT ( 'NONE',  ( -2.440000000000000835, 2.200000000000000178, -0.8149999999999999467 ) ) ;
#2870 = CARTESIAN_POINT ( 'NONE',  ( -0.8900000000000001243, 2.500000000000000000, 1.715000000000000080 ) ) ;
#2871 = LINE ( 'NONE', #4239, #1872 ) ;
#2872 = VERTEX_POINT ( 'NONE', #2281 ) ;
#2873 = VERTEX_POINT ( 'NONE', #2679 ) ;
#2874 = EDGE_LOOP ( 'NONE', ( #3832, #723, #725, #1084 ) ) ;
#2875 = EDGE_CURVE ( 'NONE', #3479, #304, #2973, .T. ) ;
#2876 = LINE ( 'NONE', #348, #4517 ) ;
#2877 = CARTESIAN_POINT ( 'NONE',  ( -2.539999999999999591, 2.500000000000000000, -1.715000000000000080 ) ) ;
#2878 = EDGE_CURVE ( 'NONE', #4349, #1870, #4048, .T. ) ;
#2879 = DIRECTION ( 'NONE',  ( -2.644395542647573245E-16, 0.000000000000000000, 1.000000000000000000 ) ) ;
#2880 = CARTESIAN_POINT ( 'NONE',  ( 2.159999999999999698, 2.500000000000000000, -1.715000000000000080 ) ) ;
#2881 = DIRECTION ( 'NONE',  ( 0.000000000000000000, 0.000000000000000000, 1.000000000000000000 ) ) ;
#2882 = DIRECTION ( 'NONE',  ( -0.000000000000000000, 1.000000000000000000, -0.000000000000000000 ) ) ;
#2883 = VECTOR ( 'NONE', #1299, 1000.000000000000000 ) ;
#2884 = CARTESIAN_POINT ( 'NONE',  ( 0.000000000000000000, 0.000000000000000000, 0.000000000000000000 ) ) ;
#2885 = CARTESIAN_POINT ( 'NONE',  ( -0.8400000000000039657, 0.2500000000000000000, -1.055000000000002824 ) ) ;
#2886 = ORIENTED_EDGE ( 'NONE', *, *, #4391, .T. ) ;
#2887 = EDGE_LOOP ( 'NONE', ( #1107, #3789, #517, #1753 ) ) ;
#2888 = DIRECTION ( 'NONE',  ( 0.000000000000000000, 0.000000000000000000, -1.000000000000000000 ) ) ;
#2889 = CARTESIAN_POINT ( 'NONE',  ( 2.109999999999995435, 0.2500000000000000000, -0.8400000000000038547 ) ) ;
#2890 = DIRECTION ( 'NONE',  ( 1.000000000000000000, 0.000000000000000000, 0.000000000000000000 ) ) ;
#2891 = ADVANCED_FACE ( 'NONE', ( #3998 ), #477, .F. ) ;
#2892 = LINE ( 'NONE', #4299, #2075 ) ;
#2893 = LINE ( 'NONE', #3904, #3673 ) ;
#2894 = VECTOR ( 'NONE', #4542, 1000.000000000000000 ) ;
#2895 = FACE_BOUND ( 'NONE', #1652, .T. ) ;
#2896 = VERTEX_POINT ( 'NONE', #1563 ) ;
#2897 = VERTEX_POINT ( 'NONE', #1901 ) ;
#2898 = ORIENTED_EDGE ( 'NONE', *, *, #1661, .T. ) ;
#2899 = VERTEX_POINT ( 'NONE', #3346 ) ;
#2900 = CARTESIAN_POINT ( 'NONE',  ( 1.699999999999995737, 0.000000000000000000, 0.4300000000000042122 ) ) ;
#2901 = VECTOR ( 'NONE', #376, 1000.000000000000000 ) ;
#2902 = VECTOR ( 'NONE', #2921, 1000.000000000000000 ) ;
#2903 = PLANE ( 'NONE',  #625 ) ;
#2904 = VERTEX_POINT ( 'NONE', #3353 ) ;
#2905 = FACE_BOUND ( 'NONE', #1703, .T. ) ;
#2906 = AXIS2_PLACEMENT_3D ( 'NONE', #2616, #4445, #1616 ) ;
#2907 = LINE ( 'NONE', #3960, #830 ) ;
#2908 = EDGE_CURVE ( 'NONE', #587, #5, #112, .T. ) ;
#2909 = CARTESIAN_POINT ( 'NONE',  ( -2.110000000000004317, 0.000000000000000000, -0.4300000000000042122 ) ) ;
#2910 = CARTESIAN_POINT ( 'NONE',  ( 0.8399999999999957501, 0.000000000000000000, 0.4300000000000041567 ) ) ;
#2911 = FACE_BOUND ( 'NONE', #1051, .T. ) ;
#2912 = ORIENTED_EDGE ( 'NONE', *, *, #196, .T. ) ;
#2913 = VECTOR ( 'NONE', #801, 1000.000000000000000 ) ;
#2914 = DIRECTION ( 'NONE',  ( 0.000000000000000000, 0.000000000000000000, 1.000000000000000000 ) ) ;
#2915 = EDGE_LOOP ( 'NONE', ( #431, #1824, #2593, #599 ) ) ;
#2916 = ORIENTED_EDGE ( 'NONE', *, *, #2649, .T. ) ;
#2917 =( NAMED_UNIT ( * ) SI_UNIT ( $, .STERADIAN. ) SOLID_ANGLE_UNIT ( ) );
#2918 = FACE_OUTER_BOUND ( 'NONE', #3967, .T. ) ;
#2919 = DIRECTION ( 'NONE',  ( -1.000000000000000000, 0.000000000000000000, 0.000000000000000000 ) ) ;
#2920 = LINE ( 'NONE', #854, #1688 ) ;
#2921 = DIRECTION ( 'NONE',  ( -0.000000000000000000, -0.000000000000000000, 1.000000000000000000 ) ) ;
#2922 = DIRECTION ( 'NONE',  ( 0.000000000000000000, -0.000000000000000000, -1.000000000000000000 ) ) ;
#2923 = EDGE_CURVE ( 'NONE', #934, #811, #4398, .T. ) ;
#2924 = ORIENTED_EDGE ( 'NONE', *, *, #640, .F. ) ;
#2925 = VERTEX_POINT ( 'NONE', #298 ) ;
#2926 = ORIENTED_EDGE ( 'NONE', *, *, #2188, .F. ) ;
#2927 = ORIENTED_EDGE ( 'NONE', *, *, #1387, .F. ) ;
#2928 = DIRECTION ( 'NONE',  ( 0.3236155771181874474, -0.8891264907159862618, 0.3236155771181874474 ) ) ;
#2929 = CARTESIAN_POINT ( 'NONE',  ( 2.439999999999999503, 0.2500000000000000000, -1.055000000000002824 ) ) ;
#2930 = ORIENTED_EDGE ( 'NONE', *, *, #3266, .F. ) ;
#2931 = DIRECTION ( 'NONE',  ( 0.000000000000000000, -0.000000000000000000, 1.000000000000000000 ) ) ;
#2932 = VECTOR ( 'NONE', #221, 1000.000000000000000 ) ;
#2933 = LINE ( 'NONE', #1453, #1781 ) ;
#2934 = LINE ( 'NONE', #4036, #2583 ) ;
#2935 = EDGE_LOOP ( 'NONE', ( #3936, #3299, #565, #4162 ) ) ;
#2936 = ORIENTED_EDGE ( 'NONE', *, *, #166, .T. ) ;
#2937 = EDGE_CURVE ( 'NONE', #3362, #4551, #550, .T. ) ;
#2938 = VECTOR ( 'NONE', #1759, 1000.000000000000000 ) ;
#2939 = ORIENTED_EDGE ( 'NONE', *, *, #1861, .T. ) ;
#2940 = ORIENTED_EDGE ( 'NONE', *, *, #2835, .F. ) ;
#2941 = CARTESIAN_POINT ( 'NONE',  ( -1.742938087118954815, -2.143223682848431455, 0.4729380871189545199 ) ) ;
#2942 = APPLICATION_CONTEXT ( 'automotive_design' ) ;
#2943 = ADVANCED_FACE ( 'NONE', ( #981 ), #1005, .F. ) ;
#2944 = CARTESIAN_POINT ( 'NONE',  ( -0.1000000000000004774, 0.000000000000000000, -0.8149999999999999467 ) ) ;
#2945 = DIRECTION ( 'NONE',  ( -1.000000000000000000, 0.000000000000000000, 0.000000000000000000 ) ) ;
#2946 = DIRECTION ( 'NONE',  ( -1.000000000000000000, 0.000000000000000000, 0.000000000000000000 ) ) ;
#2947 = ORIENTED_EDGE ( 'NONE', *, *, #4413, .F. ) ;
#2948 = ORIENTED_EDGE ( 'NONE', *, *, #2368, .F. ) ;
#2949 = ORIENTED_EDGE ( 'NONE', *, *, #2213, .T. ) ;
#2950 = ORIENTED_EDGE ( 'NONE', *, *, #184, .T. ) ;
#2951 = DIRECTION ( 'NONE',  ( -1.322197771323786623E-16, 0.000000000000000000, -1.000000000000000000 ) ) ;
#2952 = AXIS2_PLACEMENT_3D ( 'NONE', #1545, #2656, #3329 ) ;
#2953 = EDGE_CURVE ( 'NONE', #646, #3788, #1631, .T. ) ;
#2954 = CARTESIAN_POINT ( 'NONE',  ( 0.4299999999999959410, 2.500000000000000000, 0.4300000000000042122 ) ) ;
#2955 = PLANE ( 'NONE',  #2952 ) ;
#2956 = CARTESIAN_POINT ( 'NONE',  ( 0.4299999999999959410, 0.000000000000000000, -0.8400000000000039657 ) ) ;
#2957 = PLANE ( 'NONE',  #4256 ) ;
#2958 = ADVANCED_FACE ( 'NONE', ( #2092 ), #2703, .F. ) ;
#2959 = DIRECTION ( 'NONE',  ( 0.000000000000000000, -0.000000000000000000, 1.000000000000000000 ) ) ;
#2960 = ORIENTED_EDGE ( 'NONE', *, *, #3849, .F. ) ;
#2961 = VECTOR ( 'NONE', #3937, 1000.000000000000000 ) ;
#2962 = EDGE_LOOP ( 'NONE', ( #2190, #1601, #59, #3857 ) ) ;
#2963 = ORIENTED_EDGE ( 'NONE', *, *, #79, .F. ) ;
#2964 = EDGE_CURVE ( 'NONE', #736, #3479, #209, .T. ) ;
#2965 = ORIENTED_EDGE ( 'NONE', *, *, #1636, .T. ) ;
#2966 = CARTESIAN_POINT ( 'NONE',  ( 0.09999999999999917288, 2.200000000000000178, 0.8149999999999990585 ) ) ;
#2967 = AXIS2_PLACEMENT_3D ( 'NONE', #2809, #2834, #1322 ) ;
#2968 = VECTOR ( 'NONE', #1231, 1000.000000000000000 ) ;
#2969 = CARTESIAN_POINT ( 'NONE',  ( -1.370000000000000551, 0.5000000000000000000, -0.8149999999999999467 ) ) ;
#2970 = CARTESIAN_POINT ( 'NONE',  ( 1.369999999999999218, 0.000000000000000000, -1.114999999999999991 ) ) ;
#2971 = ORIENTED_EDGE ( 'NONE', *, *, #1594, .T. ) ;
#2972 = ORIENTED_EDGE ( 'NONE', *, *, #3509, .F. ) ;
#2973 = LINE ( 'NONE', #2608, #1179 ) ;
#2974 = VERTEX_POINT ( 'NONE', #3139 ) ;
#2975 = CARTESIAN_POINT ( 'NONE',  ( -2.110000000000004317, 0.2500000000000000000, 0.4300000000000042122 ) ) ;
#2976 = AXIS2_PLACEMENT_3D ( 'NONE', #1803, #1550, #3333 ) ;
#2977 = CARTESIAN_POINT ( 'NONE',  ( -1.700000000000004396, 2.500000000000000000, -0.8400000000000038547 ) ) ;
#2978 = CARTESIAN_POINT ( 'NONE',  ( -2.110000000000004317, 5.275252258054534238, 0.8400000000000039657 ) ) ;
#2979 = FACE_BOUND ( 'NONE', #4389, .T. ) ;
#2980 = DIRECTION ( 'NONE',  ( 0.000000000000000000, 0.000000000000000000, 1.000000000000000000 ) ) ;
#2981 = EDGE_CURVE ( 'NONE', #191, #4439, #2417, .T. ) ;
#2982 = DIRECTION ( 'NONE',  ( -0.000000000000000000, 1.000000000000000000, -0.000000000000000000 ) ) ;
#2983 = VECTOR ( 'NONE', #3787, 1000.000000000000000 ) ;
#2984 = EDGE_CURVE ( 'NONE', #1124, #2119, #2731, .T. ) ;
#2985 = ORIENTED_EDGE ( 'NONE', *, *, #4577, .T. ) ;
#2986 = ORIENTED_EDGE ( 'NONE', *, *, #2856, .F. ) ;
#2987 = ORIENTED_EDGE ( 'NONE', *, *, #1072, .F. ) ;
#2988 = PLANE ( 'NONE',  #766 ) ;
#2989 = CARTESIAN_POINT ( 'NONE',  ( -2.110000000000004317, -2.025252258054541343, 0.8400000000000039657 ) ) ;
#2990 = VECTOR ( 'NONE', #1931, 1000.000000000000000 ) ;
#2991 = CARTESIAN_POINT ( 'NONE',  ( -2.540000000000000480, 0.000000000000000000, 1.715000000000000080 ) ) ;
#2992 = CARTESIAN_POINT ( 'NONE',  ( -2.110000000000004317, 0.000000000000000000, 0.4300000000000042122 ) ) ;
#2993 = CARTESIAN_POINT ( 'NONE',  ( -2.110000000000004317, -2.025252258054541343, -0.8400000000000039657 ) ) ;
#2994 = ORIENTED_EDGE ( 'NONE', *, *, #2338, .T. ) ;
#2995 = ORIENTED_EDGE ( 'NONE', *, *, #4069, .F. ) ;
#2996 = DIRECTION ( 'NONE',  ( -0.3236155771181830065, -0.8891264907159897035, -0.3236155771181825624 ) ) ;
#2997 = VERTEX_POINT ( 'NONE', #1704 ) ;
#2998 = DIRECTION ( 'NONE',  ( 1.000000000000000000, 0.000000000000000000, 1.322197771323786623E-16 ) ) ;
#2999 = EDGE_CURVE ( 'NONE', #2219, #4037, #2019, .T. ) ;
#3000 = ORIENTED_EDGE ( 'NONE', *, *, #3369, .T. ) ;
#3001 = LINE ( 'NONE', #1206, #616 ) ;
#3002 = CARTESIAN_POINT ( 'NONE',  ( -1.700000000000004396, 0.000000000000000000, -0.4300000000000041567 ) ) ;
#3003 = LINE ( 'NONE', #1938, #3486 ) ;
#3004 = DIRECTION ( 'NONE',  ( -1.000000000000000000, -0.000000000000000000, -0.000000000000000000 ) ) ;
#3005 = ITEM_DEFINED_TRANSFORMATION ( 'NONE', 'NONE', #270,  #3809 ) ;
#3006 = EDGE_CURVE ( 'NONE', #821, #3580, #1358, .T. ) ;
#3007 = MECHANICAL_DESIGN_GEOMETRIC_PRESENTATION_REPRESENTATION (  '', ( #360 ), #4377 ) ;
#3008 = VERTEX_POINT ( 'NONE', #4208 ) ;
#3009 = AXIS2_PLACEMENT_3D ( 'NONE', #4302, #4598, #321 ) ;
#3010 = ORIENTED_EDGE ( 'NONE', *, *, #4510, .F. ) ;
#3011 = VECTOR ( 'NONE', #586, 1000.000000000000000 ) ;
#3012 = LINE ( 'NONE', #2550, #1095 ) ;
#3013 = CARTESIAN_POINT ( 'NONE',  ( -2.160000000000000586, 0.000000000000000000, -1.715000000000000080 ) ) ;
#3014 = FACE_OUTER_BOUND ( 'NONE', #362, .T. ) ;
#3015 = CARTESIAN_POINT ( 'NONE',  ( 0.4299999999999959410, 2.500000000000000000, -0.8400000000000039657 ) ) ;
#3016 = EDGE_CURVE ( 'NONE', #2219, #422, #2780, .T. ) ;
#3017 = VERTEX_POINT ( 'NONE', #4185 ) ;
#3018 = ORIENTED_EDGE ( 'NONE', *, *, #1826, .F. ) ;
#3019 = CARTESIAN_POINT ( 'NONE',  ( 2.159999999999999698, 2.500000000000000000, -1.715000000000000080 ) ) ;
#3020 = ORIENTED_EDGE ( 'NONE', *, *, #3544, .F. ) ;
#3021 = AXIS2_PLACEMENT_3D ( 'NONE', #18, #1187, #2621 ) ;
#3022 = DIRECTION ( 'NONE',  ( -0.000000000000000000, 1.000000000000000000, -0.000000000000000000 ) ) ;
#3023 = DIRECTION ( 'NONE',  ( -1.000000000000000000, 0.000000000000000000, 0.000000000000000000 ) ) ;
#3024 = CARTESIAN_POINT ( 'NONE',  ( -2.110000000000004317, 2.500000000000000000, -0.4300000000000042122 ) ) ;
#3025 = VECTOR ( 'NONE', #3483, 1000.000000000000000 ) ;
#3026 = CARTESIAN_POINT ( 'NONE',  ( -1.700000000000004396, 5.275252258054534238, -0.4300000000000041567 ) ) ;
#3027 = CARTESIAN_POINT ( 'NONE',  ( 0.09999999999999917288, 0.000000000000000000, -1.114999999999999991 ) ) ;
#3028 = CARTESIAN_POINT ( 'NONE',  ( -2.539999999999999591, 2.500000000000000000, -1.715000000000000080 ) ) ;
#3029 = ORIENTED_EDGE ( 'NONE', *, *, #2937, .F. ) ;
#3030 = EDGE_LOOP ( 'NONE', ( #1575, #4104, #1607, #3325 ) ) ;
#3031 = CARTESIAN_POINT ( 'NONE',  ( -2.110000000000004317, 0.000000000000000000, 0.8400000000000039657 ) ) ;
#3033 = ORIENTED_EDGE ( 'NONE', *, *, #2818, .T. ) ;
#3032 = VECTOR ( 'NONE', #3234, 1000.000000000000000 ) ;
#3034 = VECTOR ( 'NONE', #3678, 1000.000000000000000 ) ;
#3035 = FACE_OUTER_BOUND ( 'NONE', #1573, .T. ) ;
#3036 = CARTESIAN_POINT ( 'NONE',  ( -1.370000000000000551, 0.5000000000000000000, -1.715000000000000080 ) ) ;
#3037 = VECTOR ( 'NONE', #566, 1000.000000000000000 ) ;
#3038 = FACE_OUTER_BOUND ( 'NONE', #829, .T. ) ;
#3039 = CARTESIAN_POINT ( 'NONE',  ( -2.110000000000004317, 9.179827560572968892, 0.8400000000000039657 ) ) ;
#3040 = ORIENTED_EDGE ( 'NONE', *, *, #2847, .T. ) ;
#3041 = ORIENTED_EDGE ( 'NONE', *, *, #4358, .T. ) ;
#3042 = ADVANCED_FACE ( 'NONE', ( #3523 ), #4484, .F. ) ;
#3043 = CARTESIAN_POINT ( 'NONE',  ( -0.8400000000000041878, 0.000000000000000000, 0.4300000000000042122 ) ) ;
#3044 = ORIENTED_EDGE ( 'NONE', *, *, #1218, .T. ) ;
#3045 = AXIS2_PLACEMENT_3D ( 'NONE', #462, #4031, #1132 ) ;
#3046 = ADVANCED_FACE ( 'NONE', ( #936 ), #2758, .F. ) ;
#3047 = DIRECTION ( 'NONE',  ( 0.000000000000000000, 0.000000000000000000, 1.000000000000000000 ) ) ;
#3048 = AXIS2_PLACEMENT_3D ( 'NONE', #608, #3471, #2744 ) ;
#3049 = LINE ( 'NONE', #4443, #62 ) ;
#3050 = DIRECTION ( 'NONE',  ( -0.000000000000000000, 1.000000000000000000, -0.000000000000000000 ) ) ;
#3051 = DIRECTION ( 'NONE',  ( 0.4228854653311245881, 0.000000000000000000, -0.9061831399952650079 ) ) ;
#3052 = ORIENTED_EDGE ( 'NONE', *, *, #2597, .F. ) ;
#3053 = LINE ( 'NONE', #3828, #12 ) ;
#3054 = LINE ( 'NONE', #897, #3666 ) ;
#3055 = CARTESIAN_POINT ( 'NONE',  ( 1.270000000000000018, 0.000000000000000000, 0.000000000000000000 ) ) ;
#3056 = EDGE_CURVE ( 'NONE', #2282, #3624, #3457, .T. ) ;
#3057 = EDGE_LOOP ( 'NONE', ( #3323, #4049, #3826, #822 ) ) ;
#3058 = ORIENTED_EDGE ( 'NONE', *, *, #2197, .T. ) ;
#3059 = DIRECTION ( 'NONE',  ( -1.000000000000000000, -0.000000000000000000, 2.528751422706715933E-16 ) ) ;
#3060 = AXIS2_PLACEMENT_3D ( 'NONE', #3275, #1, #3903 ) ;
#3061 = CARTESIAN_POINT ( 'NONE',  ( 2.109999999999995435, 0.2500000000000000000, -0.4300000000000041012 ) ) ;
#3062 = DIRECTION ( 'NONE',  ( -1.000000000000000000, 0.000000000000000000, -1.322197771323786623E-16 ) ) ;
#3063 = CARTESIAN_POINT ( 'NONE',  ( 2.540000000000001368, 1.292469707114105742E-23, 1.054999999999999050 ) ) ;
#3064 = VERTEX_POINT ( 'NONE', #3115 ) ;
#3065 = EDGE_LOOP ( 'NONE', ( #397, #2949, #3221, #1198 ) ) ;
#3066 = CARTESIAN_POINT ( 'NONE',  ( -1.700000000000004396, 9.179827560572968892, -0.4300000000000041567 ) ) ;
#3067 = ORIENTED_EDGE ( 'NONE', *, *, #1127, .F. ) ;
#3068 = VECTOR ( 'NONE', #630, 1000.000000000000000 ) ;
#3069 = EDGE_CURVE ( 'NONE', #3335, #370, #4508, .T. ) ;
#3070 = CARTESIAN_POINT ( 'NONE',  ( 1.699999999999995737, 0.000000000000000000, -0.4300000000000042122 ) ) ;
#3071 = LINE ( 'NONE', #1979, #967 ) ;
#3072 = AXIS2_PLACEMENT_3D ( 'NONE', #3768, #2371, #573 ) ;
#3073 = EDGE_LOOP ( 'NONE', ( #3965, #186, #2926, #409 ) ) ;
#3074 = ADVANCED_FACE ( 'NONE', ( #3815 ), #2158, .T. ) ;
#3075 = PLANE ( 'NONE',  #3136 ) ;
#3076 = PLANE ( 'NONE',  #4155 ) ;
#3077 = EDGE_CURVE ( 'NONE', #3279, #773, #3946, .T. ) ;
#3078 = CARTESIAN_POINT ( 'NONE',  ( -0.1000000000000004774, 0.000000000000000000, 1.114999999999999991 ) ) ;
#3079 = CARTESIAN_POINT ( 'NONE',  ( -2.110000000000004317, 0.000000000000000000, 0.8400000000000039657 ) ) ;
#3080 = CARTESIAN_POINT ( 'NONE',  ( 3.810000000000000053, 0.000000000000000000, 0.000000000000000000 ) ) ;
#3081 = DIRECTION ( 'NONE',  ( -2.484918977865069585E-16, 0.3420201433256719881, -0.9396926207859072067 ) ) ;
#3082 = ORIENTED_EDGE ( 'NONE', *, *, #4615, .T. ) ;
#3083 = ORIENTED_EDGE ( 'NONE', *, *, #1910, .F. ) ;
#3084 = CARTESIAN_POINT ( 'NONE',  ( -0.1000000000000002554, 0.2500000000000000000, -1.055000000000002158 ) ) ;
#3085 = EDGE_CURVE ( 'NONE', #2607, #2729, #2500, .T. ) ;
#3086 = CARTESIAN_POINT ( 'NONE',  ( 1.699999999999995737, 0.000000000000000000, 0.4300000000000042122 ) ) ;
#3087 = CARTESIAN_POINT ( 'NONE',  ( 2.639999999999999236, 0.000000000000000000, 0.8149999999999999467 ) ) ;
#3088 = CARTESIAN_POINT ( 'NONE',  ( -2.110000000000004317, 0.000000000000000000, 0.4300000000000042122 ) ) ;
#3089 = ORIENTED_EDGE ( 'NONE', *, *, #1292, .F. ) ;
#3090 = ORIENTED_EDGE ( 'NONE', *, *, #1103, .F. ) ;
#3091 = DIRECTION ( 'NONE',  ( -0.000000000000000000, -1.000000000000000000, 0.000000000000000000 ) ) ;
#3092 = ORIENTED_EDGE ( 'NONE', *, *, #1021, .F. ) ;
#3093 = EDGE_CURVE ( 'NONE', #3686, #4113, #4297, .T. ) ;
#3094 = VECTOR ( 'NONE', #2039, 1000.000000000000000 ) ;
#3095 = FACE_OUTER_BOUND ( 'NONE', #3253, .T. ) ;
#3096 = VECTOR ( 'NONE', #1101, 1000.000000000000000 ) ;
#3097 = ORIENTED_EDGE ( 'NONE', *, *, #3232, .T. ) ;
#3098 = EDGE_CURVE ( 'NONE', #3583, #2112, #4236, .T. ) ;
#3099 = MANIFOLD_SOLID_BREP ( 'Split1[2]', #1978 ) ;
#3100 = LINE ( 'NONE', #2636, #2397 ) ;
#3101 = VECTOR ( 'NONE', #1265, 1000.000000000000000 ) ;
#3102 = EDGE_CURVE ( 'NONE', #85, #475, #1439, .T. ) ;
#3103 = CARTESIAN_POINT ( 'NONE',  ( -2.539999999999999591, 2.500000000000000000, -1.715000000000000080 ) ) ;
#3104 = CARTESIAN_POINT ( 'NONE',  ( 2.540000000000000924, 0.2500000000000000000, 0.8400000000000032996 ) ) ;
#3105 = DIRECTION ( 'NONE',  ( 1.000000000000000000, 0.000000000000000000, -2.644395542647573245E-16 ) ) ;
#3106 = ORIENTED_EDGE ( 'NONE', *, *, #3818, .T. ) ;
#3107 = ORIENTED_EDGE ( 'NONE', *, *, #3446, .T. ) ;
#3108 = CARTESIAN_POINT ( 'NONE',  ( -2.110000000000004317, -2.025252258054541343, 0.4300000000000042122 ) ) ;
#3109 = FACE_BOUND ( 'NONE', #1437, .T. ) ;
#3110 = DIRECTION ( 'NONE',  ( -0.000000000000000000, 1.000000000000000000, -0.000000000000000000 ) ) ;
#3111 = EDGE_CURVE ( 'NONE', #4551, #1016, #1053, .T. ) ;
#3112 = PLANE ( 'NONE',  #3164 ) ;
#3113 = VERTEX_POINT ( 'NONE', #1415 ) ;
#3114 = VERTEX_POINT ( 'NONE', #4610 ) ;
#3115 = CARTESIAN_POINT ( 'NONE',  ( -0.8900000000000001243, 0.000000000000000000, 1.715000000000000080 ) ) ;
#3116 = EDGE_LOOP ( 'NONE', ( #3157, #2571, #4282, #407 ) ) ;
#3117 = FILL_AREA_STYLE ('',( #1633 ) ) ;
#3118 = ADVANCED_FACE ( 'NONE', ( #767 ), #1727, .F. ) ;
#3119 = DIRECTION ( 'NONE',  ( 0.000000000000000000, 0.000000000000000000, 1.000000000000000000 ) ) ;
#3120 = CARTESIAN_POINT ( 'NONE',  ( 1.169999999999999707, 0.5000000000000000000, -0.8149999999999999467 ) ) ;
#3121 = MANIFOLD_SOLID_BREP ( 'Split1[4]', #1814 ) ;
#3122 = VECTOR ( 'NONE', #291, 1000.000000000000000 ) ;
#3123 = CARTESIAN_POINT ( 'NONE',  ( 0.09999999999999917288, 0.000000000000000000, 0.8149999999999999467 ) ) ;
#3124 = CARTESIAN_POINT ( 'NONE',  ( -2.110000000000004317, 5.275252258054534238, -0.4300000000000042122 ) ) ;
#3125 = ORIENTED_EDGE ( 'NONE', *, *, #666, .T. ) ;
#3126 = CARTESIAN_POINT ( 'NONE',  ( 0.000000000000000000, 0.000000000000000000, 0.000000000000000000 ) ) ;
#3127 = CARTESIAN_POINT ( 'NONE',  ( -1.650000000000000355, 0.000000000000000000, 1.715000000000000080 ) ) ;
#3128 = LINE ( 'NONE', #1329, #3718 ) ;
#3129 = VECTOR ( 'NONE', #4315, 1000.000000000000000 ) ;
#3130 = EDGE_CURVE ( 'NONE', #1294, #4623, #1748, .T. ) ;
#3131 = CARTESIAN_POINT ( 'NONE',  ( 2.109999999999995435, 0.2500000000000000000, -1.055000000000002824 ) ) ;
#3132 = ADVANCED_FACE ( 'NONE', ( #3035 ), #2602, .F. ) ;
#3133 = CARTESIAN_POINT ( 'NONE',  ( 1.169999999999999707, 0.000000000000000000, -1.114999999999999991 ) ) ;
#3134 = CARTESIAN_POINT ( 'NONE',  ( 0.8399999999999957501, 0.2500000000000000000, 0.4300000000000041567 ) ) ;
#3135 = CARTESIAN_POINT ( 'NONE',  ( -2.010000000000003784, 5.549999999999998934, -0.7400000000000036549 ) ) ;
#3136 = AXIS2_PLACEMENT_3D ( 'NONE', #2712, #1713, #1276 ) ;
#3137 = ORIENTED_EDGE ( 'NONE', *, *, #1251, .F. ) ;
#3138 = EDGE_LOOP ( 'NONE', ( #4397, #3805, #2939, #3725 ) ) ;
#3139 = CARTESIAN_POINT ( 'NONE',  ( 0.4299999999999959410, 0.2500000000000000000, -0.4300000000000042122 ) ) ;
#3140 = CARTESIAN_POINT ( 'NONE',  ( 1.369999999999999218, 0.000000000000000000, 1.114999999999999991 ) ) ;
#3141 = VECTOR ( 'NONE', #2117, 1000.000000000000000 ) ;
#3142 = CARTESIAN_POINT ( 'NONE',  ( 0.09999999999999917288, 0.000000000000000000, -0.8149999999999999467 ) ) ;
#3143 = CARTESIAN_POINT ( 'NONE',  ( 2.540000000000001368, 0.2500000000000000000, 1.054999999999999050 ) ) ;
#3144 = VECTOR ( 'NONE', #4477, 1000.000000000000000 ) ;
#3145 = DIRECTION ( 'NONE',  ( 1.000000000000000000, 0.000000000000000000, 0.000000000000000000 ) ) ;
#3146 = ADVANCED_FACE ( 'NONE', ( #3318 ), #2988, .F. ) ;
#3147 = VECTOR ( 'NONE', #2042, 1000.000000000000000 ) ;
#3148 = PLANE ( 'NONE',  #4056 ) ;
#3149 = EDGE_CURVE ( 'NONE', #2263, #574, #4019, .T. ) ;
#3150 = DIRECTION ( 'NONE',  ( 0.000000000000000000, 0.000000000000000000, -1.000000000000000000 ) ) ;
#3151 = PLANE ( 'NONE',  #3490 ) ;
#3152 = CARTESIAN_POINT ( 'NONE',  ( 0.3799999999999998934, 0.000000000000000000, -1.715000000000000080 ) ) ;
#3153 = FACE_OUTER_BOUND ( 'NONE', #2532, .T. ) ;
#3154 = EDGE_CURVE ( 'NONE', #3485, #4411, #50, .T. ) ;
#3155 = CARTESIAN_POINT ( 'NONE',  ( -2.110000000000004317, 2.500000000000000000, -0.4300000000000042122 ) ) ;
#3156 = VERTEX_POINT ( 'NONE', #2966 ) ;
#3157 = ORIENTED_EDGE ( 'NONE', *, *, #1159, .T. ) ;
#3158 = CARTESIAN_POINT ( 'NONE',  ( -1.170000000000000817, 0.000000000000000000, 1.114999999999999991 ) ) ;
#3159 = DIRECTION ( 'NONE',  ( -0.000000000000000000, 1.000000000000000000, -0.000000000000000000 ) ) ;
#3160 = PRODUCT ( '20021111-00008T4LF', '20021111-00008T4LF', '', ( #850 ) ) ;
#3161 = EDGE_CURVE ( 'NONE', #4206, #101, #4344, .T. ) ;
#3162 = CARTESIAN_POINT ( 'NONE',  ( 1.169999999999999707, 2.200000000000000178, -0.8149999999999999467 ) ) ;
#3163 = EDGE_LOOP ( 'NONE', ( #140, #3289, #2404, #1466 ) ) ;
#3164 = AXIS2_PLACEMENT_3D ( 'NONE', #497, #4505, #1311 ) ;
#3165 = DIRECTION ( 'NONE',  ( 2.644395542647573245E-16, 0.000000000000000000, -1.000000000000000000 ) ) ;
#3166 = CARTESIAN_POINT ( 'NONE',  ( 2.159999999999999698, 0.000000000000000000, 1.715000000000000080 ) ) ;
#3167 = LINE ( 'NONE', #2810, #1099 ) ;
#3168 = COLOUR_RGB ( '',0.2509803921568627416, 0.2509803921568627416, 0.2509803921568627416 ) ;
#3169 = EDGE_LOOP ( 'NONE', ( #4112, #4608, #3769, #3746 ) ) ;
#3170 = CARTESIAN_POINT ( 'NONE',  ( 1.369999999999999218, 2.500000000000000000, -1.114999999999999991 ) ) ;
#3171 = LINE ( 'NONE', #2082, #1560 ) ;
#3172 = FACE_OUTER_BOUND ( 'NONE', #4474, .T. ) ;
#3173 = CARTESIAN_POINT ( 'NONE',  ( -1.170000000000000817, 0.5000000000000000000, 0.8149999999999999467 ) ) ;
#3174 = CARTESIAN_POINT ( 'NONE',  ( 2.109999999999995435, 0.000000000000000000, -0.4300000000000041567 ) ) ;
#3175 = LINE ( 'NONE', #3851, #2062 ) ;
#3176 = DIRECTION ( 'NONE',  ( 0.000000000000000000, 0.000000000000000000, 1.000000000000000000 ) ) ;
#3177 = DIRECTION ( 'NONE',  ( 1.000000000000000000, 0.000000000000000000, 0.000000000000000000 ) ) ;
#3178 = CARTESIAN_POINT ( 'NONE',  ( 1.169999999999999707, 0.5000000000000000000, -0.8150000000000001688 ) ) ;
#3179 = DIRECTION ( 'NONE',  ( 0.4228854653311235334, 0.000000000000000000, 0.9061831399952655630 ) ) ;
#3180 = ORIENTED_EDGE ( 'NONE', *, *, #2253, .F. ) ;
#3181 = ORIENTED_EDGE ( 'NONE', *, *, #592, .F. ) ;
#3182 = CARTESIAN_POINT ( 'NONE',  ( -2.110000000000004317, 5.275252258054534238, -0.8400000000000039657 ) ) ;
#3183 = LINE ( 'NONE', #300, #3855 ) ;
#3184 = AXIS2_PLACEMENT_3D ( 'NONE', #480, #4050, #2283 ) ;
#3185 = EDGE_CURVE ( 'NONE', #3297, #1226, #2642, .T. ) ;
#3186 = EDGE_LOOP ( 'NONE', ( #525, #950, #2690, #347 ) ) ;
#3187 = ORIENTED_EDGE ( 'NONE', *, *, #375, .F. ) ;
#3188 = ORIENTED_EDGE ( 'NONE', *, *, #345, .T. ) ;
#3189 = DIRECTION ( 'NONE',  ( 0.000000000000000000, -0.000000000000000000, -1.000000000000000000 ) ) ;
#3190 = ORIENTED_EDGE ( 'NONE', *, *, #2701, .F. ) ;
#3191 = VECTOR ( 'NONE', #2363, 1000.000000000000000 ) ;
#3192 = DIRECTION ( 'NONE',  ( 0.000000000000000000, 0.000000000000000000, -1.000000000000000000 ) ) ;
#3193 = VECTOR ( 'NONE', #4351, 1000.000000000000000 ) ;
#3194 = VECTOR ( 'NONE', #3717, 1000.000000000000000 ) ;
#3195 = FACE_OUTER_BOUND ( 'NONE', #174, .T. ) ;
#3196 = CARTESIAN_POINT ( 'NONE',  ( -0.4300000000000043787, 2.500000000000000000, 0.8400000000000038547 ) ) ;
#3197 = DIRECTION ( 'NONE',  ( 1.000000000000000000, 0.000000000000000000, 0.000000000000000000 ) ) ;
#3198 = ADVANCED_FACE ( 'NONE', ( #3994 ), #424, .F. ) ;
#3199 = ORIENTED_EDGE ( 'NONE', *, *, #2964, .F. ) ;
#3200 = ORIENTED_EDGE ( 'NONE', *, *, #3102, .T. ) ;
#3201 = PLANE ( 'NONE',  #2276 ) ;
#3202 = CARTESIAN_POINT ( 'NONE',  ( -2.110000000000004317, 5.275252258054534238, -0.4300000000000042122 ) ) ;
#3203 = PRESENTATION_STYLE_ASSIGNMENT (( #4259 ) ) ;
#3204 = LINE ( 'NONE', #4278, #4103 ) ;
#3205 = ORIENTED_EDGE ( 'NONE', *, *, #507, .T. ) ;
#3206 = ORIENTED_EDGE ( 'NONE', *, *, #4510, .T. ) ;
#3207 = PRODUCT_DEFINITION_FORMATION_WITH_SPECIFIED_SOURCE ( 'ANY', '', #2743, .NOT_KNOWN. ) ;
#3208 = EDGE_CURVE ( 'NONE', #3008, #4169, #3364, .T. ) ;
#3209 = LINE ( 'NONE', #4559, #1375 ) ;
#3210 = EDGE_CURVE ( 'NONE', #2119, #2434, #3653, .T. ) ;
#3211 = ORIENTED_EDGE ( 'NONE', *, *, #3714, .F. ) ;
#3212 = CARTESIAN_POINT ( 'NONE',  ( -2.540000000000000036, 2.500000000000000000, -0.8149999999999999467 ) ) ;
#3213 = VECTOR ( 'NONE', #519, 1000.000000000000000 ) ;
#3214 = LINE ( 'NONE', #3557, #3129 ) ;
#3215 = LINE ( 'NONE', #42, #3825 ) ;
#3216 = EDGE_CURVE ( 'NONE', #242, #479, #2297, .T. ) ;
#3217 = CARTESIAN_POINT ( 'NONE',  ( -1.370000000000000551, 0.5000000000000000000, 0.8149999999999990585 ) ) ;
#3218 = FILL_AREA_STYLE_COLOUR ( '', #2671 ) ;
#3219 = EDGE_LOOP ( 'NONE', ( #2680, #3405, #3010, #1689 ) ) ;
#3220 = EDGE_CURVE ( 'NONE', #2873, #1585, #3726, .T. ) ;
#3221 = ORIENTED_EDGE ( 'NONE', *, *, #1578, .F. ) ;
#3222 =( NAMED_UNIT ( * ) PLANE_ANGLE_UNIT ( ) SI_UNIT ( $, .RADIAN. ) );
#3223 = CARTESIAN_POINT ( 'NONE',  ( -1.650000000000000355, 0.000000000000000000, 1.715000000000000080 ) ) ;
#3224 = DIRECTION ( 'NONE',  ( 0.000000000000000000, -1.000000000000000000, 0.000000000000000000 ) ) ;
#3225 = CARTESIAN_POINT ( 'NONE',  ( -1.170000000000000817, 0.000000000000000000, 1.054999999999999938 ) ) ;
#3226 = CARTESIAN_POINT ( 'NONE',  ( -1.370000000000000551, 1.292469707114105742E-23, 1.055000000000000160 ) ) ;
#3227 = VERTEX_POINT ( 'NONE', #1896 ) ;
#3228 = ORIENTED_EDGE ( 'NONE', *, *, #2614, .F. ) ;
#3229 = CARTESIAN_POINT ( 'NONE',  ( -0.1000000000000004774, 0.000000000000000000, 1.054999999999999716 ) ) ;
#3230 = VECTOR ( 'NONE', #1181, 1000.000000000000000 ) ;
#3231 = VECTOR ( 'NONE', #1634, 1000.000000000000000 ) ;
#3232 = EDGE_CURVE ( 'NONE', #811, #3709, #3339, .T. ) ;
#3233 = CARTESIAN_POINT ( 'NONE',  ( -0.8400000000000041878, 0.2500000000000000000, -0.4300000000000042122 ) ) ;
#3234 = DIRECTION ( 'NONE',  ( -1.000000000000000000, -0.000000000000000000, 2.528751422706715933E-16 ) ) ;
#3235 = UNCERTAINTY_MEASURE_WITH_UNIT (LENGTH_MEASURE( 1.000000000000000082E-05 ), #2503, 'distance_accuracy_value', 'NONE');
#3236 = LINE ( 'NONE', #2589, #4180 ) ;
#3237 = AXIS2_PLACEMENT_3D ( 'NONE', #3613, #1752, #1708 ) ;
#3238 = EDGE_CURVE ( 'NONE', #2339, #101, #1191, .T. ) ;
#3239 = AXIS2_PLACEMENT_3D ( 'NONE', #2433, #3854, #2089 ) ;
#3240 = CARTESIAN_POINT ( 'NONE',  ( 0.000000000000000000, 0.000000000000000000, 0.000000000000000000 ) ) ;
#3241 = ORIENTED_EDGE ( 'NONE', *, *, #3130, .T. ) ;
#3242 = ADVANCED_FACE ( 'NONE', ( #201, #1602 ), #3833, .F. ) ;
#3243 = CARTESIAN_POINT ( 'NONE',  ( -2.440000000000000835, -0.000000000000000000, 1.114999999999999991 ) ) ;
#3244 = ORIENTED_EDGE ( 'NONE', *, *, #309, .F. ) ;
#3245 = ORIENTED_EDGE ( 'NONE', *, *, #389, .T. ) ;
#3246 = CARTESIAN_POINT ( 'NONE',  ( -1.170000000000000817, 2.500000000000000000, 1.114999999999999991 ) ) ;
#3247 = PLANE ( 'NONE',  #4117 ) ;
#3248 = CARTESIAN_POINT ( 'NONE',  ( -0.4300000000000043787, 0.000000000000000000, -0.4300000000000041567 ) ) ;
#3249 = CARTESIAN_POINT ( 'NONE',  ( 0.4299999999999959410, 0.000000000000000000, 0.8400000000000039657 ) ) ;
#3250 = PLANE ( 'NONE',  #3784 ) ;
#3251 = CARTESIAN_POINT ( 'NONE',  ( 0.4299999999999959410, 2.500000000000000000, -0.4300000000000042122 ) ) ;
#3252 = ORIENTED_EDGE ( 'NONE', *, *, #1615, .T. ) ;
#3253 = EDGE_LOOP ( 'NONE', ( #2008, #1446, #4209, #4364 ) ) ;
#3254 = EDGE_LOOP ( 'NONE', ( #3707, #4481, #102, #297 ) ) ;
#3255 = EDGE_LOOP ( 'NONE', ( #4152, #3590, #4592, #3058 ) ) ;
#3256 = AXIS2_PLACEMENT_3D ( 'NONE', #1946, #2667, #1577 ) ;
#3257 = EDGE_CURVE ( 'NONE', #841, #2369, #1261, .T. ) ;
#3258 = DIRECTION ( 'NONE',  ( 0.000000000000000000, 0.000000000000000000, -1.000000000000000000 ) ) ;
#3259 = LINE ( 'NONE', #757, #4098 ) ;
#3260 = VECTOR ( 'NONE', #3319, 1000.000000000000227 ) ;
#3261 = CARTESIAN_POINT ( 'NONE',  ( -2.440000000000000835, 0.5000000000000000000, 0.8149999999999999467 ) ) ;
#3262 = VECTOR ( 'NONE', #3873, 1000.000000000000000 ) ;
#3263 = LINE ( 'NONE', #734, #1983 ) ;
#3264 = ORIENTED_EDGE ( 'NONE', *, *, #1078, .F. ) ;
#3265 = FILL_AREA_STYLE ('',( #3218 ) ) ;
#3266 = EDGE_CURVE ( 'NONE', #1709, #2607, #249, .T. ) ;
#3267 = AXIS2_PLACEMENT_3D ( 'NONE', #2501, #4298, #3145 ) ;
#3268 = AXIS2_PLACEMENT_3D ( 'NONE', #662, #352, #1371 ) ;
#3269 = EDGE_CURVE ( 'NONE', #2849, #4349, #4501, .T. ) ;
#3270 = ORIENTED_EDGE ( 'NONE', *, *, #772, .F. ) ;
#3271 = EDGE_LOOP ( 'NONE', ( #1445, #1836, #2362, #4396 ) ) ;
#3272 = VERTEX_POINT ( 'NONE', #3741 ) ;
#3273 = CARTESIAN_POINT ( 'NONE',  ( -2.539999999999999591, 2.500000000000000000, -1.715000000000000080 ) ) ;
#3274 = FACE_OUTER_BOUND ( 'NONE', #1116, .T. ) ;
#3275 = CARTESIAN_POINT ( 'NONE',  ( 2.540000000000001368, 0.2500000000000000000, 1.054999999999999050 ) ) ;
#3276 = DIRECTION ( 'NONE',  ( 0.4228854653311235334, 0.000000000000000000, 0.9061831399952655630 ) ) ;
#3277 = ORIENTED_EDGE ( 'NONE', *, *, #79, .T. ) ;
#3278 = ORIENTED_EDGE ( 'NONE', *, *, #3381, .T. ) ;
#3279 = VERTEX_POINT ( 'NONE', #4178 ) ;
#3280 = LINE ( 'NONE', #2191, #4310 ) ;
#3281 = CARTESIAN_POINT ( 'NONE',  ( -0.4300000000000043787, 0.000000000000000000, -0.4300000000000041567 ) ) ;
#3282 = VECTOR ( 'NONE', #4415, 1000.000000000000000 ) ;
#3283 = CARTESIAN_POINT ( 'NONE',  ( 0.000000000000000000, 0.000000000000000000, 0.000000000000000000 ) ) ;
#3284 = LINE ( 'NONE', #4337, #661 ) ;
#3285 = VECTOR ( 'NONE', #14, 1000.000000000000000 ) ;
#3286 = DIRECTION ( 'NONE',  ( -0.000000000000000000, -0.000000000000000000, 1.000000000000000000 ) ) ;
#3287 = ADVANCED_FACE ( 'NONE', ( #2774 ), #2723, .T. ) ;
#3288 = DIRECTION ( 'NONE',  ( 1.000000000000000000, 0.000000000000000000, -0.000000000000000000 ) ) ;
#3289 = ORIENTED_EDGE ( 'NONE', *, *, #707, .T. ) ;
#3290 = AXIS2_PLACEMENT_3D ( 'NONE', #3785, #539, #2088 ) ;
#3291 = ORIENTED_EDGE ( 'NONE', *, *, #3293, .F. ) ;
#3292 = EDGE_LOOP ( 'NONE', ( #1623, #394, #137, #3685 ) ) ;
#3293 = EDGE_CURVE ( 'NONE', #1331, #3593, #1281, .T. ) ;
#3294 = CARTESIAN_POINT ( 'NONE',  ( -1.700000000000004396, 9.179827560572968892, 0.4300000000000041567 ) ) ;
#3295 = DIRECTION ( 'NONE',  ( -1.000000000000000000, 0.000000000000000000, 2.528751422706715933E-16 ) ) ;
#3296 = CARTESIAN_POINT ( 'NONE',  ( -1.170000000000000817, 0.5000000000000000000, -1.715000000000000080 ) ) ;
#3297 = VERTEX_POINT ( 'NONE', #903 ) ;
#3298 = ORIENTED_EDGE ( 'NONE', *, *, #3210, .F. ) ;
#3299 = ORIENTED_EDGE ( 'NONE', *, *, #3293, .T. ) ;
#3300 = ORIENTED_EDGE ( 'NONE', *, *, #2446, .F. ) ;
#3301 = FACE_OUTER_BOUND ( 'NONE', #2318, .T. ) ;
#3302 = EDGE_CURVE ( 'NONE', #19, #646, #614, .T. ) ;
#3303 = CARTESIAN_POINT ( 'NONE',  ( 2.159999999999999698, 0.000000000000000000, -1.715000000000000080 ) ) ;
#3304 = DIRECTION ( 'NONE',  ( -0.000000000000000000, 1.000000000000000000, -0.000000000000000000 ) ) ;
#3305 = LINE ( 'NONE', #2956, #2066 ) ;
#3306 = VECTOR ( 'NONE', #1552, 1000.000000000000000 ) ;
#3307 = DIRECTION ( 'NONE',  ( 1.000000000000000000, 0.000000000000000000, 1.322197771323786623E-16 ) ) ;
#3308 = DIRECTION ( 'NONE',  ( 0.4228854653311235334, 0.000000000000000000, 0.9061831399952655630 ) ) ;
#3309 = EDGE_CURVE ( 'NONE', #3507, #2736, #996, .T. ) ;
#3310 = CARTESIAN_POINT ( 'NONE',  ( 2.540000000000000480, 0.2500000000000000000, -1.055000000000002824 ) ) ;
#3311 = LINE ( 'NONE', #789, #3704 ) ;
#3312 = ORIENTED_EDGE ( 'NONE', *, *, #4524, .F. ) ;
#3313 = ADVANCED_FACE ( 'NONE', ( #176, #2061, #2750 ), #1307, .F. ) ;
#3314 = AXIS2_PLACEMENT_3D ( 'NONE', #2361, #3081, #3105 ) ;
#3315 = VERTEX_POINT ( 'NONE', #4130 ) ;
#3316 = VERTEX_POINT ( 'NONE', #511 ) ;
#3317 = VERTEX_POINT ( 'NONE', #3152 ) ;
#3318 = FACE_OUTER_BOUND ( 'NONE', #3030, .T. ) ;
#3319 = DIRECTION ( 'NONE',  ( -0.4228854653311235334, 0.000000000000000000, 0.9061831399952655630 ) ) ;
#3320 = FACE_OUTER_BOUND ( 'NONE', #4294, .T. ) ;
#3321 = CARTESIAN_POINT ( 'NONE',  ( -2.110000000000004317, 9.179827560572968892, 0.8400000000000039657 ) ) ;
#3322 = EDGE_LOOP ( 'NONE', ( #1197, #4463, #4520, #2048 ) ) ;
#3323 = ORIENTED_EDGE ( 'NONE', *, *, #3737, .T. ) ;
#3324 = CARTESIAN_POINT ( 'NONE',  ( -0.3800000000000003375, 2.500000000000000000, -1.715000000000000080 ) ) ;
#3325 = ORIENTED_EDGE ( 'NONE', *, *, #3911, .F. ) ;
#3326 = CARTESIAN_POINT ( 'NONE',  ( -1.800000000000004707, 5.549999999999998934, 0.000000000000000000 ) ) ;
#3327 = EDGE_CURVE ( 'NONE', #131, #3672, #2386, .T. ) ;
#3328 = CARTESIAN_POINT ( 'NONE',  ( -1.170000000000000817, 0.2500000000000000000, 1.114999999999999991 ) ) ;
#3329 = DIRECTION ( 'NONE',  ( 0.000000000000000000, 0.000000000000000000, -1.000000000000000000 ) ) ;
#3330 = LINE ( 'NONE', #1520, #183 ) ;
#3331 = LINE ( 'NONE', #2615, #3452 ) ;
#3332 = CARTESIAN_POINT ( 'NONE',  ( 2.540000000000000480, 0.2500000000000000000, 0.4300000000000039346 ) ) ;
#3333 = DIRECTION ( 'NONE',  ( -1.000000000000000000, 0.000000000000000000, 2.644395542647573245E-16 ) ) ;
#3334 = PLANE ( 'NONE',  #535 ) ;
#3335 = VERTEX_POINT ( 'NONE', #4105 ) ;
#3336 = APPLICATION_PROTOCOL_DEFINITION ( 'draft international standard', 'automotive_design', 1998, #1884 ) ;
#3337 = VERTEX_POINT ( 'NONE', #2342 ) ;
#3338 = ORIENTED_EDGE ( 'NONE', *, *, #3154, .F. ) ;
#3339 = LINE ( 'NONE', #105, #993 ) ;
#3340 = EDGE_CURVE ( 'NONE', #3297, #1016, #3761, .T. ) ;
#3341 = CARTESIAN_POINT ( 'NONE',  ( 2.540000000000000480, 0.5000000000000000000, 1.715000000000000080 ) ) ;
#3342 = DIRECTION ( 'NONE',  ( 0.4228854653311245881, 0.000000000000000000, -0.9061831399952650079 ) ) ;
#3343 = DIRECTION ( 'NONE',  ( 0.000000000000000000, 0.000000000000000000, 1.000000000000000000 ) ) ;
#3344 = ORIENTED_EDGE ( 'NONE', *, *, #1196, .F. ) ;
#3345 = VERTEX_POINT ( 'NONE', #1990 ) ;
#3346 = CARTESIAN_POINT ( 'NONE',  ( -0.3800000000000003375, 0.000000000000000000, 1.715000000000000080 ) ) ;
#3347 = ORIENTED_EDGE ( 'NONE', *, *, #815, .F. ) ;
#3348 = CARTESIAN_POINT ( 'NONE',  ( -1.370000000000000551, 2.200000000000000178, -1.715000000000000080 ) ) ;
#3349 = DIRECTION ( 'NONE',  ( 0.000000000000000000, -1.000000000000000000, 0.000000000000000000 ) ) ;
#3350 = ORIENTED_EDGE ( 'NONE', *, *, #3684, .F. ) ;
#3351 = DIRECTION ( 'NONE',  ( 1.000000000000000000, 0.000000000000000000, 0.000000000000000000 ) ) ;
#3352 = EDGE_CURVE ( 'NONE', #3064, #1998, #2364, .T. ) ;
#3353 = CARTESIAN_POINT ( 'NONE',  ( 1.169999999999999707, 2.200000000000000178, -0.8150000000000001688 ) ) ;
#3354 = LINE ( 'NONE', #3332, #713 ) ;
#3355 = VECTOR ( 'NONE', #1120, 1000.000000000000000 ) ;
#3356 = CARTESIAN_POINT ( 'NONE',  ( -1.370000000000000551, -0.000000000000000000, 1.114999999999999991 ) ) ;
#3357 = ORIENTED_EDGE ( 'NONE', *, *, #2689, .T. ) ;
#3358 = VECTOR ( 'NONE', #1348, 1000.000000000000000 ) ;
#3359 = APPLICATION_PROTOCOL_DEFINITION ( 'draft international standard', 'automotive_design', 1998, #1252 ) ;
#3360 = ADVANCED_FACE ( 'NONE', ( #2013 ), #1646, .F. ) ;
#3361 = VECTOR ( 'NONE', #1974, 1000.000000000000000 ) ;
#3362 = VERTEX_POINT ( 'NONE', #4251 ) ;
#3363 = EDGE_LOOP ( 'NONE', ( #627, #1076, #149, #491, #1336, #764, #1853, #364 ) ) ;
#3364 = LINE ( 'NONE', #132, #2808 ) ;
#3365 = DIRECTION ( 'NONE',  ( -0.4228854653311235334, 0.000000000000000000, 0.9061831399952655630 ) ) ;
#3366 = VECTOR ( 'NONE', #1997, 1000.000000000000000 ) ;
#3367 = CARTESIAN_POINT ( 'NONE',  ( -0.1000000000000004774, 0.000000000000000000, -1.114999999999999991 ) ) ;
#3368 = LINE ( 'NONE', #3013, #3282 ) ;
#3369 = EDGE_CURVE ( 'NONE', #235, #4432, #3896, .T. ) ;
#3370 = CARTESIAN_POINT ( 'NONE',  ( -2.110000000000004317, -2.025252258054541343, 0.4300000000000042122 ) ) ;
#3371 = VERTEX_POINT ( 'NONE', #312 ) ;
#3372 = ORIENTED_EDGE ( 'NONE', *, *, #326, .F. ) ;
#3373 = CARTESIAN_POINT ( 'NONE',  ( -1.700000000000004396, 0.000000000000000000, -0.4300000000000041567 ) ) ;
#3374 = ORIENTED_EDGE ( 'NONE', *, *, #1065, .F. ) ;
#3375 = CARTESIAN_POINT ( 'NONE',  ( 1.699999999999995737, 0.000000000000000000, 0.4300000000000042122 ) ) ;
#3376 = CARTESIAN_POINT ( 'NONE',  ( 1.699999999999995737, 0.2500000000000000000, -0.4300000000000042122 ) ) ;
#3377 = CARTESIAN_POINT ( 'NONE',  ( -0.8400000000000041878, 2.500000000000000000, -0.4300000000000042122 ) ) ;
#3378 = DIRECTION ( 'NONE',  ( 1.000000000000000000, 0.000000000000000000, -2.644395542647573245E-16 ) ) ;
#3379 = DIRECTION ( 'NONE',  ( 1.000000000000000000, 0.000000000000000000, 0.000000000000000000 ) ) ;
#3380 = AXIS2_PLACEMENT_3D ( 'NONE', #807, #2879, #3668 ) ;
#3381 = EDGE_CURVE ( 'NONE', #2897, #1124, #2519, .T. ) ;
#3382 = ORIENTED_EDGE ( 'NONE', *, *, #2084, .T. ) ;
#3383 = CARTESIAN_POINT ( 'NONE',  ( -0.8900000000000001243, 0.000000000000000000, -1.715000000000000080 ) ) ;
#3384 = ORIENTED_EDGE ( 'NONE', *, *, #2670, .T. ) ;
#3385 = VECTOR ( 'NONE', #4395, 1000.000000000000000 ) ;
#3386 = ORIENTED_EDGE ( 'NONE', *, *, #1716, .T. ) ;
#3387 =( NAMED_UNIT ( * ) SI_UNIT ( $, .STERADIAN. ) SOLID_ANGLE_UNIT ( ) );
#3388 = EDGE_CURVE ( 'NONE', #306, #1672, #3263, .T. ) ;
#3389 = AXIS2_PLACEMENT_3D ( 'NONE', #3980, #1177, #1857 ) ;
#3390 = PLANE ( 'NONE',  #4516 ) ;
#3391 = PLANE ( 'NONE',  #795 ) ;
#3392 = CARTESIAN_POINT ( 'NONE',  ( -1.370000000000000551, 2.200000000000000178, -1.715000000000000080 ) ) ;
#3393 = ORIENTED_EDGE ( 'NONE', *, *, #570, .T. ) ;
#3394 = ORIENTED_EDGE ( 'NONE', *, *, #423, .F. ) ;
#3395 = EDGE_LOOP ( 'NONE', ( #2478, #949, #4214, #840 ) ) ;
#3396 = COLOUR_RGB ( '',0.9686274509803921573, 0.8784313725490195957, 0.5999999999999999778 ) ;
#3397 = CARTESIAN_POINT ( 'NONE',  ( -0.1000000000000004774, 0.000000000000000000, -1.114999999999999991 ) ) ;
#3398 = LINE ( 'NONE', #116, #908 ) ;
#3399 = EDGE_CURVE ( 'NONE', #2873, #191, #4269, .T. ) ;
#3400 =( LENGTH_UNIT ( ) NAMED_UNIT ( * ) SI_UNIT ( .MILLI., .METRE. ) );
#3401 = PLANE ( 'NONE',  #2502 ) ;
#3402 = PRODUCT_CONTEXT ( 'NONE', #1722, 'mechanical' ) ;
#3403 = CARTESIAN_POINT ( 'NONE',  ( 2.109999999999995435, 2.500000000000000000, 0.4300000000000041567 ) ) ;
#3404 = VERTEX_POINT ( 'NONE', #2176 ) ;
#3405 = ORIENTED_EDGE ( 'NONE', *, *, #2239, .T. ) ;
#3406 = VECTOR ( 'NONE', #2110, 1000.000000000000000 ) ;
#3407 = DIRECTION ( 'NONE',  ( -0.4228854653311235334, 0.000000000000000000, 0.9061831399952655630 ) ) ;
#3408 = LINE ( 'NONE', #4028, #2913 ) ;
#3409 = ADVANCED_FACE ( 'NONE', ( #1456, #2911 ), #4318, .F. ) ;
#3410 = DIRECTION ( 'NONE',  ( 1.000000000000000000, 0.000000000000000000, -0.000000000000000000 ) ) ;
#3411 = FACE_BOUND ( 'NONE', #4017, .T. ) ;
#3412 = LINE ( 'NONE', #1581, #2556 ) ;
#3413 = ADVANCED_FACE ( 'NONE', ( #3516 ), #4567, .F. ) ;
#3414 = ORIENTED_EDGE ( 'NONE', *, *, #728, .T. ) ;
#3415 = ORIENTED_EDGE ( 'NONE', *, *, #2861, .T. ) ;
#3416 = LINE ( 'NONE', #4371, #4451 ) ;
#3417 = ORIENTED_EDGE ( 'NONE', *, *, #432, .T. ) ;
#3418 = PRESENTATION_STYLE_ASSIGNMENT (( #1612 ) ) ;
#3419 = EDGE_CURVE ( 'NONE', #1016, #1305, #3311, .T. ) ;
#3420 = LINE ( 'NONE', #4095, #4613 ) ;
#3421 = ORIENTED_EDGE ( 'NONE', *, *, #4047, .F. ) ;
#3422 = SURFACE_SIDE_STYLE ('',( #1592 ) ) ;
#3423 = DIRECTION ( 'NONE',  ( -1.000000000000000000, 0.000000000000000000, 0.000000000000000000 ) ) ;
#3424 = ADVANCED_FACE ( 'NONE', ( #4011 ), #3334, .F. ) ;
#3425 = LINE ( 'NONE', #872, #2741 ) ;
#3426 = CARTESIAN_POINT ( 'NONE',  ( 1.169999999999999707, 2.200000000000000178, -1.715000000000000080 ) ) ;
#3427 = DIRECTION ( 'NONE',  ( 0.000000000000000000, 0.000000000000000000, 1.000000000000000000 ) ) ;
#3428 = DIRECTION ( 'NONE',  ( 0.4228854653311235334, 0.000000000000000000, 0.9061831399952655630 ) ) ;
#3429 = ORIENTED_EDGE ( 'NONE', *, *, #1218, .F. ) ;
#3430 = EDGE_LOOP ( 'NONE', ( #1142, #1365, #4061, #2947 ) ) ;
#3431 = ORIENTED_EDGE ( 'NONE', *, *, #529, .F. ) ;
#3432 = VECTOR ( 'NONE', #4146, 1000.000000000000000 ) ;
#3433 = PLANE ( 'NONE',  #344 ) ;
#3434 = CARTESIAN_POINT ( 'NONE',  ( 0.8899999999999996803, 0.000000000000000000, -1.715000000000000080 ) ) ;
#3435 = DIRECTION ( 'NONE',  ( 0.000000000000000000, -1.000000000000000000, 0.000000000000000000 ) ) ;
#3436 = EDGE_CURVE ( 'NONE', #2263, #821, #1915, .T. ) ;
#3437 = ORIENTED_EDGE ( 'NONE', *, *, #4362, .F. ) ;
#3438 = ORIENTED_EDGE ( 'NONE', *, *, #1757, .T. ) ;
#3439 = ORIENTED_EDGE ( 'NONE', *, *, #2752, .F. ) ;
#3440 = AXIS2_PLACEMENT_3D ( 'NONE', #4106, #4546, #2387 ) ;
#3441 = DIRECTION ( 'NONE',  ( -0.000000000000000000, 1.000000000000000000, -0.000000000000000000 ) ) ;
#3442 = DIRECTION ( 'NONE',  ( 0.000000000000000000, 0.000000000000000000, -1.000000000000000000 ) ) ;
#3443 = ORIENTED_EDGE ( 'NONE', *, *, #3731, .T. ) ;
#3444 = FACE_OUTER_BOUND ( 'NONE', #2599, .T. ) ;
#3445 = CARTESIAN_POINT ( 'NONE',  ( -0.8400000000000041878, 2.500000000000000000, -0.4300000000000042122 ) ) ;
#3446 = EDGE_CURVE ( 'NONE', #2997, #343, #3003, .T. ) ;
#3447 = ORIENTED_EDGE ( 'NONE', *, *, #1701, .F. ) ;
#3448 = ORIENTED_EDGE ( 'NONE', *, *, #4629, .T. ) ;
#3449 = CARTESIAN_POINT ( 'NONE',  ( -1.170000000000000817, 0.000000000000000000, -1.114999999999999991 ) ) ;
#3450 = LINE ( 'NONE', #3133, #3648 ) ;
#3451 = CARTESIAN_POINT ( 'NONE',  ( -2.110000000000004317, 0.2500000000000000000, -0.4300000000000042122 ) ) ;
#3452 = VECTOR ( 'NONE', #783, 1000.000000000000000 ) ;
#3453 = EDGE_CURVE ( 'NONE', #356, #2263, #1210, .T. ) ;
#3454 = CARTESIAN_POINT ( 'NONE',  ( -2.110000000000004317, 0.2500000000000000000, -0.4300000000000042122 ) ) ;
#3455 = VERTEX_POINT ( 'NONE', #4055 ) ;
#3456 = VERTEX_POINT ( 'NONE', #849 ) ;
#3457 = LINE ( 'NONE', #234, #1255 ) ;
#3458 = ORIENTED_EDGE ( 'NONE', *, *, #959, .F. ) ;
#3459 = VECTOR ( 'NONE', #2799, 1000.000000000000000 ) ;
#3460 = DIRECTION ( 'NONE',  ( -1.000000000000000000, 0.000000000000000000, -2.644395542647573245E-16 ) ) ;
#3461 =( LENGTH_UNIT ( ) NAMED_UNIT ( * ) SI_UNIT ( .MILLI., .METRE. ) );
#3462 = LINE ( 'NONE', #1317, #1783 ) ;
#3463 = VECTOR ( 'NONE', #2664, 1000.000000000000227 ) ;
#3464 = ORIENTED_EDGE ( 'NONE', *, *, #1403, .F. ) ;
#3465 = CARTESIAN_POINT ( 'NONE',  ( 7.007648188016123507E-17, 5.549999999999998934, 0.5300000000000041345 ) ) ;
#3466 = EDGE_CURVE ( 'NONE', #2203, #2252, #2291, .T. ) ;
#3467 = DIRECTION ( 'NONE',  ( 0.3236155771181875029, 0.8891264907159862618, 0.3236155771181872809 ) ) ;
#3468 = VECTOR ( 'NONE', #1241, 1000.000000000000000 ) ;
#3469 = ADVANCED_FACE ( 'NONE', ( #1985 ), #2360, .F. ) ;
#3470 = ORIENTED_EDGE ( 'NONE', *, *, #4320, .F. ) ;
#3471 = DIRECTION ( 'NONE',  ( 1.000000000000000000, 0.000000000000000000, 0.000000000000000000 ) ) ;
#3472 = CARTESIAN_POINT ( 'NONE',  ( 0.09999999999999917288, 2.200000000000000178, -0.8150000000000001688 ) ) ;
#3473 = CARTESIAN_POINT ( 'NONE',  ( -1.800000000000004707, 5.549999999999998934, -0.7400000000000035438 ) ) ;
#3474 = ORIENTED_EDGE ( 'NONE', *, *, #4174, .T. ) ;
#3475 = ORIENTED_EDGE ( 'NONE', *, *, #997, .T. ) ;
#3476 = CARTESIAN_POINT ( 'NONE',  ( -1.700000000000004396, 2.500000000000000000, -0.4300000000000041567 ) ) ;
#3477 = DIRECTION ( 'NONE',  ( 0.000000000000000000, 0.000000000000000000, 1.000000000000000000 ) ) ;
#3478 = CARTESIAN_POINT ( 'NONE',  ( 0.4299999999999959410, 0.2500000000000000000, 0.4300000000000042122 ) ) ;
#3479 = VERTEX_POINT ( 'NONE', #945 ) ;
#3480 = VERTEX_POINT ( 'NONE', #2055 ) ;
#3481 = AXIS2_PLACEMENT_3D ( 'NONE', #2381, #1669, #4522 ) ;
#3482 = LINE ( 'NONE', #2481, #1880 ) ;
#3483 = DIRECTION ( 'NONE',  ( 0.000000000000000000, 0.000000000000000000, 1.000000000000000000 ) ) ;
#3484 = EDGE_LOOP ( 'NONE', ( #3443, #4139, #2305, #2251 ) ) ;
#3485 = VERTEX_POINT ( 'NONE', #1959 ) ;
#3486 = VECTOR ( 'NONE', #4406, 1000.000000000000000 ) ;
#3487 = CARTESIAN_POINT ( 'NONE',  ( -1.800000000000004707, 5.549999999999998934, 0.5300000000000044675 ) ) ;
#3488 = DIRECTION ( 'NONE',  ( -1.000000000000000000, 0.000000000000000000, -2.644395542647573245E-16 ) ) ;
#3489 = VECTOR ( 'NONE', #788, 1000.000000000000000 ) ;
#3490 = AXIS2_PLACEMENT_3D ( 'NONE', #4628, #4268, #613 ) ;
#3491 = ADVANCED_FACE ( 'NONE', ( #4176 ), #1690, .T. ) ;
#3492 = CARTESIAN_POINT ( 'NONE',  ( 0.3799999999999998934, 0.000000000000000000, -1.715000000000000080 ) ) ;
#3493 = LINE ( 'NONE', #970, #820 ) ;
#3494 = CARTESIAN_POINT ( 'NONE',  ( -2.110000000000004317, 9.179827560572968892, -0.4300000000000042122 ) ) ;
#3495 = CARTESIAN_POINT ( 'NONE',  ( -0.3800000000000003375, 2.500000000000000000, 1.715000000000000080 ) ) ;
#3496 = FACE_OUTER_BOUND ( 'NONE', #4081, .T. ) ;
#3497 = DIRECTION ( 'NONE',  ( -0.000000000000000000, 1.000000000000000000, 0.000000000000000000 ) ) ;
#3498 = DIRECTION ( 'NONE',  ( 0.000000000000000000, 1.000000000000000000, 0.000000000000000000 ) ) ;
#3499 = VECTOR ( 'NONE', #3342, 1000.000000000000114 ) ;
#3500 = ORIENTED_EDGE ( 'NONE', *, *, #2332, .T. ) ;
#3501 = ORIENTED_EDGE ( 'NONE', *, *, #43, .F. ) ;
#3502 = DIRECTION ( 'NONE',  ( -0.000000000000000000, 1.000000000000000000, -0.000000000000000000 ) ) ;
#3503 = PRESENTATION_LAYER_ASSIGNMENT (  '', '', ( #32 ) ) ;
#3504 = ADVANCED_FACE ( 'NONE', ( #265 ), #3800, .F. ) ;
#3505 = CARTESIAN_POINT ( 'NONE',  ( -1.700000000000004396, 9.179827560572968892, -0.4300000000000041567 ) ) ;
#3506 = ORIENTED_EDGE ( 'NONE', *, *, #2984, .F. ) ;
#3507 = VERTEX_POINT ( 'NONE', #4074 ) ;
#3508 = DIRECTION ( 'NONE',  ( -0.000000000000000000, -0.000000000000000000, -1.000000000000000000 ) ) ;
#3509 = EDGE_CURVE ( 'NONE', #1900, #3788, #1254, .T. ) ;
#3510 = LINE ( 'NONE', #3166, #3432 ) ;
#3511 = STYLED_ITEM ( 'NONE', ( #22 ), #3099 ) ;
#3512 = CARTESIAN_POINT ( 'NONE',  ( 1.369999999999999218, 0.000000000000000000, 1.114999999999999991 ) ) ;
#3513 = LINE ( 'NONE', #3533, #142 ) ;
#3514 = DIRECTION ( 'NONE',  ( 0.000000000000000000, -0.000000000000000000, 1.000000000000000000 ) ) ;
#3515 = DIRECTION ( 'NONE',  ( 1.000000000000000000, 0.000000000000000000, 0.000000000000000000 ) ) ;
#3516 = FACE_OUTER_BOUND ( 'NONE', #4363, .T. ) ;
#3517 = DIRECTION ( 'NONE',  ( -0.000000000000000000, -0.000000000000000000, 1.000000000000000000 ) ) ;
#3518 = EDGE_CURVE ( 'NONE', #811, #3345, #1617, .T. ) ;
#3519 = CARTESIAN_POINT ( 'NONE',  ( -2.110000000000004317, 2.500000000000000000, 0.4300000000000042122 ) ) ;
#3520 = ADVANCED_FACE ( 'NONE', ( #969 ), #2405, .F. ) ;
#3521 = ORIENTED_EDGE ( 'NONE', *, *, #1636, .F. ) ;
#3522 = ORIENTED_EDGE ( 'NONE', *, *, #1802, .F. ) ;
#3523 = FACE_OUTER_BOUND ( 'NONE', #1174, .T. ) ;
#3524 = VECTOR ( 'NONE', #66, 1000.000000000000000 ) ;
#3525 = FACE_OUTER_BOUND ( 'NONE', #2041, .T. ) ;
#3526 = SURFACE_SIDE_STYLE ('',( #1790 ) ) ;
#3527 = FACE_OUTER_BOUND ( 'NONE', #1796, .T. ) ;
#3528 = ORIENTED_EDGE ( 'NONE', *, *, #2687, .F. ) ;
#3529 = VECTOR ( 'NONE', #4094, 1000.000000000000000 ) ;
#3530 = EDGE_CURVE ( 'NONE', #2872, #1200, #3425, .T. ) ;
#3531 = CARTESIAN_POINT ( 'NONE',  ( 0.3799999999999998934, 2.500000000000000000, -1.715000000000000080 ) ) ;
#3532 = LINE ( 'NONE', #1735, #1074 ) ;
#3533 = CARTESIAN_POINT ( 'NONE',  ( 0.09999999999999917288, 2.200000000000000178, -1.715000000000000080 ) ) ;
#3534 = PLANE ( 'NONE',  #2301 ) ;
#3535 = CARTESIAN_POINT ( 'NONE',  ( 0.000000000000000000, 0.000000000000000000, 0.000000000000000000 ) ) ;
#3536 = DIRECTION ( 'NONE',  ( -0.000000000000000000, 0.000000000000000000, -1.000000000000000000 ) ) ;
#3537 = PLANE ( 'NONE',  #622 ) ;
#3538 = VECTOR ( 'NONE', #1428, 1000.000000000000000 ) ;
#3539 = DIRECTION ( 'NONE',  ( -1.000000000000000000, -0.000000000000000000, 1.322197771323786623E-16 ) ) ;
#3540 = LINE ( 'NONE', #314, #687 ) ;
#3541 = LINE ( 'NONE', #3582, #2255 ) ;
#3542 = ORIENTED_EDGE ( 'NONE', *, *, #157, .F. ) ;
#3543 = ORIENTED_EDGE ( 'NONE', *, *, #3257, .F. ) ;
#3544 = EDGE_CURVE ( 'NONE', #2359, #1165, #3053, .T. ) ;
#3545 = DIRECTION ( 'NONE',  ( -1.000000000000000000, 0.000000000000000000, -2.644395542647573245E-16 ) ) ;
#3546 = EDGE_CURVE ( 'NONE', #937, #1994, #2660, .T. ) ;
#3547 = DIRECTION ( 'NONE',  ( -0.000000000000000000, 1.000000000000000000, -0.000000000000000000 ) ) ;
#3548 = CARTESIAN_POINT ( 'NONE',  ( -2.539999999999999591, 0.5000000000000000000, -0.8149999999999999467 ) ) ;
#3549 = FACE_OUTER_BOUND ( 'NONE', #775, .T. ) ;
#3550 = ORIENTED_EDGE ( 'NONE', *, *, #2037, .F. ) ;
#3551 = VERTEX_POINT ( 'NONE', #3078 ) ;
#3552 = EDGE_LOOP ( 'NONE', ( #1724, #1234, #1425, #247 ) ) ;
#3553 = VECTOR ( 'NONE', #2311, 1000.000000000000000 ) ;
#3554 = ADVANCED_FACE ( 'NONE', ( #1668 ), #528, .F. ) ;
#3555 = CARTESIAN_POINT ( 'NONE',  ( -0.1000000000000004774, 2.200000000000000178, -1.715000000000000080 ) ) ;
#3556 = CARTESIAN_POINT ( 'NONE',  ( -1.370000000000000551, 0.000000000000000000, -1.114999999999999991 ) ) ;
#3557 = CARTESIAN_POINT ( 'NONE',  ( 1.169999999999999707, 0.000000000000000000, 0.8149999999999999467 ) ) ;
#3558 = EDGE_CURVE ( 'NONE', #3317, #3624, #1641, .T. ) ;
#3559 = FACE_OUTER_BOUND ( 'NONE', #2370, .T. ) ;
#3560 = PLANE ( 'NONE',  #2201 ) ;
#3561 = DIRECTION ( 'NONE',  ( 1.000000000000000000, 0.000000000000000000, 0.000000000000000000 ) ) ;
#3562 = CARTESIAN_POINT ( 'NONE',  ( 2.439999999999999503, 2.200000000000000178, -1.715000000000000080 ) ) ;
#3563 = ORIENTED_EDGE ( 'NONE', *, *, #3975, .T. ) ;
#3564 = ORIENTED_EDGE ( 'NONE', *, *, #2239, .F. ) ;
#3565 = CARTESIAN_POINT ( 'NONE',  ( 2.540000000000000480, 0.2500000000000000000, -1.055000000000002824 ) ) ;
#3566 = FACE_OUTER_BOUND ( 'NONE', #3219, .T. ) ;
#3567 = FACE_BOUND ( 'NONE', #1460, .T. ) ;
#3568 = EDGE_CURVE ( 'NONE', #370, #3804, #2316, .T. ) ;
#3569 = VECTOR ( 'NONE', #4392, 1000.000000000000000 ) ;
#3570 = CARTESIAN_POINT ( 'NONE',  ( -1.170000000000000817, 0.000000000000000000, -1.055000000000001936 ) ) ;
#3571 = DIRECTION ( 'NONE',  ( -0.000000000000000000, -0.000000000000000000, 1.000000000000000000 ) ) ;
#3572 = EDGE_LOOP ( 'NONE', ( #4557, #1306, #843, #1630 ) ) ;
#3573 = EDGE_LOOP ( 'NONE', ( #1614, #2578, #3615, #1665 ) ) ;
#3574 = VECTOR ( 'NONE', #3811, 1000.000000000000000 ) ;
#3575 = ADVANCED_FACE ( 'NONE', ( #4099 ), #3401, .F. ) ;
#3576 = CARTESIAN_POINT ( 'NONE',  ( 1.169999999999999707, 0.000000000000000000, 0.8149999999999999467 ) ) ;
#3577 = DIRECTION ( 'NONE',  ( 0.000000000000000000, -0.000000000000000000, -1.000000000000000000 ) ) ;
#3578 = VECTOR ( 'NONE', #960, 1000.000000000000227 ) ;
#3579 = CARTESIAN_POINT ( 'NONE',  ( -1.800000000000004263, -2.299999999999999822, 0.000000000000000000 ) ) ;
#3580 = VERTEX_POINT ( 'NONE', #4521 ) ;
#3581 =( NAMED_UNIT ( * ) PLANE_ANGLE_UNIT ( ) SI_UNIT ( $, .RADIAN. ) );
#3582 = CARTESIAN_POINT ( 'NONE',  ( 0.09999999999999917288, 0.000000000000000000, -1.114999999999999991 ) ) ;
#3583 = VERTEX_POINT ( 'NONE', #895 ) ;
#3584 = ORIENTED_EDGE ( 'NONE', *, *, #561, .F. ) ;
#3585 = SURFACE_STYLE_FILL_AREA ( #3924 ) ;
#3586 = DIRECTION ( 'NONE',  ( -1.000000000000000000, 0.000000000000000000, 1.322197771323786623E-16 ) ) ;
#3587 = CARTESIAN_POINT ( 'NONE',  ( 1.699999999999995737, 0.2500000000000000000, -1.055000000000002824 ) ) ;
#3588 = DIRECTION ( 'NONE',  ( -1.000000000000000000, -0.000000000000000000, 2.528751422706715933E-16 ) ) ;
#3589 = DIRECTION ( 'NONE',  ( 1.000000000000000000, 0.000000000000000000, 1.322197771323786623E-16 ) ) ;
#3590 = ORIENTED_EDGE ( 'NONE', *, *, #2984, .T. ) ;
#3591 = ORIENTED_EDGE ( 'NONE', *, *, #1958, .F. ) ;
#3592 = VERTEX_POINT ( 'NONE', #4121 ) ;
#3593 = VERTEX_POINT ( 'NONE', #3778 ) ;
#3594 = CARTESIAN_POINT ( 'NONE',  ( -2.640000000000000568, 2.200000000000000178, -0.8149999999999999467 ) ) ;
#3595 = DIRECTION ( 'NONE',  ( -0.000000000000000000, 1.000000000000000000, -0.000000000000000000 ) ) ;
#3596 = VECTOR ( 'NONE', #1692, 1000.000000000000000 ) ;
#3597 = CARTESIAN_POINT ( 'NONE',  ( -0.8900000000000001243, 0.000000000000000000, 1.715000000000000080 ) ) ;
#3598 = ORIENTED_EDGE ( 'NONE', *, *, #389, .F. ) ;
#3599 = LINE ( 'NONE', #1087, #2505 ) ;
#3600 = ADVANCED_FACE ( 'NONE', ( #560, #2009, #3444 ), #2468, .F. ) ;
#3601 = CARTESIAN_POINT ( 'NONE',  ( -2.540000000000000480, 2.500000000000000000, 1.715000000000000080 ) ) ;
#3602 = VECTOR ( 'NONE', #4309, 1000.000000000000000 ) ;
#3603 = PRESENTATION_LAYER_ASSIGNMENT (  '', '', ( #4190 ) ) ;
#3604 = DIRECTION ( 'NONE',  ( -0.000000000000000000, -1.000000000000000000, 0.000000000000000000 ) ) ;
#3605 = VERTEX_POINT ( 'NONE', #730 ) ;
#3606 = AXIS2_PLACEMENT_3D ( 'NONE', #3143, #2398, #4513 ) ;
#3607 = ORIENTED_EDGE ( 'NONE', *, *, #4588, .T. ) ;
#3608 = CARTESIAN_POINT ( 'NONE',  ( -0.1000000000000004774, 2.500000000000000000, 1.114999999999999991 ) ) ;
#3609 = DIRECTION ( 'NONE',  ( -0.000000000000000000, 1.000000000000000000, 0.000000000000000000 ) ) ;
#3610 = DIRECTION ( 'NONE',  ( -0.000000000000000000, 1.000000000000000000, -0.000000000000000000 ) ) ;
#3611 = LINE ( 'NONE', #4614, #825 ) ;
#3612 = EDGE_CURVE ( 'NONE', #2232, #4153, #682, .T. ) ;
#3613 = CARTESIAN_POINT ( 'NONE',  ( 0.09999999999999917288, 0.000000000000000000, 1.114999999999999991 ) ) ;
#3614 = ORIENTED_EDGE ( 'NONE', *, *, #2875, .F. ) ;
#3615 = ORIENTED_EDGE ( 'NONE', *, *, #4308, .T. ) ;
#3616 = VERTEX_POINT ( 'NONE', #2812 ) ;
#3617 = VECTOR ( 'NONE', #3022, 1000.000000000000000 ) ;
#3618 = DIRECTION ( 'NONE',  ( -2.528751422706715933E-16, 0.000000000000000000, -1.000000000000000000 ) ) ;
#3619 = CARTESIAN_POINT ( 'NONE',  ( -1.700000000000004396, 0.000000000000000000, 0.4300000000000041567 ) ) ;
#3620 = CARTESIAN_POINT ( 'NONE',  ( 2.540000000000001368, 0.5000000000000000000, -0.8149999999999999467 ) ) ;
#3621 = VECTOR ( 'NONE', #1471, 1000.000000000000000 ) ;
#3622 = CARTESIAN_POINT ( 'NONE',  ( 1.699999999999995737, 0.000000000000000000, -0.8400000000000039657 ) ) ;
#3623 = ORIENTED_EDGE ( 'NONE', *, *, #1910, .T. ) ;
#3624 = VERTEX_POINT ( 'NONE', #3531 ) ;
#3625 = VECTOR ( 'NONE', #2691, 1000.000000000000000 ) ;
#3626 = EDGE_LOOP ( 'NONE', ( #3662, #4483, #4506, #2130 ) ) ;
#3627 = ORIENTED_EDGE ( 'NONE', *, *, #419, .T. ) ;
#3628 = CARTESIAN_POINT ( 'NONE',  ( -0.1000000000000004774, 0.000000000000000000, 0.8149999999999999467 ) ) ;
#3629 = EDGE_CURVE ( 'NONE', #915, #2826, #4224, .T. ) ;
#3630 = VECTOR ( 'NONE', #1404, 1000.000000000000000 ) ;
#3631 = CARTESIAN_POINT ( 'NONE',  ( -1.370000000000000551, 0.2500000000000000000, 1.055000000000000160 ) ) ;
#3632 = CARTESIAN_POINT ( 'NONE',  ( -2.110000000000004317, 5.275252258054534238, 0.8400000000000039657 ) ) ;
#3633 = DIRECTION ( 'NONE',  ( -0.000000000000000000, 0.000000000000000000, 1.000000000000000000 ) ) ;
#3634 = VERTEX_POINT ( 'NONE', #1064 ) ;
#3635 = ORIENTED_EDGE ( 'NONE', *, *, #4456, .T. ) ;
#3636 = ORIENTED_EDGE ( 'NONE', *, *, #1403, .T. ) ;
#3637 = ORIENTED_EDGE ( 'NONE', *, *, #4444, .T. ) ;
#3638 = DIRECTION ( 'NONE',  ( -0.000000000000000000, -1.000000000000000000, -0.000000000000000000 ) ) ;
#3639 = CARTESIAN_POINT ( 'NONE',  ( -2.540000000000000480, 2.500000000000000000, 1.715000000000000080 ) ) ;
#3640 = CARTESIAN_POINT ( 'NONE',  ( -0.1000000000000004774, 0.000000000000000000, 1.114999999999999991 ) ) ;
#3641 = DIRECTION ( 'NONE',  ( -0.000000000000000000, 0.000000000000000000, -1.000000000000000000 ) ) ;
#3642 = VECTOR ( 'NONE', #771, 1000.000000000000000 ) ;
#3643 = LINE ( 'NONE', #4335, #4223 ) ;
#3644 = EDGE_CURVE ( 'NONE', #1485, #3114, #287, .T. ) ;
#3645 = PLANE ( 'NONE',  #2851 ) ;
#3646 = PLANE ( 'NONE',  #2287 ) ;
#3647 = ORIENTED_EDGE ( 'NONE', *, *, #395, .T. ) ;
#3648 = VECTOR ( 'NONE', #3477, 1000.000000000000000 ) ;
#3649 = AXIS2_PLACEMENT_3D ( 'NONE', #2132, #2205, #2456 ) ;
#3650 = ORIENTED_EDGE ( 'NONE', *, *, #241, .F. ) ;
#3651 = VERTEX_POINT ( 'NONE', #4562 ) ;
#3652 = ORIENTED_EDGE ( 'NONE', *, *, #2499, .T. ) ;
#3653 = LINE ( 'NONE', #853, #92 ) ;
#3654 = EDGE_CURVE ( 'NONE', #955, #536, #2170, .T. ) ;
#3655 = LINE ( 'NONE', #426, #4232 ) ;
#3656 = CARTESIAN_POINT ( 'NONE',  ( 0.4299999999999959410, 2.500000000000000000, 0.4300000000000042122 ) ) ;
#3657 =( NAMED_UNIT ( * ) SI_UNIT ( $, .STERADIAN. ) SOLID_ANGLE_UNIT ( ) );
#3658 = DIRECTION ( 'NONE',  ( -0.000000000000000000, 1.000000000000000000, -0.000000000000000000 ) ) ;
#3659 = ORIENTED_EDGE ( 'NONE', *, *, #4627, .F. ) ;
#3660 = EDGE_LOOP ( 'NONE', ( #2353, #4372, #3199, #1608 ) ) ;
#3661 = LINE ( 'NONE', #1586, #563 ) ;
#3662 = ORIENTED_EDGE ( 'NONE', *, *, #3644, .F. ) ;
#3663 = DIRECTION ( 'NONE',  ( -1.000000000000000000, -0.000000000000000000, -2.644395542647573245E-16 ) ) ;
#3664 = CARTESIAN_POINT ( 'NONE',  ( -1.370000000000000551, 2.200000000000000178, 0.8149999999999999467 ) ) ;
#3665 = PLANE ( 'NONE',  #4210 ) ;
#3666 = VECTOR ( 'NONE', #1043, 1000.000000000000000 ) ;
#3667 = CARTESIAN_POINT ( 'NONE',  ( 0.8399999999999957501, 2.500000000000000000, 0.4300000000000041567 ) ) ;
#3668 = DIRECTION ( 'NONE',  ( -1.000000000000000000, 0.000000000000000000, -2.644395542647573245E-16 ) ) ;
#3669 = PLANE ( 'NONE',  #866 ) ;
#3670 = EDGE_CURVE ( 'NONE', #1331, #2665, #310, .T. ) ;
#3671 = CARTESIAN_POINT ( 'NONE',  ( -2.540000000000000480, 2.500000000000000000, 1.715000000000000080 ) ) ;
#3672 = VERTEX_POINT ( 'NONE', #658 ) ;
#3673 = VECTOR ( 'NONE', #1772, 1000.000000000000000 ) ;
#3674 = EDGE_CURVE ( 'NONE', #328, #3455, #2876, .T. ) ;
#3675 = ORIENTED_EDGE ( 'NONE', *, *, #419, .F. ) ;
#3676 = ORIENTED_EDGE ( 'NONE', *, *, #3546, .T. ) ;
#3677 = ORIENTED_EDGE ( 'NONE', *, *, #4174, .F. ) ;
#3678 = DIRECTION ( 'NONE',  ( -1.000000000000000000, 0.000000000000000000, 0.000000000000000000 ) ) ;
#3679 = DIRECTION ( 'NONE',  ( -1.000000000000000000, 0.000000000000000000, 0.000000000000000000 ) ) ;
#3680 = DIRECTION ( 'NONE',  ( 0.4228854653311235334, 0.000000000000000000, 0.9061831399952655630 ) ) ;
#3681 = CARTESIAN_POINT ( 'NONE',  ( -2.440000000000000835, 0.000000000000000000, -0.8149999999999999467 ) ) ;
#3682 = VECTOR ( 'NONE', #2765, 1000.000000000000000 ) ;
#3683 = PLANE ( 'NONE',  #145 ) ;
#3684 = EDGE_CURVE ( 'NONE', #1097, #1585, #1777, .T. ) ;
#3685 = ORIENTED_EDGE ( 'NONE', *, *, #1701, .T. ) ;
#3686 = VERTEX_POINT ( 'NONE', #3233 ) ;
#3687 = DIRECTION ( 'NONE',  ( -0.9061831399952655630, 0.000000000000000000, 0.4228854653311235334 ) ) ;
#3688 = EDGE_LOOP ( 'NONE', ( #4461, #1773, #2525, #2759 ) ) ;
#3689 = EDGE_CURVE ( 'NONE', #1165, #1562, #4624, .T. ) ;
#3690 = DIRECTION ( 'NONE',  ( -0.000000000000000000, 1.000000000000000000, 0.000000000000000000 ) ) ;
#3691 = DIRECTION ( 'NONE',  ( -1.000000000000000000, 0.000000000000000000, 1.322197771323786623E-16 ) ) ;
#3692 = CARTESIAN_POINT ( 'NONE',  ( 2.540000000000000480, 0.2500000000000000000, -0.8400000000000034106 ) ) ;
#3693 = EDGE_CURVE ( 'NONE', #2339, #47, #3599, .T. ) ;
#3694 = DIRECTION ( 'NONE',  ( 1.000000000000000000, 0.000000000000000000, -0.000000000000000000 ) ) ;
#3695 = LINE ( 'NONE', #1209, #3489 ) ;
#3696 = DIRECTION ( 'NONE',  ( -1.000000000000000000, 0.000000000000000000, -2.644395542647573245E-16 ) ) ;
#3697 = ORIENTED_EDGE ( 'NONE', *, *, #71, .T. ) ;
#3698 = ADVANCED_FACE ( 'NONE', ( #3847 ), #2903, .F. ) ;
#3699 = SHAPE_DEFINITION_REPRESENTATION ( #4511, #2238 ) ;
#3700 = ORIENTED_EDGE ( 'NONE', *, *, #2868, .T. ) ;
#3701 = ORIENTED_EDGE ( 'NONE', *, *, #4292, .F. ) ;
#3702 = DIRECTION ( 'NONE',  ( 0.3236155771181875029, 0.8891264907159862618, -0.3236155771181872809 ) ) ;
#3703 = LINE ( 'NONE', #2274, #1433 ) ;
#3704 = VECTOR ( 'NONE', #124, 1000.000000000000114 ) ;
#3705 = AXIS2_PLACEMENT_3D ( 'NONE', #2910, #1863, #4405 ) ;
#3706 = ORIENTED_EDGE ( 'NONE', *, *, #274, .T. ) ;
#3707 = ORIENTED_EDGE ( 'NONE', *, *, #2314, .T. ) ;
#3708 = CARTESIAN_POINT ( 'NONE',  ( 1.369999999999999218, 0.000000000000000000, 1.054999999999999494 ) ) ;
#3709 = VERTEX_POINT ( 'NONE', #93 ) ;
#3710 = EDGE_CURVE ( 'NONE', #85, #3634, #3643, .T. ) ;
#3711 = LINE ( 'NONE', #3375, #3617 ) ;
#3712 = PLANE ( 'NONE',  #680 ) ;
#3713 = LINE ( 'NONE', #3692, #2354 ) ;
#3714 = EDGE_CURVE ( 'NONE', #1585, #3507, #2193, .T. ) ;
#3715 = CARTESIAN_POINT ( 'NONE',  ( -2.539999999999999591, 2.500000000000000000, -1.715000000000000080 ) ) ;
#3716 = VECTOR ( 'NONE', #1360, 1000.000000000000000 ) ;
#3717 = DIRECTION ( 'NONE',  ( 0.000000000000000000, 0.000000000000000000, 1.000000000000000000 ) ) ;
#3718 = VECTOR ( 'NONE', #2772, 1000.000000000000000 ) ;
#3719 = PLANE ( 'NONE',  #219 ) ;
#3720 = DIRECTION ( 'NONE',  ( 1.000000000000000000, 0.000000000000000000, 0.000000000000000000 ) ) ;
#3721 = ORIENTED_EDGE ( 'NONE', *, *, #27, .F. ) ;
#3722 = CARTESIAN_POINT ( 'NONE',  ( 2.540000000000001368, 0.2500000000000000000, 1.054999999999999050 ) ) ;
#3723 = VECTOR ( 'NONE', #1175, 1000.000000000000000 ) ;
#3724 = EDGE_LOOP ( 'NONE', ( #3205, #4441, #1438, #3041 ) ) ;
#3725 = ORIENTED_EDGE ( 'NONE', *, *, #631, .T. ) ;
#3726 = LINE ( 'NONE', #153, #3034 ) ;
#3727 = MECHANICAL_DESIGN_GEOMETRIC_PRESENTATION_REPRESENTATION (  '', ( #3511 ), #4083 ) ;
#3728 = LINE ( 'NONE', #451, #193 ) ;
#3729 = LINE ( 'NONE', #3173, #73 ) ;
#3730 = ORIENTED_EDGE ( 'NONE', *, *, #4577, .F. ) ;
#3731 = EDGE_CURVE ( 'NONE', #3456, #3605, #3305, .T. ) ;
#3732 = EDGE_LOOP ( 'NONE', ( #909, #3264, #4067, #3876, #3650, #812, #654, #4538 ) ) ;
#3733 = ORIENTED_EDGE ( 'NONE', *, *, #2314, .F. ) ;
#3734 = LINE ( 'NONE', #1954, #1736 ) ;
#3735 = LINE ( 'NONE', #3024, #2410 ) ;
#3736 = LINE ( 'NONE', #868, #2620 ) ;
#3737 = EDGE_CURVE ( 'NONE', #721, #1382, #3330, .T. ) ;
#3738 = DIRECTION ( 'NONE',  ( -1.000000000000000000, 0.000000000000000000, -2.644395542647573245E-16 ) ) ;
#3739 = EDGE_LOOP ( 'NONE', ( #2987, #2546, #4136, #2995 ) ) ;
#3740 = ORIENTED_EDGE ( 'NONE', *, *, #2093, .T. ) ;
#3741 = CARTESIAN_POINT ( 'NONE',  ( 2.109999999999995435, 0.2500000000000000000, 0.4300000000000041567 ) ) ;
#3742 =( GEOMETRIC_REPRESENTATION_CONTEXT ( 3 ) GLOBAL_UNCERTAINTY_ASSIGNED_CONTEXT ( ( #266 ) ) GLOBAL_UNIT_ASSIGNED_CONTEXT ( ( #3461, #4166, #2418 ) ) REPRESENTATION_CONTEXT ( 'NONE', 'WORKASPACE' ) );
#3743 = LINE ( 'NONE', #2323, #1320 ) ;
#3744 = DIRECTION ( 'NONE',  ( -0.000000000000000000, 1.000000000000000000, -0.000000000000000000 ) ) ;
#3745 = EDGE_LOOP ( 'NONE', ( #58, #2467, #2497, #3228 ) ) ;
#3746 = ORIENTED_EDGE ( 'NONE', *, *, #65, .F. ) ;
#3747 = CARTESIAN_POINT ( 'NONE',  ( -2.110000000000004317, 0.000000000000000000, -0.4300000000000042122 ) ) ;
#3748 = ORIENTED_EDGE ( 'NONE', *, *, #1262, .F. ) ;
#3749 = DIRECTION ( 'NONE',  ( 0.000000000000000000, 0.000000000000000000, 1.000000000000000000 ) ) ;
#3750 = LINE ( 'NONE', #3796, #1868 ) ;
#3751 = VECTOR ( 'NONE', #907, 1000.000000000000000 ) ;
#3752 = EDGE_CURVE ( 'NONE', #3997, #1413, #4053, .T. ) ;
#3753 = DIRECTION ( 'NONE',  ( -0.000000000000000000, -0.000000000000000000, -1.000000000000000000 ) ) ;
#3754 = ORIENTED_EDGE ( 'NONE', *, *, #1374, .F. ) ;
#3755 = CARTESIAN_POINT ( 'NONE',  ( 2.439999999999999503, 0.000000000000000000, 1.114999999999999991 ) ) ;
#3756 = FACE_OUTER_BOUND ( 'NONE', #1715, .T. ) ;
#3757 = ADVANCED_FACE ( 'NONE', ( #4311 ), #4354, .F. ) ;
#3758 = DIRECTION ( 'NONE',  ( -0.000000000000000000, 1.000000000000000000, -0.000000000000000000 ) ) ;
#3759 = ORIENTED_EDGE ( 'NONE', *, *, #2687, .T. ) ;
#3760 = ORIENTED_EDGE ( 'NONE', *, *, #1958, .T. ) ;
#3761 = LINE ( 'NONE', #3449, #1809 ) ;
#3762 = FACE_OUTER_BOUND ( 'NONE', #1600, .T. ) ;
#3763 = LINE ( 'NONE', #1605, #2833 ) ;
#3764 = CARTESIAN_POINT ( 'NONE',  ( 7.007648188016117344E-17, -2.299999999999999822, 0.5300000000000036904 ) ) ;
#3765 = EDGE_CURVE ( 'NONE', #1356, #3456, #3713, .T. ) ;
#3766 = VERTEX_POINT ( 'NONE', #1109 ) ;
#3767 = ORIENTED_EDGE ( 'NONE', *, *, #3340, .T. ) ;
#3768 = CARTESIAN_POINT ( 'NONE',  ( -1.650000000000000355, 0.000000000000000000, -1.715000000000000080 ) ) ;
#3769 = ORIENTED_EDGE ( 'NONE', *, *, #3693, .F. ) ;
#3770 = CARTESIAN_POINT ( 'NONE',  ( -2.110000000000004317, 5.275252258054534238, -0.4300000000000042122 ) ) ;
#3771 = DIRECTION ( 'NONE',  ( 1.000000000000000000, 0.000000000000000000, 0.000000000000000000 ) ) ;
#3772 = CARTESIAN_POINT ( 'NONE',  ( 2.540000000000001368, 0.2500000000000000000, 1.054999999999999050 ) ) ;
#3773 = AXIS2_PLACEMENT_3D ( 'NONE', #2817, #2108, #311 ) ;
#3774 = EDGE_CURVE ( 'NONE', #1644, #1444, #2240, .T. ) ;
#3775 = DIRECTION ( 'NONE',  ( 0.000000000000000000, 0.000000000000000000, -1.000000000000000000 ) ) ;
#3776 = DIRECTION ( 'NONE',  ( -0.000000000000000000, -1.000000000000000000, 0.000000000000000000 ) ) ;
#3777 = ADVANCED_FACE ( 'NONE', ( #2587 ), #3665, .F. ) ;
#3778 = CARTESIAN_POINT ( 'NONE',  ( -2.110000000000004317, -2.025252258054541343, 0.4300000000000042122 ) ) ;
#3779 = CARTESIAN_POINT ( 'NONE',  ( -1.800000000000004707, 5.549999999999998934, -0.5300000000000044675 ) ) ;
#3780 = DIRECTION ( 'NONE',  ( 0.000000000000000000, 0.000000000000000000, 1.000000000000000000 ) ) ;
#3781 = ORIENTED_EDGE ( 'NONE', *, *, #2213, .F. ) ;
#3782 = CARTESIAN_POINT ( 'NONE',  ( 0.3799999999999998934, 2.500000000000000000, 1.715000000000000080 ) ) ;
#3783 = CARTESIAN_POINT ( 'NONE',  ( -0.8900000000000001243, 0.000000000000000000, 1.715000000000000080 ) ) ;
#3784 = AXIS2_PLACEMENT_3D ( 'NONE', #694, #3861, #651 ) ;
#3785 = CARTESIAN_POINT ( 'NONE',  ( -0.8400000000000041878, 0.000000000000000000, 0.8400000000000039657 ) ) ;
#3786 = CARTESIAN_POINT ( 'NONE',  ( -1.170000000000000817, 0.000000000000000000, -1.055000000000001936 ) ) ;
#3787 = DIRECTION ( 'NONE',  ( -0.000000000000000000, -0.000000000000000000, 1.000000000000000000 ) ) ;
#3788 = VERTEX_POINT ( 'NONE', #2613 ) ;
#3789 = ORIENTED_EDGE ( 'NONE', *, *, #3710, .T. ) ;
#3790 = ADVANCED_FACE ( 'NONE', ( #1547 ), #1799, .F. ) ;
#3791 = DIRECTION ( 'NONE',  ( -0.000000000000000000, 1.000000000000000000, -0.000000000000000000 ) ) ;
#3792 = VERTEX_POINT ( 'NONE', #119 ) ;
#3793 = AXIS2_PLACEMENT_3D ( 'NONE', #1878, #3687, #455 ) ;
#3794 = ADVANCED_FACE ( 'NONE', ( #4400 ), #1829, .F. ) ;
#3795 = DIRECTION ( 'NONE',  ( -0.000000000000000000, 1.000000000000000000, -0.000000000000000000 ) ) ;
#3796 = CARTESIAN_POINT ( 'NONE',  ( -1.700000000000004396, -2.025252258054541343, -0.4300000000000041567 ) ) ;
#3797 = EDGE_LOOP ( 'NONE', ( #3635, #3542, #398, #3187 ) ) ;
#3798 = DIRECTION ( 'NONE',  ( 1.322197771323786623E-16, -0.000000000000000000, 1.000000000000000000 ) ) ;
#3799 = ORIENTED_EDGE ( 'NONE', *, *, #4334, .F. ) ;
#3800 = PLANE ( 'NONE',  #324 ) ;
#3801 = CARTESIAN_POINT ( 'NONE',  ( -2.539999999999999591, 0.000000000000000000, -1.715000000000000080 ) ) ;
#3802 = ADVANCED_FACE ( 'NONE', ( #823 ), #2267, .F. ) ;
#3803 = DIRECTION ( 'NONE',  ( -0.000000000000000000, 1.000000000000000000, -0.000000000000000000 ) ) ;
#3804 = VERTEX_POINT ( 'NONE', #10 ) ;
#3805 = ORIENTED_EDGE ( 'NONE', *, *, #1826, .T. ) ;
#3806 = DIRECTION ( 'NONE',  ( -1.000000000000000000, 0.000000000000000000, 0.000000000000000000 ) ) ;
#3807 = FACE_OUTER_BOUND ( 'NONE', #278, .T. ) ;
#3808 = PRODUCT_DEFINITION_SHAPE ( 'NONE', 'NONE',  #4015 ) ;
#3809 = AXIS2_PLACEMENT_3D ( 'NONE', #4403, #848, #1295 ) ;
#3810 = EDGE_CURVE ( 'NONE', #1506, #3651, #3001, .T. ) ;
#3811 = DIRECTION ( 'NONE',  ( 0.000000000000000000, 0.000000000000000000, 1.000000000000000000 ) ) ;
#3812 = CARTESIAN_POINT ( 'NONE',  ( -0.8900000000000001243, 0.000000000000000000, -1.715000000000000080 ) ) ;
#3813 = EDGE_LOOP ( 'NONE', ( #152, #4410, #3659, #1610 ) ) ;
#3814 = ORIENTED_EDGE ( 'NONE', *, *, #3466, .F. ) ;
#3815 = FACE_OUTER_BOUND ( 'NONE', #1867, .T. ) ;
#3816 = ORIENTED_EDGE ( 'NONE', *, *, #3327, .F. ) ;
#3817 = VECTOR ( 'NONE', #978, 1000.000000000000114 ) ;
#3818 = EDGE_CURVE ( 'NONE', #1995, #1226, #2560, .T. ) ;
#3819 = DIRECTION ( 'NONE',  ( -0.000000000000000000, 1.000000000000000000, -0.000000000000000000 ) ) ;
#3820 = CARTESIAN_POINT ( 'NONE',  ( 1.369999999999999218, 2.500000000000000000, 1.114999999999999991 ) ) ;
#3821 = VECTOR ( 'NONE', #4606, 1000.000000000000000 ) ;
#3822 = ORIENTED_EDGE ( 'NONE', *, *, #4438, .T. ) ;
#3823 = CARTESIAN_POINT ( 'NONE',  ( 2.159999999999999698, 0.000000000000000000, -1.715000000000000080 ) ) ;
#3824 = FACE_OUTER_BOUND ( 'NONE', #4582, .T. ) ;
#3825 = VECTOR ( 'NONE', #760, 1000.000000000000000 ) ;
#3826 = ORIENTED_EDGE ( 'NONE', *, *, #778, .F. ) ;
#3827 = EDGE_CURVE ( 'NONE', #3316, #1039, #1982, .T. ) ;
#3828 = CARTESIAN_POINT ( 'NONE',  ( -2.110000000000004317, 2.500000000000000000, 0.4300000000000042122 ) ) ;
#3829 = FACE_OUTER_BOUND ( 'NONE', #2080, .T. ) ;
#3830 = VECTOR ( 'NONE', #1143, 1000.000000000000114 ) ;
#3831 = CARTESIAN_POINT ( 'NONE',  ( 1.649999999999999911, 0.000000000000000000, 1.715000000000000080 ) ) ;
#3832 = ORIENTED_EDGE ( 'NONE', *, *, #2325, .T. ) ;
#3833 = PLANE ( 'NONE',  #1588 ) ;
#3834 = CARTESIAN_POINT ( 'NONE',  ( 0.4299999999999959410, 0.000000000000000000, 0.8400000000000039657 ) ) ;
#3835 = CARTESIAN_POINT ( 'NONE',  ( -2.110000000000004317, 5.275252258054534238, 0.4300000000000042122 ) ) ;
#3836 = VECTOR ( 'NONE', #1271, 1000.000000000000000 ) ;
#3837 = ORIENTED_EDGE ( 'NONE', *, *, #1233, .T. ) ;
#3838 = ORIENTED_EDGE ( 'NONE', *, *, #1682, .F. ) ;
#3839 = DIRECTION ( 'NONE',  ( 0.4228854653311245881, 0.000000000000000000, -0.9061831399952650079 ) ) ;
#3840 = EDGE_CURVE ( 'NONE', #3912, #571, #656, .T. ) ;
#3841 = VECTOR ( 'NONE', #3407, 1000.000000000000227 ) ;
#3842 = LINE ( 'NONE', #1707, #3889 ) ;
#3843 = CARTESIAN_POINT ( 'NONE',  ( -1.700000000000004396, 5.275252258054534238, -0.4300000000000041567 ) ) ;
#3844 = AXIS2_PLACEMENT_3D ( 'NONE', #3622, #2568, #3696 ) ;
#3845 = DIRECTION ( 'NONE',  ( 1.000000000000000000, 0.000000000000000000, 0.000000000000000000 ) ) ;
#3846 = PRODUCT_DEFINITION_SHAPE ( 'NONE', 'NONE',  #4630 ) ;
#3847 = FACE_OUTER_BOUND ( 'NONE', #2638, .T. ) ;
#3848 = EDGE_CURVE ( 'NONE', #1822, #4169, #3209, .T. ) ;
#3849 = EDGE_CURVE ( 'NONE', #3455, #2630, #307, .T. ) ;
#3850 = CARTESIAN_POINT ( 'NONE',  ( -1.170000000000000817, 2.200000000000000178, -0.8150000000000001688 ) ) ;
#3851 = CARTESIAN_POINT ( 'NONE',  ( 0.8399999999999957501, 2.500000000000000000, -0.4300000000000041567 ) ) ;
#3852 = DIRECTION ( 'NONE',  ( -1.000000000000000000, 0.000000000000000000, 0.000000000000000000 ) ) ;
#3853 = FACE_OUTER_BOUND ( 'NONE', #4046, .T. ) ;
#3854 = DIRECTION ( 'NONE',  ( -2.484918977865075009E-16, -0.3420201433256666590, -0.9396926207859092051 ) ) ;
#3855 = VECTOR ( 'NONE', #4237, 1000.000000000000000 ) ;
#3856 = VERTEX_POINT ( 'NONE', #2464 ) ;
#3857 = ORIENTED_EDGE ( 'NONE', *, *, #3689, .T. ) ;
#3858 = DIRECTION ( 'NONE',  ( -1.000000000000000000, 0.000000000000000000, 0.000000000000000000 ) ) ;
#3859 = VECTOR ( 'NONE', #2275, 1000.000000000000000 ) ;
#3860 = LINE ( 'NONE', #3249, #1837 ) ;
#3861 = DIRECTION ( 'NONE',  ( -1.322197771323786623E-16, 0.000000000000000000, -1.000000000000000000 ) ) ;
#3862 = ADVANCED_FACE ( 'NONE', ( #580 ), #4196, .F. ) ;
#3863 = DIRECTION ( 'NONE',  ( 1.242459488932535039E-16, 0.3420201433256717660, -0.9396926207859073177 ) ) ;
#3864 = EDGE_LOOP ( 'NONE', ( #763, #4593, #4018, #165 ) ) ;
#3865 = VECTOR ( 'NONE', #1173, 1000.000000000000000 ) ;
#3866 = DIRECTION ( 'NONE',  ( -1.000000000000000000, 0.000000000000000000, -0.000000000000000000 ) ) ;
#3867 = DIRECTION ( 'NONE',  ( 0.000000000000000000, -1.000000000000000000, 0.000000000000000000 ) ) ;
#3868 = VECTOR ( 'NONE', #1031, 1000.000000000000000 ) ;
#3869 = DIRECTION ( 'NONE',  ( -0.000000000000000000, 1.000000000000000000, 0.000000000000000000 ) ) ;
#3870 = ADVANCED_FACE ( 'NONE', ( #1040 ), #2766, .F. ) ;
#3871 = LINE ( 'NONE', #3088, #4626 ) ;
#3872 = CARTESIAN_POINT ( 'NONE',  ( -2.440000000000000835, 2.500000000000000000, 1.114999999999999991 ) ) ;
#3873 = DIRECTION ( 'NONE',  ( -0.000000000000000000, -0.000000000000000000, 1.000000000000000000 ) ) ;
#3874 = ADVANCED_FACE ( 'NONE', ( #4540 ), #679, .F. ) ;
#3875 = DIRECTION ( 'NONE',  ( 0.000000000000000000, 0.000000000000000000, -1.000000000000000000 ) ) ;
#3876 = ORIENTED_EDGE ( 'NONE', *, *, #692, .F. ) ;
#3877 = EDGE_LOOP ( 'NONE', ( #3506, #1029, #4388, #3298 ) ) ;
#3878 = DIRECTION ( 'NONE',  ( -1.000000000000000000, -0.000000000000000000, 2.528751422706715933E-16 ) ) ;
#3879 = EDGE_CURVE ( 'NONE', #1918, #4261, #327, .T. ) ;
#3880 = VECTOR ( 'NONE', #4356, 1000.000000000000114 ) ;
#3881 = VECTOR ( 'NONE', #1249, 1000.000000000000000 ) ;
#3882 = LINE ( 'NONE', #672, #3141 ) ;
#3883 = LINE ( 'NONE', #2870, #3963 ) ;
#3884 = ORIENTED_EDGE ( 'NONE', *, *, #1903, .F. ) ;
#3885 = ORIENTED_EDGE ( 'NONE', *, *, #2570, .F. ) ;
#3886 = ORIENTED_EDGE ( 'NONE', *, *, #2493, .F. ) ;
#3887 = VECTOR ( 'NONE', #1355, 1000.000000000000000 ) ;
#3888 = CARTESIAN_POINT ( 'NONE',  ( -2.110000000000004317, 2.500000000000000000, -0.4300000000000042122 ) ) ;
#3889 = VECTOR ( 'NONE', #575, 1000.000000000000114 ) ;
#3890 = EDGE_LOOP ( 'NONE', ( #1357, #2572, #564, #4579 ) ) ;
#3891 = EDGE_CURVE ( 'NONE', #3788, #1147, #965, .T. ) ;
#3892 = CARTESIAN_POINT ( 'NONE',  ( 0.4299999999999959410, 2.500000000000000000, 0.8400000000000039657 ) ) ;
#3893 = AXIS2_PLACEMENT_3D ( 'NONE', #1858, #4070, #3641 ) ;
#3894 = DIRECTION ( 'NONE',  ( 0.000000000000000000, -0.000000000000000000, 1.000000000000000000 ) ) ;
#3895 = DIRECTION ( 'NONE',  ( 0.000000000000000000, -1.000000000000000000, 0.000000000000000000 ) ) ;
#3896 = LINE ( 'NONE', #1092, #617 ) ;
#3897 = ADVANCED_FACE ( 'NONE', ( #3824 ), #603, .F. ) ;
#3898 = DIRECTION ( 'NONE',  ( -1.000000000000000000, -0.000000000000000000, -0.000000000000000000 ) ) ;
#3899 = DIRECTION ( 'NONE',  ( -1.000000000000000000, -0.000000000000000000, 2.528751422706715933E-16 ) ) ;
#3900 = ORIENTED_EDGE ( 'NONE', *, *, #2561, .F. ) ;
#3901 = ORIENTED_EDGE ( 'NONE', *, *, #1407, .T. ) ;
#3902 = EDGE_CURVE ( 'NONE', #2850, #1305, #262, .T. ) ;
#3903 = DIRECTION ( 'NONE',  ( 1.000000000000000000, 0.000000000000000000, -2.528751422706715933E-16 ) ) ;
#3904 = CARTESIAN_POINT ( 'NONE',  ( 0.09999999999999939493, 0.2500000000000000000, 1.054999999999999716 ) ) ;
#3905 = EDGE_CURVE ( 'NONE', #1070, #2369, #2425, .T. ) ;
#3906 = ORIENTED_EDGE ( 'NONE', *, *, #3161, .T. ) ;
#3907 = EDGE_LOOP ( 'NONE', ( #2507, #3730, #214, #2350 ) ) ;
#3908 = AXIS2_PLACEMENT_3D ( 'NONE', #3248, #2890, #4157 ) ;
#3909 = DIRECTION ( 'NONE',  ( 0.000000000000000000, 0.000000000000000000, -1.000000000000000000 ) ) ;
#3910 = DIRECTION ( 'NONE',  ( 1.000000000000000000, 0.000000000000000000, -1.322197771323786623E-16 ) ) ;
#3911 = EDGE_CURVE ( 'NONE', #2974, #3279, #1712, .T. ) ;
#3912 = VERTEX_POINT ( 'NONE', #3229 ) ;
#3913 = DIRECTION ( 'NONE',  ( 0.000000000000000000, 0.000000000000000000, 1.000000000000000000 ) ) ;
#3914 = LINE ( 'NONE', #806, #3032 ) ;
#3915 = VECTOR ( 'NONE', #2637, 1000.000000000000114 ) ;
#3916 = CARTESIAN_POINT ( 'NONE',  ( 1.369999999999999218, 0.5000000000000000000, -1.715000000000000080 ) ) ;
#3917 = LINE ( 'NONE', #1780, #3538 ) ;
#3918 = EDGE_CURVE ( 'NONE', #1994, #2896, #1496, .T. ) ;
#3919 = FACE_OUTER_BOUND ( 'NONE', #2122, .T. ) ;
#3920 = VECTOR ( 'NONE', #3192, 1000.000000000000000 ) ;
#3921 = CARTESIAN_POINT ( 'NONE',  ( -0.1000000000000002554, 0.2500000000000000000, 1.054999999999999716 ) ) ;
#3922 = ORIENTED_EDGE ( 'NONE', *, *, #815, .T. ) ;
#3923 = ORIENTED_EDGE ( 'NONE', *, *, #4144, .F. ) ;
#3924 = FILL_AREA_STYLE ('',( #4574 ) ) ;
#3925 = LINE ( 'NONE', #1342, #1157 ) ;
#3926 = VECTOR ( 'NONE', #4519, 1000.000000000000000 ) ;
#3927 = FILL_AREA_STYLE_COLOUR ( '', #1246 ) ;
#3928 = CARTESIAN_POINT ( 'NONE',  ( -0.8400000000000041878, 0.000000000000000000, -0.4300000000000042122 ) ) ;
#3929 = ADVANCED_FACE ( 'NONE', ( #4284 ), #36, .F. ) ;
#3930 = ORIENTED_EDGE ( 'NONE', *, *, #2453, .T. ) ;
#3931 = EDGE_LOOP ( 'NONE', ( #1190, #3564, #902, #1855 ) ) ;
#3932 = ORIENTED_EDGE ( 'NONE', *, *, #3684, .T. ) ;
#3933 = VECTOR ( 'NONE', #3680, 1000.000000000000227 ) ;
#3934 = EDGE_CURVE ( 'NONE', #33, #1794, #2192, .T. ) ;
#3935 = VECTOR ( 'NONE', #623, 1000.000000000000227 ) ;
#3936 = ORIENTED_EDGE ( 'NONE', *, *, #3670, .F. ) ;
#3937 = DIRECTION ( 'NONE',  ( -1.000000000000000000, -0.000000000000000000, -0.000000000000000000 ) ) ;
#3938 = FACE_BOUND ( 'NONE', #1561, .T. ) ;
#3939 = VECTOR ( 'NONE', #3502, 1000.000000000000000 ) ;
#3940 = PLANE ( 'NONE',  #1908 ) ;
#3941 = DIRECTION ( 'NONE',  ( 1.000000000000000000, 0.000000000000000000, 0.000000000000000000 ) ) ;
#3942 = ORIENTED_EDGE ( 'NONE', *, *, #681, .F. ) ;
#3943 = EDGE_CURVE ( 'NONE', #2665, #4206, #700, .T. ) ;
#3944 = EDGE_LOOP ( 'NONE', ( #182, #1161, #2948, #1164 ) ) ;
#3945 = ORIENTED_EDGE ( 'NONE', *, *, #2923, .F. ) ;
#3946 = LINE ( 'NONE', #380, #1618 ) ;
#3947 = LINE ( 'NONE', #3465, #597 ) ;
#3948 = DIRECTION ( 'NONE',  ( 0.000000000000000000, 0.000000000000000000, 1.000000000000000000 ) ) ;
#3949 = DIRECTION ( 'NONE',  ( -1.000000000000000000, -0.000000000000000000, -2.644395542647573245E-16 ) ) ;
#3950 = PLANE ( 'NONE',  #3237 ) ;
#3951 = VERTEX_POINT ( 'NONE', #346 ) ;
#3952 = ORIENTED_EDGE ( 'NONE', *, *, #3509, .T. ) ;
#3953 = ORIENTED_EDGE ( 'NONE', *, *, #3654, .F. ) ;
#3954 = PLANE ( 'NONE',  #948 ) ;
#3955 = EDGE_CURVE ( 'NONE', #3337, #2090, #388, .T. ) ;
#3956 = DIRECTION ( 'NONE',  ( -0.000000000000000000, -1.000000000000000000, 0.000000000000000000 ) ) ;
#3957 = DIRECTION ( 'NONE',  ( -1.322197771323786623E-16, 0.000000000000000000, -1.000000000000000000 ) ) ;
#3958 = AXIS2_PLACEMENT_3D ( 'NONE', #4590, #1393, #1808 ) ;
#3959 = CARTESIAN_POINT ( 'NONE',  ( -1.800000000000004263, -2.299999999999999822, 0.7400000000000039879 ) ) ;
#3960 = CARTESIAN_POINT ( 'NONE',  ( 2.540000000000000480, 0.2500000000000000000, -0.8400000000000030775 ) ) ;
#3961 = EDGE_CURVE ( 'NONE', #876, #3592, #1449, .T. ) ;
#3962 = ORIENTED_EDGE ( 'NONE', *, *, #2355, .F. ) ;
#3963 = VECTOR ( 'NONE', #1398, 1000.000000000000114 ) ;
#3964 = LINE ( 'NONE', #1455, #1007 ) ;
#3965 = ORIENTED_EDGE ( 'NONE', *, *, #3848, .T. ) ;
#3966 = EDGE_LOOP ( 'NONE', ( #3044, #323, #670, #2785 ) ) ;
#3967 = EDGE_LOOP ( 'NONE', ( #2600, #4618, #1469, #1673 ) ) ;
#3968 = EDGE_CURVE ( 'NONE', #2974, #2440, #727, .T. ) ;
#3969 = ORIENTED_EDGE ( 'NONE', *, *, #602, .F. ) ;
#3970 = DIRECTION ( 'NONE',  ( -0.000000000000000000, 1.000000000000000000, -0.000000000000000000 ) ) ;
#3971 = FACE_BOUND ( 'NONE', #1082, .T. ) ;
#3972 = CARTESIAN_POINT ( 'NONE',  ( -0.8400000000000041878, 2.500000000000000000, -0.4300000000000042122 ) ) ;
#3973 = CARTESIAN_POINT ( 'NONE',  ( 0.09999999999999939493, 0.2500000000000000000, -1.055000000000002824 ) ) ;
#3974 = EDGE_LOOP ( 'NONE', ( #1298, #3421, #3312, #111 ) ) ;
#3975 = EDGE_CURVE ( 'NONE', #3580, #356, #1883, .T. ) ;
#3976 = EDGE_LOOP ( 'NONE', ( #1768, #3614, #1004, #2590 ) ) ;
#3977 = ORIENTED_EDGE ( 'NONE', *, *, #2025, .F. ) ;
#3978 = CARTESIAN_POINT ( 'NONE',  ( -1.370000000000000551, 0.000000000000000000, 1.114999999999999991 ) ) ;
#3979 = DIRECTION ( 'NONE',  ( 1.000000000000000000, 0.000000000000000000, 1.322197771323786623E-16 ) ) ;
#3980 = CARTESIAN_POINT ( 'NONE',  ( -1.700000000000004396, 5.275252258054534238, 0.4300000000000041567 ) ) ;
#3981 = DIRECTION ( 'NONE',  ( 0.000000000000000000, 1.000000000000000000, 0.000000000000000000 ) ) ;
#3982 = VECTOR ( 'NONE', #3898, 1000.000000000000000 ) ;
#3983 = VECTOR ( 'NONE', #834, 1000.000000000000000 ) ;
#3984 = CARTESIAN_POINT ( 'NONE',  ( 2.540000000000000480, 0.2500000000000000000, -1.055000000000002824 ) ) ;
#3985 = FACE_BOUND ( 'NONE', #2508, .T. ) ;
#3986 = DIRECTION ( 'NONE',  ( -0.3236155771181830065, 0.8891264907159895925, 0.3236155771181828400 ) ) ;
#3987 = EDGE_CURVE ( 'NONE', #33, #572, #1827, .T. ) ;
#3988 = FACE_OUTER_BOUND ( 'NONE', #1539, .T. ) ;
#3989 = VECTOR ( 'NONE', #4244, 1000.000000000000000 ) ;
#3990 = ORIENTED_EDGE ( 'NONE', *, *, #2953, .T. ) ;
#3991 = EDGE_CURVE ( 'NONE', #3064, #2899, #1565, .T. ) ;
#3992 = EDGE_LOOP ( 'NONE', ( #3107, #3033, #3521, #3067 ) ) ;
#3993 = VERTEX_POINT ( 'NONE', #2001 ) ;
#3994 = FACE_OUTER_BOUND ( 'NONE', #3430, .T. ) ;
#3995 = DIRECTION ( 'NONE',  ( 1.000000000000000000, 0.000000000000000000, 0.000000000000000000 ) ) ;
#3996 = ORIENTED_EDGE ( 'NONE', *, *, #3093, .T. ) ;
#3997 = VERTEX_POINT ( 'NONE', #2265 ) ;
#3998 = FACE_OUTER_BOUND ( 'NONE', #296, .T. ) ;
#3999 = ORIENTED_EDGE ( 'NONE', *, *, #1940, .T. ) ;
#4000 = LINE ( 'NONE', #2235, #4079 ) ;
#4001 = DIRECTION ( 'NONE',  ( 0.000000000000000000, 0.000000000000000000, 1.000000000000000000 ) ) ;
#4002 = ADVANCED_FACE ( 'NONE', ( #458 ), #552, .F. ) ;
#4003 = FACE_OUTER_BOUND ( 'NONE', #3890, .T. ) ;
#4004 =( GEOMETRIC_REPRESENTATION_CONTEXT ( 3 ) GLOBAL_UNCERTAINTY_ASSIGNED_CONTEXT ( ( #256 ) ) GLOBAL_UNIT_ASSIGNED_CONTEXT ( ( #72, #3581, #2202 ) ) REPRESENTATION_CONTEXT ( 'NONE', 'WORKASPACE' ) );
#4005 = AXIS2_PLACEMENT_3D ( 'NONE', #3321, #26, #2576 ) ;
#4006 = DIRECTION ( 'NONE',  ( 2.644395542647573245E-16, 0.000000000000000000, -1.000000000000000000 ) ) ;
#4007 = CARTESIAN_POINT ( 'NONE',  ( 1.169999999999999707, 2.500000000000000000, 0.8149999999999999467 ) ) ;
#4008 = ADVANCED_FACE ( 'NONE', ( #1904 ), #887, .F. ) ;
#4009 = LINE ( 'NONE', #1111, #1250 ) ;
#4010 = LINE ( 'NONE', #809, #860 ) ;
#4011 = FACE_OUTER_BOUND ( 'NONE', #2554, .T. ) ;
#4012 = ORIENTED_EDGE ( 'NONE', *, *, #1661, .F. ) ;
#4013 = VECTOR ( 'NONE', #567, 1000.000000000000000 ) ;
#4014 = EDGE_CURVE ( 'NONE', #242, #715, #3711, .T. ) ;
#4015 = PRODUCT_DEFINITION ( 'UNKNOWN', '', #3207, #1380 ) ;
#4016 = ORIENTED_EDGE ( 'NONE', *, *, #1639, .F. ) ;
#4017 = EDGE_LOOP ( 'NONE', ( #4509, #2709, #4350, #3372 ) ) ;
#4018 = ORIENTED_EDGE ( 'NONE', *, *, #4482, .F. ) ;
#4019 = LINE ( 'NONE', #3294, #1367 ) ;
#4020 = DIRECTION ( 'NONE',  ( -0.000000000000000000, 1.000000000000000000, -0.000000000000000000 ) ) ;
#4021 = LINE ( 'NONE', #2257, #2000 ) ;
#4022 = DIRECTION ( 'NONE',  ( 1.000000000000000000, 0.000000000000000000, 0.000000000000000000 ) ) ;
#4023 = EDGE_CURVE ( 'NONE', #2064, #955, #2654, .T. ) ;
#4024 = ORIENTED_EDGE ( 'NONE', *, *, #3466, .T. ) ;
#4025 = EDGE_LOOP ( 'NONE', ( #4066, #2844, #1461, #405 ) ) ;
#4026 = CARTESIAN_POINT ( 'NONE',  ( -1.700000000000004396, 9.179827560572968892, -0.8400000000000038547 ) ) ;
#4027 = ORIENTED_EDGE ( 'NONE', *, *, #1103, .T. ) ;
#4028 = CARTESIAN_POINT ( 'NONE',  ( 1.169999999999999707, 0.000000000000000000, 1.114999999999999991 ) ) ;
#4029 = CARTESIAN_POINT ( 'NONE',  ( 0.09999999999999939493, 0.2500000000000000000, -1.055000000000002158 ) ) ;
#4030 = EDGE_CURVE ( 'NONE', #1916, #3315, #3734, .T. ) ;
#4031 = DIRECTION ( 'NONE',  ( 0.000000000000000000, 0.000000000000000000, -1.000000000000000000 ) ) ;
#4032 = AXIS2_PLACEMENT_3D ( 'NONE', #1801, #4625, #3577 ) ;
#4033 = PLANE ( 'NONE',  #3380 ) ;
#4034 = PLANE ( 'NONE',  #4529 ) ;
#4035 = ORIENTED_EDGE ( 'NONE', *, *, #578, .T. ) ;
#4036 = CARTESIAN_POINT ( 'NONE',  ( -0.1000000000000004774, 0.5000000000000000000, -1.715000000000000080 ) ) ;
#4037 = VERTEX_POINT ( 'NONE', #161 ) ;
#4038 = VECTOR ( 'NONE', #3571, 1000.000000000000000 ) ;
#4039 = ITEM_DEFINED_TRANSFORMATION ( 'NONE', 'NONE', #1094,  #3809 ) ;
#4040 = ORIENTED_EDGE ( 'NONE', *, *, #2868, .F. ) ;
#4041 = CARTESIAN_POINT ( 'NONE',  ( -0.1000000000000004774, 0.5000000000000000000, -1.715000000000000080 ) ) ;
#4042 = CARTESIAN_POINT ( 'NONE',  ( -0.3800000000000003375, 0.000000000000000000, 1.715000000000000080 ) ) ;
#4043 = CARTESIAN_POINT ( 'NONE',  ( 2.109999999999995435, 0.000000000000000000, 0.4300000000000041567 ) ) ;
#4044 = CARTESIAN_POINT ( 'NONE',  ( 2.540000000000000480, 2.500000000000000000, 1.715000000000000080 ) ) ;
#4045 = ORIENTED_EDGE ( 'NONE', *, *, #2173, .F. ) ;
#4046 = EDGE_LOOP ( 'NONE', ( #4116, #3760, #208, #1733 ) ) ;
#4047 = EDGE_CURVE ( 'NONE', #915, #2234, #2043, .T. ) ;
#4048 = LINE ( 'NONE', #4026, #1328 ) ;
#4049 = ORIENTED_EDGE ( 'NONE', *, *, #2827, .T. ) ;
#4050 = DIRECTION ( 'NONE',  ( -1.000000000000000000, 0.000000000000000000, -0.000000000000000000 ) ) ;
#4051 = EDGE_CURVE ( 'NONE', #1900, #1506, #648, .T. ) ;
#4052 = LINE ( 'NONE', #1519, #2708 ) ;
#4053 = LINE ( 'NONE', #2978, #787 ) ;
#4054 = FACE_OUTER_BOUND ( 'NONE', #4534, .T. ) ;
#4055 = CARTESIAN_POINT ( 'NONE',  ( 1.699999999999995737, 0.2500000000000000000, -0.8400000000000039657 ) ) ;
#4056 = AXIS2_PLACEMENT_3D ( 'NONE', #2081, #288, #4563 ) ;
#4057 = VECTOR ( 'NONE', #2794, 1000.000000000000000 ) ;
#4058 = LINE ( 'NONE', #2745, #2932 ) ;
#4059 = ADVANCED_FACE ( 'NONE', ( #4276 ), #2273, .F. ) ;
#4060 = CARTESIAN_POINT ( 'NONE',  ( 2.439999999999999503, 0.000000000000000000, -1.114999999999999991 ) ) ;
#4061 = ORIENTED_EDGE ( 'NONE', *, *, #227, .F. ) ;
#4062 = ORIENTED_EDGE ( 'NONE', *, *, #555, .F. ) ;
#4063 = DIRECTION ( 'NONE',  ( 0.4228854653311245881, 0.000000000000000000, -0.9061831399952650079 ) ) ;
#4064 = LINE ( 'NONE', #994, #156 ) ;
#4065 = DIRECTION ( 'NONE',  ( 1.000000000000000000, 0.000000000000000000, 0.000000000000000000 ) ) ;
#4066 = ORIENTED_EDGE ( 'NONE', *, *, #293, .T. ) ;
#4067 = ORIENTED_EDGE ( 'NONE', *, *, #414, .F. ) ;
#4068 = VERTEX_POINT ( 'NONE', #540 ) ;
#4069 = EDGE_CURVE ( 'NONE', #1656, #2729, #2725, .T. ) ;
#4070 = DIRECTION ( 'NONE',  ( 1.000000000000000000, 0.000000000000000000, -0.000000000000000000 ) ) ;
#4071 = DIRECTION ( 'NONE',  ( 1.000000000000000000, 0.000000000000000000, -0.000000000000000000 ) ) ;
#4072 = VECTOR ( 'NONE', #1992, 1000.000000000000000 ) ;
#4073 = VERTEX_POINT ( 'NONE', #3451 ) ;
#4074 = CARTESIAN_POINT ( 'NONE',  ( -2.539999999999999591, 0.5000000000000000000, 0.8149999999999999467 ) ) ;
#4075 = VECTOR ( 'NONE', #4596, 1000.000000000000000 ) ;
#4076 = CARTESIAN_POINT ( 'NONE',  ( 2.540000000000000480, 0.2500000000000000000, -1.055000000000002824 ) ) ;
#4077 = VERTEX_POINT ( 'NONE', #4412 ) ;
#4078 = DIRECTION ( 'NONE',  ( -1.000000000000000000, -0.000000000000000000, 2.528751422706715933E-16 ) ) ;
#4079 = VECTOR ( 'NONE', #3663, 1000.000000000000000 ) ;
#4080 = ORIENTED_EDGE ( 'NONE', *, *, #2056, .F. ) ;
#4081 = EDGE_LOOP ( 'NONE', ( #1258, #3278, #2231, #2594 ) ) ;
#4082 = DIRECTION ( 'NONE',  ( -0.000000000000000000, 1.000000000000000000, 0.000000000000000000 ) ) ;
#4083 =( GEOMETRIC_REPRESENTATION_CONTEXT ( 3 ) GLOBAL_UNCERTAINTY_ASSIGNED_CONTEXT ( ( #632 ) ) GLOBAL_UNIT_ASSIGNED_CONTEXT ( ( #2527, #3222, #2917 ) ) REPRESENTATION_CONTEXT ( 'NONE', 'WORKASPACE' ) );
#4084 = DIRECTION ( 'NONE',  ( 2.644395542647573245E-16, 0.000000000000000000, -1.000000000000000000 ) ) ;
#4085 = DIRECTION ( 'NONE',  ( 0.9396926207859090940, -0.3420201433256666590, 0.000000000000000000 ) ) ;
#4086 = DIRECTION ( 'NONE',  ( 0.9061831399952653410, 0.000000000000000000, 0.4228854653311240885 ) ) ;
#4087 = ORIENTED_EDGE ( 'NONE', *, *, #3765, .T. ) ;
#4088 = ORIENTED_EDGE ( 'NONE', *, *, #1737, .T. ) ;
#4089 = FACE_OUTER_BOUND ( 'NONE', #3992, .T. ) ;
#4090 = ORIENTED_EDGE ( 'NONE', *, *, #1065, .T. ) ;
#4091 = ADVANCED_FACE ( 'NONE', ( #2643 ), #1300, .F. ) ;
#4092 = DIRECTION ( 'NONE',  ( 1.242459488932537504E-16, -0.3420201433256663814, -0.9396926207859093161 ) ) ;
#4093 = PLANE ( 'NONE',  #642 ) ;
#4094 = DIRECTION ( 'NONE',  ( 0.000000000000000000, 0.000000000000000000, 1.000000000000000000 ) ) ;
#4095 = CARTESIAN_POINT ( 'NONE',  ( 1.699999999999995737, 2.500000000000000000, 0.4300000000000042122 ) ) ;
#4096 = EDGE_CURVE ( 'NONE', #715, #882, #2447, .T. ) ;
#4097 = PRESENTATION_STYLE_ASSIGNMENT (( #2290 ) ) ;
#4098 = VECTOR ( 'NONE', #3307, 1000.000000000000000 ) ;
#4099 = FACE_OUTER_BOUND ( 'NONE', #1414, .T. ) ;
#4100 = ADVANCED_FACE ( 'NONE', ( #1691 ), #3148, .F. ) ;
#4101 = DIRECTION ( 'NONE',  ( 1.000000000000000000, 0.000000000000000000, 1.322197771323786623E-16 ) ) ;
#4102 = ORIENTED_EDGE ( 'NONE', *, *, #3987, .T. ) ;
#4103 = VECTOR ( 'NONE', #2461, 1000.000000000000114 ) ;
#4104 = ORIENTED_EDGE ( 'NONE', *, *, #1270, .T. ) ;
#4105 = CARTESIAN_POINT ( 'NONE',  ( 1.369999999999999218, 0.2500000000000000000, -1.055000000000002824 ) ) ;
#4106 = CARTESIAN_POINT ( 'NONE',  ( -2.540000000000000480, 2.200000000000000178, -1.715000000000000080 ) ) ;
#4107 = VECTOR ( 'NONE', #1658, 1000.000000000000000 ) ;
#4108 = LINE ( 'NONE', #4133, #1458 ) ;
#4109 = LINE ( 'NONE', #1993, #3751 ) ;
#4110 = EDGE_CURVE ( 'NONE', #1337, #1042, #4585, .T. ) ;
#4111 = ORIENTED_EDGE ( 'NONE', *, *, #1599, .T. ) ;
#4112 = ORIENTED_EDGE ( 'NONE', *, *, #3154, .T. ) ;
#4113 = VERTEX_POINT ( 'NONE', #659 ) ;
#4114 = LINE ( 'NONE', #2331, #1956 ) ;
#4115 = LINE ( 'NONE', #2070, #982 ) ;
#4116 = ORIENTED_EDGE ( 'NONE', *, *, #61, .T. ) ;
#4117 = AXIS2_PLACEMENT_3D ( 'NONE', #240, #261, #1662 ) ;
#4118 =( LENGTH_UNIT ( ) NAMED_UNIT ( * ) SI_UNIT ( .MILLI., .METRE. ) );
#4119 = DIRECTION ( 'NONE',  ( 1.000000000000000000, 0.000000000000000000, 0.000000000000000000 ) ) ;
#4120 = ORIENTED_EDGE ( 'NONE', *, *, #1400, .T. ) ;
#4121 = CARTESIAN_POINT ( 'NONE',  ( 2.439999999999999503, 0.2500000000000000000, 1.054999999999999050 ) ) ;
#4122 = VECTOR ( 'NONE', #3702, 1000.000000000000227 ) ;
#4123 = EDGE_CURVE ( 'NONE', #2606, #1070, #3532, .T. ) ;
#4124 = CARTESIAN_POINT ( 'NONE',  ( 1.699999999999995737, 0.000000000000000000, 0.8400000000000039657 ) ) ;
#4125 = ORIENTED_EDGE ( 'NONE', *, *, #3352, .T. ) ;
#4126 = DIRECTION ( 'NONE',  ( -0.000000000000000000, -0.000000000000000000, 1.000000000000000000 ) ) ;
#4128 = ORIENTED_EDGE ( 'NONE', *, *, #1963, .T. ) ;
#4127 = VECTOR ( 'NONE', #1742, 1000.000000000000227 ) ;
#4129 = VECTOR ( 'NONE', #2696, 1000.000000000000000 ) ;
#4130 = CARTESIAN_POINT ( 'NONE',  ( -2.440000000000000835, 0.000000000000000000, -1.114999999999999991 ) ) ;
#4131 = EDGE_CURVE ( 'NONE', #736, #3316, #1405, .T. ) ;
#4132 = CARTESIAN_POINT ( 'NONE',  ( -2.110000000000004317, 0.000000000000000000, 0.8400000000000039657 ) ) ;
#4133 = CARTESIAN_POINT ( 'NONE',  ( 1.169999999999999707, 0.000000000000000000, -0.8149999999999999467 ) ) ;
#4134 = CARTESIAN_POINT ( 'NONE',  ( 0.09999999999999939493, 0.2500000000000000000, 1.054999999999999716 ) ) ;
#4135 = VECTOR ( 'NONE', #4566, 1000.000000000000000 ) ;
#4136 = ORIENTED_EDGE ( 'NONE', *, *, #3085, .T. ) ;
#4137 = EDGE_LOOP ( 'NONE', ( #2806, #1555, #3706, #1951, #2247, #1621 ) ) ;
#4138 = DIRECTION ( 'NONE',  ( 0.9061831399952651189, 0.000000000000000000, 0.4228854653311246437 ) ) ;
#4139 = ORIENTED_EDGE ( 'NONE', *, *, #905, .T. ) ;
#4140 = DIRECTION ( 'NONE',  ( 1.000000000000000000, 0.000000000000000000, 2.644395542647573245E-16 ) ) ;
#4141 = LINE ( 'NONE', #2781, #230 ) ;
#4142 = LINE ( 'NONE', #3505, #222 ) ;
#4143 = EDGE_LOOP ( 'NONE', ( #9, #3676, #1505, #3607 ) ) ;
#4144 = EDGE_CURVE ( 'NONE', #2695, #3017, #1830, .T. ) ;
#4145 = CARTESIAN_POINT ( 'NONE',  ( 0.4299999999999959410, 0.2500000000000000000, -1.055000000000002824 ) ) ;
#4146 = DIRECTION ( 'NONE',  ( -0.000000000000000000, 1.000000000000000000, -0.000000000000000000 ) ) ;
#4147 = ORIENTED_EDGE ( 'NONE', *, *, #756, .T. ) ;
#4148 = DIRECTION ( 'NONE',  ( 0.000000000000000000, 0.000000000000000000, 1.000000000000000000 ) ) ;
#4149 = DIRECTION ( 'NONE',  ( 0.000000000000000000, 0.000000000000000000, -1.000000000000000000 ) ) ;
#4150 = VECTOR ( 'NONE', #3467, 1000.000000000000227 ) ;
#4151 = PLANE ( 'NONE',  #3314 ) ;
#4152 = ORIENTED_EDGE ( 'NONE', *, *, #4603, .T. ) ;
#4153 = VERTEX_POINT ( 'NONE', #349 ) ;
#4154 = DIRECTION ( 'NONE',  ( 0.000000000000000000, 1.000000000000000000, 0.000000000000000000 ) ) ;
#4155 = AXIS2_PLACEMENT_3D ( 'NONE', #3715, #163, #4071 ) ;
#4156 = LINE ( 'NONE', #2411, #3144 ) ;
#4157 = DIRECTION ( 'NONE',  ( 0.000000000000000000, 0.000000000000000000, -1.000000000000000000 ) ) ;
#4158 = EDGE_CURVE ( 'NONE', #2695, #492, #3914, .T. ) ;
#4159 = FACE_OUTER_BOUND ( 'NONE', #4601, .T. ) ;
#4160 = AXIS2_PLACEMENT_3D ( 'NONE', #3834, #1991, #2724 ) ;
#4161 = ORIENTED_EDGE ( 'NONE', *, *, #2230, .T. ) ;
#4162 = ORIENTED_EDGE ( 'NONE', *, *, #3943, .F. ) ;
#4163 = CARTESIAN_POINT ( 'NONE',  ( -1.700000000000004396, 9.179827560572968892, -0.8400000000000038547 ) ) ;
#4164 = ORIENTED_EDGE ( 'NONE', *, *, #794, .F. ) ;
#4165 = VECTOR ( 'NONE', #3791, 1000.000000000000000 ) ;
#4166 =( NAMED_UNIT ( * ) PLANE_ANGLE_UNIT ( ) SI_UNIT ( $, .RADIAN. ) );
#4167 = EDGE_CURVE ( 'NONE', #2823, #4153, #2241, .T. ) ;
#4168 = CARTESIAN_POINT ( 'NONE',  ( 2.109999999999995435, 2.500000000000000000, 0.4300000000000041567 ) ) ;
#4169 = VERTEX_POINT ( 'NONE', #3667 ) ;
#4170 = LINE ( 'NONE', #1440, #516 ) ;
#4171 = CARTESIAN_POINT ( 'NONE',  ( -2.640000000000000568, 0.000000000000000000, 0.8149999999999999467 ) ) ;
#4172 = CARTESIAN_POINT ( 'NONE',  ( -0.3800000000000003375, 0.000000000000000000, -1.715000000000000080 ) ) ;
#4173 = DIRECTION ( 'NONE',  ( 0.000000000000000000, -1.000000000000000000, 0.000000000000000000 ) ) ;
#4174 = EDGE_CURVE ( 'NONE', #958, #3335, #4287, .T. ) ;
#4175 = ORIENTED_EDGE ( 'NONE', *, *, #3934, .F. ) ;
#4176 = FACE_OUTER_BOUND ( 'NONE', #453, .T. ) ;
#4177 = ORIENTED_EDGE ( 'NONE', *, *, #3848, .F. ) ;
#4178 = CARTESIAN_POINT ( 'NONE',  ( 0.8399999999999958611, 0.2500000000000000000, -0.4300000000000040457 ) ) ;
#4179 = CARTESIAN_POINT ( 'NONE',  ( 0.000000000000000000, -2.299999999999999822, 0.000000000000000000 ) ) ;
#4180 = VECTOR ( 'NONE', #1427, 1000.000000000000000 ) ;
#4181 = CARTESIAN_POINT ( 'NONE',  ( -0.8400000000000041878, 0.000000000000000000, -0.8400000000000039657 ) ) ;
#4182 = AXIS2_PLACEMENT_3D ( 'NONE', #429, #3633, #4022 ) ;
#4183 = ORIENTED_EDGE ( 'NONE', *, *, #2499, .F. ) ;
#4184 = ORIENTED_EDGE ( 'NONE', *, *, #802, .F. ) ;
#4185 = CARTESIAN_POINT ( 'NONE',  ( 1.169999999999999707, 0.000000000000000000, 1.054999999999999494 ) ) ;
#4186 = VECTOR ( 'NONE', #4621, 1000.000000000000114 ) ;
#4187 = LINE ( 'NONE', #2044, #3935 ) ;
#4188 = FACE_OUTER_BOUND ( 'NONE', #1038, .T. ) ;
#4189 = EDGE_CURVE ( 'NONE', #2872, #1870, #1889, .T. ) ;
#4190 = STYLED_ITEM ( 'NONE', ( #3203 ), #1647 ) ;
#4191 = ORIENTED_EDGE ( 'NONE', *, *, #718, .F. ) ;
#4192 = ORIENTED_EDGE ( 'NONE', *, *, #1687, .F. ) ;
#4193 = VERTEX_POINT ( 'NONE', #2538 ) ;
#4194 = CARTESIAN_POINT ( 'NONE',  ( -0.4300000000000043787, 0.000000000000000000, 0.8400000000000038547 ) ) ;
#4195 = ADVANCED_FACE ( 'NONE', ( #731 ), #40, .F. ) ;
#4196 = PLANE ( 'NONE',  #2207 ) ;
#4197 = LINE ( 'NONE', #581, #4150 ) ;
#4198 = AXIS2_PLACEMENT_3D ( 'NONE', #3535, #2699, #3514 ) ;
#4199 = UNCERTAINTY_MEASURE_WITH_UNIT (LENGTH_MEASURE( 1.000000000000000082E-05 ), #1057, 'distance_accuracy_value', 'NONE');
#4200 = CARTESIAN_POINT ( 'NONE',  ( 2.109999999999995435, 0.000000000000000000, 0.8400000000000038547 ) ) ;
#4201 = CARTESIAN_POINT ( 'NONE',  ( 2.109999999999995435, 0.000000000000000000, -0.8400000000000038547 ) ) ;
#4202 = DIRECTION ( 'NONE',  ( 0.000000000000000000, 0.000000000000000000, 1.000000000000000000 ) ) ;
#4203 = FACE_OUTER_BOUND ( 'NONE', #537, .T. ) ;
#4204 = ADVANCED_FACE ( 'NONE', ( #2094 ), #3201, .F. ) ;
#4205 = CARTESIAN_POINT ( 'NONE',  ( -1.370000000000000551, 0.000000000000000000, -1.114999999999999991 ) ) ;
#4206 = VERTEX_POINT ( 'NONE', #2989 ) ;
#4207 = ORIENTED_EDGE ( 'NONE', *, *, #1137, .F. ) ;
#4208 = CARTESIAN_POINT ( 'NONE',  ( 0.8399999999999957501, 2.500000000000000000, 0.8400000000000038547 ) ) ;
#4209 = ORIENTED_EDGE ( 'NONE', *, *, #3369, .F. ) ;
#4210 = AXIS2_PLACEMENT_3D ( 'NONE', #3984, #3618, #390 ) ;
#4211 = LINE ( 'NONE', #340, #268 ) ;
#4212 = CARTESIAN_POINT ( 'NONE',  ( 1.169999999999999707, 0.000000000000000000, -1.055000000000002602 ) ) ;
#4213 = CARTESIAN_POINT ( 'NONE',  ( -2.110000000000004317, 0.000000000000000000, 0.8400000000000039657 ) ) ;
#4214 = ORIENTED_EDGE ( 'NONE', *, *, #1407, .F. ) ;
#4215 = VECTOR ( 'NONE', #941, 1000.000000000000000 ) ;
#4216 = VERTEX_POINT ( 'NONE', #1509 ) ;
#4217 = EDGE_CURVE ( 'NONE', #882, #421, #1219, .T. ) ;
#4218 = DIRECTION ( 'NONE',  ( -0.000000000000000000, 0.000000000000000000, 1.000000000000000000 ) ) ;
#4219 = CARTESIAN_POINT ( 'NONE',  ( 0.3799999999999998934, 0.000000000000000000, 1.715000000000000080 ) ) ;
#4220 = DIRECTION ( 'NONE',  ( -1.000000000000000000, -0.000000000000000000, 2.528751422706715933E-16 ) ) ;
#4221 = EDGE_CURVE ( 'NONE', #3156, #475, #3703, .T. ) ;
#4222 = PRODUCT_DEFINITION_SHAPE ( 'NONE', 'NONE',  #4632 ) ;
#4223 = VECTOR ( 'NONE', #3351, 1000.000000000000000 ) ;
#4224 = LINE ( 'NONE', #3512, #3920 ) ;
#4225 = CARTESIAN_POINT ( 'NONE',  ( 1.649999999999999911, 0.000000000000000000, 1.715000000000000080 ) ) ;
#4226 = DIRECTION ( 'NONE',  ( -0.000000000000000000, 1.000000000000000000, 0.000000000000000000 ) ) ;
#4227 = PLANE ( 'NONE',  #4198 ) ;
#4228 = EDGE_CURVE ( 'NONE', #3480, #1794, #425, .T. ) ;
#4229 = PLANE ( 'NONE',  #2634 ) ;
#4230 = CARTESIAN_POINT ( 'NONE',  ( -2.540000000000000480, 0.000000000000000000, 1.715000000000000080 ) ) ;
#4231 = FACE_OUTER_BOUND ( 'NONE', #499, .T. ) ;
#4232 = VECTOR ( 'NONE', #3986, 1000.000000000000227 ) ;
#4233 = ORIENTED_EDGE ( 'NONE', *, *, #3693, .T. ) ;
#4234 = EDGE_CURVE ( 'NONE', #703, #3634, #2644, .T. ) ;
#4235 = ORIENTED_EDGE ( 'NONE', *, *, #4438, .F. ) ;
#4236 = LINE ( 'NONE', #3273, #3868 ) ;
#4237 = DIRECTION ( 'NONE',  ( -1.000000000000000000, 0.000000000000000000, 1.322197771323786623E-16 ) ) ;
#4238 = PLANE ( 'NONE',  #4005 ) ;
#4239 = CARTESIAN_POINT ( 'NONE',  ( -2.110000000000004317, -2.025252258054541343, 0.8400000000000039657 ) ) ;
#4240 = ORIENTED_EDGE ( 'NONE', *, *, #470, .T. ) ;
#4241 = ORIENTED_EDGE ( 'NONE', *, *, #2657, .F. ) ;
#4242 = AXIS2_PLACEMENT_3D ( 'NONE', #2767, #4173, #2006 ) ;
#4243 = APPLICATION_CONTEXT ( 'automotive_design' ) ;
#4244 = DIRECTION ( 'NONE',  ( 0.000000000000000000, 0.000000000000000000, 1.000000000000000000 ) ) ;
#4245 = LINE ( 'NONE', #1450, #3602 ) ;
#4246 = ADVANCED_FACE ( 'NONE', ( #78 ), #1192, .F. ) ;
#4247 = CARTESIAN_POINT ( 'NONE',  ( -0.4300000000000043787, 2.500000000000000000, -0.4300000000000041567 ) ) ;
#4248 = ADVANCED_FACE ( 'NONE', ( #133, #3971, #2918 ), #1556, .F. ) ;
#4249 = CARTESIAN_POINT ( 'NONE',  ( -2.110000000000004317, 0.000000000000000000, 0.4300000000000042122 ) ) ;
#4250 = DIRECTION ( 'NONE',  ( -0.000000000000000000, 1.000000000000000000, -0.000000000000000000 ) ) ;
#4251 = CARTESIAN_POINT ( 'NONE',  ( -1.170000000000000817, 0.000000000000000000, 1.114999999999999991 ) ) ;
#4252 = CARTESIAN_POINT ( 'NONE',  ( 1.699999999999995737, 2.500000000000000000, -0.4300000000000042122 ) ) ;
#4253 = ORIENTED_EDGE ( 'NONE', *, *, #4345, .T. ) ;
#4254 = VERTEX_POINT ( 'NONE', #768 ) ;
#4255 = SURFACE_STYLE_USAGE ( .BOTH. , #2845 ) ;
#4256 = AXIS2_PLACEMENT_3D ( 'NONE', #4380, #372, #1522 ) ;
#4257 = PLANE ( 'NONE',  #35 ) ;
#4258 = ADVANCED_FACE ( 'NONE', ( #3274 ), #24, .F. ) ;
#4259 = SURFACE_STYLE_USAGE ( .BOTH. , #3526 ) ;
#4260 = CARTESIAN_POINT ( 'NONE',  ( 2.540000000000000480, 0.5000000000000000000, 0.8150000000000001688 ) ) ;
#4261 = VERTEX_POINT ( 'NONE', #400 ) ;
#4262 = EDGE_LOOP ( 'NONE', ( #1224, #2994, #3447, #3417 ) ) ;
#4263 = ORIENTED_EDGE ( 'NONE', *, *, #1286, .F. ) ;
#4264 = ADVANCED_FACE ( 'NONE', ( #1844 ), #1238, .F. ) ;
#4265 = VECTOR ( 'NONE', #481, 1000.000000000000000 ) ;
#4266 = DIRECTION ( 'NONE',  ( 0.000000000000000000, -0.000000000000000000, 1.000000000000000000 ) ) ;
#4267 = VECTOR ( 'NONE', #1559, 1000.000000000000000 ) ;
#4268 = DIRECTION ( 'NONE',  ( 0.9061831399952653410, 0.000000000000000000, -0.4228854653311240885 ) ) ;
#4269 = LINE ( 'NONE', #1763, #3262 ) ;
#4270 = ADVANCED_FACE ( 'NONE', ( #1698 ), #3560, .F. ) ;
#4271 = FACE_BOUND ( 'NONE', #159, .T. ) ;
#4272 = CARTESIAN_POINT ( 'NONE',  ( 0.09999999999999917288, 2.500000000000000000, -1.114999999999999991 ) ) ;
#4273 = VERTEX_POINT ( 'NONE', #665 ) ;
#4274 = ORIENTED_EDGE ( 'NONE', *, *, #2719, .F. ) ;
#4275 = DIRECTION ( 'NONE',  ( -0.000000000000000000, 1.000000000000000000, -0.000000000000000000 ) ) ;
#4276 = FACE_OUTER_BOUND ( 'NONE', #2702, .T. ) ;
#4277 = CARTESIAN_POINT ( 'NONE',  ( -2.110000000000004317, 0.000000000000000000, -0.4300000000000042122 ) ) ;
#4278 = CARTESIAN_POINT ( 'NONE',  ( 0.3799999999999998934, 0.000000000000000000, 1.715000000000000080 ) ) ;
#4279 = ORIENTED_EDGE ( 'NONE', *, *, #1802, .T. ) ;
#4280 = ORIENTED_EDGE ( 'NONE', *, *, #3419, .T. ) ;
#4281 = ORIENTED_EDGE ( 'NONE', *, *, #4531, .F. ) ;
#4282 = ORIENTED_EDGE ( 'NONE', *, *, #3216, .T. ) ;
#4283 = AXIS2_PLACEMENT_3D ( 'NONE', #4041, #77, #2226 ) ;
#4284 = FACE_OUTER_BOUND ( 'NONE', #49, .T. ) ;
#4285 = EDGE_CURVE ( 'NONE', #1965, #131, #2821, .T. ) ;
#4286 = CARTESIAN_POINT ( 'NONE',  ( -2.110000000000004317, 2.500000000000000000, 0.4300000000000042122 ) ) ;
#4287 = LINE ( 'NONE', #2171, #164 ) ;
#4288 = AXIS2_PLACEMENT_3D ( 'NONE', #3126, #920, #2336 ) ;
#4289 = LINE ( 'NONE', #2515, #1481 ) ;
#4290 = FACE_OUTER_BOUND ( 'NONE', #3169, .T. ) ;
#4291 = CARTESIAN_POINT ( 'NONE',  ( 1.369999999999999218, 2.200000000000000178, 0.8149999999999990585 ) ) ;
#4292 = EDGE_CURVE ( 'NONE', #1810, #2099, #1765, .T. ) ;
#4293 = CARTESIAN_POINT ( 'NONE',  ( 2.540000000000000480, 0.2500000000000000000, 0.4300000000000037126 ) ) ;
#4294 = EDGE_LOOP ( 'NONE', ( #4183, #1514, #4253, #1237 ) ) ;
#4295 = ORIENTED_EDGE ( 'NONE', *, *, #4228, .F. ) ;
#4296 = EDGE_CURVE ( 'NONE', #2630, #2848, #353, .T. ) ;
#4297 = LINE ( 'NONE', #2825, #1934 ) ;
#4298 = DIRECTION ( 'NONE',  ( -0.000000000000000000, 0.000000000000000000, 1.000000000000000000 ) ) ;
#4299 = CARTESIAN_POINT ( 'NONE',  ( -1.700000000000004396, 0.000000000000000000, -0.4300000000000041567 ) ) ;
#4300 = VECTOR ( 'NONE', #1264, 1000.000000000000000 ) ;
#4301 = FILL_AREA_STYLE ('',( #383 ) ) ;
#4302 = CARTESIAN_POINT ( 'NONE',  ( -2.539999999999999591, 2.500000000000000000, -1.715000000000000080 ) ) ;
#4303 = ORIENTED_EDGE ( 'NONE', *, *, #3518, .F. ) ;
#4304 = ORIENTED_EDGE ( 'NONE', *, *, #2368, .T. ) ;
#4305 = ORIENTED_EDGE ( 'NONE', *, *, #4358, .F. ) ;
#4306 = CARTESIAN_POINT ( 'NONE',  ( 1.369999999999999218, 2.200000000000000178, -0.8150000000000001688 ) ) ;
#4307 = VECTOR ( 'NONE', #4357, 1000.000000000000000 ) ;
#4308 = EDGE_CURVE ( 'NONE', #4527, #3616, #3540, .T. ) ;
#4309 = DIRECTION ( 'NONE',  ( -0.000000000000000000, 1.000000000000000000, -0.000000000000000000 ) ) ;
#4310 = VECTOR ( 'NONE', #387, 1000.000000000000000 ) ;
#4311 = FACE_OUTER_BOUND ( 'NONE', #2694, .T. ) ;
#4312 = DIRECTION ( 'NONE',  ( 0.000000000000000000, 0.000000000000000000, -1.000000000000000000 ) ) ;
#4313 = FACE_OUTER_BOUND ( 'NONE', #1812, .T. ) ;
#4314 = VECTOR ( 'NONE', #3970, 1000.000000000000000 ) ;
#4315 = DIRECTION ( 'NONE',  ( 0.000000000000000000, 0.000000000000000000, 1.000000000000000000 ) ) ;
#4316 = EDGE_CURVE ( 'NONE', #1869, #3317, #2473, .T. ) ;
#4317 = PLANE ( 'NONE',  #3705 ) ;
#4318 = PLANE ( 'NONE',  #2128 ) ;
#4319 = ORIENTED_EDGE ( 'NONE', *, *, #406, .F. ) ;
#4320 = EDGE_CURVE ( 'NONE', #4327, #3672, #686, .T. ) ;
#4321 = ORIENTED_EDGE ( 'NONE', *, *, #3130, .F. ) ;
#4322 = ORIENTED_EDGE ( 'NONE', *, *, #3654, .T. ) ;
#4323 = SURFACE_SIDE_STYLE ('',( #3585 ) ) ;
#4324 = DIRECTION ( 'NONE',  ( 0.000000000000000000, -1.000000000000000000, 0.000000000000000000 ) ) ;
#4325 = CARTESIAN_POINT ( 'NONE',  ( 2.159999999999999698, 0.000000000000000000, -1.715000000000000080 ) ) ;
#4326 =( REPRESENTATION_RELATIONSHIP ('NONE','NONE', #2238, #674 ) REPRESENTATION_RELATIONSHIP_WITH_TRANSFORMATION ( #2317 )SHAPE_REPRESENTATION_RELATIONSHIP( ) );
#4327 = VERTEX_POINT ( 'NONE', #1643 ) ;
#4328 = ORIENTED_EDGE ( 'NONE', *, *, #1436, .F. ) ;
#4329 = ORIENTED_EDGE ( 'NONE', *, *, #4051, .F. ) ;
#4330 = CARTESIAN_POINT ( 'NONE',  ( -1.700000000000004396, 9.179827560572968892, 0.8400000000000038547 ) ) ;
#4331 = ADVANCED_FACE ( 'NONE', ( #3756 ), #1302, .F. ) ;
#4332 = CARTESIAN_POINT ( 'NONE',  ( 0.8399999999999957501, 0.000000000000000000, 0.8400000000000038547 ) ) ;
#4333 = VECTOR ( 'NONE', #1362, 1000.000000000000000 ) ;
#4334 = EDGE_CURVE ( 'NONE', #3792, #2203, #1213, .T. ) ;
#4335 = CARTESIAN_POINT ( 'NONE',  ( 0.09999999999999917288, 0.5000000000000000000, 0.8149999999999999467 ) ) ;
#4336 = DIRECTION ( 'NONE',  ( -0.000000000000000000, 0.000000000000000000, -1.000000000000000000 ) ) ;
#4337 = CARTESIAN_POINT ( 'NONE',  ( -0.4300000000000043787, 2.500000000000000000, -0.4300000000000041567 ) ) ;
#4338 = VECTOR ( 'NONE', #3803, 1000.000000000000000 ) ;
#4339 = CARTESIAN_POINT ( 'NONE',  ( 2.540000000000001368, 0.2500000000000000000, 1.054999999999999050 ) ) ;
#4340 = ORIENTED_EDGE ( 'NONE', *, *, #922, .T. ) ;
#4341 = ORIENTED_EDGE ( 'NONE', *, *, #2577, .F. ) ;
#4342 = ORIENTED_EDGE ( 'NONE', *, *, #2015, .F. ) ;
#4343 = VERTEX_POINT ( 'NONE', #169 ) ;
#4344 = LINE ( 'NONE', #469, #457 ) ;
#4345 = EDGE_CURVE ( 'NONE', #2018, #21, #4058, .T. ) ;
#4346 = DIRECTION ( 'NONE',  ( -0.000000000000000000, 0.000000000000000000, 1.000000000000000000 ) ) ;
#4347 = LINE ( 'NONE', #3632, #1169 ) ;
#4348 = ORIENTED_EDGE ( 'NONE', *, *, #2875, .T. ) ;
#4349 = VERTEX_POINT ( 'NONE', #531 ) ;
#4350 = ORIENTED_EDGE ( 'NONE', *, *, #2719, .T. ) ;
#4351 = DIRECTION ( 'NONE',  ( -0.000000000000000000, -1.000000000000000000, -0.000000000000000000 ) ) ;
#4352 = FACE_OUTER_BOUND ( 'NONE', #3065, .T. ) ;
#4353 = VECTOR ( 'NONE', #1463, 1000.000000000000000 ) ;
#4354 = PLANE ( 'NONE',  #1301 ) ;
#4355 = ADVANCED_FACE ( 'NONE', ( #1939 ), #3719, .F. ) ;
#4356 = DIRECTION ( 'NONE',  ( -0.4228854653311245881, 0.000000000000000000, -0.9061831399952650079 ) ) ;
#4357 = DIRECTION ( 'NONE',  ( -0.000000000000000000, -1.000000000000000000, -0.000000000000000000 ) ) ;
#4358 = EDGE_CURVE ( 'NONE', #4261, #3993, #2718, .T. ) ;
#4359 = DIRECTION ( 'NONE',  ( -0.000000000000000000, 1.000000000000000000, -0.000000000000000000 ) ) ;
#4360 = VECTOR ( 'NONE', #629, 1000.000000000000000 ) ;
#4361 = AXIS2_PLACEMENT_3D ( 'NONE', #4448, #2380, #220 ) ;
#4362 = EDGE_CURVE ( 'NONE', #2618, #574, #505, .T. ) ;
#4363 = EDGE_LOOP ( 'NONE', ( #1085, #1775, #2960, #810 ) ) ;
#4364 = ORIENTED_EDGE ( 'NONE', *, *, #2657, .T. ) ;
#4365 = ORIENTED_EDGE ( 'NONE', *, *, #1196, .T. ) ;
#4366 = CARTESIAN_POINT ( 'NONE',  ( 1.699999999999995737, 0.2500000000000000000, -1.055000000000002824 ) ) ;
#4367 = PLANE ( 'NONE',  #4378 ) ;
#4368 = PLANE ( 'NONE',  #4182 ) ;
#4369 = EDGE_LOOP ( 'NONE', ( #2157, #2749, #233, #449 ) ) ;
#4370 = VERTEX_POINT ( 'NONE', #4495 ) ;
#4371 = CARTESIAN_POINT ( 'NONE',  ( -2.110000000000004317, 9.179827560572968892, -0.8400000000000039657 ) ) ;
#4372 = ORIENTED_EDGE ( 'NONE', *, *, #2069, .T. ) ;
#4373 = LINE ( 'NONE', #2975, #2520 ) ;
#4374 = DIRECTION ( 'NONE',  ( -0.000000000000000000, 1.000000000000000000, -0.000000000000000000 ) ) ;
#4375 = ADVANCED_FACE ( 'NONE', ( #2382 ), #147, .F. ) ;
#4376 = CARTESIAN_POINT ( 'NONE',  ( -0.4300000000000043787, 0.000000000000000000, -0.8400000000000038547 ) ) ;
#4377 =( GEOMETRIC_REPRESENTATION_CONTEXT ( 3 ) GLOBAL_UNCERTAINTY_ASSIGNED_CONTEXT ( ( #391 ) ) GLOBAL_UNIT_ASSIGNED_CONTEXT ( ( #892, #1935, #463 ) ) REPRESENTATION_CONTEXT ( 'NONE', 'WORKASPACE' ) );
#4378 = AXIS2_PLACEMENT_3D ( 'NONE', #2992, #2945, #2302 ) ;
#4379 = DIRECTION ( 'NONE',  ( 0.3236155771181829510, 0.8891264907159894815, -0.3236155771181829510 ) ) ;
#4380 = CARTESIAN_POINT ( 'NONE',  ( 0.000000000000000000, 2.500000000000000000, 0.000000000000000000 ) ) ;
#4381 = CARTESIAN_POINT ( 'NONE',  ( 2.439999999999999503, 2.200000000000000178, 0.8149999999999990585 ) ) ;
#4382 = EDGE_CURVE ( 'NONE', #765, #2925, #1597, .T. ) ;
#4383 = DIRECTION ( 'NONE',  ( 0.4228854653311235334, 0.000000000000000000, 0.9061831399952655630 ) ) ;
#4384 = VECTOR ( 'NONE', #2996, 1000.000000000000114 ) ;
#4385 =( NAMED_UNIT ( * ) SI_UNIT ( $, .STERADIAN. ) SOLID_ANGLE_UNIT ( ) );
#4386 = ADVANCED_FACE ( 'NONE', ( #1232 ), #2032, .F. ) ;
#4387 = EDGE_LOOP ( 'NONE', ( #2166, #1840, #1774, #3344 ) ) ;
#4388 = ORIENTED_EDGE ( 'NONE', *, *, #1115, .T. ) ;
#4389 = EDGE_LOOP ( 'NONE', ( #3969, #1326, #1269, #2547 ) ) ;
#4390 = DIRECTION ( 'NONE',  ( -0.4228854653311235334, 0.000000000000000000, 0.9061831399952655630 ) ) ;
#4391 = EDGE_CURVE ( 'NONE', #2065, #4439, #3054, .T. ) ;
#4392 = DIRECTION ( 'NONE',  ( 0.000000000000000000, 0.000000000000000000, -1.000000000000000000 ) ) ;
#4393 = CARTESIAN_POINT ( 'NONE',  ( 0.8899999999999996803, 2.500000000000000000, -1.715000000000000080 ) ) ;
#4394 = CARTESIAN_POINT ( 'NONE',  ( 2.109999999999995435, 2.500000000000000000, -0.4300000000000041567 ) ) ;
#4395 = DIRECTION ( 'NONE',  ( 1.000000000000000000, 0.000000000000000000, 2.644395542647573245E-16 ) ) ;
#4396 = ORIENTED_EDGE ( 'NONE', *, *, #2084, .F. ) ;
#4397 = ORIENTED_EDGE ( 'NONE', *, *, #166, .F. ) ;
#4398 = LINE ( 'NONE', #4422, #2990 ) ;
#4399 = ORIENTED_EDGE ( 'NONE', *, *, #1554, .F. ) ;
#4400 = FACE_OUTER_BOUND ( 'NONE', #2513, .T. ) ;
#4401 = VECTOR ( 'NONE', #2469, 1000.000000000000000 ) ;
#4402 = EDGE_CURVE ( 'NONE', #1852, #509, #3493, .T. ) ;
#4403 = CARTESIAN_POINT ( 'NONE',  ( 0.000000000000000000, 0.000000000000000000, 0.000000000000000000 ) ) ;
#4404 = FACE_BOUND ( 'NONE', #3292, .T. ) ;
#4405 = DIRECTION ( 'NONE',  ( -0.000000000000000000, 0.000000000000000000, -1.000000000000000000 ) ) ;
#4406 = DIRECTION ( 'NONE',  ( -0.000000000000000000, 1.000000000000000000, -0.000000000000000000 ) ) ;
#4407 = ORIENTED_EDGE ( 'NONE', *, *, #1035, .T. ) ;
#4408 = CARTESIAN_POINT ( 'NONE',  ( -1.700000000000004396, 0.000000000000000000, 0.4300000000000041567 ) ) ;
#4409 = PLANE ( 'NONE',  #1350 ) ;
#4410 = ORIENTED_EDGE ( 'NONE', *, *, #4334, .T. ) ;
#4411 = VERTEX_POINT ( 'NONE', #2792 ) ;
#4412 = CARTESIAN_POINT ( 'NONE',  ( -1.170000000000000817, 0.5000000000000000000, -0.8150000000000001688 ) ) ;
#4413 = EDGE_CURVE ( 'NONE', #703, #2018, #3171, .T. ) ;
#4414 = PLANE ( 'NONE',  #2079 ) ;
#4415 = DIRECTION ( 'NONE',  ( -0.000000000000000000, 1.000000000000000000, -0.000000000000000000 ) ) ;
#4416 = CARTESIAN_POINT ( 'NONE',  ( -2.110000000000004317, 5.275252258054534238, -0.4300000000000042122 ) ) ;
#4417 = VECTOR ( 'NONE', #3981, 1000.000000000000000 ) ;
#4418 = EDGE_CURVE ( 'NONE', #2736, #4439, #2771, .T. ) ;
#4419 = DIRECTION ( 'NONE',  ( 0.000000000000000000, 0.000000000000000000, 1.000000000000000000 ) ) ;
#4420 = ORIENTED_EDGE ( 'NONE', *, *, #3399, .T. ) ;
#4421 = VERTEX_POINT ( 'NONE', #3892 ) ;
#4422 = CARTESIAN_POINT ( 'NONE',  ( 2.439999999999999503, 0.000000000000000000, 0.8149999999999999467 ) ) ;
#4423 = EDGE_LOOP ( 'NONE', ( #2886, #1944, #2831, #520 ) ) ;
#4424 = CARTESIAN_POINT ( 'NONE',  ( -1.700000000000004396, 2.500000000000000000, 0.4300000000000041567 ) ) ;
#4425 = VECTOR ( 'NONE', #1019, 1000.000000000000000 ) ;
#4426 = ADVANCED_FACE ( 'NONE', ( #3195 ), #1368, .F. ) ;
#4427 = ORIENTED_EDGE ( 'NONE', *, *, #1778, .T. ) ;
#4428 = DIRECTION ( 'NONE',  ( 1.000000000000000000, 0.000000000000000000, -0.000000000000000000 ) ) ;
#4429 = DIRECTION ( 'NONE',  ( 0.000000000000000000, 0.000000000000000000, 1.000000000000000000 ) ) ;
#4430 = VERTEX_POINT ( 'NONE', #610 ) ;
#4431 = LINE ( 'NONE', #490, #2107 ) ;
#4432 = VERTEX_POINT ( 'NONE', #3127 ) ;
#4433 = LINE ( 'NONE', #2773, #533 ) ;
#4434 =( LENGTH_UNIT ( ) NAMED_UNIT ( * ) SI_UNIT ( .MILLI., .METRE. ) );
#4435 = CARTESIAN_POINT ( 'NONE',  ( 0.000000000000000000, 0.000000000000000000, 0.000000000000000000 ) ) ;
#4436 = DIRECTION ( 'NONE',  ( 0.000000000000000000, -0.000000000000000000, -1.000000000000000000 ) ) ;
#4437 = CARTESIAN_POINT ( 'NONE',  ( -2.110000000000004317, -2.025252258054541343, 0.4300000000000042122 ) ) ;
#4438 = EDGE_CURVE ( 'NONE', #4467, #3156, #3513, .T. ) ;
#4439 = VERTEX_POINT ( 'NONE', #2814 ) ;
#4440 = ORIENTED_EDGE ( 'NONE', *, *, #2818, .F. ) ;
#4441 = ORIENTED_EDGE ( 'NONE', *, *, #2424, .T. ) ;
#4442 = CARTESIAN_POINT ( 'NONE',  ( -2.110000000000004317, 2.500000000000000000, 0.8400000000000039657 ) ) ;
#4443 = CARTESIAN_POINT ( 'NONE',  ( 2.540000000000000480, 0.2500000000000000000, -1.055000000000002824 ) ) ;
#4444 = EDGE_CURVE ( 'NONE', #1105, #1965, #705, .T. ) ;
#4445 = DIRECTION ( 'NONE',  ( -1.000000000000000000, 0.000000000000000000, 0.000000000000000000 ) ) ;
#4446 = VECTOR ( 'NONE', #1818, 1000.000000000000000 ) ;
#4447 = ORIENTED_EDGE ( 'NONE', *, *, #972, .F. ) ;
#4448 = CARTESIAN_POINT ( 'NONE',  ( -1.700000000000004396, 5.275252258054534238, -0.4300000000000041567 ) ) ;
#4449 = DIRECTION ( 'NONE',  ( 0.000000000000000000, 0.000000000000000000, 1.000000000000000000 ) ) ;
#4450 = CARTESIAN_POINT ( 'NONE',  ( -2.010000000000004228, -2.299999999999999822, -0.7400000000000040989 ) ) ;
#4451 = VECTOR ( 'NONE', #799, 1000.000000000000000 ) ;
#4452 = VERTEX_POINT ( 'NONE', #4523 ) ;
#4453 = EDGE_LOOP ( 'NONE', ( #3241, #4147, #4128, #3475 ) ) ;
#4454 = CARTESIAN_POINT ( 'NONE',  ( -2.110000000000004317, 9.179827560572968892, 0.4300000000000042122 ) ) ;
#4455 = CARTESIAN_POINT ( 'NONE',  ( -0.3800000000000003375, 2.500000000000000000, -1.715000000000000080 ) ) ;
#4456 = EDGE_CURVE ( 'NONE', #1114, #1378, #267, .T. ) ;
#4457 = COLOUR_RGB ( '',0.7960784313725489669, 0.8235294117647058432, 0.9372549019607843146 ) ;
#4458 = LINE ( 'NONE', #933, #4300 ) ;
#4459 = CARTESIAN_POINT ( 'NONE',  ( -2.110000000000004317, 5.275252258054534238, 0.4300000000000042122 ) ) ;
#4460 = EDGE_LOOP ( 'NONE', ( #1011, #1902, #3190, #3357 ) ) ;
#4461 = ORIENTED_EDGE ( 'NONE', *, *, #2689, .F. ) ;
#4462 = DIRECTION ( 'NONE',  ( 1.000000000000000000, 0.000000000000000000, 1.322197771323786623E-16 ) ) ;
#4463 = ORIENTED_EDGE ( 'NONE', *, *, #244, .T. ) ;
#4464 = CARTESIAN_POINT ( 'NONE',  ( -2.540000000000000480, 0.000000000000000000, 1.715000000000000080 ) ) ;
#4465 = DIRECTION ( 'NONE',  ( -0.9061831399952655630, 0.000000000000000000, -0.4228854653311235334 ) ) ;
#4466 = LINE ( 'NONE', #1274, #1484 ) ;
#4467 = VERTEX_POINT ( 'NONE', #3472 ) ;
#4468 = ADVANCED_FACE ( 'NONE', ( #245 ), #2406, .F. ) ;
#4469 =( NAMED_UNIT ( * ) SI_UNIT ( $, .STERADIAN. ) SOLID_ANGLE_UNIT ( ) );
#4470 = LINE ( 'NONE', #484, #1839 ) ;
#4471 =( GEOMETRIC_REPRESENTATION_CONTEXT ( 3 ) GLOBAL_UNCERTAINTY_ASSIGNED_CONTEXT ( ( #2194 ) ) GLOBAL_UNIT_ASSIGNED_CONTEXT ( ( #3400, #1911, #2739 ) ) REPRESENTATION_CONTEXT ( 'NONE', 'WORKASPACE' ) );
#4472 = DIRECTION ( 'NONE',  ( -1.000000000000000000, 0.000000000000000000, -1.322197771323786623E-16 ) ) ;
#4473 = LINE ( 'NONE', #947, #4338 ) ;
#4474 = EDGE_LOOP ( 'NONE', ( #1984, #1399, #1632, #621 ) ) ;
#4475 = ORIENTED_EDGE ( 'NONE', *, *, #3827, .F. ) ;
#4476 = DIRECTION ( 'NONE',  ( 0.000000000000000000, 0.000000000000000000, -1.000000000000000000 ) ) ;
#4477 = DIRECTION ( 'NONE',  ( -0.000000000000000000, -0.000000000000000000, 1.000000000000000000 ) ) ;
#4478 = STYLED_ITEM ( 'NONE', ( #3418 ), #1525 ) ;
#4479 = DIRECTION ( 'NONE',  ( -1.000000000000000000, 0.000000000000000000, 0.000000000000000000 ) ) ;
#4480 = DIRECTION ( 'NONE',  ( 0.000000000000000000, 0.000000000000000000, 1.000000000000000000 ) ) ;
#4481 = ORIENTED_EDGE ( 'NONE', *, *, #2611, .F. ) ;
#4482 = EDGE_CURVE ( 'NONE', #1516, #421, #4543, .T. ) ;
#4483 = ORIENTED_EDGE ( 'NONE', *, *, #157, .T. ) ;
#4484 = PLANE ( 'NONE',  #1330 ) ;
#4485 = ORIENTED_EDGE ( 'NONE', *, *, #602, .T. ) ;
#4486 = LINE ( 'NONE', #553, #3578 ) ;
#4487 = SURFACE_STYLE_FILL_AREA ( #3117 ) ;
#4488 = CARTESIAN_POINT ( 'NONE',  ( -2.110000000000004317, 5.275252258054534238, -0.4300000000000042122 ) ) ;
#4489 = ORIENTED_EDGE ( 'NONE', *, *, #1578, .T. ) ;
#4490 = EDGE_CURVE ( 'NONE', #4421, #3008, #732, .T. ) ;
#4491 = DIRECTION ( 'NONE',  ( -0.000000000000000000, 1.000000000000000000, -0.000000000000000000 ) ) ;
#4492 = ORIENTED_EDGE ( 'NONE', *, *, #3568, .F. ) ;
#4493 = ADVANCED_FACE ( 'NONE', ( #3985, #3938, #41 ), #2957, .F. ) ;
#4494 = DIRECTION ( 'NONE',  ( -0.000000000000000000, 1.000000000000000000, -0.000000000000000000 ) ) ;
#4495 = CARTESIAN_POINT ( 'NONE',  ( 1.169999999999999707, 0.2500000000000000000, -1.055000000000002824 ) ) ;
#4496 = PRODUCT_RELATED_PRODUCT_CATEGORY ( 'part', '', ( #2743 ) ) ;
#4497 = CARTESIAN_POINT ( 'NONE',  ( 2.439999999999999503, 2.500000000000000000, 1.114999999999999991 ) ) ;
#4498 = ORIENTED_EDGE ( 'NONE', *, *, #3714, .T. ) ;
#4499 = VERTEX_POINT ( 'NONE', #1501 ) ;
#4500 = VECTOR ( 'NONE', #2588, 1000.000000000000000 ) ;
#4501 = LINE ( 'NONE', #4528, #4129 ) ;
#4502 = PLANE ( 'NONE',  #276 ) ;
#4503 = ADVANCED_FACE ( 'NONE', ( #440 ), #3645, .F. ) ;
#4504 = FACE_OUTER_BOUND ( 'NONE', #1483, .T. ) ;
#4505 = DIRECTION ( 'NONE',  ( 0.000000000000000000, -1.000000000000000000, 0.000000000000000000 ) ) ;
#4506 = ORIENTED_EDGE ( 'NONE', *, *, #326, .T. ) ;
#4507 = ORIENTED_EDGE ( 'NONE', *, *, #3902, .T. ) ;
#4508 = LINE ( 'NONE', #957, #1032 ) ;
#4509 = ORIENTED_EDGE ( 'NONE', *, *, #4456, .F. ) ;
#4510 = EDGE_CURVE ( 'NONE', #1998, #1341, #3331, .T. ) ;
#4511 = PRODUCT_DEFINITION_SHAPE ( 'NONE', 'NONE',  #1047 ) ;
#4512 = CARTESIAN_POINT ( 'NONE',  ( 2.439999999999999503, 2.500000000000000000, -1.114999999999999991 ) ) ;
#4513 = DIRECTION ( 'NONE',  ( 1.000000000000000000, 0.000000000000000000, -2.528751422706715933E-16 ) ) ;
#4514 = ORIENTED_EDGE ( 'NONE', *, *, #2446, .T. ) ;
#4515 = CARTESIAN_POINT ( 'NONE',  ( -1.370000000000000551, 0.000000000000000000, 0.8149999999999999467 ) ) ;
#4516 = AXIS2_PLACEMENT_3D ( 'NONE', #3036, #4226, #1239 ) ;
#4517 = VECTOR ( 'NONE', #2487, 1000.000000000000000 ) ;
#4518 = DIRECTION ( 'NONE',  ( 0.000000000000000000, 0.000000000000000000, -1.000000000000000000 ) ) ;
#4519 = DIRECTION ( 'NONE',  ( -0.000000000000000000, 1.000000000000000000, -0.000000000000000000 ) ) ;
#4520 = ORIENTED_EDGE ( 'NONE', *, *, #818, .F. ) ;
#4521 = CARTESIAN_POINT ( 'NONE',  ( -1.800000000000004707, 5.549999999999998934, 0.7400000000000035438 ) ) ;
#4522 = DIRECTION ( 'NONE',  ( 0.4228854653311235334, 0.000000000000000000, 0.9061831399952655630 ) ) ;
#4523 = CARTESIAN_POINT ( 'NONE',  ( -0.1000000000000002554, 0.2500000000000000000, 1.054999999999999716 ) ) ;
#4524 = EDGE_CURVE ( 'NONE', #1337, #915, #2539, .T. ) ;
#4525 = VECTOR ( 'NONE', #1969, 1000.000000000000000 ) ;
#4526 = DIRECTION ( 'NONE',  ( -1.000000000000000000, 0.000000000000000000, 0.000000000000000000 ) ) ;
#4527 = VERTEX_POINT ( 'NONE', #2172 ) ;
#4528 = CARTESIAN_POINT ( 'NONE',  ( -1.700000000000004396, 0.000000000000000000, -0.4300000000000041567 ) ) ;
#4529 = AXIS2_PLACEMENT_3D ( 'NONE', #869, #3694, #2315 ) ;
#4530 = CARTESIAN_POINT ( 'NONE',  ( -0.4300000000000043787, 0.2500000000000000000, -0.8400000000000038547 ) ) ;
#4531 = EDGE_CURVE ( 'NONE', #4430, #3480, #1890, .T. ) ;
#4532 = PLANE ( 'NONE',  #2595 ) ;
#4533 = EDGE_LOOP ( 'NONE', ( #3522, #4341, #4507, #833, #2296, #4016, #3206, #3886 ) ) ;
#4534 = EDGE_LOOP ( 'NONE', ( #1877, #2862, #3106, #4090 ) ) ;
#4535 = CARTESIAN_POINT ( 'NONE',  ( -1.742938087118953705, 5.393223682848423906, 0.7970619128810546572 ) ) ;
#4536 = VECTOR ( 'NONE', #3878, 1000.000000000000000 ) ;
#4537 = DIRECTION ( 'NONE',  ( 0.000000000000000000, 0.000000000000000000, -1.000000000000000000 ) ) ;
#4538 = ORIENTED_EDGE ( 'NONE', *, *, #529, .T. ) ;
#4539 = DIRECTION ( 'NONE',  ( 0.000000000000000000, 0.000000000000000000, -1.000000000000000000 ) ) ;
#4540 = FACE_OUTER_BOUND ( 'NONE', #2757, .T. ) ;
#4541 = EDGE_CURVE ( 'NONE', #1869, #2282, #3236, .T. ) ;
#4542 = DIRECTION ( 'NONE',  ( 0.000000000000000000, 0.000000000000000000, 1.000000000000000000 ) ) ;
#4543 = LINE ( 'NONE', #4200, #3230 ) ;
#4544 = CARTESIAN_POINT ( 'NONE',  ( -0.1000000000000002554, 0.2500000000000000000, -1.055000000000002824 ) ) ;
#4545 = CARTESIAN_POINT ( 'NONE',  ( -1.370000000000000551, 2.500000000000000000, 1.114999999999999991 ) ) ;
#4546 = DIRECTION ( 'NONE',  ( 0.000000000000000000, -1.000000000000000000, 0.000000000000000000 ) ) ;
#4547 = CARTESIAN_POINT ( 'NONE',  ( -2.110000000000004317, 9.179827560572968892, 0.4300000000000042122 ) ) ;
#4548 = VECTOR ( 'NONE', #3343, 1000.000000000000000 ) ;
#4549 = PLANE ( 'NONE',  #3239 ) ;
#4550 = ORIENTED_EDGE ( 'NONE', *, *, #446, .F. ) ;
#4551 = VERTEX_POINT ( 'NONE', #1110 ) ;
#4552 = ADVANCED_FACE ( 'NONE', ( #350 ), #4033, .F. ) ;
#4553 = DIRECTION ( 'NONE',  ( 0.000000000000000000, 0.000000000000000000, -1.000000000000000000 ) ) ;
#4554 = AXIS2_PLACEMENT_3D ( 'NONE', #1574, #1304, #1257 ) ;
#4555 = ADVANCED_FACE ( 'NONE', ( #4313 ), #1474, .F. ) ;
#4556 = CARTESIAN_POINT ( 'NONE',  ( -1.700000000000004396, -2.025252258054541343, -0.4300000000000041567 ) ) ;
#4557 = ORIENTED_EDGE ( 'NONE', *, *, #3453, .F. ) ;
#4558 = ORIENTED_EDGE ( 'NONE', *, *, #546, .T. ) ;
#4559 = CARTESIAN_POINT ( 'NONE',  ( 0.8399999999999957501, 0.000000000000000000, 0.4300000000000041567 ) ) ;
#4560 = VECTOR ( 'NONE', #880, 1000.000000000000000 ) ;
#4561 = EDGE_LOOP ( 'NONE', ( #2677, #3415, #4175, #3584 ) ) ;
#4562 = CARTESIAN_POINT ( 'NONE',  ( -1.700000000000004396, 0.2500000000000000000, -0.4300000000000041567 ) ) ;
#4563 = DIRECTION ( 'NONE',  ( -1.000000000000000000, 0.000000000000000000, 2.528751422706715933E-16 ) ) ;
#4564 = LINE ( 'NONE', #2085, #1134 ) ;
#4565 = LINE ( 'NONE', #684, #3821 ) ;
#4566 = DIRECTION ( 'NONE',  ( 0.000000000000000000, 0.000000000000000000, -1.000000000000000000 ) ) ;
#4567 = PLANE ( 'NONE',  #3844 ) ;
#4568 = CARTESIAN_POINT ( 'NONE',  ( 0.4299999999999959410, 0.2500000000000000000, -1.055000000000002824 ) ) ;
#4569 = ADVANCED_FACE ( 'NONE', ( #2979, #2905, #2146 ), #1089, .F. ) ;
#4570 = DIRECTION ( 'NONE',  ( 1.000000000000000000, 0.000000000000000000, -1.322197771323786623E-16 ) ) ;
#4571 = DIRECTION ( 'NONE',  ( 0.000000000000000000, 0.000000000000000000, 1.000000000000000000 ) ) ;
#4572 = ORIENTED_EDGE ( 'NONE', *, *, #1044, .T. ) ;
#4573 = ORIENTED_EDGE ( 'NONE', *, *, #3340, .F. ) ;
#4574 = FILL_AREA_STYLE_COLOUR ( '', #2768 ) ;
#4575 = VECTOR ( 'NONE', #1180, 1000.000000000000000 ) ;
#4576 = CARTESIAN_POINT ( 'NONE',  ( 2.540000000000000480, 2.200000000000000178, 0.8150000000000001688 ) ) ;
#4577 = EDGE_CURVE ( 'NONE', #765, #3583, #4289, .T. ) ;
#4578 = LINE ( 'NONE', #2829, #114 ) ;
#4579 = ORIENTED_EDGE ( 'NONE', *, *, #555, .T. ) ;
#4580 = VECTOR ( 'NONE', #2120, 1000.000000000000000 ) ;
#4581 = EDGE_LOOP ( 'NONE', ( #2653, #2270, #1678, #468 ) ) ;
#4582 = EDGE_LOOP ( 'NONE', ( #2972, #2327, #595, #3990 ) ) ;
#4583 = CARTESIAN_POINT ( 'NONE',  ( 1.169999999999999707, 0.000000000000000000, -1.114999999999999991 ) ) ;
#4584 = ORIENTED_EDGE ( 'NONE', *, *, #4296, .F. ) ;
#4585 = LINE ( 'NONE', #4225, #4425 ) ;
#4586 = DIRECTION ( 'NONE',  ( 0.000000000000000000, -1.000000000000000000, 0.000000000000000000 ) ) ;
#4587 = LINE ( 'NONE', #1391, #478 ) ;
#4588 = EDGE_CURVE ( 'NONE', #1795, #4193, #3259, .T. ) ;
#4589 = PRODUCT_DEFINITION_FORMATION_WITH_SPECIFIED_SOURCE ( 'ANY', '', #3160, .NOT_KNOWN. ) ;
#4590 = CARTESIAN_POINT ( 'NONE',  ( 0.000000000000000000, 0.000000000000000000, 0.000000000000000000 ) ) ;
#4591 = AXIS2_PLACEMENT_3D ( 'NONE', #3681, #135, #817 ) ;
#4592 = ORIENTED_EDGE ( 'NONE', *, *, #2222, .T. ) ;
#4593 = ORIENTED_EDGE ( 'NONE', *, *, #4217, .T. ) ;
#4594 = FILL_AREA_STYLE_COLOUR ( '', #4457 ) ;
#4595 = EDGE_CURVE ( 'NONE', #1562, #3616, #2933, .T. ) ;
#4596 = DIRECTION ( 'NONE',  ( 1.000000000000000000, 0.000000000000000000, 1.322197771323786623E-16 ) ) ;
#4597 =( NAMED_UNIT ( * ) PLANE_ANGLE_UNIT ( ) SI_UNIT ( $, .RADIAN. ) );
#4598 = DIRECTION ( 'NONE',  ( 0.000000000000000000, 0.000000000000000000, 1.000000000000000000 ) ) ;
#4599 = ORIENTED_EDGE ( 'NONE', *, *, #3943, .T. ) ;
#4600 = VECTOR ( 'NONE', #285, 1000.000000000000114 ) ;
#4601 = EDGE_LOOP ( 'NONE', ( #1893, #3464, #1245, #1540 ) ) ;
#4602 = VERTEX_POINT ( 'NONE', #3619 ) ;
#4603 = EDGE_CURVE ( 'NONE', #207, #1124, #392, .T. ) ;
#4604 = DIRECTION ( 'NONE',  ( 0.000000000000000000, 0.000000000000000000, 1.000000000000000000 ) ) ;
#4605 = PRODUCT_DEFINITION ( 'UNKNOWN', '', #2592, #2045 ) ;
#4606 = DIRECTION ( 'NONE',  ( -0.000000000000000000, 1.000000000000000000, -0.000000000000000000 ) ) ;
#4607 = LINE ( 'NONE', #4544, #784 ) ;
#4608 = ORIENTED_EDGE ( 'NONE', *, *, #2309, .F. ) ;
#4609 = ORIENTED_EDGE ( 'NONE', *, *, #1743, .F. ) ;
#4610 = CARTESIAN_POINT ( 'NONE',  ( 1.169999999999999707, 2.200000000000000178, 0.8149999999999999467 ) ) ;
#4611 = LINE ( 'NONE', #741, #1596 ) ;
#4612 = VECTOR ( 'NONE', #1156, 1000.000000000000000 ) ;
#4613 = VECTOR ( 'NONE', #2333, 1000.000000000000000 ) ;
#4614 = CARTESIAN_POINT ( 'NONE',  ( 1.699999999999995737, 2.500000000000000000, -0.8400000000000039657 ) ) ;
#4615 = EDGE_CURVE ( 'NONE', #2252, #510, #3284, .T. ) ;
#4616 = DIRECTION ( 'NONE',  ( -1.000000000000000000, 0.000000000000000000, 1.322197771323786623E-16 ) ) ;
#4617 = ORIENTED_EDGE ( 'NONE', *, *, #4123, .F. ) ;
#4618 = ORIENTED_EDGE ( 'NONE', *, *, #4158, .T. ) ;
#4619 = ORIENTED_EDGE ( 'NONE', *, *, #922, .F. ) ;
#4620 = CARTESIAN_POINT ( 'NONE',  ( 2.540000000000001368, 0.2500000000000000000, 1.054999999999999050 ) ) ;
#4621 = DIRECTION ( 'NONE',  ( -0.4228854653311245881, 0.000000000000000000, -0.9061831399952650079 ) ) ;
#4622 = VECTOR ( 'NONE', #4101, 1000.000000000000000 ) ;
#4623 = VERTEX_POINT ( 'NONE', #3026 ) ;
#4624 = LINE ( 'NONE', #4286, #2894 ) ;
#4625 = DIRECTION ( 'NONE',  ( 0.000000000000000000, -1.000000000000000000, 0.000000000000000000 ) ) ;
#4626 = VECTOR ( 'NONE', #1022, 1000.000000000000000 ) ;
#4627 = EDGE_CURVE ( 'NONE', #3686, #2203, #3100, .T. ) ;
#4628 = CARTESIAN_POINT ( 'NONE',  ( -2.440000000000000835, 0.000000000000000000, 1.114999999999999991 ) ) ;
#4629 = EDGE_CURVE ( 'NONE', #2462, #4430, #3736, .T. ) ;
#4630 = NEXT_ASSEMBLY_USAGE_OCCURRENCE ( 'NAUO1', ' ', ' ', #1047, #4605, $ ) ;
#4631 = NEXT_ASSEMBLY_USAGE_OCCURRENCE ( 'NAUO2', ' ', ' ', #1047, #4015, $ ) ;
#4632 = NEXT_ASSEMBLY_USAGE_OCCURRENCE ( 'NAUO3', ' ', ' ', #1047, #4015, $ ) ;
#4633 = NEXT_ASSEMBLY_USAGE_OCCURRENCE ( 'NAUO4', ' ', ' ', #1047, #4015, $ ) ;
#4634 = NEXT_ASSEMBLY_USAGE_OCCURRENCE ( 'NAUO5', ' ', ' ', #1047, #4015, $ ) ;
ENDSEC;
END-ISO-10303-21;
